$ Created by Gmsh
GRID*   1               0               0.27816736      0.1606          *N1     
*N1     0.9             
GRID*   2               0               -0.28476736     -0.149168465    *N2     
*N2     0.4564          
GRID*   3               0               -0.28476736     -0.149168465    *N3     
*N3     0.448957057     
GRID*   4               0               -0.27163336     -0.17191722     *N4     
*N4     0.4564          
GRID*   5               0               -0.27156736     -0.172031535    *N5     
*N5     0.4564          
GRID*   6               0               -0.28470136     -0.14928278     *N6     
*N6     0.4564          
GRID*   7               0               -0.28948458     -0.167134       *N7     
*N7     0.452938775     
GRID*   8               0               -0.27816736     -0.1606         *N8     
*N8     0.4531          
GRID*   9               0               -0.27816736     -0.1606         *N9     
*N9     0.4069          
GRID*   10              0               -0.27156736     -0.172031535    *N10    
*N10    0.448957057     
GRID*   11              0               -0.28948458     -0.167134       *N11    
*N11    0.87442136      
GRID*   12              0               -0.29136736     -0.1606         *N12    
*N12    0.9264          
GRID*   13              0               -0.26496736     -0.1606         *N13    
*N13    0.9264          
GRID*   14              0               -0.26496736     -0.1606         *N14    
*N14    0.9066          
GRID*   15              0               -0.29136736     -0.1606         *N15    
*N15    0.9066          
GRID*   16              0               -0.291832437    -0.153247489    *N16    
*N16    0.455107892     
GRID*   17              0               -0.298205935    -0.15692723     *N17    
*N17    0.451358049     
GRID*   18              0               -0.303263972    -0.159847489    *N18    
*N18    0.445517531     
GRID*   19              0               -0.306511432    -0.161722411    *N19    
*N19    0.438158049     
GRID*   20              0               -0.30763043     -0.162368465    *N20    
*N20    0.43            
GRID*   21              0               -0.306511432    -0.161722411    *N21    
*N21    0.421841951     
GRID*   22              0               -0.303263972    -0.159847489    *N22    
*N22    0.414482469     
GRID*   23              0               -0.298205935    -0.15692723     *N23    
*N23    0.408641951     
GRID*   24              0               -0.291832437    -0.153247489    *N24    
*N24    0.404892108     
GRID*   25              0               -0.28476736     -0.149168465    *N25    
*N25    0.4036          
GRID*   26              0               -0.277702282    -0.14508944     *N26    
*N26    0.404892108     
GRID*   27              0               -0.271328784    -0.141409699    *N27    
*N27    0.408641951     
GRID*   28              0               -0.266270747    -0.13848944     *N28    
*N28    0.414482469     
GRID*   29              0               -0.263023287    -0.136614519    *N29    
*N29    0.421841951     
GRID*   30              0               -0.261904289    -0.135968465    *N30    
*N30    0.43            
GRID*   31              0               -0.263023287    -0.136614519    *N31    
*N31    0.438158049     
GRID*   32              0               -0.266270747    -0.13848944     *N32    
*N32    0.445517531     
GRID*   33              0               -0.271328784    -0.141409699    *N33    
*N33    0.451358049     
GRID*   34              0               -0.277702282    -0.14508944     *N34    
*N34    0.455107892     
GRID*   35              0               -0.288343932    -0.1512334      *N35    
*N35    0.456074972     
GRID*   36              0               -0.295146977    -0.155161139    *N36    
*N36    0.453522572     
GRID*   37              0               -0.300933992    -0.158502274    *N37    
*N37    0.448667619     
GRID*   38              0               -0.305138505    -0.160929751    *N38    
*N38    0.441985349     
GRID*   39              0               -0.307348948    -0.162205951    *N39    
*N39    0.43412987      
GRID*   40              0               -0.307348948    -0.162205951    *N40    
*N40    0.42587013      
GRID*   41              0               -0.305138505    -0.160929751    *N41    
*N41    0.418014651     
GRID*   42              0               -0.300933992    -0.158502274    *N42    
*N42    0.411332381     
GRID*   43              0               -0.295146977    -0.155161139    *N43    
*N43    0.406477428     
GRID*   44              0               -0.288343932    -0.1512334      *N44    
*N44    0.403925028     
GRID*   45              0               -0.281190787    -0.14710353     *N45    
*N45    0.403925028     
GRID*   46              0               -0.274387743    -0.14317579     *N46    
*N46    0.406477428     
GRID*   47              0               -0.268600727    -0.139834655    *N47    
*N47    0.411332381     
GRID*   48              0               -0.264396215    -0.137407179    *N48    
*N48    0.418014651     
GRID*   49              0               -0.262185771    -0.136130979    *N49    
*N49    0.42587013      
GRID*   50              0               -0.262185771    -0.136130979    *N50    
*N50    0.43412987      
GRID*   51              0               -0.264396215    -0.137407179    *N51    
*N51    0.441985349     
GRID*   52              0               -0.268600727    -0.139834655    *N52    
*N52    0.448667619     
GRID*   53              0               -0.274387743    -0.14317579     *N53    
*N53    0.453522572     
GRID*   54              0               -0.281190787    -0.14710353     *N54    
*N54    0.456074972     
GRID*   55              0               -0.291049986    -0.15279574     *N55    
*N55    0.447514037     
GRID*   56              0               -0.296376139    -0.155870796    *N56    
*N56    0.443404663     
GRID*   57              0               -0.29993496     -0.157925483    *N57    
*N57    0.437254552     
GRID*   58              0               -0.301184652    -0.158646993    *N58    
*N58    0.43            
GRID*   59              0               -0.29993496     -0.157925483    *N59    
*N59    0.422745448     
GRID*   60              0               -0.296376139    -0.155870796    *N60    
*N60    0.416595337     
GRID*   61              0               -0.291049986    -0.15279574     *N61    
*N61    0.412485963     
GRID*   62              0               -0.28476736     -0.149168465    *N62    
*N62    0.411042943     
GRID*   63              0               -0.278484734    -0.145541189    *N63    
*N63    0.412485963     
GRID*   64              0               -0.273158581    -0.142466133    *N64    
*N64    0.416595337     
GRID*   65              0               -0.269599759    -0.140411446    *N65    
*N65    0.422745448     
GRID*   66              0               -0.268350067    -0.139689936    *N66    
*N66    0.43            
GRID*   67              0               -0.269599759    -0.140411446    *N67    
*N67    0.437254552     
GRID*   68              0               -0.273158581    -0.142466133    *N68    
*N68    0.443404663     
GRID*   69              0               -0.278484734    -0.145541189    *N69    
*N69    0.447514037     
GRID*   70              0               -0.287970215    -0.151017634    *N70    
*N70    0.448592802     
GRID*   71              0               -0.293888319    -0.154434453    *N71    
*N71    0.445762217     
GRID*   72              0               -0.29841784     -0.157049573    *N72    
*N72    0.440531976     
GRID*   73              0               -0.300869199    -0.158464866    *N73    
*N73    0.433698338     
GRID*   74              0               -0.300869199    -0.158464866    *N74    
*N74    0.426301662     
GRID*   75              0               -0.29841784     -0.157049573    *N75    
*N75    0.419468024     
GRID*   76              0               -0.293888319    -0.154434453    *N76    
*N76    0.414237783     
GRID*   77              0               -0.287970215    -0.151017634    *N77    
*N77    0.411407198     
GRID*   78              0               -0.281564505    -0.147319296    *N78    
*N78    0.411407198     
GRID*   79              0               -0.275646401    -0.143902476    *N79    
*N79    0.414237783     
GRID*   80              0               -0.27111688     -0.141287356    *N80    
*N80    0.419468024     
GRID*   81              0               -0.268665521    -0.139872064    *N81    
*N81    0.426301662     
GRID*   82              0               -0.268665521    -0.139872064    *N82    
*N82    0.433698338     
GRID*   83              0               -0.27111688     -0.141287356    *N83    
*N83    0.440531976     
GRID*   84              0               -0.275646401    -0.143902476    *N84    
*N84    0.445762217     
GRID*   85              0               -0.281564505    -0.147319296    *N85    
*N85    0.448592802     
GRID*   86              0               -0.27161686     -0.171945799    *N86    
*N86    0.4564          
GRID*   87              0               -0.27160036     -0.171974378    *N87    
*N87    0.4564          
GRID*   88              0               -0.27158386     -0.172002956    *N88    
*N88    0.4564          
GRID*   89              0               -0.27162511     -0.171931509    *N89    
*N89    0.4564          
GRID*   90              0               -0.27160861     -0.171960088    *N90    
*N90    0.4564          
GRID*   91              0               -0.27159211     -0.171988667    *N91    
*N91    0.4564          
GRID*   92              0               -0.27157561     -0.172017246    *N92    
*N92    0.4564          
GRID*   93              0               -0.267764071    -0.168508489    *N93    
*N93    0.45591147      
GRID*   94              0               -0.265542022    -0.163972458    *N94    
*N94    0.454727338     
GRID*   95              0               -0.265204461    -0.158945949    *N95    
*N95    0.453487864     
GRID*   96              0               -0.26685014     -0.154065999    *N96    
*N96    0.452938775     
GRID*   97              0               -0.270253244    -0.150200991    *N97    
*N97    0.45348781      
GRID*   98              0               -0.274775325    -0.147979908    *N98    
*N98    0.454727338     
GRID*   99              0               -0.279814726    -0.147636251    *N99    
*N99    0.45591148      
GRID*   100             0               -0.269520757    -0.170398413    *N100   
*N100   0.456272747     
GRID*   101             0               -0.266426583    -0.166338187    *N101   
*N101   0.455371021     
GRID*   102             0               -0.265129372    -0.16148516     *N102   
*N102   0.454067963     
GRID*   103             0               -0.265780202    -0.156436955    *N103   
*N103   0.453084336     
GRID*   104             0               -0.268367986    -0.151954487    *N104   
*N104   0.453084254     
GRID*   105             0               -0.272414859    -0.14886623     *N105   
*N105   0.454067941     
GRID*   106             0               -0.277266413    -0.147563094    *N106   
*N106   0.455371028     
GRID*   107             0               -0.282329766    -0.148212628    *N107   
*N107   0.45627275      
GRID*   108             0               -0.28475086     -0.149197044    *N108   
*N108   0.4564          
GRID*   109             0               -0.28473436     -0.149225622    *N109   
*N109   0.4564          
GRID*   110             0               -0.28471786     -0.149254201    *N110   
*N110   0.4564          
GRID*   111             0               -0.28475911     -0.149182754    *N111   
*N111   0.4564          
GRID*   112             0               -0.28474261     -0.149211333    *N112   
*N112   0.4564          
GRID*   113             0               -0.28472611     -0.149239912    *N113   
*N113   0.4564          
GRID*   114             0               -0.28470961     -0.149268491    *N114   
*N114   0.4564          
GRID*   115             0               -0.288570646    -0.152691507    *N115   
*N115   0.455911471     
GRID*   116             0               -0.290792697    -0.157227542    *N116   
*N116   0.454727338     
GRID*   117             0               -0.291130175    -0.162254708    *N117   
*N117   0.453487733     
GRID*   118             0               -0.28681397     -0.150801595    *N118   
*N118   0.456272746     
GRID*   119             0               -0.289908137    -0.154861814    *N119   
*N119   0.455371021     
GRID*   120             0               -0.29120537     -0.159715167    *N120   
*N120   0.45406788      
GRID*   121             0               -0.290554359    -0.164763518    *N121   
*N121   0.453084281     
GRID*   122             0               -0.276520046    -0.173563756    *N122   
*N122   0.455911471     
GRID*   123             0               -0.281559394    -0.173220092    *N123   
*N123   0.454727338     
GRID*   124             0               -0.286081787    -0.170998773    *N124   
*N124   0.453487733     
GRID*   125             0               -0.274004997    -0.172987387    *N125   
*N125   0.456272746     
GRID*   126             0               -0.279068334    -0.173636904    *N126   
*N126   0.455371021     
GRID*   127             0               -0.283920077    -0.172333664    *N127   
*N127   0.45406788      
GRID*   128             0               -0.287966572    -0.169245696    *N128   
*N128   0.453084281     
GRID*   129             0               -0.278632437    -0.17611056     *N129   
*N129   0.455107892     
GRID*   130             0               -0.285005935    -0.179790301    *N130   
*N130   0.451358049     
GRID*   131             0               -0.290063972    -0.18271056     *N131   
*N131   0.445517531     
GRID*   132             0               -0.293311432    -0.184585481    *N132   
*N132   0.438158049     
GRID*   133             0               -0.29443043     -0.185231535    *N133   
*N133   0.43            
GRID*   134             0               -0.293311432    -0.184585481    *N134   
*N134   0.421841951     
GRID*   135             0               -0.290063972    -0.18271056     *N135   
*N135   0.414482469     
GRID*   136             0               -0.285005935    -0.179790301    *N136   
*N136   0.408641951     
GRID*   137             0               -0.278632437    -0.17611056     *N137   
*N137   0.404892108     
GRID*   138             0               -0.27156736     -0.172031535    *N138   
*N138   0.4036          
GRID*   139             0               -0.264502282    -0.167952511    *N139   
*N139   0.404892108     
GRID*   140             0               -0.258128784    -0.16427277     *N140   
*N140   0.408641951     
GRID*   141             0               -0.253070747    -0.161352511    *N141   
*N141   0.414482469     
GRID*   142             0               -0.249823287    -0.159477589    *N142   
*N142   0.421841951     
GRID*   143             0               -0.248704289    -0.158831535    *N143   
*N143   0.43            
GRID*   144             0               -0.249823287    -0.159477589    *N144   
*N144   0.438158049     
GRID*   145             0               -0.253070747    -0.161352511    *N145   
*N145   0.445517531     
GRID*   146             0               -0.258128784    -0.16427277     *N146   
*N146   0.451358049     
GRID*   147             0               -0.264502282    -0.167952511    *N147   
*N147   0.455107892     
GRID*   148             0               -0.275143932    -0.17409647     *N148   
*N148   0.456074972     
GRID*   149             0               -0.281946977    -0.17802421     *N149   
*N149   0.453522572     
GRID*   150             0               -0.287733992    -0.181365345    *N150   
*N150   0.448667619     
GRID*   151             0               -0.291938505    -0.183792821    *N151   
*N151   0.441985349     
GRID*   152             0               -0.294148948    -0.185069021    *N152   
*N152   0.43412987      
GRID*   153             0               -0.294148948    -0.185069021    *N153   
*N153   0.42587013      
GRID*   154             0               -0.291938505    -0.183792821    *N154   
*N154   0.418014651     
GRID*   155             0               -0.287733992    -0.181365345    *N155   
*N155   0.411332381     
GRID*   156             0               -0.281946977    -0.17802421     *N156   
*N156   0.406477428     
GRID*   157             0               -0.275143932    -0.17409647     *N157   
*N157   0.403925028     
GRID*   158             0               -0.267990787    -0.1699666      *N158   
*N158   0.403925028     
GRID*   159             0               -0.261187743    -0.166038861    *N159   
*N159   0.406477428     
GRID*   160             0               -0.255400727    -0.162697726    *N160   
*N160   0.411332381     
GRID*   161             0               -0.251196215    -0.160270249    *N161   
*N161   0.418014651     
GRID*   162             0               -0.248985771    -0.158994049    *N162   
*N162   0.42587013      
GRID*   163             0               -0.248985771    -0.158994049    *N163   
*N163   0.43412987      
GRID*   164             0               -0.251196215    -0.160270249    *N164   
*N164   0.441985349     
GRID*   165             0               -0.255400727    -0.162697726    *N165   
*N165   0.448667619     
GRID*   166             0               -0.261187743    -0.166038861    *N166   
*N166   0.453522572     
GRID*   167             0               -0.267990787    -0.1699666      *N167   
*N167   0.456074972     
GRID*   168             0               -0.283345083    -0.16358936     *N168   
*N168   0.407687113     
GRID*   169             0               -0.288169953    -0.166375       *N169   
*N169   0.409994813     
GRID*   170             0               -0.292313163    -0.168767083    *N170   
*N170   0.413665833     
GRID*   171             0               -0.29549236     -0.170602593    *N171   
*N171   0.41845         
GRID*   172             0               -0.297490886    -0.171756443    *N172   
*N172   0.42402128      
GRID*   173             0               -0.298172547    -0.17215        *N173   
*N173   0.43            
GRID*   174             0               -0.297490886    -0.171756443    *N174   
*N174   0.43597872      
GRID*   175             0               -0.29549236     -0.170602593    *N175   
*N175   0.44155         
GRID*   176             0               -0.292313163    -0.168767083    *N176   
*N176   0.446334167     
GRID*   177             0               -0.288169953    -0.166375       *N177   
*N177   0.450005187     
GRID*   178             0               -0.283345083    -0.16358936     *N178   
*N178   0.452312887     
GRID*   179             0               -0.280778561    -0.162107578    *N179   
*N179   0.407097624     
GRID*   180             0               -0.285823013    -0.165019994    *N180   
*N180   0.408658383     
GRID*   181             0               -0.290345746    -0.167631195    *N181   
*N181   0.411673538     
GRID*   182             0               -0.294038541    -0.169763231    *N182   
*N182   0.415937611     
GRID*   183             0               -0.296649742    -0.171270809    *N183   
*N183   0.421160013     
GRID*   184             0               -0.298001399    -0.172051188    *N184   
*N184   0.426984845     
GRID*   185             0               -0.298001399    -0.172051188    *N185   
*N185   0.433015155     
GRID*   186             0               -0.296649742    -0.171270809    *N186   
*N186   0.438839987     
GRID*   187             0               -0.294038541    -0.169763231    *N187   
*N187   0.444062389     
GRID*   188             0               -0.290345746    -0.167631195    *N188   
*N188   0.448326462     
GRID*   189             0               -0.285823013    -0.165019994    *N189   
*N189   0.451341617     
GRID*   190             0               -0.280778561    -0.162107578    *N190   
*N190   0.452902376     
GRID*   191             0               -0.27816736     -0.1606         *N191   
*N191   0.4069          
GRID*   192             0               -0.27816736     -0.1606         *N192   
*N192   0.4069          
GRID*   193             0               -0.27816736     -0.1606         *N193   
*N193   0.4069          
GRID*   194             0               -0.27816736     -0.1606         *N194   
*N194   0.4531          
GRID*   195             0               -0.27816736     -0.1606         *N195   
*N195   0.4531          
GRID*   196             0               -0.27816736     -0.1606         *N196   
*N196   0.4531          
GRID*   197             0               -0.277849986    -0.175658811    *N197   
*N197   0.447514037     
GRID*   198             0               -0.283176139    -0.178733867    *N198   
*N198   0.443404663     
GRID*   199             0               -0.28673496     -0.180788554    *N199   
*N199   0.437254552     
GRID*   200             0               -0.287984652    -0.181510064    *N200   
*N200   0.43            
GRID*   201             0               -0.28673496     -0.180788554    *N201   
*N201   0.422745448     
GRID*   202             0               -0.283176139    -0.178733867    *N202   
*N202   0.416595337     
GRID*   203             0               -0.277849986    -0.175658811    *N203   
*N203   0.412485963     
GRID*   204             0               -0.27156736     -0.172031535    *N204   
*N204   0.411042943     
GRID*   205             0               -0.265284734    -0.16840426     *N205   
*N205   0.412485963     
GRID*   206             0               -0.259958581    -0.165329204    *N206   
*N206   0.416595337     
GRID*   207             0               -0.256399759    -0.163274517    *N207   
*N207   0.422745448     
GRID*   208             0               -0.255150067    -0.162553007    *N208   
*N208   0.43            
GRID*   209             0               -0.256399759    -0.163274517    *N209   
*N209   0.437254552     
GRID*   210             0               -0.259958581    -0.165329204    *N210   
*N210   0.443404663     
GRID*   211             0               -0.265284734    -0.16840426     *N211   
*N211   0.447514037     
GRID*   212             0               -0.274770215    -0.173880704    *N212   
*N212   0.448592802     
GRID*   213             0               -0.280688319    -0.177297524    *N213   
*N213   0.445762217     
GRID*   214             0               -0.28521784     -0.179912644    *N214   
*N214   0.440531976     
GRID*   215             0               -0.287669199    -0.181327936    *N215   
*N215   0.433698338     
GRID*   216             0               -0.287669199    -0.181327936    *N216   
*N216   0.426301662     
GRID*   217             0               -0.28521784     -0.179912644    *N217   
*N217   0.419468024     
GRID*   218             0               -0.280688319    -0.177297524    *N218   
*N218   0.414237783     
GRID*   219             0               -0.274770215    -0.173880704    *N219   
*N219   0.411407198     
GRID*   220             0               -0.268364505    -0.170182366    *N220   
*N220   0.411407198     
GRID*   221             0               -0.262446401    -0.166765547    *N221   
*N221   0.414237783     
GRID*   222             0               -0.25791688     -0.164150427    *N222   
*N222   0.419468024     
GRID*   223             0               -0.255465521    -0.162735134    *N223   
*N223   0.426301662     
GRID*   224             0               -0.255465521    -0.162735134    *N224   
*N224   0.433698338     
GRID*   225             0               -0.25791688     -0.164150427    *N225   
*N225   0.440531976     
GRID*   226             0               -0.262446401    -0.166765547    *N226   
*N226   0.445762217     
GRID*   227             0               -0.268364505    -0.170182366    *N227   
*N227   0.448592802     
GRID*   228             0               -0.28948458     -0.167134       *N228   
*N228   0.461044209     
GRID*   229             0               -0.28948458     -0.167134       *N229   
*N229   0.469149643     
GRID*   230             0               -0.28948458     -0.167134       *N230   
*N230   0.477255077     
GRID*   231             0               -0.28948458     -0.167134       *N231   
*N231   0.485360512     
GRID*   232             0               -0.28948458     -0.167134       *N232   
*N232   0.493465946     
GRID*   233             0               -0.28948458     -0.167134       *N233   
*N233   0.50157138      
GRID*   234             0               -0.28948458     -0.167134       *N234   
*N234   0.509676815     
GRID*   235             0               -0.28948458     -0.167134       *N235   
*N235   0.517782249     
GRID*   236             0               -0.28948458     -0.167134       *N236   
*N236   0.525887683     
GRID*   237             0               -0.28948458     -0.167134       *N237   
*N237   0.533993118     
GRID*   238             0               -0.28948458     -0.167134       *N238   
*N238   0.542098552     
GRID*   239             0               -0.28948458     -0.167134       *N239   
*N239   0.550203986     
GRID*   240             0               -0.28948458     -0.167134       *N240   
*N240   0.558309421     
GRID*   241             0               -0.28948458     -0.167134       *N241   
*N241   0.566414855     
GRID*   242             0               -0.28948458     -0.167134       *N242   
*N242   0.574520289     
GRID*   243             0               -0.28948458     -0.167134       *N243   
*N243   0.582625724     
GRID*   244             0               -0.28948458     -0.167134       *N244   
*N244   0.590731158     
GRID*   245             0               -0.28948458     -0.167134       *N245   
*N245   0.598836592     
GRID*   246             0               -0.28948458     -0.167134       *N246   
*N246   0.606942027     
GRID*   247             0               -0.28948458     -0.167134       *N247   
*N247   0.615047461     
GRID*   248             0               -0.28948458     -0.167134       *N248   
*N248   0.623152895     
GRID*   249             0               -0.28948458     -0.167134       *N249   
*N249   0.63125833      
GRID*   250             0               -0.28948458     -0.167134       *N250   
*N250   0.639363764     
GRID*   251             0               -0.28948458     -0.167134       *N251   
*N251   0.647469198     
GRID*   252             0               -0.28948458     -0.167134       *N252   
*N252   0.655574633     
GRID*   253             0               -0.28948458     -0.167134       *N253   
*N253   0.663680067     
GRID*   254             0               -0.28948458     -0.167134       *N254   
*N254   0.671785501     
GRID*   255             0               -0.28948458     -0.167134       *N255   
*N255   0.679890936     
GRID*   256             0               -0.28948458     -0.167134       *N256   
*N256   0.68799637      
GRID*   257             0               -0.28948458     -0.167134       *N257   
*N257   0.696101804     
GRID*   258             0               -0.28948458     -0.167134       *N258   
*N258   0.704207239     
GRID*   259             0               -0.28948458     -0.167134       *N259   
*N259   0.712312673     
GRID*   260             0               -0.28948458     -0.167134       *N260   
*N260   0.720418107     
GRID*   261             0               -0.28948458     -0.167134       *N261   
*N261   0.728523542     
GRID*   262             0               -0.28948458     -0.167134       *N262   
*N262   0.736628976     
GRID*   263             0               -0.28948458     -0.167134       *N263   
*N263   0.74473441      
GRID*   264             0               -0.28948458     -0.167134       *N264   
*N264   0.752839845     
GRID*   265             0               -0.28948458     -0.167134       *N265   
*N265   0.760945279     
GRID*   266             0               -0.28948458     -0.167134       *N266   
*N266   0.769050713     
GRID*   267             0               -0.28948458     -0.167134       *N267   
*N267   0.777156148     
GRID*   268             0               -0.28948458     -0.167134       *N268   
*N268   0.785261582     
GRID*   269             0               -0.28948458     -0.167134       *N269   
*N269   0.793367016     
GRID*   270             0               -0.28948458     -0.167134       *N270   
*N270   0.801472451     
GRID*   271             0               -0.28948458     -0.167134       *N271   
*N271   0.809577885     
GRID*   272             0               -0.28948458     -0.167134       *N272   
*N272   0.817683319     
GRID*   273             0               -0.28948458     -0.167134       *N273   
*N273   0.825788754     
GRID*   274             0               -0.28948458     -0.167134       *N274   
*N274   0.833894188     
GRID*   275             0               -0.28948458     -0.167134       *N275   
*N275   0.841999622     
GRID*   276             0               -0.28948458     -0.167134       *N276   
*N276   0.850105057     
GRID*   277             0               -0.28948458     -0.167134       *N277   
*N277   0.858210491     
GRID*   278             0               -0.28948458     -0.167134       *N278   
*N278   0.866315925     
GRID*   279             0               -0.28948458     -0.167134       *N279   
*N279   0.456991492     
GRID*   280             0               -0.28948458     -0.167134       *N280   
*N280   0.465096926     
GRID*   281             0               -0.28948458     -0.167134       *N281   
*N281   0.47320236      
GRID*   282             0               -0.28948458     -0.167134       *N282   
*N282   0.481307795     
GRID*   283             0               -0.28948458     -0.167134       *N283   
*N283   0.489413229     
GRID*   284             0               -0.28948458     -0.167134       *N284   
*N284   0.497518663     
GRID*   285             0               -0.28948458     -0.167134       *N285   
*N285   0.505624098     
GRID*   286             0               -0.28948458     -0.167134       *N286   
*N286   0.513729532     
GRID*   287             0               -0.28948458     -0.167134       *N287   
*N287   0.521834966     
GRID*   288             0               -0.28948458     -0.167134       *N288   
*N288   0.529940401     
GRID*   289             0               -0.28948458     -0.167134       *N289   
*N289   0.538045835     
GRID*   290             0               -0.28948458     -0.167134       *N290   
*N290   0.546151269     
GRID*   291             0               -0.28948458     -0.167134       *N291   
*N291   0.554256704     
GRID*   292             0               -0.28948458     -0.167134       *N292   
*N292   0.562362138     
GRID*   293             0               -0.28948458     -0.167134       *N293   
*N293   0.570467572     
GRID*   294             0               -0.28948458     -0.167134       *N294   
*N294   0.578573007     
GRID*   295             0               -0.28948458     -0.167134       *N295   
*N295   0.586678441     
GRID*   296             0               -0.28948458     -0.167134       *N296   
*N296   0.594783875     
GRID*   297             0               -0.28948458     -0.167134       *N297   
*N297   0.60288931      
GRID*   298             0               -0.28948458     -0.167134       *N298   
*N298   0.610994744     
GRID*   299             0               -0.28948458     -0.167134       *N299   
*N299   0.619100178     
GRID*   300             0               -0.28948458     -0.167134       *N300   
*N300   0.627205613     
GRID*   301             0               -0.28948458     -0.167134       *N301   
*N301   0.635311047     
GRID*   302             0               -0.28948458     -0.167134       *N302   
*N302   0.643416481     
GRID*   303             0               -0.28948458     -0.167134       *N303   
*N303   0.651521916     
GRID*   304             0               -0.28948458     -0.167134       *N304   
*N304   0.65962735      
GRID*   305             0               -0.28948458     -0.167134       *N305   
*N305   0.667732784     
GRID*   306             0               -0.28948458     -0.167134       *N306   
*N306   0.675838219     
GRID*   307             0               -0.28948458     -0.167134       *N307   
*N307   0.683943653     
GRID*   308             0               -0.28948458     -0.167134       *N308   
*N308   0.692049087     
GRID*   309             0               -0.28948458     -0.167134       *N309   
*N309   0.700154522     
GRID*   310             0               -0.28948458     -0.167134       *N310   
*N310   0.708259956     
GRID*   311             0               -0.28948458     -0.167134       *N311   
*N311   0.71636539      
GRID*   312             0               -0.28948458     -0.167134       *N312   
*N312   0.724470825     
GRID*   313             0               -0.28948458     -0.167134       *N313   
*N313   0.732576259     
GRID*   314             0               -0.28948458     -0.167134       *N314   
*N314   0.740681693     
GRID*   315             0               -0.28948458     -0.167134       *N315   
*N315   0.748787128     
GRID*   316             0               -0.28948458     -0.167134       *N316   
*N316   0.756892562     
GRID*   317             0               -0.28948458     -0.167134       *N317   
*N317   0.764997996     
GRID*   318             0               -0.28948458     -0.167134       *N318   
*N318   0.773103431     
GRID*   319             0               -0.28948458     -0.167134       *N319   
*N319   0.781208865     
GRID*   320             0               -0.28948458     -0.167134       *N320   
*N320   0.789314299     
GRID*   321             0               -0.28948458     -0.167134       *N321   
*N321   0.797419733     
GRID*   322             0               -0.28948458     -0.167134       *N322   
*N322   0.805525168     
GRID*   323             0               -0.28948458     -0.167134       *N323   
*N323   0.813630602     
GRID*   324             0               -0.28948458     -0.167134       *N324   
*N324   0.821736036     
GRID*   325             0               -0.28948458     -0.167134       *N325   
*N325   0.829841471     
GRID*   326             0               -0.28948458     -0.167134       *N326   
*N326   0.837946905     
GRID*   327             0               -0.28948458     -0.167134       *N327   
*N327   0.846052339     
GRID*   328             0               -0.28948458     -0.167134       *N328   
*N328   0.854157774     
GRID*   329             0               -0.28948458     -0.167134       *N329   
*N329   0.862263208     
GRID*   330             0               -0.28948458     -0.167134       *N330   
*N330   0.870368642     
GRID*   331             0               -0.284781808    -0.17187039     *N331   
*N331   0.876126619     
GRID*   332             0               -0.278222539    -0.173667884    *N332   
*N332   0.877061159     
GRID*   333             0               -0.271645001    -0.171923933    *N333   
*N333   0.87615197      
GRID*   334             0               -0.266904388    -0.167227072    *N334   
*N334   0.874445315     
GRID*   335             0               -0.265099464    -0.160652424    *N335   
*N335   0.873600052     
GRID*   336             0               -0.266850139    -0.154065999    *N336   
*N336   0.87442136      
GRID*   337             0               -0.271551658    -0.149330346    *N337   
*N337   0.876126272     
GRID*   338             0               -0.27811218     -0.147532116    *N338   
*N338   0.877061159     
GRID*   339             0               -0.284691555    -0.149277124    *N339   
*N339   0.876151468     
GRID*   340             0               -0.289430331    -0.153972928    *N340   
*N340   0.874445315     
GRID*   341             0               -0.291235234    -0.160542701    *N341   
*N341   0.873600062     
GRID*   342             0               -0.287438016    -0.169810187    *N342   
*N342   0.875258689     
GRID*   343             0               -0.281646952    -0.173196232    *N343   
*N343   0.876798816     
GRID*   344             0               -0.27479214     -0.173224599    *N344   
*N344   0.87681424      
GRID*   345             0               -0.26897191     -0.169885275    *N345   
*N345   0.875286771     
GRID*   346             0               -0.265571786    -0.164081974    *N346   
*N346   0.873830631     
GRID*   347             0               -0.265543512    -0.15722197     *N347   
*N347   0.873817011     
GRID*   348             0               -0.268896135    -0.151390383    *N348   
*N348   0.875258477     
GRID*   349             0               -0.274686812    -0.148004032    *N349   
*N349   0.876798673     
GRID*   350             0               -0.281543084    -0.147975535    *N350   
*N350   0.876814166     
GRID*   351             0               -0.287363759    -0.151315667    *N351   
*N351   0.875286418     
GRID*   352             0               -0.290762445    -0.15711626     *N352   
*N352   0.873830866     
GRID*   353             0               -0.290791646    -0.163976391    *N353   
*N353   0.8738168       
GRID*   354             0               -0.27156736     -0.1606         *N354   
*N354   0.9264          
GRID*   355             0               -0.27816736     -0.1606         *N355   
*N355   0.9264          
GRID*   356             0               -0.28476736     -0.1606         *N356   
*N356   0.9264          
GRID*   357             0               -0.26826736     -0.1606         *N357   
*N357   0.9264          
GRID*   358             0               -0.27486736     -0.1606         *N358   
*N358   0.9264          
GRID*   359             0               -0.28146736     -0.1606         *N359   
*N359   0.9264          
GRID*   360             0               -0.28806736     -0.1606         *N360   
*N360   0.9264          
GRID*   361             0               -0.26496736     -0.152441951    *N361   
*N361   0.925107892     
GRID*   362             0               -0.26496736     -0.145082469    *N362   
*N362   0.921358049     
GRID*   363             0               -0.26496736     -0.139241951    *N363   
*N363   0.915517531     
GRID*   364             0               -0.26496736     -0.135492108    *N364   
*N364   0.908158049     
GRID*   365             0               -0.26496736     -0.1342         *N365   
*N365   0.9             
GRID*   366             0               -0.26496736     -0.135492108    *N366   
*N366   0.891841951     
GRID*   367             0               -0.26496736     -0.139241951    *N367   
*N367   0.884482469     
GRID*   368             0               -0.26496736     -0.145082469    *N368   
*N368   0.878641951     
GRID*   369             0               -0.26496736     -0.152441951    *N369   
*N369   0.874892108     
GRID*   370             0               -0.26496736     -0.1606         *N370   
*N370   0.8736          
GRID*   371             0               -0.26496736     -0.168758049    *N371   
*N371   0.874892108     
GRID*   372             0               -0.26496736     -0.176117531    *N372   
*N372   0.878641951     
GRID*   373             0               -0.26496736     -0.181958049    *N373   
*N373   0.884482469     
GRID*   374             0               -0.26496736     -0.185707892    *N374   
*N374   0.891841951     
GRID*   375             0               -0.26496736     -0.187          *N375   
*N375   0.9             
GRID*   376             0               -0.26496736     -0.185707892    *N376   
*N376   0.908158049     
GRID*   377             0               -0.26496736     -0.181958049    *N377   
*N377   0.915517531     
GRID*   378             0               -0.26496736     -0.176117531    *N378   
*N378   0.921358049     
GRID*   379             0               -0.26496736     -0.168758049    *N379   
*N379   0.925107892     
GRID*   380             0               -0.26496736     -0.15647013     *N380   
*N380   0.926074972     
GRID*   381             0               -0.26496736     -0.148614651    *N381   
*N381   0.923522572     
GRID*   382             0               -0.26496736     -0.141932381    *N382   
*N382   0.918667619     
GRID*   383             0               -0.26496736     -0.137077428    *N383   
*N383   0.911985349     
GRID*   384             0               -0.26496736     -0.134525028    *N384   
*N384   0.90412987      
GRID*   385             0               -0.26496736     -0.134525028    *N385   
*N385   0.89587013      
GRID*   386             0               -0.26496736     -0.137077428    *N386   
*N386   0.888014651     
GRID*   387             0               -0.26496736     -0.141932381    *N387   
*N387   0.881332381     
GRID*   388             0               -0.26496736     -0.148614651    *N388   
*N388   0.876477428     
GRID*   389             0               -0.26496736     -0.15647013     *N389   
*N389   0.873925028     
GRID*   390             0               -0.26496736     -0.16472987     *N390   
*N390   0.873925028     
GRID*   391             0               -0.26496736     -0.172585349    *N391   
*N391   0.876477428     
GRID*   392             0               -0.26496736     -0.179267619    *N392   
*N392   0.881332381     
GRID*   393             0               -0.26496736     -0.184122572    *N393   
*N393   0.888014651     
GRID*   394             0               -0.26496736     -0.186674972    *N394   
*N394   0.89587013      
GRID*   395             0               -0.26496736     -0.186674972    *N395   
*N395   0.90412987      
GRID*   396             0               -0.26496736     -0.184122572    *N396   
*N396   0.911985349     
GRID*   397             0               -0.26496736     -0.179267619    *N397   
*N397   0.918667619     
GRID*   398             0               -0.26496736     -0.172585349    *N398   
*N398   0.923522572     
GRID*   399             0               -0.26496736     -0.16472987     *N399   
*N399   0.926074972     
GRID*   400             0               -0.29136736     -0.152441951    *N400   
*N400   0.925107892     
GRID*   401             0               -0.29136736     -0.145082469    *N401   
*N401   0.921358049     
GRID*   402             0               -0.29136736     -0.139241951    *N402   
*N402   0.915517531     
GRID*   403             0               -0.29136736     -0.135492108    *N403   
*N403   0.908158049     
GRID*   404             0               -0.29136736     -0.1342         *N404   
*N404   0.9             
GRID*   405             0               -0.29136736     -0.135492108    *N405   
*N405   0.891841951     
GRID*   406             0               -0.29136736     -0.139241951    *N406   
*N406   0.884482469     
GRID*   407             0               -0.29136736     -0.145082469    *N407   
*N407   0.878641951     
GRID*   408             0               -0.29136736     -0.152441951    *N408   
*N408   0.874892108     
GRID*   409             0               -0.29136736     -0.1606         *N409   
*N409   0.8736          
GRID*   410             0               -0.29136736     -0.168758049    *N410   
*N410   0.874892108     
GRID*   411             0               -0.29136736     -0.176117531    *N411   
*N411   0.878641951     
GRID*   412             0               -0.29136736     -0.181958049    *N412   
*N412   0.884482469     
GRID*   413             0               -0.29136736     -0.185707892    *N413   
*N413   0.891841951     
GRID*   414             0               -0.29136736     -0.187          *N414   
*N414   0.9             
GRID*   415             0               -0.29136736     -0.185707892    *N415   
*N415   0.908158049     
GRID*   416             0               -0.29136736     -0.181958049    *N416   
*N416   0.915517531     
GRID*   417             0               -0.29136736     -0.176117531    *N417   
*N417   0.921358049     
GRID*   418             0               -0.29136736     -0.168758049    *N418   
*N418   0.925107892     
GRID*   419             0               -0.29136736     -0.15647013     *N419   
*N419   0.926074972     
GRID*   420             0               -0.29136736     -0.148614651    *N420   
*N420   0.923522572     
GRID*   421             0               -0.29136736     -0.141932381    *N421   
*N421   0.918667619     
GRID*   422             0               -0.29136736     -0.137077428    *N422   
*N422   0.911985349     
GRID*   423             0               -0.29136736     -0.134525028    *N423   
*N423   0.90412987      
GRID*   424             0               -0.29136736     -0.134525028    *N424   
*N424   0.89587013      
GRID*   425             0               -0.29136736     -0.137077428    *N425   
*N425   0.888014651     
GRID*   426             0               -0.29136736     -0.141932381    *N426   
*N426   0.881332381     
GRID*   427             0               -0.29136736     -0.148614651    *N427   
*N427   0.876477428     
GRID*   428             0               -0.29136736     -0.15647013     *N428   
*N428   0.873925028     
GRID*   429             0               -0.29136736     -0.16472987     *N429   
*N429   0.873925028     
GRID*   430             0               -0.29136736     -0.172585349    *N430   
*N430   0.876477428     
GRID*   431             0               -0.29136736     -0.179267619    *N431   
*N431   0.881332381     
GRID*   432             0               -0.29136736     -0.184122572    *N432   
*N432   0.888014651     
GRID*   433             0               -0.29136736     -0.186674972    *N433   
*N433   0.89587013      
GRID*   434             0               -0.29136736     -0.186674972    *N434   
*N434   0.90412987      
GRID*   435             0               -0.29136736     -0.184122572    *N435   
*N435   0.911985349     
GRID*   436             0               -0.29136736     -0.179267619    *N436   
*N436   0.918667619     
GRID*   437             0               -0.29136736     -0.172585349    *N437   
*N437   0.923522572     
GRID*   438             0               -0.29136736     -0.16472987     *N438   
*N438   0.926074972     
GRID*   439             0               -0.26496736     -0.155933095    *N439   
*N439   0.904666905     
GRID*   440             0               -0.26496736     -0.154          *N440   
*N440   0.9             
GRID*   441             0               -0.26496736     -0.155933095    *N441   
*N441   0.895333095     
GRID*   442             0               -0.26496736     -0.1606         *N442   
*N442   0.8934          
GRID*   443             0               -0.26496736     -0.165266905    *N443   
*N443   0.895333095     
GRID*   444             0               -0.26496736     -0.1672         *N444   
*N444   0.9             
GRID*   445             0               -0.26496736     -0.165266905    *N445   
*N445   0.904666905     
GRID*   446             0               -0.26496736     -0.158074289    *N446   
*N446   0.906097605     
GRID*   447             0               -0.26496736     -0.154502395    *N447   
*N447   0.902525711     
GRID*   448             0               -0.26496736     -0.154502395    *N448   
*N448   0.897474289     
GRID*   449             0               -0.26496736     -0.158074289    *N449   
*N449   0.893902395     
GRID*   450             0               -0.26496736     -0.163125711    *N450   
*N450   0.893902395     
GRID*   451             0               -0.26496736     -0.166697605    *N451   
*N451   0.897474289     
GRID*   452             0               -0.26496736     -0.166697605    *N452   
*N452   0.902525711     
GRID*   453             0               -0.26496736     -0.163125711    *N453   
*N453   0.906097605     
GRID*   454             0               -0.29136736     -0.155933095    *N454   
*N454   0.904666905     
GRID*   455             0               -0.29136736     -0.154          *N455   
*N455   0.9             
GRID*   456             0               -0.29136736     -0.155933095    *N456   
*N456   0.895333095     
GRID*   457             0               -0.29136736     -0.1606         *N457   
*N457   0.8934          
GRID*   458             0               -0.29136736     -0.165266905    *N458   
*N458   0.895333095     
GRID*   459             0               -0.29136736     -0.1672         *N459   
*N459   0.9             
GRID*   460             0               -0.29136736     -0.165266905    *N460   
*N460   0.904666905     
GRID*   461             0               -0.29136736     -0.158074289    *N461   
*N461   0.906097605     
GRID*   462             0               -0.29136736     -0.154502395    *N462   
*N462   0.902525711     
GRID*   463             0               -0.29136736     -0.154502395    *N463   
*N463   0.897474289     
GRID*   464             0               -0.29136736     -0.158074289    *N464   
*N464   0.893902395     
GRID*   465             0               -0.29136736     -0.163125711    *N465   
*N465   0.893902395     
GRID*   466             0               -0.29136736     -0.166697605    *N466   
*N466   0.897474289     
GRID*   467             0               -0.29136736     -0.166697605    *N467   
*N467   0.902525711     
GRID*   468             0               -0.29136736     -0.163125711    *N468   
*N468   0.906097605     
GRID*   469             0               -0.27156736     -0.1606         *N469   
*N469   0.9066          
GRID*   470             0               -0.27816736     -0.1606         *N470   
*N470   0.9066          
GRID*   471             0               -0.28476736     -0.1606         *N471   
*N471   0.9066          
GRID*   472             0               -0.26826736     -0.1606         *N472   
*N472   0.9066          
GRID*   473             0               -0.27486736     -0.1606         *N473   
*N473   0.9066          
GRID*   474             0               -0.28146736     -0.1606         *N474   
*N474   0.9066          
GRID*   475             0               -0.28806736     -0.1606         *N475   
*N475   0.9066          
GRID*   476             0               -0.275787512    -0.143983947    *N476   
*N476   0.411319934     
GRID*   477             0               -0.293747207    -0.154352982    *N477   
*N477   0.411319934     
GRID*   478             0               -0.295976571    -0.155640106    *N478   
*N478   0.409980943     
GRID*   479             0               -0.289257284    -0.151760723    *N479   
*N479   0.407459967     
GRID*   480             0               -0.280277436    -0.146576206    *N480   
*N480   0.407459967     
GRID*   481             0               -0.273558148    -0.142696823    *N481   
*N481   0.409980943     
GRID*   482             0               -0.301443785    -0.158796604    *N482   
*N482   0.419218644     
GRID*   483             0               -0.295061673    -0.155111889    *N483   
*N483   0.413957635     
GRID*   484             0               -0.299162823    -0.157479689    *N484   
*N484   0.414220052     
GRID*   485             0               -0.274473046    -0.14322504     *N485   
*N485   0.413957635     
GRID*   486             0               -0.268090934    -0.139540326    *N486   
*N486   0.419218644     
GRID*   487             0               -0.270371897    -0.14085724     *N487   
*N487   0.414220052     
GRID*   488             0               -0.28476736     -0.149168465    *N488   
*N488   0.407321472     
GRID*   489             0               -0.290153635    -0.152278232    *N489   
*N489   0.409972965     
GRID*   490             0               -0.279381085    -0.146058697    *N490   
*N490   0.409972965     
GRID*   491             0               -0.297291037    -0.156399013    *N491   
*N491   0.447381356     
GRID*   492             0               -0.303848042    -0.160184702    *N492   
*N492   0.434079024     
GRID*   493             0               -0.301599466    -0.158886486    *N493   
*N493   0.441386041     
GRID*   494             0               -0.303782695    -0.160146974    *N494   
*N494   0.426372724     
GRID*   495             0               -0.265686677    -0.138152227    *N495   
*N495   0.434079024     
GRID*   496             0               -0.265752024    -0.138189955    *N496   
*N496   0.426372724     
GRID*   497             0               -0.272243682    -0.141937916    *N497   
*N497   0.447381356     
GRID*   498             0               -0.267935253    -0.139450443    *N498   
*N498   0.441386041     
GRID*   499             0               -0.28476736     -0.149168465    *N499   
*N499   0.452678528     
GRID*   500             0               -0.291441211    -0.153021615    *N500   
*N500   0.451310964     
GRID*   501             0               -0.278093508    -0.145315315    *N501   
*N501   0.451310964     
GRID*   502             0               -0.292297799    -0.153516166    *N502   
*N502   0.40764915      
GRID*   503             0               -0.27723692     -0.144820763    *N503   
*N503   0.40764915      
GRID*   504             0               -0.294861889    -0.154996544    *N504   
*N504   0.410650438     
GRID*   505             0               -0.297569697    -0.156559898    *N505   
*N505   0.412100497     
GRID*   506             0               -0.297112248    -0.156295789    *N506   
*N506   0.414088844     
GRID*   507             0               -0.29440444     -0.154732436    *N507   
*N507   0.412638785     
GRID*   508             0               -0.295987069    -0.155646167    *N508   
*N508   0.412369641     
GRID*   509             0               -0.297091253    -0.156283668    *N509   
*N509   0.409311447     
GRID*   510             0               -0.301213398    -0.158663589    *N510   
*N510   0.414351261     
GRID*   511             0               -0.299251845    -0.157531086    *N511   
*N511   0.411716439     
GRID*   512             0               -0.303977609    -0.160259507    *N512   
*N512   0.420530298     
GRID*   513             0               -0.300303304    -0.158138146    *N513   
*N513   0.416719348     
GRID*   514             0               -0.302720904    -0.159533949    *N514   
*N514   0.417366999     
GRID*   515             0               -0.298909962    -0.1573337      *N515   
*N515   0.41790699      
GRID*   516             0               -0.295718906    -0.155491343    *N516   
*N516   0.415276486     
GRID*   517             0               -0.298011105    -0.156814745    *N517   
*N517   0.415997917     
GRID*   518             0               -0.275130279    -0.143604494    *N518   
*N518   0.412638785     
GRID*   519             0               -0.272422471    -0.14204114     *N519   
*N519   0.414088844     
GRID*   520             0               -0.271965022    -0.141777032    *N520   
*N520   0.412100497     
GRID*   521             0               -0.27467283     -0.143340385    *N521   
*N521   0.410650438     
GRID*   522             0               -0.273547651    -0.142690763    *N522   
*N522   0.412369641     
GRID*   523             0               -0.273815814    -0.142845587    *N523   
*N523   0.415276486     
GRID*   524             0               -0.270624757    -0.141003229    *N524   
*N524   0.41790699      
GRID*   525             0               -0.269231415    -0.140198783    *N525   
*N525   0.416719348     
GRID*   526             0               -0.271523614    -0.141522185    *N526   
*N526   0.415997917     
GRID*   527             0               -0.265557111    -0.138077422    *N527   
*N527   0.420530298     
GRID*   528             0               -0.268321322    -0.13967334     *N528   
*N528   0.414351261     
GRID*   529             0               -0.266813815    -0.138802981    *N529   
*N529   0.417366999     
GRID*   530             0               -0.272443466    -0.142053261    *N530   
*N530   0.409311447     
GRID*   531             0               -0.270282875    -0.140805843    *N531   
*N531   0.411716439     
GRID*   532             0               -0.287012322    -0.150464594    *N532   
*N532   0.405529983     
GRID*   533             0               -0.289705459    -0.152019478    *N533   
*N533   0.408716466     
GRID*   534             0               -0.287460497    -0.150723348    *N534   
*N534   0.408647218     
GRID*   535             0               -0.28476736     -0.149168465    *N535   
*N535   0.405460736     
GRID*   536             0               -0.287236409    -0.150593971    *N536   
*N536   0.407088601     
GRID*   537             0               -0.291502245    -0.153056853    *N537   
*N537   0.40938995      
GRID*   538             0               -0.292607654    -0.153695061    *N538   
*N538   0.4119653       
GRID*   539             0               -0.29205495     -0.153375957    *N539   
*N539   0.410677625     
GRID*   540             0               -0.29060181     -0.152536986    *N540   
*N540   0.411229464     
GRID*   541             0               -0.293247986    -0.154064757    *N541   
*N541   0.413101542     
GRID*   542             0               -0.28476736     -0.149168465    *N542   
*N542   0.409182207     
GRID*   543             0               -0.287715356    -0.150870491    *N543   
*N543   0.410027208     
GRID*   544             0               -0.282074222    -0.147613581    *N544   
*N544   0.408647218     
GRID*   545             0               -0.27982926     -0.146317452    *N545   
*N545   0.408716466     
GRID*   546             0               -0.282522398    -0.147872335    *N546   
*N546   0.405529983     
GRID*   547             0               -0.28229831     -0.147742958    *N547   
*N547   0.407088601     
GRID*   548             0               -0.278932909    -0.145799943    *N548   
*N548   0.411229464     
GRID*   549             0               -0.281819364    -0.147466438    *N549   
*N549   0.410027208     
GRID*   550             0               -0.276927066    -0.144641869    *N550   
*N550   0.4119653       
GRID*   551             0               -0.276286733    -0.144272173    *N551   
*N551   0.413101542     
GRID*   552             0               -0.278032474    -0.145280077    *N552   
*N552   0.40938995      
GRID*   553             0               -0.27747977     -0.144960973    *N553   
*N553   0.410677625     
GRID*   554             0               -0.297748486    -0.156663122    *N554   
*N554   0.449369702     
GRID*   555             0               -0.299445252    -0.15764275     *N555   
*N555   0.444383699     
GRID*   556             0               -0.302431719    -0.159366988    *N556   
*N556   0.443451786     
GRID*   557             0               -0.300189622    -0.158072512    *N557   
*N557   0.446525659     
GRID*   558             0               -0.296833588    -0.156134905    *N558   
*N558   0.44539301      
GRID*   559             0               -0.300767213    -0.158405985    *N559   
*N559   0.439320296     
GRID*   560             0               -0.298931546    -0.157346161    *N560   
*N560   0.442457837     
GRID*   561             0               -0.302516347    -0.159415847    *N561   
*N561   0.432039512     
GRID*   562             0               -0.302723754    -0.159535594    *N562   
*N562   0.437732533     
GRID*   563             0               -0.301796477    -0.15900023     *N563   
*N563   0.435715436     
GRID*   564             0               -0.305179737    -0.160953556    *N564   
*N564   0.436118536     
GRID*   565             0               -0.30393113     -0.160232672    *N565   
*N565   0.439858941     
GRID*   566             0               -0.303815369    -0.160165838    *N566   
*N566   0.430225874     
GRID*   567             0               -0.305706563    -0.161257719    *N567   
*N567   0.428186362     
GRID*   568             0               -0.305582158    -0.161185894    *N568   
*N568   0.432177872     
GRID*   569             0               -0.301858828    -0.159036228    *N569   
*N569   0.424559086     
GRID*   570             0               -0.302342284    -0.159315352    *N570   
*N570   0.428263768     
GRID*   571             0               -0.30261324     -0.159471789    *N571   
*N571   0.422795684     
GRID*   572             0               -0.30051554     -0.158260681    *N572   
*N572   0.421131854     
GRID*   573             0               -0.304981094    -0.16083887     *N573   
*N573   0.424332907     
GRID*   574             0               -0.263828157    -0.13707921     *N574   
*N574   0.428186362     
GRID*   575             0               -0.265719351    -0.138171091    *N575   
*N575   0.430225874     
GRID*   576             0               -0.264354982    -0.137383373    *N576   
*N576   0.436118536     
GRID*   577             0               -0.263952561    -0.137151035    *N577   
*N577   0.432177872     
GRID*   578             0               -0.266921479    -0.138865141    *N578   
*N578   0.422795684     
GRID*   579             0               -0.264553625    -0.13749806     *N579   
*N579   0.424332907     
GRID*   580             0               -0.267675891    -0.139300701    *N580   
*N580   0.424559086     
GRID*   581             0               -0.269019179    -0.140076249    *N581   
*N581   0.421131854     
GRID*   582             0               -0.267018372    -0.138921082    *N582   
*N582   0.432039512     
GRID*   583             0               -0.267192436    -0.139021578    *N583   
*N583   0.428263768     
GRID*   584             0               -0.267103       -0.138969942    *N584   
*N584   0.443451786     
GRID*   585             0               -0.270089468    -0.14069418     *N585   
*N585   0.444383699     
GRID*   586             0               -0.271786233    -0.141673808    *N586   
*N586   0.449369702     
GRID*   587             0               -0.269345098    -0.140264417    *N587   
*N587   0.446525659     
GRID*   588             0               -0.266810965    -0.138801335    *N588   
*N588   0.437732533     
GRID*   589             0               -0.26560359     -0.138104257    *N589   
*N589   0.439858941     
GRID*   590             0               -0.268767506    -0.139930945    *N590   
*N590   0.439320296     
GRID*   591             0               -0.267738243    -0.139336699    *N591   
*N591   0.435715436     
GRID*   592             0               -0.272701132    -0.142202025    *N592   
*N592   0.44539301      
GRID*   593             0               -0.270603174    -0.140990768    *N593   
*N593   0.442457837     
GRID*   594             0               -0.294366124    -0.154710314    *N594   
*N594   0.44934616      
GRID*   595             0               -0.291245598    -0.152908678    *N595   
*N595   0.449412501     
GRID*   596             0               -0.294127222    -0.154572383    *N596   
*N596   0.447554188     
GRID*   597             0               -0.291636824    -0.153134552    *N597   
*N597   0.453209428     
GRID*   598             0               -0.29475655     -0.154935727    *N598   
*N598   0.451434366     
GRID*   599             0               -0.28476736     -0.149168465    *N599   
*N599   0.454539264     
GRID*   600             0               -0.288104286    -0.15109504     *N600   
*N600   0.451994746     
GRID*   601             0               -0.288224109    -0.15116422     *N601   
*N601   0.454034859     
GRID*   602             0               -0.28476736     -0.149168465    *N602   
*N602   0.450817793     
GRID*   603             0               -0.28803725     -0.151056337    *N603   
*N603   0.450293774     
GRID*   604             0               -0.277897895    -0.145202377    *N604   
*N604   0.453209428     
GRID*   605             0               -0.281430434    -0.14724189     *N605   
*N605   0.451994746     
GRID*   606             0               -0.281310611    -0.14717271     *N606   
*N606   0.454034859     
GRID*   607             0               -0.275168595    -0.143626615    *N607   
*N607   0.44934616      
GRID*   608             0               -0.274778169    -0.143401203    *N608   
*N608   0.451434366     
GRID*   609             0               -0.278289121    -0.145428252    *N609   
*N609   0.449412501     
GRID*   610             0               -0.275407498    -0.143764546    *N610   
*N610   0.447554188     
GRID*   611             0               -0.281497469    -0.147280593    *N611   
*N611   0.450293774     
GRID*   612             0               -0.294137185    -0.154578136    *N612   
*N612   0.408815047     
GRID*   613             0               -0.292065118    -0.153381827    *N613   
*N613   0.406270629     
GRID*   614             0               -0.294642081    -0.154869638    *N614   
*N614   0.407646237     
GRID*   615             0               -0.290777541    -0.152638445    *N615   
*N615   0.407554559     
GRID*   616             0               -0.292819715    -0.153817494    *N616   
*N616   0.409102498     
GRID*   617             0               -0.289560737    -0.151935922    *N617   
*N617   0.405739793     
GRID*   618             0               -0.278757178    -0.145698485    *N618   
*N618   0.407554559     
GRID*   619             0               -0.277469601    -0.144955102    *N619   
*N619   0.406270629     
GRID*   620             0               -0.279973983    -0.146401007    *N620   
*N620   0.405739793     
GRID*   621             0               -0.275397534    -0.143758793    *N621   
*N621   0.408815047     
GRID*   622             0               -0.276715004    -0.144519435    *N622   
*N622   0.409102498     
GRID*   623             0               -0.274892638    -0.143467292    *N623   
*N623   0.407646237     
GRID*   624             0               -0.291640888    -0.168378945    *N624   
*N624   0.408671333     
GRID*   625             0               -0.27834475     -0.160702416    *N625   
*N625   0.403600795     
GRID*   626             0               -0.299773274    -0.17307418     *N626   
*N626   0.438633615     
GRID*   627             0               -0.299935932    -0.173168091    *N627   
*N627   0.421929537     
GRID*   628             0               -0.26556681     -0.153325069    *N628   
*N628   0.407971347     
GRID*   629             0               -0.25896795     -0.149515216    *N629   
*N629   0.415665767     
GRID*   630             0               -0.256906679    -0.14832514     *N630   
*N630   0.43970934      
GRID*   631             0               -0.25533274     -0.147416426    *N631   
*N631   0.428683358     
GRID*   632             0               -0.282203943    -0.14889072     *N632   
*N632   0.456294406     
GRID*   633             0               -0.286289602    -0.151249576    *N633   
*N633   0.456294406     
GRID*   634             0               -0.274130777    -0.17230928     *N634   
*N634   0.456294406     
GRID*   635             0               -0.270045117    -0.169950424    *N635   
*N635   0.456294406     
GRID*   636             0               -0.283451628    -0.149086159    *N636   
*N636   0.456373588     
GRID*   637             0               -0.283468128    -0.14905758     *N637   
*N637   0.456373588     
GRID*   638             0               -0.278444033    -0.148408986    *N638   
*N638   0.455742347     
GRID*   639             0               -0.285496504    -0.150266769    *N639   
*N639   0.456373588     
GRID*   640             0               -0.288586751    -0.154264887    *N640   
*N640   0.455742347     
GRID*   641             0               -0.285513004    -0.15023819     *N641   
*N641   0.456373588     
GRID*   642             0               -0.272883091    -0.172113841    *N642   
*N642   0.456373588     
GRID*   643             0               -0.277890687    -0.172791014    *N643   
*N643   0.455742347     
GRID*   644             0               -0.272866591    -0.17214242     *N644   
*N644   0.456373588     
GRID*   645             0               -0.270838215    -0.170933231    *N645   
*N645   0.456373588     
GRID*   646             0               -0.267747968    -0.166935113    *N646   
*N646   0.455742347     
GRID*   647             0               -0.270821715    -0.17096181     *N647   
*N647   0.456373588     
GRID*   648             0               -0.294598106    -0.157134422    *N648   
*N648   0.45325497      
GRID*   649             0               -0.292537471    -0.154255663    *N649   
*N649   0.454717945     
GRID*   650             0               -0.293864168    -0.162041533    *N650   
*N650   0.452182249     
GRID*   651             0               -0.285529504    -0.150209611    *N651   
*N651   0.456373588     
GRID*   652             0               -0.272850091    -0.172170998    *N652   
*N652   0.456373588     
GRID*   653             0               -0.279858059    -0.17621705     *N653   
*N653   0.454717945     
GRID*   654             0               -0.283381454    -0.176562233    *N654   
*N654   0.45325497      
GRID*   655             0               -0.287264168    -0.173473068    *N655   
*N655   0.452182249     
GRID*   656             0               -0.270805215    -0.170990389    *N656   
*N656   0.456373588     
GRID*   657             0               -0.263797248    -0.166944337    *N657   
*N657   0.454717945     
GRID*   658             0               -0.261736614    -0.164065578    *N658   
*N658   0.45325497      
GRID*   659             0               -0.262470552    -0.159158466    *N659   
*N659   0.452182249     
GRID*   660             0               -0.283484628    -0.149029002    *N660   
*N660   0.456373588     
GRID*   661             0               -0.276476661    -0.14498295     *N661   
*N661   0.454717945     
GRID*   662             0               -0.272953265    -0.144637768    *N662   
*N662   0.45325497      
GRID*   663             0               -0.269070552    -0.147726931    *N663   
*N663   0.452182249     
GRID*   664             0               -0.303143331    -0.16739886     *N664   
*N664   0.438396211     
GRID*   665             0               -0.295755786    -0.170754683    *N665   
*N665   0.446866822     
GRID*   666             0               -0.299519337    -0.165306546    *N666   
*N666   0.446200664     
GRID*   667             0               -0.296543331    -0.178830396    *N667   
*N667   0.438396211     
GRID*   668             0               -0.292919337    -0.176738081    *N668   
*N668   0.446200664     
GRID*   669             0               -0.274956056    -0.166366976    *N669   
*N669   0.403600199     
GRID*   670             0               -0.271673879    -0.156850987    *N670   
*N670   0.404687165     
GRID*   671             0               -0.261844559    -0.15879705     *N671   
*N671   0.408301254     
GRID*   672             0               -0.2680875      -0.162401414    *N672   
*N672   0.404787477     
GRID*   673             0               -0.268444559    -0.147365515    *N673   
*N673   0.408301254     
GRID*   674             0               -0.281556056    -0.154935441    *N674   
*N674   0.403600199     
GRID*   675             0               -0.2746875      -0.150969878    *N675   
*N675   0.404787477     
GRID*   676             0               -0.303223715    -0.16744527     *N676   
*N676   0.421885732     
GRID*   677             0               -0.301028985    -0.173799166    *N677   
*N677   0.430296824     
GRID*   678             0               -0.304330069    -0.168084024    *N678   
*N678   0.430148414     
GRID*   679             0               -0.296623715    -0.178876805    *N679   
*N679   0.421885732     
GRID*   680             0               -0.297730069    -0.179515559    *N680   
*N680   0.430148414     
GRID*   681             0               -0.260821672    -0.142964439    *N681   
*N681   0.418658302     
GRID*   682             0               -0.261922049    -0.151220766    *N682   
*N682   0.411423675     
GRID*   683             0               -0.264045976    -0.144825992    *N683   
*N683   0.412903591     
GRID*   684             0               -0.254221672    -0.154395974    *N684   
*N684   0.418658302     
GRID*   685             0               -0.257445976    -0.156257527    *N685   
*N685   0.412903591     
GRID*   686             0               -0.285337268    -0.164739549    *N686   
*N686   0.404931762     
GRID*   687             0               -0.294923418    -0.162653091    *N687   
*N687   0.408656633     
GRID*   688             0               -0.288584873    -0.158993531    *N688   
*N688   0.404911862     
GRID*   689             0               -0.288323418    -0.174084627    *N689   
*N689   0.408656633     
GRID*   690             0               -0.281984873    -0.170425066    *N690   
*N690   0.404911862     
GRID*   691             0               -0.296700038    -0.171299847    *N691   
*N691   0.414539951     
GRID*   692             0               -0.293382022    -0.177005213    *N692   
*N692   0.414511196     
GRID*   693             0               -0.299982022    -0.165573678    *N693   
*N693   0.414511196     
GRID*   694             0               -0.258982012    -0.141902311    *N694   
*N694   0.425220997     
GRID*   695             0               -0.252382012    -0.153333846    *N695   
*N695   0.425220997     
GRID*   696             0               -0.256415418    -0.148041511    *N696   
*N696   0.421869971     
GRID*   697             0               -0.255608688    -0.147575745    *N697   
*N697   0.434293612     
GRID*   698             0               -0.253354494    -0.153895308    *N698   
*N698   0.438938053     
GRID*   699             0               -0.252080516    -0.153159777    *N699   
*N699   0.432153988     
GRID*   700             0               -0.259954494    -0.142463773    *N700   
*N700   0.438938053     
GRID*   701             0               -0.258680516    -0.141728242    *N701   
*N701   0.432153988     
GRID*   702             0               -0.260900462    -0.150630951    *N702   
*N702   0.447304113     
GRID*   703             0               -0.263568878    -0.144550539    *N703   
*N703   0.446426172     
GRID*   704             0               -0.256968878    -0.155982074    *N704   
*N704   0.446426172     
GRID*   705             0               -0.283468128    -0.14905758     *N705   
*N705   0.456373588     
GRID*   706             0               -0.279814726    -0.147636251    *N706   
*N706   0.45591148      
GRID*   707             0               -0.288586751    -0.154264887    *N707   
*N707   0.455742347     
GRID*   708             0               -0.28471786     -0.149254201    *N708   
*N708   0.4564          
GRID*   709             0               -0.276520046    -0.173563756    *N709   
*N709   0.455911471     
GRID*   710             0               -0.272866591    -0.17214242     *N710   
*N710   0.456373588     
GRID*   711             0               -0.267747968    -0.166935113    *N711   
*N711   0.455742347     
GRID*   712             0               -0.27161686     -0.171945799    *N712   
*N712   0.4564          
GRID*   713             0               -0.291955881    -0.15524629     *N713   
*N713   0.454721079     
GRID*   714             0               -0.293051357    -0.16047561     *N714   
*N714   0.453074        
GRID*   715             0               -0.291832437    -0.153247489    *N715   
*N715   0.455107892     
GRID*   716             0               -0.285513004    -0.15023819     *N716   
*N716   0.456373588     
GRID*   717             0               -0.279858059    -0.17621705     *N717   
*N717   0.454717945     
GRID*   718             0               -0.27158386     -0.172002956    *N718   
*N718   0.4564          
GRID*   719             0               -0.280425171    -0.175218065    *N719   
*N719   0.454721079     
GRID*   720             0               -0.285501633    -0.173552115    *N720   
*N720   0.453074        
GRID*   721             0               -0.264502282    -0.167952511    *N721   
*N721   0.455107892     
GRID*   722             0               -0.270821715    -0.17096181     *N722   
*N722   0.456373588     
GRID*   723             0               -0.264378838    -0.16595371     *N723   
*N723   0.454721079     
GRID*   724             0               -0.263283348    -0.160724499    *N724   
*N724   0.453074023     
GRID*   725             0               -0.276476661    -0.14498295     *N725   
*N725   0.454717945     
GRID*   726             0               -0.28475086     -0.149197044    *N726   
*N726   0.4564          
GRID*   727             0               -0.275909548    -0.145981935    *N727   
*N727   0.454721079     
GRID*   728             0               -0.270833138    -0.147647845    *N728   
*N728   0.453074014     
GRID*   729             0               -0.304827626    -0.164560777    *N729   
*N729   0.438277223     
GRID*   730             0               -0.301616752    -0.166517489    *N730   
*N730   0.442475149     
GRID*   731             0               -0.301394048    -0.1625784      *N731   
*N731   0.445861175     
GRID*   732             0               -0.303378738    -0.163724261    *N732   
*N732   0.442230919     
GRID*   733             0               -0.301458546    -0.170236661    *N733   
*N733   0.438515009     
GRID*   734             0               -0.298086167    -0.172100129    *N734   
*N734   0.442959481     
GRID*   735             0               -0.297639896    -0.168031962    *N735   
*N735   0.446535909     
GRID*   736             0               -0.299852557    -0.169309443    *N736   
*N736   0.442718012     
GRID*   737             0               -0.292857389    -0.169081292    *N737   
*N737   0.450229452     
GRID*   738             0               -0.291678898    -0.164590379    *N738   
*N738   0.452569121     
GRID*   739             0               -0.296910506    -0.163800337    *N739   
*N739   0.449467211     
GRID*   740             0               -0.294887562    -0.166442902    *N740   
*N740   0.449853094     
GRID*   741             0               -0.296039981    -0.159487227    *N741   
*N741   0.451778456     
GRID*   742             0               -0.298926041    -0.161153495    *N742   
*N742   0.44907199      
GRID*   743             0               -0.291494048    -0.179725703    *N743   
*N743   0.445861175     
GRID*   744             0               -0.295016752    -0.177949025    *N744   
*N744   0.442475149     
GRID*   745             0               -0.294927626    -0.18170808     *N745   
*N745   0.438277223     
GRID*   746             0               -0.293478738    -0.180871564    *N746   
*N746   0.442230919     
GRID*   747             0               -0.286139981    -0.17663453     *N747   
*N747   0.451778456     
GRID*   748             0               -0.290310506    -0.175231872    *N748   
*N748   0.449467211     
GRID*   749             0               -0.289026041    -0.178300798    *N749   
*N749   0.44907199      
GRID*   750             0               -0.288378898    -0.170306146    *N750   
*N750   0.452569121     
GRID*   751             0               -0.294339896    -0.17374773     *N751   
*N751   0.446535909     
GRID*   752             0               -0.291587562    -0.172158669    *N752   
*N752   0.449853094     
GRID*   753             0               -0.298158546    -0.175952429    *N753   
*N753   0.438515009     
GRID*   754             0               -0.296552557    -0.17502521     *N754   
*N754   0.442718012     
GRID*   755             0               -0.266294743    -0.165176877    *N755   
*N755   0.404839253     
GRID*   756             0               -0.264849808    -0.160532132    *N756   
*N756   0.406269045     
GRID*   757             0               -0.259985849    -0.161534435    *N757   
*N757   0.408470265     
GRID*   758             0               -0.263018376    -0.163285266    *N758   
*N758   0.406372312     
GRID*   759             0               -0.273261708    -0.169199256    *N759   
*N759   0.40360005      
GRID*   760             0               -0.271482507    -0.164361522    *N760   
*N760   0.403890927     
GRID*   761             0               -0.269736616    -0.167164043    *N761   
*N761   0.403907743     
GRID*   762             0               -0.276650403    -0.163534696    *N762   
*N762   0.403600447     
GRID*   763             0               -0.274974471    -0.158756585    *N763   
*N763   0.403858705     
GRID*   764             0               -0.269880547    -0.159626118    *N764   
*N764   0.40473678      
GRID*   765             0               -0.27322846     -0.161559037    *N765   
*N765   0.403874581     
GRID*   766             0               -0.26851501     -0.155027214    *N766   
*N766   0.406068092     
GRID*   767             0               -0.263704888    -0.1560606      *N767   
*N767   0.408134942     
GRID*   768             0               -0.266682025    -0.15777945     *N768   
*N768   0.406167636     
GRID*   769             0               -0.269885849    -0.144387132    *N769   
*N769   0.408470265     
GRID*   770             0               -0.271449808    -0.149100596    *N770   
*N770   0.406269045     
GRID*   771             0               -0.276194743    -0.148029574    *N771   
*N771   0.404839253     
GRID*   772             0               -0.272918376    -0.146137963    *N772   
*N772   0.406372312     
GRID*   773             0               -0.267004888    -0.150344832    *N773   
*N773   0.408134942     
GRID*   774             0               -0.273180547    -0.153910351    *N774   
*N774   0.40473678      
GRID*   775             0               -0.269982025    -0.152063683    *N775   
*N775   0.406167636     
GRID*   776             0               -0.279950403    -0.157818929    *N776   
*N776   0.403600447     
GRID*   777             0               -0.278082507    -0.152929987    *N777   
*N777   0.403890927     
GRID*   778             0               -0.27652846     -0.155843269    *N778   
*N778   0.403874581     
GRID*   779             0               -0.283161708    -0.152051953    *N779   
*N779   0.40360005      
GRID*   780             0               -0.279636616    -0.15001674     *N780   
*N780   0.403907743     
GRID*   781             0               -0.304867582    -0.164583845    *N781   
*N781   0.421863839     
GRID*   782             0               -0.304061966    -0.167929234    *N782   
*N782   0.425966179     
GRID*   783             0               -0.30598034     -0.165226296    *N783   
*N783   0.430074207     
GRID*   784             0               -0.305705495    -0.165067615    *N784   
*N784   0.425918148     
GRID*   785             0               -0.301579831    -0.170306685    *N785   
*N785   0.421907631     
GRID*   786             0               -0.300774677    -0.173652341    *N786   
*N786   0.426062282     
GRID*   787             0               -0.302679617    -0.170941647    *N787   
*N787   0.43022262      
GRID*   788             0               -0.302418359    -0.170790809    *N788   
*N788   0.426014224     
GRID*   789             0               -0.300692283    -0.17360477     *N789   
*N789   0.434523692     
GRID*   790             0               -0.30402126     -0.167905733    *N790   
*N790   0.434326905     
GRID*   791             0               -0.302356932    -0.170755345    *N791   
*N791   0.43442533      
GRID*   792             0               -0.305685265    -0.165055935    *N792   
*N792   0.434228417     
GRID*   793             0               -0.29608034     -0.182373599    *N793   
*N793   0.430074207     
GRID*   794             0               -0.297461966    -0.179360769    *N794   
*N794   0.425966179     
GRID*   795             0               -0.294967582    -0.181731148    *N795   
*N795   0.421863839     
GRID*   796             0               -0.295805495    -0.182214918    *N796   
*N796   0.425918148     
GRID*   797             0               -0.29742126     -0.179337268    *N797   
*N797   0.434326905     
GRID*   798             0               -0.295785265    -0.182203238    *N798   
*N798   0.434228417     
GRID*   799             0               -0.299379617    -0.176657415    *N799   
*N799   0.43022262      
GRID*   800             0               -0.299056932    -0.176471112    *N800   
*N800   0.43442533      
GRID*   801             0               -0.298279831    -0.176022453    *N801   
*N801   0.421907631     
GRID*   802             0               -0.299118359    -0.176506577    *N802   
*N802   0.426014224     
GRID*   803             0               -0.261877695    -0.139763622    *N803   
*N803   0.420229525     
GRID*   804             0               -0.2622714      -0.14380144     *N804   
*N804   0.415659607     
GRID*   805             0               -0.265145353    -0.141650206    *N805   
*N805   0.413681218     
GRID*   806             0               -0.263307543    -0.140589145    *N806   
*N806   0.416819654     
GRID*   807             0               -0.259852715    -0.146215523    *N807   
*N807   0.417134908     
GRID*   808             0               -0.26035006     -0.150313177    *N808   
*N808   0.413456569     
GRID*   809             0               -0.262971819    -0.148016339    *N809   
*N809   0.412150713     
GRID*   810             0               -0.26128616     -0.147043123    *N810   
*N810   0.414537587     
GRID*   811             0               -0.263667165    -0.152228309    *N811   
*N811   0.40958875      
GRID*   812             0               -0.266115369    -0.146020756    *N812   
*N812   0.410436892     
GRID*   813             0               -0.26488675     -0.149121924    *N813   
*N813   0.410006772     
GRID*   814             0               -0.267353279    -0.142924952    *N814   
*N814   0.410878851     
GRID*   815             0               -0.255245353    -0.158797509    *N815   
*N815   0.413681218     
GRID*   816             0               -0.2556714      -0.155232975    *N816   
*N816   0.415659607     
GRID*   817             0               -0.251977695    -0.156910925    *N817   
*N817   0.420229525     
GRID*   818             0               -0.253407543    -0.157736448    *N818   
*N818   0.416819654     
GRID*   819             0               -0.259515369    -0.157452292    *N819   
*N819   0.410436892     
GRID*   820             0               -0.257453279    -0.160072255    *N820   
*N820   0.410878851     
GRID*   821             0               -0.259671819    -0.153732107    *N821   
*N821   0.412150713     
GRID*   822             0               -0.26158675     -0.154837692    *N822   
*N822   0.410006772     
GRID*   823             0               -0.256552715    -0.151931291    *N823   
*N823   0.417134908     
GRID*   824             0               -0.25798616     -0.152758891    *N824   
*N824   0.414537587     
GRID*   825             0               -0.285114955    -0.156990172    *N825   
*N825   0.403938149     
GRID*   826             0               -0.29020866     -0.156120513    *N826   
*N826   0.404901967     
GRID*   827             0               -0.286729448    -0.154111789    *N827   
*N827   0.403931556     
GRID*   828             0               -0.281885942    -0.162746924    *N828   
*N828   0.403951529     
GRID*   829             0               -0.286961076    -0.161866543    *N829   
*N829   0.404921794     
GRID*   830             0               -0.283500453    -0.159868551    *N830   
*N830   0.403944807     
GRID*   831             0               -0.288615324    -0.166632135    *N831   
*N831   0.406517807     
GRID*   832             0               -0.293282155    -0.165516019    *N832   
*N832   0.40866398      
GRID*   833             0               -0.291881165    -0.160896645    *N833   
*N833   0.406497584     
GRID*   834             0               -0.290248248    -0.163764392    *N834   
*N834   0.406507687     
GRID*   835             0               -0.296564678    -0.159790161    *N835   
*N835   0.40864929      
GRID*   836             0               -0.293514074    -0.158028894    *N836   
*N836   0.406487498     
GRID*   837             0               -0.28030866     -0.173267816    *N837   
*N837   0.404901967     
GRID*   838             0               -0.278514955    -0.168421708    *N838   
*N838   0.403938149     
GRID*   839             0               -0.276829448    -0.171259092    *N839   
*N839   0.403931556     
GRID*   840             0               -0.286664678    -0.176937464    *N840   
*N840   0.40864929      
GRID*   841             0               -0.285281165    -0.172328181    *N841   
*N841   0.406497584     
GRID*   842             0               -0.283614074    -0.175176197    *N842   
*N842   0.406487498     
GRID*   843             0               -0.289982155    -0.171231787    *N843   
*N843   0.40866398      
GRID*   844             0               -0.283661076    -0.16758231     *N844   
*N844   0.404921794     
GRID*   845             0               -0.286948248    -0.16948016     *N845   
*N845   0.406507687     
GRID*   846             0               -0.280200453    -0.165584319    *N846   
*N846   0.403944807     
GRID*   847             0               -0.291723001    -0.179857889    *N847   
*N847   0.414496829     
GRID*   848             0               -0.291052491    -0.175660258    *N848   
*N848   0.411353766     
GRID*   849             0               -0.289393244    -0.178512803    *N849   
*N849   0.411343071     
GRID*   850             0               -0.295254504    -0.178086291    *N850   
*N850   0.418050979     
GRID*   851             0               -0.293596511    -0.18093956     *N851   
*N851   0.418032811     
GRID*   852             0               -0.298570455    -0.172379733    *N852   
*N852   0.418087335     
GRID*   853             0               -0.295041034    -0.174152532    *N853   
*N853   0.41452557      
GRID*   854             0               -0.296912486    -0.175233015    *N854   
*N854   0.418069153     
GRID*   855             0               -0.294370969    -0.169955158    *N855   
*N855   0.411375176     
GRID*   856             0               -0.292711732    -0.172807709    *N856   
*N856   0.411364468     
GRID*   857             0               -0.297652491    -0.164228722    *N857   
*N857   0.411353766     
GRID*   858             0               -0.301623001    -0.162710586    *N858   
*N858   0.414496829     
GRID*   859             0               -0.299293244    -0.1613655      *N859   
*N859   0.411343071     
GRID*   860             0               -0.298341034    -0.168436765    *N860   
*N860   0.41452557      
GRID*   861             0               -0.296011732    -0.167091942    *N861   
*N861   0.411364468     
GRID*   862             0               -0.301854504    -0.166654756    *N862   
*N862   0.418050979     
GRID*   863             0               -0.300212486    -0.169517248    *N863   
*N863   0.418069153     
GRID*   864             0               -0.303496511    -0.163792257    *N864   
*N864   0.418032811     
GRID*   865             0               -0.260954299    -0.139230499    *N865   
*N865   0.423517332     
GRID*   866             0               -0.25765117     -0.144944461    *N866   
*N866   0.42353161      
GRID*   867             0               -0.258572978    -0.145476666    *N867   
*N867   0.420243209     
GRID*   868             0               -0.259717383    -0.142326877    *N868   
*N868   0.421862965     
GRID*   869             0               -0.257107833    -0.144630765    *N869   
*N869   0.426945514     
GRID*   870             0               -0.253807833    -0.150346533    *N870   
*N870   0.426945514     
GRID*   871             0               -0.25435117     -0.150660228    *N871   
*N871   0.42353161      
GRID*   872             0               -0.255680859    -0.147617413    *N872   
*N872   0.425228239     
GRID*   873             0               -0.251054299    -0.156377802    *N873   
*N873   0.423517332     
GRID*   874             0               -0.255272978    -0.151192434    *N874   
*N874   0.420243209     
GRID*   875             0               -0.253117383    -0.153758413    *N875   
*N875   0.421862965     
GRID*   876             0               -0.257518933    -0.148678625    *N876   
*N876   0.418664952     
GRID*   877             0               -0.252033059    -0.153132378    *N877   
*N877   0.428676        
GRID*   878             0               -0.250373354    -0.155984658    *N878   
*N878   0.431077893     
GRID*   879             0               -0.250476935    -0.156044461    *N879   
*N879   0.427269164     
GRID*   880             0               -0.255341075    -0.147421238    *N880   
*N880   0.431496987     
GRID*   881             0               -0.25382568     -0.150356836    *N881   
*N881   0.43322649      
GRID*   882             0               -0.253654412    -0.150257955    *N882   
*N882   0.430086617     
GRID*   883             0               -0.25613254     -0.14787819     *N883   
*N883   0.437041467     
GRID*   884             0               -0.255127979    -0.151108719    *N884   
*N884   0.439324833     
GRID*   885             0               -0.252523558    -0.153415567    *N885   
*N885   0.435594582     
GRID*   886             0               -0.254319205    -0.150641773    *N886   
*N886   0.436320542     
GRID*   887             0               -0.251586253    -0.156684926    *N887   
*N887   0.438549093     
GRID*   888             0               -0.250745712    -0.15619964     *N888   
*N888   0.434864164     
GRID*   889             0               -0.260273354    -0.138837355    *N889   
*N889   0.431077893     
GRID*   890             0               -0.258633059    -0.141700843    *N890   
*N890   0.428676        
GRID*   891             0               -0.260376935    -0.138897158    *N891   
*N891   0.427269164     
GRID*   892             0               -0.261486253    -0.139537623    *N892   
*N892   0.438549093     
GRID*   893             0               -0.259123558    -0.141984032    *N893   
*N893   0.435594582     
GRID*   894             0               -0.260645712    -0.139052337    *N894   
*N894   0.434864164     
GRID*   895             0               -0.258427979    -0.145392951    *N895   
*N895   0.439324833     
GRID*   896             0               -0.25712568     -0.144641069    *N896   
*N896   0.43322649      
GRID*   897             0               -0.257619205    -0.144926006    *N897   
*N897   0.436320542     
GRID*   898             0               -0.256954412    -0.144542187    *N898   
*N898   0.430086617     
GRID*   899             0               -0.26491556     -0.141517534    *N899   
*N899   0.445975584     
GRID*   900             0               -0.261496704    -0.143354169    *N900   
*N900   0.442852648     
GRID*   901             0               -0.262942964    -0.140378655    *N901   
*N901   0.442421151     
GRID*   902             0               -0.270194739    -0.144565469    *N902   
*N902   0.451778456     
GRID*   903             0               -0.266116025    -0.146021135    *N903   
*N903   0.449563794     
GRID*   904             0               -0.267353599    -0.142925137    *N904   
*N904   0.449121501     
GRID*   905             0               -0.267955822    -0.150893853    *N905   
*N905   0.452569121     
GRID*   906             0               -0.263668534    -0.152229098    *N906   
*N906   0.450412546     
GRID*   907             0               -0.262230561    -0.147588373    *N907   
*N907   0.446869084     
GRID*   908             0               -0.264887755    -0.149122504    *N908   
*N908   0.449994229     
GRID*   909             0               -0.258624876    -0.149317141    *N909   
*N909   0.443702132     
GRID*   910             0               -0.260057366    -0.146333678    *N910   
*N910   0.443279691     
GRID*   911             0               -0.254896704    -0.154785704    *N911   
*N911   0.442852648     
GRID*   912             0               -0.25501556     -0.158664837    *N912   
*N912   0.445975584     
GRID*   913             0               -0.253042964    -0.157525958    *N913   
*N913   0.442421151     
GRID*   914             0               -0.258930561    -0.15330414     *N914   
*N914   0.446869084     
GRID*   915             0               -0.256757366    -0.152049446    *N915   
*N915   0.443279691     
GRID*   916             0               -0.264655822    -0.156609621    *N916   
*N916   0.452569121     
GRID*   917             0               -0.259516025    -0.15745267     *N917   
*N917   0.449563794     
GRID*   918             0               -0.261587755    -0.154838272    *N918   
*N918   0.449994229     
GRID*   919             0               -0.260294739    -0.161712772    *N919   
*N919   0.451778456     
GRID*   920             0               -0.257453599    -0.16007244     *N920   
*N920   0.449121501     
GRID*   921             0               -0.284076366    -0.149184396    *N921   
*N921   0.456393396     
GRID*   922             0               -0.283459878    -0.14907187     *N922   
*N922   0.456373588     
GRID*   923             0               -0.284092866    -0.149155817    *N923   
*N923   0.456393396     
GRID*   924             0               -0.284084616    -0.149170106    *N924   
*N924   0.456393396     
GRID*   925             0               -0.282827402    -0.148988218    *N925   
*N925   0.456340586     
GRID*   926             0               -0.282835652    -0.148973929    *N926   
*N926   0.456340586     
GRID*   927             0               -0.283468128    -0.14905758     *N927   
*N927   0.456373588     
GRID*   928             0               -0.261598158    -0.136581228    *N928   
*N928   0.428524515     
GRID*   929             0               -0.284101116    -0.149141528    *N929   
*N929   0.456393396     
GRID*   930             0               -0.284096991    -0.149148672    *N930   
*N930   0.456393396     
GRID*   931             0               -0.281625773    -0.14835693     *N931   
*N931   0.456214218     
GRID*   932             0               -0.279128812    -0.148022291    *N932   
*N932   0.455830016     
GRID*   933             0               -0.280315964    -0.14864522     *N933   
*N933   0.456077064     
GRID*   934             0               -0.306754073    -0.163387016    *N934   
*N934   0.433622202     
GRID*   935             0               -0.279814726    -0.147636251    *N935   
*N935   0.45591148      
GRID*   936             0               -0.281977884    -0.148284845    *N936   
*N936   0.456244891     
GRID*   937             0               -0.276594927    -0.14818593     *N937   
*N937   0.455291762     
GRID*   938             0               -0.278194038    -0.147790628    *N938   
*N938   0.455617092     
GRID*   939             0               -0.28509906     -0.149774848    *N939   
*N939   0.456393396     
GRID*   940             0               -0.287053864    -0.152272892    *N940   
*N940   0.456162612     
GRID*   941             0               -0.288579266    -0.153478524    *N941   
*N941   0.455830011     
GRID*   942             0               -0.286934205    -0.15153741     *N942   
*N942   0.456221941     
GRID*   943             0               -0.285893437    -0.150758394    *N943   
*N943   0.456340586     
GRID*   944             0               -0.2874462      -0.152761864    *N944   
*N944   0.456077064     
GRID*   945             0               -0.288586751    -0.154264887    *N945   
*N945   0.455742347     
GRID*   946             0               -0.287250239    -0.152517498    *N946   
*N946   0.456121471     
GRID*   947             0               -0.289704476    -0.155754731    *N947   
*N947   0.455291762     
GRID*   948             0               -0.289249713    -0.154564661    *N948   
*N948   0.455566864     
GRID*   949             0               -0.28510731     -0.149760559    *N949   
*N949   0.456393396     
GRID*   950             0               -0.28511556     -0.149746269    *N950   
*N950   0.456393396     
GRID*   951             0               -0.285901687    -0.150744104    *N951   
*N951   0.456340586     
GRID*   952             0               -0.285504754    -0.150252479    *N952   
*N952   0.456373588     
GRID*   953             0               -0.28471786     -0.149254201    *N953   
*N953   0.4564          
GRID*   954             0               -0.284908508    -0.149514552    *N954   
*N954   0.456398349     
GRID*   955             0               -0.28512381     -0.14973198     *N955   
*N955   0.456393396     
GRID*   956             0               -0.284920883    -0.149493118    *N956   
*N956   0.456398349     
GRID*   957             0               -0.273507317    -0.172211782    *N957   
*N957   0.456340586     
GRID*   958             0               -0.274708973    -0.172843074    *N958   
*N958   0.456214215     
GRID*   959             0               -0.277205934    -0.173177713    *N959   
*N959   0.455830011     
GRID*   960             0               -0.276018755    -0.17255478     *N960   
*N960   0.456077064     
GRID*   961             0               -0.275364426    -0.172699251    *N961   
*N961   0.456150326     
GRID*   962             0               -0.272258353    -0.172015604    *N962   
*N962   0.456393396     
GRID*   963             0               -0.276520046    -0.173563756    *N963   
*N963   0.455911471     
GRID*   964             0               -0.27435687     -0.172915164    *N964   
*N964   0.456244887     
GRID*   965             0               -0.279739792    -0.17301407     *N965   
*N965   0.455291762     
GRID*   966             0               -0.278140709    -0.173409373    *N966   
*N966   0.455617086     
GRID*   967             0               -0.272874841    -0.17212813     *N967   
*N967   0.456373588     
GRID*   968             0               -0.272241853    -0.172044183    *N968   
*N968   0.456393396     
GRID*   969             0               -0.272250103    -0.172029894    *N969   
*N969   0.456393396     
GRID*   970             0               -0.273499067    -0.172226071    *N970   
*N970   0.456340586     
GRID*   971             0               -0.272866591    -0.17214242     *N971   
*N971   0.456373588     
GRID*   972             0               -0.273187034    -0.172177147    *N972   
*N972   0.456358736     
GRID*   973             0               -0.272233603    -0.172058472    *N973   
*N973   0.456393396     
GRID*   974             0               -0.272237728    -0.172051328    *N974   
*N974   0.456393396     
GRID*   975             0               -0.27123566     -0.171425152    *N975   
*N975   0.456393396     
GRID*   976             0               -0.269280856    -0.168927108    *N976   
*N976   0.456162612     
GRID*   977             0               -0.267755452    -0.167721473    *N977   
*N977   0.455830011     
GRID*   978             0               -0.269400518    -0.169662594    *N978   
*N978   0.456221941     
GRID*   979             0               -0.270441283    -0.170441606    *N979   
*N979   0.456340586     
GRID*   980             0               -0.268888519    -0.168438136    *N980   
*N980   0.456077064     
GRID*   981             0               -0.267747968    -0.166935113    *N981   
*N981   0.455742347     
GRID*   982             0               -0.295018671    -0.183655614    *N982   
*N982   0.433824753     
GRID*   983             0               -0.266630243    -0.165445269    *N983   
*N983   0.455291762     
GRID*   984             0               -0.267085007    -0.16663534     *N984   
*N984   0.455566864     
GRID*   985             0               -0.27122741     -0.171439441    *N985   
*N985   0.456393396     
GRID*   986             0               -0.27121916     -0.171453731    *N986   
*N986   0.456393396     
GRID*   987             0               -0.270433033    -0.170455895    *N987   
*N987   0.456340586     
GRID*   988             0               -0.249012206    -0.158351031    *N988   
*N988   0.42881939      
GRID*   989             0               -0.27161686     -0.171945799    *N989   
*N989   0.4564          
GRID*   990             0               -0.271426212    -0.171685448    *N990   
*N990   0.456398349     
GRID*   991             0               -0.27121091     -0.17146802     *N991   
*N991   0.456393396     
GRID*   992             0               -0.271413837    -0.171706882    *N992   
*N992   0.456398349     
GRID*   993             0               -0.296429798    -0.157046863    *N993   
*N993   0.452357589     
GRID*   994             0               -0.293298355    -0.156202689    *N994   
*N994   0.454042405     
GRID*   995             0               -0.292246676    -0.154750976    *N995   
*N995   0.454719512     
GRID*   996             0               -0.295469847    -0.15564811     *N996   
*N996   0.453248628     
GRID*   997             0               -0.294389926    -0.155928762    *N997   
*N997   0.453659102     
GRID*   998             0               -0.292716962    -0.15719343     *N998   
*N998   0.454046091     
GRID*   999             0               -0.290286234    -0.154764201    *N999   
*N999   0.455289202     
GRID*   1000            0               -0.291519688    -0.155989259    *N1000  
*N1000  0.454723427     
GRID*   1001            0               -0.289459586    -0.152779206    *N1001  
*N1001  0.455739373     
GRID*   1002            0               -0.289876172    -0.153773587    *N1002  
*N1002  0.455528582     
GRID*   1003            0               -0.293825012    -0.158805177    *N1003  
*N1003  0.453165076     
GRID*   1004            0               -0.292092255    -0.161366019    *N1004  
*N1004  0.453284085     
GRID*   1005            0               -0.292522693    -0.159264504    *N1005  
*N1005  0.453633883     
GRID*   1006            0               -0.293464104    -0.161262233    *N1006  
*N1006  0.452640334     
GRID*   1007            0               -0.294947578    -0.15915491     *N1007  
*N1007  0.452500141     
GRID*   1008            0               -0.292010848    -0.163013809    *N1008  
*N1008  0.452865543     
GRID*   1009            0               -0.285909937    -0.150729815    *N1009  
*N1009  0.456340586     
GRID*   1010            0               -0.288717942    -0.151749895    *N1010  
*N1010  0.455976083     
GRID*   1011            0               -0.292186843    -0.153752666    *N1011  
*N1011  0.454919152     
GRID*   1012            0               -0.28908991     -0.152265213    *N1012  
*N1012  0.455864198     
GRID*   1013            0               -0.28514856     -0.149689112    *N1013  
*N1013  0.456393396     
GRID*   1014            0               -0.291832437    -0.153247489    *N1014  
*N1014  0.455107892     
GRID*   1015            0               -0.288530766    -0.151491549    *N1015  
*N1015  0.456027235     
GRID*   1016            0               -0.293687284    -0.154468666    *N1016  
*N1016  0.454275909     
GRID*   1017            0               -0.285521254    -0.1502239      *N1017  
*N1017  0.456373588     
GRID*   1018            0               -0.28513206     -0.149717691    *N1018  
*N1018  0.456393396     
GRID*   1019            0               -0.28514031     -0.149703401    *N1019  
*N1019  0.456393396     
GRID*   1020            0               -0.285513004    -0.15023819     *N1020  
*N1020  0.456373588     
GRID*   1021            0               -0.28571155     -0.150484049    *N1021  
*N1021  0.456358736     
GRID*   1022            0               -0.285127935    -0.149724835    *N1022  
*N1022  0.456393396     
GRID*   1023            0               -0.272208853    -0.172101341    *N1023  
*N1023  0.456393396     
GRID*   1024            0               -0.276410497    -0.1742266      *N1024  
*N1024  0.455864198     
GRID*   1025            0               -0.279247136    -0.176164895    *N1025  
*N1025  0.454919152     
GRID*   1026            0               -0.275778235    -0.174162124    *N1026  
*N1026  0.455976083     
GRID*   1027            0               -0.273490817    -0.172240361    *N1027  
*N1027  0.456340586     
GRID*   1028            0               -0.277040466    -0.174289752    *N1028  
*N1028  0.455739373     
GRID*   1029            0               -0.279858059    -0.17621705     *N1029  
*N1029  0.454717945     
GRID*   1030            0               -0.276725784    -0.17425835     *N1030  
*N1030  0.455803399     
GRID*   1031            0               -0.28253014     -0.178060339    *N1031  
*N1031  0.453248628     
GRID*   1032            0               -0.280917059    -0.177129026    *N1032  
*N1032  0.454158362     
GRID*   1033            0               -0.272217103    -0.172087051    *N1033  
*N1033  0.456393396     
GRID*   1034            0               -0.272225353    -0.172072762    *N1034  
*N1034  0.456393396     
GRID*   1035            0               -0.272858341    -0.172156709    *N1035  
*N1035  0.456373588     
GRID*   1036            0               -0.27158386     -0.172002956    *N1036  
*N1036  0.4564          
GRID*   1037            0               -0.271896404    -0.172052176    *N1037  
*N1037  0.456398349     
GRID*   1038            0               -0.271908779    -0.172030742    *N1038  
*N1038  0.456398349     
GRID*   1039            0               -0.282491985    -0.17490361     *N1039  
*N1039  0.454046091     
GRID*   1040            0               -0.281924674    -0.175902482    *N1040  
*N1040  0.454042405     
GRID*   1041            0               -0.279172846    -0.174013152    *N1041  
*N1041  0.455289202     
GRID*   1042            0               -0.280850505    -0.174468825    *N1042  
*N1042  0.454723427     
GRID*   1043            0               -0.284221472    -0.178192304    *N1043  
*N1043  0.452357589     
GRID*   1044            0               -0.280141615    -0.175717558    *N1044  
*N1044  0.454719512     
GRID*   1045            0               -0.282233232    -0.176984773    *N1045  
*N1045  0.453659102     
GRID*   1046            0               -0.278109919    -0.174153335    *N1046  
*N1046  0.455528582     
GRID*   1047            0               -0.284441824    -0.175057336    *N1047  
*N1047  0.453165076     
GRID*   1048            0               -0.286389242    -0.173516253    *N1048  
*N1048  0.452640334     
GRID*   1049            0               -0.285305984    -0.17585464     *N1049  
*N1049  0.452500141     
GRID*   1050            0               -0.285793199    -0.172276304    *N1050  
*N1050  0.453284085     
GRID*   1051            0               -0.284188453    -0.173699832    *N1051  
*N1051  0.453633883     
GRID*   1052            0               -0.287179524    -0.171381908    *N1052  
*N1052  0.452865543     
GRID*   1053            0               -0.270424783    -0.170470185    *N1053  
*N1053  0.456340586     
GRID*   1054            0               -0.267616778    -0.169450105    *N1054  
*N1054  0.455976083     
GRID*   1055            0               -0.264147877    -0.167447334    *N1055  
*N1055  0.454919152     
GRID*   1056            0               -0.266875134    -0.168420794    *N1056  
*N1056  0.455739373     
GRID*   1057            0               -0.294226705    -0.184512793    *N1057  
*N1057  0.435291812     
GRID*   1058            0               -0.27118616     -0.171510888    *N1058  
*N1058  0.456393396     
GRID*   1059            0               -0.264502282    -0.167952511    *N1059  
*N1059  0.455107892     
GRID*   1060            0               -0.267803953    -0.169708451    *N1060  
*N1060  0.456027235     
GRID*   1061            0               -0.260864873    -0.16555189     *N1061  
*N1061  0.453248628     
GRID*   1062            0               -0.262647436    -0.166731334    *N1062  
*N1062  0.454275909     
GRID*   1063            0               -0.270813465    -0.1709761      *N1063  
*N1063  0.456373588     
GRID*   1064            0               -0.27120266     -0.171482309    *N1064  
*N1064  0.456393396     
GRID*   1065            0               -0.27119441     -0.171496599    *N1065  
*N1065  0.456393396     
GRID*   1066            0               -0.270821715    -0.17096181     *N1066  
*N1066  0.456373588     
GRID*   1067            0               -0.249073642    -0.158274326    *N1067  
*N1067  0.428524515     
GRID*   1068            0               -0.271206785    -0.171475165    *N1068  
*N1068  0.456393396     
GRID*   1069            0               -0.259904921    -0.164153137    *N1069  
*N1069  0.452357589     
GRID*   1070            0               -0.263036365    -0.164997311    *N1070  
*N1070  0.454042405     
GRID*   1071            0               -0.264088043    -0.166449024    *N1071  
*N1071  0.454719512     
GRID*   1072            0               -0.261944794    -0.165271238    *N1072  
*N1072  0.453659102     
GRID*   1073            0               -0.263617757    -0.16400657     *N1073  
*N1073  0.454046091     
GRID*   1074            0               -0.266048486    -0.166435799    *N1074  
*N1074  0.455289202     
GRID*   1075            0               -0.264815032    -0.16521074     *N1075  
*N1075  0.454723427     
GRID*   1076            0               -0.266458548    -0.167426413    *N1076  
*N1076  0.455528582     
GRID*   1077            0               -0.262509701    -0.162394877    *N1077  
*N1077  0.453165088     
GRID*   1078            0               -0.264242414    -0.159834363    *N1078  
*N1078  0.453284164     
GRID*   1079            0               -0.263812032    -0.161935686    *N1079  
*N1079  0.453633933     
GRID*   1080            0               -0.262870608    -0.159937821    *N1080  
*N1080  0.452640346     
GRID*   1081            0               -0.261387138    -0.162045117    *N1081  
*N1081  0.452500147     
GRID*   1082            0               -0.264323788    -0.158186454    *N1082  
*N1082  0.452865577     
GRID*   1083            0               -0.284125866    -0.149098659    *N1083  
*N1083  0.456393396     
GRID*   1084            0               -0.279924222    -0.1469734      *N1084  
*N1084  0.455864198     
GRID*   1085            0               -0.277087583    -0.145035105    *N1085  
*N1085  0.454919152     
GRID*   1086            0               -0.280556484    -0.147037876    *N1086  
*N1086  0.455976083     
GRID*   1087            0               -0.282843902    -0.148959639    *N1087  
*N1087  0.456340586     
GRID*   1088            0               -0.279294253    -0.146910248    *N1088  
*N1088  0.455739373     
GRID*   1089            0               -0.276476661    -0.14498295     *N1089  
*N1089  0.454717945     
GRID*   1090            0               -0.306788392    -0.162633716    *N1090  
*N1090  0.435580734     
GRID*   1091            0               -0.273804579    -0.143139661    *N1091  
*N1091  0.453248628     
GRID*   1092            0               -0.27541766     -0.144070974    *N1092  
*N1092  0.454158362     
GRID*   1093            0               -0.284117616    -0.149112949    *N1093  
*N1093  0.456393396     
GRID*   1094            0               -0.284109366    -0.149127238    *N1094  
*N1094  0.456393396     
GRID*   1095            0               -0.261658619    -0.136446802    *N1095  
*N1095  0.42881939      
GRID*   1096            0               -0.28475086     -0.149197044    *N1096  
*N1096  0.4564          
GRID*   1097            0               -0.284438315    -0.149147824    *N1097  
*N1097  0.456398349     
GRID*   1098            0               -0.28442594     -0.149169258    *N1098  
*N1098  0.456398349     
GRID*   1099            0               -0.273842735    -0.14629639     *N1099  
*N1099  0.454046091     
GRID*   1100            0               -0.274410045    -0.145297518    *N1100  
*N1100  0.454042405     
GRID*   1101            0               -0.277161873    -0.147186848    *N1101  
*N1101  0.455289202     
GRID*   1102            0               -0.275484214    -0.146731175    *N1102  
*N1102  0.454723427     
GRID*   1103            0               -0.272113247    -0.143007696    *N1103  
*N1103  0.452357589     
GRID*   1104            0               -0.276193104    -0.145482442    *N1104  
*N1104  0.454719512     
GRID*   1105            0               -0.274101487    -0.144215227    *N1105  
*N1105  0.453659102     
GRID*   1106            0               -0.278224801    -0.147046665    *N1106  
*N1106  0.455528582     
GRID*   1107            0               -0.271892921    -0.146142645    *N1107  
*N1107  0.453165083     
GRID*   1108            0               -0.269945503    -0.147683727    *N1108  
*N1108  0.452640341     
GRID*   1109            0               -0.271028748    -0.14534535     *N1109  
*N1109  0.452500144     
GRID*   1110            0               -0.270541701    -0.148923558    *N1110  
*N1110  0.453284131     
GRID*   1111            0               -0.272146387    -0.147500105    *N1111  
*N1111  0.453633919     
GRID*   1112            0               -0.269155128    -0.149818173    *N1112  
*N1112  0.452865532     
GRID*   1113            0               -0.263601144    -0.147565029    *N1113  
*N1113  0.417690454     
GRID*   1114            0               -0.268888474    -0.157994307    *N1114  
*N1114  0.409006605     
GRID*   1115            0               -0.272651493    -0.150609114    *N1115  
*N1115  0.409915991     
GRID*   1116            0               -0.25859357     -0.148350272    *N1116  
*N1116  0.429351215     
GRID*   1117            0               -0.259768699    -0.149798318    *N1117  
*N1117  0.438855673     
GRID*   1118            0               -0.2694358      -0.155618909    *N1118  
*N1118  0.450798043     
GRID*   1119            0               -0.292841205    -0.177312204    *N1119  
*N1119  0.436244237     
GRID*   1120            0               -0.292841205    -0.177312204    *N1120  
*N1120  0.423755763     
GRID*   1121            0               -0.295985127    -0.175301604    *N1121  
*N1121  0.43            
GRID*   1122            0               -0.299977476    -0.16495182     *N1122  
*N1122  0.423755763     
GRID*   1123            0               -0.299977476    -0.16495182     *N1123  
*N1123  0.436244237     
GRID*   1124            0               -0.299808206    -0.168679838    *N1124  
*N1124  0.43            
GRID*   1125            0               -0.270646475    -0.154196552    *N1125  
*N1125  0.409118378     
GRID*   1126            0               -0.27872956     -0.149490952    *N1126  
*N1126  0.409754433     
GRID*   1127            0               -0.28162608     -0.15460932     *N1127  
*N1127  0.407960059     
GRID*   1128            0               -0.273418383    -0.159266394    *N1128  
*N1128  0.407432796     
GRID*   1129            0               -0.27609058     -0.154185558    *N1129  
*N1129  0.40790584      
GRID*   1130            0               -0.263763494    -0.161712745    *N1130  
*N1130  0.411975005     
GRID*   1131            0               -0.274708639    -0.16659068     *N1131  
*N1131  0.407960059     
GRID*   1132            0               -0.268962298    -0.163990867    *N1132  
*N1132  0.409086395     
GRID*   1133            0               -0.255716661    -0.155172371    *N1133  
*N1133  0.429658011     
GRID*   1134            0               -0.260411698    -0.147449839    *N1134  
*N1134  0.423260583     
GRID*   1135            0               -0.260344089    -0.156083266    *N1135  
*N1135  0.416016434     
GRID*   1136            0               -0.257121806    -0.154940462    *N1136  
*N1136  0.422340736     
GRID*   1137            0               -0.268096202    -0.144563914    *N1137  
*N1137  0.416770271     
GRID*   1138            0               -0.262846759    -0.143314896    *N1138  
*N1138  0.42966181      
GRID*   1139            0               -0.264538391    -0.143401359    *N1139  
*N1139  0.422784186     
GRID*   1140            0               -0.258749617    -0.14881234     *N1140  
*N1140  0.434196707     
GRID*   1141            0               -0.265699081    -0.145187102    *N1141  
*N1141  0.441857259     
GRID*   1142            0               -0.263376031    -0.143937521    *N1142  
*N1142  0.436098227     
GRID*   1143            0               -0.258625307    -0.157358345    *N1143  
*N1143  0.441883176     
GRID*   1144            0               -0.256450035    -0.15563775     *N1144  
*N1144  0.436110963     
GRID*   1145            0               -0.274708639    -0.16659068     *N1145  
*N1145  0.452039941     
GRID*   1146            0               -0.273688574    -0.158044989    *N1146  
*N1146  0.452517158     
GRID*   1147            0               -0.263874023    -0.16046636     *N1147  
*N1147  0.448146423     
GRID*   1148            0               -0.269003951    -0.163355754    *N1148  
*N1148  0.451024932     
GRID*   1149            0               -0.270872064    -0.148327344    *N1149  
*N1149  0.448159586     
GRID*   1150            0               -0.263622006    -0.152169339    *N1150  
*N1150  0.445841927     
GRID*   1151            0               -0.267749493    -0.148655008    *N1151  
*N1151  0.413195381     
GRID*   1152            0               -0.273376827    -0.146631728    *N1152  
*N1152  0.412236325     
GRID*   1153            0               -0.265013619    -0.154867345    *N1153  
*N1153  0.411896802     
GRID*   1154            0               -0.28162608     -0.15460932     *N1154  
*N1154  0.452039941     
GRID*   1155            0               -0.275955394    -0.151306208    *N1155  
*N1155  0.451031944     
GRID*   1156            0               -0.293066348    -0.161152306    *N1156  
*N1156  0.447644408     
GRID*   1157            0               -0.297362542    -0.163527909    *N1157  
*N1157  0.442513285     
GRID*   1158            0               -0.286095165    -0.173226749    *N1158  
*N1158  0.447644408     
GRID*   1159            0               -0.290300595    -0.175759561    *N1159  
*N1159  0.442513285     
GRID*   1160            0               -0.286095165    -0.173226749    *N1160  
*N1160  0.412355592     
GRID*   1161            0               -0.290300595    -0.175759561    *N1161  
*N1161  0.417486715     
GRID*   1162            0               -0.293066348    -0.161152306    *N1162  
*N1162  0.412355592     
GRID*   1163            0               -0.297362542    -0.163527909    *N1163  
*N1163  0.417486715     
GRID*   1164            0               -0.28073042     -0.170102099    *N1164  
*N1164  0.409101415     
GRID*   1165            0               -0.287677949    -0.158068626    *N1165  
*N1165  0.409101415     
GRID*   1166            0               -0.287677949    -0.158068626    *N1166  
*N1166  0.450898585     
GRID*   1167            0               -0.28073042     -0.170102099    *N1167  
*N1167  0.450898585     
GRID*   1168            0               -0.294476105    -0.174215642    *N1168  
*N1168  0.43906913      
GRID*   1169            0               -0.294618374    -0.176505304    *N1169  
*N1169  0.433161555     
GRID*   1170            0               -0.296962034    -0.173684993    *N1170  
*N1170  0.433025422     
GRID*   1171            0               -0.29589657     -0.174091995    *N1171  
*N1171  0.436103375     
GRID*   1172            0               -0.290649677    -0.179774816    *N1172  
*N1172  0.43318248      
GRID*   1173            0               -0.290649677    -0.179774816    *N1173  
*N1173  0.42681752      
GRID*   1174            0               -0.294618374    -0.176505304    *N1174  
*N1174  0.426838445     
GRID*   1175            0               -0.292854956    -0.178429316    *N1175  
*N1175  0.43            
GRID*   1176            0               -0.294476105    -0.174215642    *N1176  
*N1176  0.42093087      
GRID*   1177            0               -0.296962034    -0.173684993    *N1177  
*N1177  0.426974578     
GRID*   1178            0               -0.29589657     -0.174091995    *N1178  
*N1178  0.423896625     
GRID*   1179            0               -0.297665515    -0.172986764    *N1179  
*N1179  0.43            
GRID*   1180            0               -0.298896633    -0.170334169    *N1180  
*N1180  0.433025422     
GRID*   1181            0               -0.300167264    -0.166894344    *N1181  
*N1181  0.433161555     
GRID*   1182            0               -0.298113224    -0.167915966    *N1182  
*N1182  0.43906913      
GRID*   1183            0               -0.298716375    -0.169207949    *N1183  
*N1183  0.436103375     
GRID*   1184            0               -0.298896633    -0.170334169    *N1184  
*N1184  0.426974578     
GRID*   1185            0               -0.29864369     -0.171292516    *N1185  
*N1185  0.43            
GRID*   1186            0               -0.298113224    -0.167915966    *N1186  
*N1186  0.42093087      
GRID*   1187            0               -0.300167264    -0.166894344    *N1187  
*N1187  0.426838445     
GRID*   1188            0               -0.298716375    -0.169207949    *N1188  
*N1188  0.423896625     
GRID*   1189            0               -0.301014396    -0.161822595    *N1189  
*N1189  0.42681752      
GRID*   1190            0               -0.301014396    -0.161822595    *N1190  
*N1190  0.43318248      
GRID*   1191            0               -0.300951799    -0.164405174    *N1191  
*N1191  0.43            
GRID*   1192            0               -0.269732775    -0.156076821    *N1192  
*N1192  0.408975999     
GRID*   1193            0               -0.27333317     -0.154143835    *N1193  
*N1193  0.408353787     
GRID*   1194            0               -0.274727642    -0.15669551     *N1194  
*N1194  0.407493705     
GRID*   1195            0               -0.271112632    -0.158618894    *N1195  
*N1195  0.408093014     
GRID*   1196            0               -0.272336969    -0.156225313    *N1196  
*N1196  0.408080177     
GRID*   1197            0               -0.271622057    -0.152368971    *N1197  
*N1197  0.40943257      
GRID*   1198            0               -0.275668049    -0.149954291    *N1198  
*N1198  0.409652215     
GRID*   1199            0               -0.277404252    -0.151770945    *N1199  
*N1199  0.408667503     
GRID*   1200            0               -0.274443988    -0.151975473    *N1200  
*N1200  0.40889635      
GRID*   1201            0               -0.281780959    -0.14922743     *N1201  
*N1201  0.410220805     
GRID*   1202            0               -0.283255432    -0.151787201    *N1202  
*N1202  0.409262206     
GRID*   1203            0               -0.278863374    -0.154352161    *N1203  
*N1203  0.407771863     
GRID*   1204            0               -0.280265666    -0.151711672    *N1204  
*N1204  0.408781971     
GRID*   1205            0               -0.279916908    -0.157569693    *N1205  
*N1205  0.407166553     
GRID*   1206            0               -0.27577906     -0.159929319    *N1206  
*N1206  0.407033585     
GRID*   1207            0               -0.277317822    -0.157107738    *N1207  
*N1207  0.407181315     
GRID*   1208            0               -0.261670962    -0.163555023    *N1208  
*N1208  0.41410199      
GRID*   1209            0               -0.26624911     -0.162873512    *N1209  
*N1209  0.41034303      
GRID*   1210            0               -0.267006401    -0.166256923    *N1210  
*N1210  0.410582425     
GRID*   1211            0               -0.264202269    -0.164875562    *N1211  
*N1211  0.41210291      
GRID*   1212            0               -0.266187955    -0.159844825    *N1212  
*N1212  0.410263395     
GRID*   1213            0               -0.271115758    -0.161639627    *N1213  
*N1213  0.408027196     
GRID*   1214            0               -0.268583838    -0.160872688    *N1214  
*N1214  0.408983536     
GRID*   1215            0               -0.276417811    -0.163630307    *N1215  
*N1215  0.407166553     
GRID*   1216            0               -0.271773691    -0.16533654     *N1216  
*N1216  0.408313687     
GRID*   1217            0               -0.273728637    -0.162656074    *N1217  
*N1217  0.4074239       
GRID*   1218            0               -0.273079288    -0.169412799    *N1218  
*N1218  0.409262206     
GRID*   1219            0               -0.269927026    -0.167768686    *N1219  
*N1219  0.409645225     
GRID*   1220            0               -0.25640014     -0.159082345    *N1220  
*N1220  0.422417464     
GRID*   1221            0               -0.258493282    -0.155449117    *N1221  
*N1221  0.419045135     
GRID*   1222            0               -0.259777168    -0.160708441    *N1222  
*N1222  0.416021478     
GRID*   1223            0               -0.257847901    -0.159797504    *N1223  
*N1223  0.419041642     
GRID*   1224            0               -0.255135164    -0.158839901    *N1224  
*N1224  0.429826763     
GRID*   1225            0               -0.256130473    -0.154982812    *N1225  
*N1225  0.425946256     
GRID*   1226            0               -0.255474777    -0.158835682    *N1226  
*N1226  0.426057429     
GRID*   1227            0               -0.2568795      -0.151645385    *N1227  
*N1227  0.429498115     
GRID*   1228            0               -0.259319791    -0.147775644    *N1228  
*N1228  0.426269711     
GRID*   1229            0               -0.258451184    -0.151042173    *N1229  
*N1229  0.422683556     
GRID*   1230            0               -0.257425337    -0.151233341    *N1230  
*N1230  0.426044729     
GRID*   1231            0               -0.261848106    -0.147379177    *N1231  
*N1231  0.420382215     
GRID*   1232            0               -0.261636275    -0.151641886    *N1232  
*N1232  0.416580409     
GRID*   1233            0               -0.259844289    -0.151225876    *N1233  
*N1233  0.41951187      
GRID*   1234            0               -0.270573732    -0.143393435    *N1234  
*N1234  0.41658803      
GRID*   1235            0               -0.266175505    -0.143783802    *N1235  
*N1235  0.419654909     
GRID*   1236            0               -0.266978124    -0.141753207    *N1236  
*N1236  0.422705524     
GRID*   1237            0               -0.268578854    -0.142405533    *N1237  
*N1237  0.419481828     
GRID*   1238            0               -0.265761005    -0.145961027    *N1238  
*N1238  0.417139486     
GRID*   1239            0               -0.262349878    -0.145304564    *N1239  
*N1239  0.422966729     
GRID*   1240            0               -0.263900329    -0.145469489    *N1240  
*N1240  0.419943686     
GRID*   1241            0               -0.26053944     -0.145679617    *N1241  
*N1241  0.429501401     
GRID*   1242            0               -0.263519399    -0.143151845    *N1242  
*N1242  0.42617781      
GRID*   1243            0               -0.261261278    -0.145325891    *N1243  
*N1243  0.426192641     
GRID*   1244            0               -0.265468219    -0.141304595    *N1244  
*N1244  0.429829153     
GRID*   1245            0               -0.26598407     -0.14134387     *N1245  
*N1245  0.42620805      
GRID*   1246            0               -0.266341537    -0.14194359     *N1246  
*N1246  0.436760052     
GRID*   1247            0               -0.26440761     -0.144409409    *N1247  
*N1247  0.439063336     
GRID*   1248            0               -0.269291707    -0.143563412    *N1248  
*N1248  0.442829164     
GRID*   1249            0               -0.267616177    -0.142616717    *N1249  
*N1249  0.439944048     
GRID*   1250            0               -0.262960696    -0.143456313    *N1250  
*N1250  0.432908845     
GRID*   1251            0               -0.265672997    -0.141460778    *N1251  
*N1251  0.433345306     
GRID*   1252            0               -0.25856237     -0.148513972    *N1252  
*N1252  0.431783899     
GRID*   1253            0               -0.260863943    -0.14620953     *N1253  
*N1253  0.435207318     
GRID*   1254            0               -0.260564961    -0.145830583    *N1254  
*N1254  0.43237274      
GRID*   1255            0               -0.259153226    -0.149242051    *N1255  
*N1255  0.436562752     
GRID*   1256            0               -0.26249171     -0.147287032    *N1256  
*N1256  0.440518978     
GRID*   1257            0               -0.26154853     -0.146648742    *N1257  
*N1257  0.437923818     
GRID*   1258            0               -0.258985623    -0.161355845    *N1258  
*N1258  0.442849112     
GRID*   1259            0               -0.257336581    -0.156458063    *N1259  
*N1259  0.439084769     
GRID*   1260            0               -0.256114668    -0.159439812    *N1260  
*N1260  0.436778109     
GRID*   1261            0               -0.257329138    -0.160291954    *N1261  
*N1261  0.439964117     
GRID*   1262            0               -0.258889141    -0.15346438     *N1262  
*N1262  0.440537705     
GRID*   1263            0               -0.257326902    -0.152113912    *N1263  
*N1263  0.435222224     
GRID*   1264            0               -0.257955911    -0.152723594    *N1264  
*N1264  0.437941634     
GRID*   1265            0               -0.255860705    -0.155352687    *N1265  
*N1265  0.432913567     
GRID*   1266            0               -0.256937609    -0.151810845    *N1266  
*N1266  0.432378744     
GRID*   1267            0               -0.25536695     -0.159017156    *N1267  
*N1267  0.433353494     
GRID*   1268            0               -0.267008512    -0.165945069    *N1268  
*N1268  0.449506931     
GRID*   1269            0               -0.266319173    -0.16192445     *N1269  
*N1269  0.44978576      
GRID*   1270            0               -0.261677146    -0.162931597    *N1270  
*N1270  0.446007702     
GRID*   1271            0               -0.264200486    -0.164401337    *N1271  
*N1271  0.448002397     
GRID*   1272            0               -0.273079288    -0.169412799    *N1272  
*N1272  0.450737794     
GRID*   1273            0               -0.271790164    -0.165019042    *N1273  
*N1273  0.451758066     
GRID*   1274            0               -0.269925021    -0.167601134    *N1274  
*N1274  0.450412202     
GRID*   1275            0               -0.276417811    -0.163630307    *N1275  
*N1275  0.452833447     
GRID*   1276            0               -0.275913706    -0.159314359    *N1276  
*N1276  0.452953827     
GRID*   1277            0               -0.271260999    -0.160701626    *N1277  
*N1277  0.452043182     
GRID*   1278            0               -0.273798458    -0.162185084    *N1278  
*N1278  0.452627643     
GRID*   1279            0               -0.271520125    -0.156807954    *N1279  
*N1279  0.451795519     
GRID*   1280            0               -0.266485491    -0.158005       *N1280  
*N1280  0.449758793     
GRID*   1281            0               -0.268777353    -0.159496597    *N1281  
*N1281  0.451076534     
GRID*   1282            0               -0.263490601    -0.156241404    *N1282  
*N1282  0.447297555     
GRID*   1283            0               -0.260847325    -0.154669219    *N1283  
*N1283  0.444087307     
GRID*   1284            0               -0.26096453     -0.158732399    *N1284  
*N1284  0.445303095     
GRID*   1285            0               -0.270034573    -0.151844631    *N1285  
*N1285  0.449768948     
GRID*   1286            0               -0.267056181    -0.150067426    *N1286  
*N1286  0.447297878     
GRID*   1287            0               -0.266551469    -0.153915113    *N1287  
*N1287  0.448814711     
GRID*   1288            0               -0.271923689    -0.145170289    *N1288  
*N1288  0.446017196     
GRID*   1289            0               -0.264436974    -0.148480887    *N1289  
*N1289  0.444078836     
GRID*   1290            0               -0.267977809    -0.146607568    *N1290  
*N1290  0.445296892     
GRID*   1291            0               -0.261386954    -0.150812597    *N1291  
*N1291  0.442499389     
GRID*   1292            0               -0.276031577    -0.147933139    *N1292  
*N1292  0.410801066     
GRID*   1293            0               -0.275916316    -0.145992596    *N1293  
*N1293  0.412247069     
GRID*   1294            0               -0.27885895     -0.147528619    *N1294  
*N1294  0.41096659      
GRID*   1295            0               -0.270127458    -0.149531514    *N1295  
*N1295  0.411386601     
GRID*   1296            0               -0.270496966    -0.147530582    *N1296  
*N1296  0.412565397     
GRID*   1297            0               -0.273061552    -0.148621153    *N1297  
*N1297  0.410919959     
GRID*   1298            0               -0.2655608      -0.147995519    *N1298  
*N1298  0.415309468     
GRID*   1299            0               -0.270643013    -0.145409051    *N1299  
*N1299  0.414308306     
GRID*   1300            0               -0.268018594    -0.146600563    *N1300  
*N1300  0.414682418     
GRID*   1301            0               -0.273128863    -0.144552756    *N1301  
*N1301  0.414166191     
GRID*   1302            0               -0.262530703    -0.155426286    *N1302  
*N1302  0.413803159     
GRID*   1303            0               -0.264229531    -0.158263385    *N1303  
*N1303  0.41172742      
GRID*   1304            0               -0.261833005    -0.159467091    *N1304  
*N1304  0.413705358     
GRID*   1305            0               -0.26624743     -0.151660587    *N1305  
*N1305  0.41234746      
GRID*   1306            0               -0.263811149    -0.151563891    *N1306  
*N1306  0.414320142     
GRID*   1307            0               -0.267732055    -0.154474426    *N1307  
*N1307  0.410322811     
GRID*   1308            0               -0.268849989    -0.151939678    *N1308  
*N1308  0.410718003     
GRID*   1309            0               -0.26686843     -0.157131983    *N1309  
*N1309  0.410152656     
GRID*   1310            0               -0.273365151    -0.149706581    *N1310  
*N1310  0.449796015     
GRID*   1311            0               -0.277208308    -0.148272585    *N1311  
*N1311  0.449512177     
GRID*   1312            0               -0.274462436    -0.146616816    *N1312  
*N1312  0.448009833     
GRID*   1313            0               -0.274779859    -0.154600998    *N1313  
*N1313  0.452048737     
GRID*   1314            0               -0.272483364    -0.15306702     *N1314  
*N1314  0.451084506     
GRID*   1315            0               -0.279916908    -0.157569693    *N1315  
*N1315  0.452833447     
GRID*   1316            0               -0.278797276    -0.152877602    *N1316  
*N1316  0.451761842     
GRID*   1317            0               -0.277344381    -0.156040409    *N1317  
*N1317  0.452630573     
GRID*   1318            0               -0.283255432    -0.151787201    *N1318  
*N1318  0.450737794     
GRID*   1319            0               -0.280104948    -0.149966205    *N1319  
*N1319  0.450415145     
GRID*   1320            0               -0.298971231    -0.160728691    *N1320  
*N1320  0.440039541     
GRID*   1321            0               -0.298905334    -0.164281642    *N1321  
*N1321  0.439486409     
GRID*   1322            0               -0.300259039    -0.161383111    *N1322  
*N1322  0.436704807     
GRID*   1323            0               -0.294946097    -0.158483183    *N1323  
*N1323  0.445735408     
GRID*   1324            0               -0.295419466    -0.162361035    *N1324  
*N1324  0.445260196     
GRID*   1325            0               -0.297184453    -0.159675245    *N1325  
*N1325  0.443080711     
GRID*   1326            0               -0.290787271    -0.163806625    *N1326  
*N1326  0.449080497     
GRID*   1327            0               -0.295108051    -0.166237411    *N1327  
*N1327  0.444657509     
GRID*   1328            0               -0.293107142    -0.165064016    *N1328  
*N1328  0.447043634     
GRID*   1329            0               -0.29680303     -0.167139174    *N1329  
*N1329  0.441981694     
GRID*   1330            0               -0.291724742    -0.176718791    *N1330  
*N1330  0.439486409     
GRID*   1331            0               -0.288680745    -0.178552336    *N1331  
*N1331  0.440039541     
GRID*   1332            0               -0.289891394    -0.1793404      *N1332  
*N1332  0.436704807     
GRID*   1333            0               -0.291519847    -0.172452364    *N1333  
*N1333  0.444657509     
GRID*   1334            0               -0.293148286    -0.173469377    *N1334  
*N1334  0.441981694     
GRID*   1335            0               -0.287254335    -0.169925851    *N1335  
*N1335  0.449080497     
GRID*   1336            0               -0.288318514    -0.174660245    *N1336  
*N1336  0.445260196     
GRID*   1337            0               -0.289503202    -0.171306224    *N1337  
*N1337  0.447043634     
GRID*   1338            0               -0.284723511    -0.176189221    *N1338  
*N1338  0.445735408     
GRID*   1339            0               -0.286875045    -0.177531663    *N1339  
*N1339  0.443080711     
GRID*   1340            0               -0.288680745    -0.178552336    *N1340  
*N1340  0.419960459     
GRID*   1341            0               -0.291724742    -0.176718791    *N1341  
*N1341  0.420513591     
GRID*   1342            0               -0.289891394    -0.1793404      *N1342  
*N1342  0.423295194     
GRID*   1343            0               -0.284723511    -0.176189221    *N1343  
*N1343  0.414264592     
GRID*   1344            0               -0.288318514    -0.174660245    *N1344  
*N1344  0.414739804     
GRID*   1345            0               -0.286875045    -0.177531663    *N1345  
*N1345  0.416919289     
GRID*   1346            0               -0.287254335    -0.169925851    *N1346  
*N1346  0.410919503     
GRID*   1347            0               -0.291519847    -0.172452364    *N1347  
*N1347  0.415342491     
GRID*   1348            0               -0.289503202    -0.171306224    *N1348  
*N1348  0.412956366     
GRID*   1349            0               -0.293148286    -0.173469377    *N1349  
*N1349  0.418018306     
GRID*   1350            0               -0.298905334    -0.164281642    *N1350  
*N1350  0.420513591     
GRID*   1351            0               -0.298971231    -0.160728691    *N1351  
*N1351  0.419960459     
GRID*   1352            0               -0.300259039    -0.161383111    *N1352  
*N1352  0.423295194     
GRID*   1353            0               -0.295108051    -0.166237411    *N1353  
*N1353  0.415342491     
GRID*   1354            0               -0.29680303     -0.167139174    *N1354  
*N1354  0.418018306     
GRID*   1355            0               -0.290787271    -0.163806625    *N1355  
*N1355  0.410919503     
GRID*   1356            0               -0.295419466    -0.162361035    *N1356  
*N1356  0.414739804     
GRID*   1357            0               -0.293107142    -0.165064016    *N1357  
*N1357  0.412956366     
GRID*   1358            0               -0.294946097    -0.158483183    *N1358  
*N1358  0.414264592     
GRID*   1359            0               -0.297184453    -0.159675245    *N1359  
*N1359  0.416919289     
GRID*   1360            0               -0.282085074    -0.166922094    *N1360  
*N1360  0.408130097     
GRID*   1361            0               -0.277714202    -0.168438548    *N1361  
*N1361  0.408275318     
GRID*   1362            0               -0.279260274    -0.165330141    *N1362  
*N1362  0.407415906     
GRID*   1363            0               -0.283474228    -0.171794014    *N1363  
*N1363  0.41050279      
GRID*   1364            0               -0.284735222    -0.168510146    *N1364  
*N1364  0.409314189     
GRID*   1365            0               -0.279303761    -0.173028745    *N1365  
*N1365  0.410561767     
GRID*   1366            0               -0.282119639    -0.174727812    *N1366  
*N1366  0.41215639      
GRID*   1367            0               -0.276341736    -0.171293342    *N1367  
*N1367  0.40960565      
GRID*   1368            0               -0.284729162    -0.15628828     *N1368  
*N1368  0.408275318     
GRID*   1369            0               -0.285601311    -0.160831793    *N1369  
*N1369  0.408130097     
GRID*   1370            0               -0.282810239    -0.159181422    *N1370  
*N1370  0.407415906     
GRID*   1371            0               -0.289499169    -0.15536978     *N1371  
*N1371  0.410561767     
GRID*   1372            0               -0.286515254    -0.153672292    *N1372  
*N1372  0.40960565      
GRID*   1373            0               -0.290515094    -0.159598876    *N1373  
*N1373  0.41050279      
GRID*   1374            0               -0.292378543    -0.156958868    *N1374  
*N1374  0.41215639      
GRID*   1375            0               -0.288301678    -0.162332862    *N1375  
*N1375  0.409314189     
GRID*   1376            0               -0.285601311    -0.160831793    *N1376  
*N1376  0.451869903     
GRID*   1377            0               -0.284729162    -0.15628828     *N1377  
*N1377  0.451724682     
GRID*   1378            0               -0.282810239    -0.159181422    *N1378  
*N1378  0.452584094     
GRID*   1379            0               -0.290515094    -0.159598876    *N1379  
*N1379  0.44949721      
GRID*   1380            0               -0.288301678    -0.162332862    *N1380  
*N1380  0.450685811     
GRID*   1381            0               -0.289499169    -0.15536978     *N1381  
*N1381  0.449438233     
GRID*   1382            0               -0.292378543    -0.156958869    *N1382  
*N1382  0.44784361      
GRID*   1383            0               -0.286515254    -0.153672292    *N1383  
*N1383  0.45039435      
GRID*   1384            0               -0.277714202    -0.168438548    *N1384  
*N1384  0.451724682     
GRID*   1385            0               -0.282085074    -0.166922094    *N1385  
*N1385  0.451869903     
GRID*   1386            0               -0.279260274    -0.165330141    *N1386  
*N1386  0.452584094     
GRID*   1387            0               -0.279303761    -0.173028745    *N1387  
*N1387  0.449438233     
GRID*   1388            0               -0.276341736    -0.171293343    *N1388  
*N1388  0.45039435      
GRID*   1389            0               -0.283474228    -0.171794014    *N1389  
*N1389  0.44949721      
GRID*   1390            0               -0.282119639    -0.174727811    *N1390  
*N1390  0.44784361      
GRID*   1391            0               -0.284735222    -0.168510146    *N1391  
*N1391  0.450685811     
GRID*   1392            0               -0.265900086    -0.165104066    *N1392  
*N1392  0.702840333     
GRID*   1393            0               -0.278777249    -0.17365376     *N1393  
*N1393  0.638538953     
GRID*   1394            0               -0.269298883    -0.170198059    *N1394  
*N1394  0.598158072     
GRID*   1395            0               -0.278370033    -0.173666428    *N1395  
*N1395  0.746318204     
GRID*   1396            0               -0.290330136    -0.155820932    *N1396  
*N1396  0.542138057     
GRID*   1397            0               -0.281874799    -0.148068938    *N1397  
*N1397  0.497572349     
GRID*   1398            0               -0.268814983    -0.151472805    *N1398  
*N1398  0.782356633     
GRID*   1399            0               -0.270036602    -0.170830513    *N1399  
*N1399  0.527624609     
GRID*   1400            0               -0.291070698    -0.158532034    *N1400  
*N1400  0.714921932     
GRID*   1401            0               -0.271440706    -0.149396217    *N1401  
*N1401  0.544317861     
GRID*   1402            0               -0.282391941    -0.172966306    *N1402  
*N1402  0.810447386     
GRID*   1403            0               -0.269510272    -0.17038915     *N1403  
*N1403  0.637695086     
GRID*   1404            0               -0.275076346    -0.173297175    *N1404  
*N1404  0.586389936     
GRID*   1405            0               -0.279008139    -0.173640925    *N1405  
*N1405  0.492310202     
GRID*   1406            0               -0.28996053     -0.154970278    *N1406  
*N1406  0.832475034     
GRID*   1407            0               -0.280714898    -0.14778272     *N1407  
*N1407  0.586869841     
GRID*   1408            0               -0.269885881    -0.170708893    *N1408  
*N1408  0.725243627     
GRID*   1409            0               -0.27167566     -0.149258463    *N1409  
*N1409  0.563057837     
GRID*   1410            0               -0.286026433    -0.15015933     *N1410  
*N1410  0.479528185     
GRID*   1411            0               -0.266004398    -0.165378597    *N1411  
*N1411  0.583713049     
GRID*   1412            0               -0.266697222    -0.154338326    *N1412  
*N1412  0.836135514     
GRID*   1413            0               -0.268022492    -0.168837371    *N1413  
*N1413  0.494435026     
GRID*   1414            0               -0.267421437    -0.168036247    *N1414  
*N1414  0.555307775     
GRID*   1415            0               -0.265438613    -0.157641686    *N1415  
*N1415  0.477640778     
GRID*   1416            0               -0.270732041    -0.171346565    *N1416  
*N1416  0.849997961     
GRID*   1417            0               -0.291179304    -0.159390896    *N1417  
*N1417  0.746060991     
GRID*   1418            0               -0.269542954    -0.170417956    *N1418  
*N1418  0.612773055     
GRID*   1419            0               -0.290588256    -0.156538724    *N1419  
*N1419  0.81005074      
GRID*   1420            0               -0.278927479    -0.147554125    *N1420  
*N1420  0.699168249     
GRID*   1421            0               -0.281628675    -0.147998733    *N1421  
*N1421  0.71778135      
GRID*   1422            0               -0.265100892    -0.160800085    *N1422  
*N1422  0.718928578     
GRID*   1423            0               -0.2771463      -0.173628049    *N1423  
*N1423  0.558837781     
GRID*   1424            0               -0.270836823    -0.171418311    *N1424  
*N1424  0.672749423     
GRID*   1425            0               -0.2785709      -0.147538232    *N1425  
*N1425  0.518587835     
GRID*   1426            0               -0.282328221    -0.148212109    *N1426  
*N1426  0.560506999     
GRID*   1427            0               -0.278756851    -0.147545303    *N1427  
*N1427  0.855807635     
GRID*   1428            0               -0.282135002    -0.148148878    *N1428  
*N1428  0.780502085     
GRID*   1429            0               -0.269913052    -0.170731092    *N1429  
*N1429  0.813811666     
GRID*   1430            0               -0.289428314    -0.153969499    *N1430  
*N1430  0.858544852     
GRID*   1431            0               -0.281236907    -0.147897618    *N1431  
*N1431  0.815787618     
GRID*   1432            0               -0.267536552    -0.153000095    *N1432  
*N1432  0.519053266     
GRID*   1433            0               -0.265769496    -0.164731054    *N1433  
*N1433  0.778162885     
GRID*   1434            0               -0.289726133    -0.154503495    *N1434  
*N1434  0.610364845     
GRID*   1435            0               -0.26617425     -0.155409823    *N1435  
*N1435  0.494834435     
GRID*   1436            0               -0.26783142     -0.16859631     *N1436  
*N1436  0.738812539     
GRID*   1437            0               -0.271519705    -0.171850836    *N1437  
*N1437  0.714322899     
GRID*   1438            0               -0.28162441     -0.147997563    *N1438  
*N1438  0.548130801     
GRID*   1439            0               -0.278361003    -0.147533435    *N1439  
*N1439  0.622558483     
GRID*   1440            0               -0.28423314     -0.149025073    *N1440  
*N1440  0.467500476     
GRID*   1441            0               -0.279777415    -0.173568436    *N1441  
*N1441  0.681550008     
GRID*   1442            0               -0.265768611    -0.156471604    *N1442  
*N1442  0.574527788     
GRID*   1443            0               -0.290267191    -0.155663736    *N1443  
*N1443  0.487901859     
GRID*   1444            0               -0.28915846     -0.153531172    *N1444  
*N1444  0.587059011     
GRID*   1445            0               -0.265745797    -0.156540764    *N1445  
*N1445  0.632703865     
GRID*   1446            0               -0.281658302    -0.148006909    *N1446  
*N1446  0.573807803     
GRID*   1447            0               -0.280584228    -0.147757439    *N1447  
*N1447  0.598547366     
GRID*   1448            0               -0.279349993    -0.147585623    *N1448  
*N1448  0.652506102     
GRID*   1449            0               -0.291216625    -0.159900496    *N1449  
*N1449  0.866486438     
GRID*   1450            0               -0.2717167      -0.149235071    *N1450  
*N1450  0.807055874     
GRID*   1451            0               -0.290064407    -0.155193256    *N1451  
*N1451  0.687272021     
GRID*   1452            0               -0.266479282    -0.16644478     *N1452  
*N1452  0.520080168     
GRID*   1453            0               -0.289325401    -0.153797741    *N1453  
*N1453  0.658145718     
GRID*   1454            0               -0.266585254    -0.166652063    *N1454  
*N1454  0.538436115     
GRID*   1455            0               -0.26635268     -0.155015561    *N1455  
*N1455  0.466353327     
GRID*   1456            0               -0.269550015    -0.150775846    *N1456  
*N1456  0.666498764     
GRID*   1457            0               -0.267452069    -0.168080318    *N1457  
*N1457  0.56925801      
GRID*   1458            0               -0.265104019    -0.16094895     *N1458  
*N1458  0.764099129     
GRID*   1459            0               -0.276763609    -0.173592386    *N1459  
*N1459  0.823452966     
GRID*   1460            0               -0.275664521    -0.147773916    *N1460  
*N1460  0.839869868     
GRID*   1461            0               -0.290795278    -0.157237216    *N1461  
*N1461  0.763464814     
GRID*   1462            0               -0.265441944    -0.163572613    *N1462  
*N1462  0.648652897     
GRID*   1463            0               -0.277398218    -0.147554654    *N1463  
*N1463  0.7393062       
GRID*   1464            0               -0.270654814    -0.149907279    *N1464  
*N1464  0.574937193     
GRID*   1465            0               -0.282845691    -0.148398122    *N1465  
*N1465  0.794563937     
GRID*   1466            0               -0.267090791    -0.167534136    *N1466  
*N1466  0.627969063     
GRID*   1467            0               -0.284007115    -0.148909411    *N1467  
*N1467  0.681002646     
GRID*   1468            0               -0.27738795     -0.173644736    *N1468  
*N1468  0.654142811     
GRID*   1469            0               -0.289909265    -0.154864123    *N1469  
*N1469  0.623709802     
GRID*   1470            0               -0.265908008    -0.165125585    *N1470  
*N1470  0.791947906     
GRID*   1471            0               -0.266599159    -0.154521402    *N1471  
*N1471  0.542387124     
GRID*   1472            0               -0.27065339     -0.14990828     *N1472  
*N1472  0.531671588     
GRID*   1473            0               -0.289067906    -0.153392315    *N1473  
*N1473  0.512227079     
GRID*   1474            0               -0.266422377    -0.166329574    *N1474  
*N1474  0.748773318     
GRID*   1475            0               -0.289295236    -0.153748504    *N1475  
*N1475  0.526893245     
GRID*   1476            0               -0.278180615    -0.147532007    *N1476  
*N1476  0.865475331     
GRID*   1477            0               -0.271667009    -0.149263419    *N1477  
*N1477  0.55210913      
GRID*   1478            0               -0.290656937    -0.156755123    *N1478  
*N1478  0.557564916     
GRID*   1479            0               -0.265394374    -0.157838937    *N1479  
*N1479  0.512051941     
GRID*   1480            0               -0.28775698     -0.151722399    *N1480  
*N1480  0.640816967     
GRID*   1481            0               -0.265401729    -0.157805132    *N1481  
*N1481  0.819209739     
GRID*   1482            0               -0.281386755    -0.147934767    *N1482  
*N1482  0.828438172     
GRID*   1483            0               -0.275174952    -0.173320775    *N1483  
*N1483  0.510933444     
GRID*   1484            0               -0.265444794    -0.163584785    *N1484  
*N1484  0.487227811     
GRID*   1485            0               -0.287079632    -0.151042593    *N1485  
*N1485  0.820030516     
GRID*   1486            0               -0.276370626    -0.147656107    *N1486  
*N1486  0.710048319     
GRID*   1487            0               -0.26528013     -0.158433913    *N1487  
*N1487  0.603107342     
GRID*   1488            0               -0.287733963    -0.1516976      *N1488  
*N1488  0.598093754     
GRID*   1489            0               -0.285919454    -0.150079655    *N1489  
*N1489  0.866253973     
GRID*   1490            0               -0.278707124    -0.173656848    *N1490  
*N1490  0.622071127     
GRID*   1491            0               -0.265444547    -0.157616269    *N1491  
*N1491  0.732646954     
GRID*   1492            0               -0.272115919    -0.14901757     *N1492  
*N1492  0.755842374     
GRID*   1493            0               -0.271712051    -0.149237711    *N1493  
*N1493  0.795410264     
GRID*   1494            0               -0.268803016    -0.169714916    *N1494  
*N1494  0.684158633     
GRID*   1495            0               -0.289266289    -0.153701712    *N1495  
*N1495  0.732856553     
GRID*   1496            0               -0.271287742    -0.149489487    *N1496  
*N1496  0.505254055     
GRID*   1497            0               -0.27062706     -0.149926832    *N1497  
*N1497  0.651144245     
GRID*   1498            0               -0.286578633    -0.150598845    *N1498  
*N1498  0.842789572     
GRID*   1499            0               -0.265650054    -0.156846378    *N1499  
*N1499  0.79115479      
GRID*   1500            0               -0.290538761    -0.156390362    *N1500  
*N1500  0.571749894     
GRID*   1501            0               -0.281266797    -0.173295122    *N1501  
*N1501  0.601490127     
GRID*   1502            0               -0.265537798    -0.157243394    *N1502  
*N1502  0.565619111     
GRID*   1503            0               -0.278216353    -0.173667908    *N1503  
*N1503  0.792822801     
GRID*   1504            0               -0.266806806    -0.167058363    *N1504  
*N1504  0.831006648     
GRID*   1505            0               -0.291019792    -0.158236188    *N1505  
*N1505  0.476748531     
GRID*   1506            0               -0.28924059     -0.153660534    *N1506  
*N1506  0.466849445     
GRID*   1507            0               -0.278243113    -0.17366778     *N1507  
*N1507  0.77512495      
GRID*   1508            0               -0.265610634    -0.156980432    *N1508  
*N1508  0.55382732      
GRID*   1509            0               -0.265420783    -0.157719476    *N1509  
*N1509  0.526594751     
GRID*   1510            0               -0.280551377    -0.1734487      *N1510  
*N1510  0.526610269     
GRID*   1511            0               -0.27434074     -0.148104817    *N1511  
*N1511  0.636570357     
GRID*   1512            0               -0.267848322    -0.15258189     *N1512  
*N1512  0.619516378     
GRID*   1513            0               -0.268716597    -0.151574718    *N1513  
*N1513  0.58986224      
GRID*   1514            0               -0.27458386     -0.173167066    *N1514  
*N1514  0.695004684     
GRID*   1515            0               -0.265778654    -0.164758435    *N1515  
*N1515  0.466401518     
GRID*   1516            0               -0.266590432    -0.15453804     *N1516  
*N1516  0.796235361     
GRID*   1517            0               -0.268975763    -0.169889089    *N1517  
*N1517  0.480176171     
GRID*   1518            0               -0.27182919     -0.149171954    *N1518  
*N1518  0.821139        
GRID*   1519            0               -0.265194667    -0.162175394    *N1519  
*N1519  0.668038157     
GRID*   1520            0               -0.270458187    -0.150048163    *N1520  
*N1520  0.766269773     
GRID*   1521            0               -0.266408209    -0.154899562    *N1521  
*N1521  0.748374844     
GRID*   1522            0               -0.274114034    -0.148176507    *N1522  
*N1522  0.467510309     
GRID*   1523            0               -0.281467519    -0.173244428    *N1523  
*N1523  0.574107066     
GRID*   1524            0               -0.270556873    -0.149976765    *N1524  
*N1524  0.607474235     
GRID*   1525            0               -0.272307152    -0.148919649    *N1525  
*N1525  0.72638362      
GRID*   1526            0               -0.278260936    -0.173667665    *N1526  
*N1526  0.540834747     
GRID*   1527            0               -0.274253723    -0.173068202    *N1527  
*N1527  0.469174307     
GRID*   1528            0               -0.280712487    -0.147782241    *N1528  
*N1528  0.663702606     
GRID*   1529            0               -0.265739051    -0.164638534    *N1529  
*N1529  0.474576859     
GRID*   1530            0               -0.269320161    -0.150982323    *N1530  
*N1530  0.71347029      
GRID*   1531            0               -0.281905904    -0.173121817    *N1531  
*N1531  0.669426393     
GRID*   1532            0               -0.282402069    -0.148237158    *N1532  
*N1532  0.807149338     
GRID*   1533            0               -0.273406875    -0.148429938    *N1533  
*N1533  0.483227254     
GRID*   1534            0               -0.278044277    -0.14753258     *N1534  
*N1534  0.538104627     
GRID*   1535            0               -0.265859643    -0.16499235     *N1535  
*N1535  0.502448466     
GRID*   1536            0               -0.26515149     -0.159433918    *N1536  
*N1536  0.805864386     
GRID*   1537            0               -0.288104898    -0.15211366     *N1537  
*N1537  0.703976333     
GRID*   1538            0               -0.2912326      -0.160331449    *N1538  
*N1538  0.794336343     
GRID*   1539            0               -0.269363511    -0.150942626    *N1539  
*N1539  0.682957866     
GRID*   1540            0               -0.290191004    -0.155480956    *N1540  
*N1540  0.673203039     
GRID*   1541            0               -0.282234821    -0.148181128    *N1541  
*N1541  0.765789274     
GRID*   1542            0               -0.280296895    -0.14770668     *N1542  
*N1542  0.609857573     
GRID*   1543            0               -0.289885113    -0.154814942    *N1543  
*N1543  0.780611402     
GRID*   1544            0               -0.268087373    -0.152283361    *N1544  
*N1544  0.863930207     
GRID*   1545            0               -0.26534632     -0.163128549    *N1545  
*N1545  0.615595636     
GRID*   1546            0               -0.27953516     -0.17359622     *N1546  
*N1546  0.837977536     
GRID*   1547            0               -0.27316892     -0.148525721    *N1547  
*N1547  0.599068074     
GRID*   1548            0               -0.281179218    -0.173316184    *N1548  
*N1548  0.731737778     
GRID*   1549            0               -0.274954072    -0.173266784    *N1549  
*N1549  0.862088162     
GRID*   1550            0               -0.268755145    -0.151534525    *N1550  
*N1550  0.69924777      
GRID*   1551            0               -0.265581601    -0.164117285    *N1551  
*N1551  0.862872016     
GRID*   1552            0               -0.265120157    -0.159863032    *N1552  
*N1552  0.849939508     
GRID*   1553            0               -0.282078695    -0.173068925    *N1553  
*N1553  0.713534899     
GRID*   1554            0               -0.270699127    -0.149876282    *N1554  
*N1554  0.85219619      
GRID*   1555            0               -0.281365914    -0.173270512    *N1555  
*N1555  0.47705949      
GRID*   1556            0               -0.281486636    -0.147960576    *N1556  
*N1556  0.752078999     
GRID*   1557            0               -0.281980282    -0.17309937     *N1557  
*N1557  0.463241592     
GRID*   1558            0               -0.272743576    -0.172489289    *N1558  
*N1558  0.760771115     
GRID*   1559            0               -0.265198243    -0.16220457     *N1559  
*N1559  0.684124244     
GRID*   1560            0               -0.282074849    -0.17307013     *N1560  
*N1560  0.850522002     
GRID*   1561            0               -0.291143244    -0.159051116    *N1561  
*N1561  0.500698411     
GRID*   1562            0               -0.290679563    -0.156829405    *N1562  
*N1562  0.870465877     
GRID*   1563            0               -0.290876108    -0.163643079    *N1563  
*N1563  0.862348465     
GRID*   1564            0               -0.291156799    -0.162030764    *N1564  
*N1564  0.867974263     
GRID*   1565            0               -0.281994637    -0.148105018    *N1565  
*N1565  0.567157401     
GRID*   1566            0               -0.27594336     -0.147722638    *N1566  
*N1566  0.574372498     
GRID*   1567            0               -0.271157726    -0.149571054    *N1567  
*N1567  0.568997515     
GRID*   1568            0               -0.276889895    -0.147594589    *N1568  
*N1568  0.561782418     
GRID*   1569            0               -0.276415457    -0.147649963    *N1569  
*N1569  0.568077458     
GRID*   1570            0               -0.284963741    -0.171761623    *N1570  
*N1570  0.634898642     
GRID*   1571            0               -0.27808248     -0.173667724    *N1571  
*N1571  0.646340882     
GRID*   1572            0               -0.284360807    -0.172107121    *N1572  
*N1572  0.650806005     
GRID*   1573            0               -0.284660541    -0.171940689    *N1573  
*N1573  0.642852323     
GRID*   1574            0               -0.290502384    -0.156284933    *N1574  
*N1574  0.549851487     
GRID*   1575            0               -0.287524446    -0.151477634    *N1575  
*N1575  0.559035958     
GRID*   1576            0               -0.281977826    -0.148099881    *N1576  
*N1576  0.5543189       
GRID*   1577            0               -0.286902119    -0.150880092    *N1577  
*N1577  0.545134429     
GRID*   1578            0               -0.287218215    -0.151173726    *N1578  
*N1578  0.552085193     
GRID*   1579            0               -0.28787213     -0.151848426    *N1579  
*N1579  0.870349644     
GRID*   1580            0               -0.287870798    -0.151846949    *N1580  
*N1580  0.862399412     
GRID*   1581            0               -0.290678989    -0.1568275      *N1581  
*N1581  0.862515645     
GRID*   1582            0               -0.289551116    -0.154182624    *N1582  
*N1582  0.866432645     
GRID*   1583            0               -0.291233634    -0.160387658    *N1583  
*N1583  0.730690047     
GRID*   1584            0               -0.290409101    -0.156026992    *N1584  
*N1584  0.723889243     
GRID*   1585            0               -0.291018714    -0.162969664    *N1585  
*N1585  0.713617303     
GRID*   1586            0               -0.291194734    -0.161629631    *N1586  
*N1586  0.722153675     
GRID*   1587            0               -0.28118868     -0.147886061    *N1587  
*N1587  0.580338822     
GRID*   1588            0               -0.287138093    -0.151097445    *N1588  
*N1588  0.572778848     
GRID*   1589            0               -0.289935765    -0.154918693    *N1589  
*N1589  0.579404453     
GRID*   1590            0               -0.285521601    -0.149797789    *N1590  
*N1590  0.586964426     
GRID*   1591            0               -0.286355673    -0.150415495    *N1591  
*N1591  0.579871637     
GRID*   1592            0               -0.274229284    -0.148139495    *N1592  
*N1592  0.58836604      
GRID*   1593            0               -0.269644828    -0.150693483    *N1593  
*N1593  0.582399717     
GRID*   1594            0               -0.27507928     -0.147902111    *N1594  
*N1594  0.581369269     
GRID*   1595            0               -0.271671334    -0.14926094     *N1595  
*N1595  0.557583484     
GRID*   1596            0               -0.276519325    -0.147636335    *N1596  
*N1596  0.550119966     
GRID*   1597            0               -0.276704461    -0.14761414     *N1597  
*N1597  0.555951192     
GRID*   1598            0               -0.291122242    -0.162315703    *N1598  
*N1598  0.762205047     
GRID*   1599            0               -0.291032437    -0.158306006    *N1599  
*N1599  0.754762903     
GRID*   1600            0               -0.290933172    -0.163394039    *N1600  
*N1600  0.745397701     
GRID*   1601            0               -0.291040359    -0.162849112    *N1601  
*N1601  0.753801374     
GRID*   1602            0               -0.28493374     -0.171779835    *N1602  
*N1602  0.618559294     
GRID*   1603            0               -0.278742189    -0.173655351    *N1603  
*N1603  0.63030504      
GRID*   1604            0               -0.284948737    -0.171770745    *N1604  
*N1604  0.626728968     
GRID*   1605            0               -0.291232971    -0.160849875    *N1605  
*N1605  0.612706153     
GRID*   1606            0               -0.288822811    -0.153034686    *N1606  
*N1606  0.6042293       
GRID*   1607            0               -0.291152125    -0.159127419    *N1607  
*N1607  0.598465173     
GRID*   1608            0               -0.291219515    -0.159956673    *N1608  
*N1608  0.605585663     
GRID*   1609            0               -0.288487015    -0.152582686    *N1609  
*N1609  0.592576383     
GRID*   1610            0               -0.291231606    -0.160286793    *N1610  
*N1610  0.584842368     
GRID*   1611            0               -0.291203766    -0.159691848    *N1611  
*N1611  0.59165377      
GRID*   1612            0               -0.280649595    -0.147769913    *N1612  
*N1612  0.592708603     
GRID*   1613            0               -0.284474666    -0.149154891    *N1613  
*N1613  0.59832056      
GRID*   1614            0               -0.285005693    -0.14946403     *N1614  
*N1614  0.592642493     
GRID*   1615            0               -0.29123524     -0.160544147    *N1615  
*N1615  0.850272237     
GRID*   1616            0               -0.291156734    -0.162031357    *N1616  
*N1616  0.856310351     
GRID*   1617            0               -0.282919672    -0.148426744    *N1617  
*N1617  0.849298603     
GRID*   1618            0               -0.29103811     -0.158338049    *N1618  
*N1618  0.842394597     
GRID*   1619            0               -0.284907229    -0.149404162    *N1619  
*N1619  0.857176244     
GRID*   1620            0               -0.289113995    -0.153462507    *N1620  
*N1620  0.84978542      
GRID*   1621            0               -0.278146397    -0.147532017    *N1621  
*N1621  0.871268245     
GRID*   1622            0               -0.282253652    -0.148187312    *N1622  
*N1622  0.865864652     
GRID*   1623            0               -0.283500514    -0.148669783    *N1623  
*N1623  0.87100806      
GRID*   1624            0               -0.278468806    -0.147535477    *N1624  
*N1624  0.860641483     
GRID*   1625            0               -0.283614527    -0.148721406    *N1625  
*N1625  0.861520448     
GRID*   1626            0               -0.272370185    -0.148888237    *N1626  
*N1626  0.51882055      
GRID*   1627            0               -0.266217967    -0.155309948    *N1627  
*N1627  0.515552603     
GRID*   1628            0               -0.267491006    -0.153064212    *N1628  
*N1628  0.508652998     
GRID*   1629            0               -0.274785534    -0.147977168    *N1629  
*N1629  0.511920945     
GRID*   1630            0               -0.269670068    -0.150671825    *N1630  
*N1630  0.513736774     
GRID*   1631            0               -0.291172902    -0.161876123    *N1631  
*N1631  0.569082375     
GRID*   1632            0               -0.291227269    -0.161059767    *N1632  
*N1632  0.576962371     
GRID*   1633            0               -0.275003349    -0.147920818    *N1633  
*N1633  0.781429359     
GRID*   1634            0               -0.282492143    -0.148268379    *N1634  
*N1634  0.787533011     
GRID*   1635            0               -0.27718469     -0.147568999    *N1635  
*N1635  0.7949871       
GRID*   1636            0               -0.270184901    -0.150253359    *N1636  
*N1636  0.788883448     
GRID*   1637            0               -0.276086571    -0.147698723    *N1637  
*N1637  0.78820823      
GRID*   1638            0               -0.291233218    -0.160363392    *N1638  
*N1638  0.467999544     
GRID*   1639            0               -0.290150115    -0.155385961    *N1639  
*N1639  0.460788392     
GRID*   1640            0               -0.291217738    -0.161278416    *N1640  
*N1640  0.460743639     
GRID*   1641            0               -0.285387409    -0.171492361    *N1641  
*N1641  0.680720472     
GRID*   1642            0               -0.277160436    -0.173629149    *N1642  
*N1642  0.688277346     
GRID*   1643            0               -0.283071652    -0.172712826    *N1643  
*N1643  0.695553244     
GRID*   1644            0               -0.28419848     -0.172193024    *N1644  
*N1644  0.688136858     
GRID*   1645            0               -0.267806595    -0.152635881    *N1645  
*N1645  0.564338474     
GRID*   1646            0               -0.267684636    -0.152797108    *N1646  
*N1646  0.574732491     
GRID*   1647            0               -0.265647256    -0.15685572     *N1647  
*N1647  0.570073449     
GRID*   1648            0               -0.267745304    -0.152716259    *N1648  
*N1648  0.569535482     
GRID*   1649            0               -0.289858697    -0.154761742    *N1649  
*N1649  0.534515651     
GRID*   1650            0               -0.291234052    -0.160415166    *N1650  
*N1650  0.522337747     
GRID*   1651            0               -0.291199011    -0.161574006    *N1651  
*N1651  0.538065587     
GRID*   1652            0               -0.291229752    -0.160982811    *N1652  
*N1652  0.530201667     
GRID*   1653            0               -0.265194472    -0.162173788    *N1653  
*N1653  0.523337459     
GRID*   1654            0               -0.265201981    -0.162234498    *N1654  
*N1654  0.516066054     
GRID*   1655            0               -0.266242862    -0.15525407     *N1655  
*N1655  0.522824008     
GRID*   1656            0               -0.265242265    -0.158672686    *N1656  
*N1656  0.519445031     
GRID*   1657            0               -0.284083178    -0.172252284    *N1657  
*N1657  0.82462086      
GRID*   1658            0               -0.286467411    -0.17069365     *N1658  
*N1658  0.810012635     
GRID*   1659            0               -0.279612097    -0.173587893    *N1659  
*N1659  0.816950176     
GRID*   1660            0               -0.285259425    -0.171576121    *N1660  
*N1660  0.817316748     
GRID*   1661            0               -0.273825267    -0.172925537    *N1661  
*N1661  0.63811702      
GRID*   1662            0               -0.266945989    -0.167297273    *N1662  
*N1662  0.643173992     
GRID*   1663            0               -0.269743763    -0.170590778    *N1663  
*N1663  0.651397854     
GRID*   1664            0               -0.27167864     -0.171943242    *N1664  
*N1664  0.644757437     
GRID*   1665            0               -0.266981914    -0.167357102    *N1665  
*N1665  0.546871945     
GRID*   1666            0               -0.265099368    -0.160585021    *N1666  
*N1666  0.54041162      
GRID*   1667            0               -0.266042397    -0.155725792    *N1667  
*N1667  0.548107222     
GRID*   1668            0               -0.265271193    -0.162712229    *N1668  
*N1668  0.554567547     
GRID*   1669            0               -0.265141784    -0.161652138    *N1669  
*N1669  0.547489583     
GRID*   1670            0               -0.266435894    -0.166357198    *N1670  
*N1670  0.490831418     
GRID*   1671            0               -0.265151075    -0.15943855     *N1671  
*N1671  0.491031123     
GRID*   1672            0               -0.265106397    -0.160171192    *N1672  
*N1672  0.498641451     
GRID*   1673            0               -0.266777641    -0.167006788    *N1673  
*N1673  0.498441746     
GRID*   1674            0               -0.2653911      -0.163345874    *N1674  
*N1674  0.494736435     
GRID*   1675            0               -0.273809835    -0.17292009     *N1675  
*N1675  0.803317234     
GRID*   1676            0               -0.273130865    -0.172658455    *N1676  
*N1676  0.818632316     
GRID*   1677            0               -0.280332751    -0.173487347    *N1677  
*N1677  0.801635094     
GRID*   1678            0               -0.27667318     -0.173582298    *N1678  
*N1678  0.810133705     
GRID*   1679            0               -0.267379072    -0.16797465     *N1679  
*N1679  0.590935561     
GRID*   1680            0               -0.265344527    -0.158080558    *N1680  
*N1680  0.586787644     
GRID*   1681            0               -0.26648367     -0.154746453    *N1681  
*N1681  0.596484791     
GRID*   1682            0               -0.265801015    -0.16482447     *N1682  
*N1682  0.600632707     
GRID*   1683            0               -0.265129195    -0.161482539    *N1683  
*N1683  0.593710176     
GRID*   1684            0               -0.272074088    -0.172160478    *N1684  
*N1684  0.625020095     
GRID*   1685            0               -0.268197802    -0.169048701    *N1685  
*N1685  0.632832074     
GRID*   1686            0               -0.272935674    -0.172575061    *N1686  
*N1686  0.631568557     
GRID*   1687            0               -0.274419849    -0.148080863    *N1687  
*N1687  0.525129712     
GRID*   1688            0               -0.267310282    -0.153327002    *N1688  
*N1688  0.52913317      
GRID*   1689            0               -0.269549548    -0.150776256    *N1689  
*N1689  0.52397686      
GRID*   1690            0               -0.291227539    -0.161052039    *N1690  
*N1690  0.627484066     
GRID*   1691            0               -0.289819095    -0.1546831      *N1691  
*N1691  0.617037324     
GRID*   1692            0               -0.291230656    -0.160950595    *N1692  
*N1692  0.62009511      
GRID*   1693            0               -0.26743673     -0.168058298    *N1693  
*N1693  0.562282893     
GRID*   1694            0               -0.273649279    -0.172862119    *N1694  
*N1694  0.571682538     
GRID*   1695            0               -0.27932294     -0.173616807    *N1695  
*N1695  0.566472424     
GRID*   1696            0               -0.271653334    -0.171928729    *N1696  
*N1696  0.557072778     
GRID*   1697            0               -0.272631599    -0.172437566    *N1697  
*N1697  0.564377658     
GRID*   1698            0               -0.284253894    -0.172164027    *N1698  
*N1698  0.554520884     
GRID*   1699            0               -0.28608893     -0.170993332    *N1699  
*N1699  0.570260961     
GRID*   1700            0               -0.285160647    -0.171639318    *N1700  
*N1700  0.562390922     
GRID*   1701            0               -0.265121982    -0.159831398    *N1701  
*N1701  0.466377422     
GRID*   1702            0               -0.265825598    -0.156304242    *N1702  
*N1702  0.471997053     
GRID*   1703            0               -0.26511139     -0.161160611    *N1703  
*N1703  0.476108819     
GRID*   1704            0               -0.265758707    -0.164698533    *N1704  
*N1704  0.470489188     
GRID*   1705            0               -0.265099775    -0.16049587     *N1705  
*N1705  0.47124312      
GRID*   1706            0               -0.273962357    -0.172972978    *N1706  
*N1706  0.663446117     
GRID*   1707            0               -0.275111752    -0.173305742    *N1707  
*N1707  0.677149715     
GRID*   1708            0               -0.280850967    -0.173389483    *N1708  
*N1708  0.6754882       
GRID*   1709            0               -0.279669851    -0.173581338    *N1709  
*N1709  0.661784602     
GRID*   1710            0               -0.277378671    -0.173644179    *N1710  
*N1710  0.669467159     
GRID*   1711            0               -0.286268748    -0.170853786    *N1711  
*N1711  0.66655323      
GRID*   1712            0               -0.28530483     -0.17154665     *N1712  
*N1712  0.658679617     
GRID*   1713            0               -0.265099367    -0.160613592    *N1713  
*N1713  0.482434295     
GRID*   1714            0               -0.26828392     -0.152050717    *N1714  
*N1714  0.480434016     
GRID*   1715            0               -0.269092646    -0.151196692    *N1715  
*N1715  0.489030844     
GRID*   1716            0               -0.266136385    -0.15549821     *N1716  
*N1716  0.485732569     
GRID*   1717            0               -0.267685387    -0.152796098    *N1717  
*N1717  0.820174369     
GRID*   1718            0               -0.265250909    -0.158615576    *N1718  
*N1718  0.812537062     
GRID*   1719            0               -0.267179158    -0.153526666    *N1719  
*N1719  0.80646013      
GRID*   1720            0               -0.271772867    -0.149203374    *N1720  
*N1720  0.814097437     
GRID*   1721            0               -0.26742606     -0.153157077    *N1721  
*N1721  0.81331725      
GRID*   1722            0               -0.291180577    -0.159404681    *N1722  
*N1722  0.700039069     
GRID*   1723            0               -0.289192706    -0.153584705    *N1723  
*N1723  0.695624177     
GRID*   1724            0               -0.29121998     -0.161233819    *N1724  
*N1724  0.683581478     
GRID*   1725            0               -0.291231573    -0.160285421    *N1725  
*N1725  0.691810274     
GRID*   1726            0               -0.291165033    -0.161953926    *N1726  
*N1726  0.809814312     
GRID*   1727            0               -0.291050759    -0.158411246    *N1727  
*N1727  0.802193541     
GRID*   1728            0               -0.290824167    -0.163852362    *N1728  
*N1728  0.793851679     
GRID*   1729            0               -0.291033906    -0.162885741    *N1729  
*N1729  0.801832996     
GRID*   1730            0               -0.285827247    -0.17118767     *N1730  
*N1730  0.673636851     
GRID*   1731            0               -0.274443382    -0.148073843    *N1731  
*N1731  0.461118824     
GRID*   1732            0               -0.269527825    -0.150795355    *N1732  
*N1732  0.466931818     
GRID*   1733            0               -0.266591669    -0.154535677    *N1733  
*N1733  0.459646051     
GRID*   1734            0               -0.269885201    -0.150491664    *N1734  
*N1734  0.460209814     
GRID*   1735            0               -0.287575878    -0.151530689    *N1735  
*N1735  0.684137333     
GRID*   1736            0               -0.283981765    -0.148896782    *N1736  
*N1736  0.701572291     
GRID*   1737            0               -0.281536156    -0.147973685    *N1737  
*N1737  0.690085448     
GRID*   1738            0               -0.285891913    -0.150059416    *N1738  
*N1738  0.692854812     
GRID*   1739            0               -0.284429067    -0.149129881    *N1739  
*N1739  0.824234344     
GRID*   1740            0               -0.276489758    -0.147640128    *N1740  
*N1740  0.824788586     
GRID*   1741            0               -0.276413234    -0.147650264    *N1741  
*N1741  0.818463309     
GRID*   1742            0               -0.284361205    -0.149093093    *N1742  
*N1742  0.817909067     
GRID*   1743            0               -0.280539466    -0.147749096    *N1743  
*N1743  0.821348826     
GRID*   1744            0               -0.281823432    -0.148053855    *N1744  
*N1744  0.811468478     
GRID*   1745            0               -0.276952219    -0.147588618    *N1745  
*N1745  0.807102606     
GRID*   1746            0               -0.276682407    -0.147616644    *N1746  
*N1746  0.812782957     
GRID*   1747            0               -0.290553855    -0.156434984    *N1747  
*N1747  0.739458772     
GRID*   1748            0               -0.291177492    -0.161828443    *N1748  
*N1748  0.738043874     
GRID*   1749            0               -0.278275207    -0.173667555    *N1749  
*N1749  0.580248501     
GRID*   1750            0               -0.283306795    -0.172614942    *N1750  
*N1750  0.58450783      
GRID*   1751            0               -0.284663208    -0.171939161    *N1751  
*N1751  0.577384395     
GRID*   1752            0               -0.272931899    -0.172573411    *N1752  
*N1752  0.493372614     
GRID*   1753            0               -0.269457359    -0.1703421      *N1753  
*N1753  0.506690955     
GRID*   1754            0               -0.277079702    -0.173622658    *N1754  
*N1754  0.501621823     
GRID*   1755            0               -0.271105939    -0.171595861    *N1755  
*N1755  0.500031785     
GRID*   1756            0               -0.265126914    -0.16144817     *N1756  
*N1756  0.507250204     
GRID*   1757            0               -0.270061868    -0.170850543    *N1757  
*N1757  0.515506806     
GRID*   1758            0               -0.266596326    -0.166673204    *N1758  
*N1758  0.511378505     
GRID*   1759            0               -0.286006355    -0.171055753    *N1759  
*N1759  0.60016336      
GRID*   1760            0               -0.279995927    -0.173539435    *N1760  
*N1760  0.611780627     
GRID*   1761            0               -0.285467392    -0.171438919    *N1761  
*N1761  0.609361327     
GRID*   1762            0               -0.291045084    -0.162821899    *N1762  
*N1762  0.481054521     
GRID*   1763            0               -0.290346994    -0.155864059    *N1763  
*N1763  0.471798988     
GRID*   1764            0               -0.291200993    -0.161547111    *N1764  
*N1764  0.474527033     
GRID*   1765            0               -0.271714375    -0.149236391    *N1765  
*N1765  0.801233069     
GRID*   1766            0               -0.282624607    -0.148315637    *N1766  
*N1766  0.800856637     
GRID*   1767            0               -0.277068411    -0.14757829     *N1767  
*N1767  0.801044853     
GRID*   1768            0               -0.287472267    -0.151424417    *N1768  
*N1768  0.808600039     
GRID*   1769            0               -0.288858929    -0.153085816    *N1769  
*N1769  0.79445014      
GRID*   1770            0               -0.288200048    -0.152226363    *N1770  
*N1770  0.801525089     
GRID*   1771            0               -0.274617992    -0.148023251    *N1771  
*N1771  0.541211244     
GRID*   1772            0               -0.268667765    -0.151626131    *N1772  
*N1772  0.543352493     
GRID*   1773            0               -0.268351427    -0.151973292    *N1773  
*N1773  0.537029356     
GRID*   1774            0               -0.274168343    -0.148158919    *N1774  
*N1774  0.534888108     
GRID*   1775            0               -0.271198966    -0.149544951    *N1775  
*N1775  0.5391203       
GRID*   1776            0               -0.284177577    -0.148996125    *N1776  
*N1776  0.736081376     
GRID*   1777            0               -0.274783151    -0.147977807    *N1777  
*N1777  0.73284491      
GRID*   1778            0               -0.276882567    -0.147595311    *N1778  
*N1778  0.722082485     
GRID*   1779            0               -0.285986003    -0.150129019    *N1779  
*N1779  0.725318951     
GRID*   1780            0               -0.280631701    -0.147766464    *N1780  
*N1780  0.729081931     
GRID*   1781            0               -0.265629663    -0.156915059    *N1781  
*N1781  0.801049873     
GRID*   1782            0               -0.268769819    -0.151519314    *N1782  
*N1782  0.795822812     
GRID*   1783            0               -0.267925193    -0.152483927    *N1783  
*N1783  0.801141471     
GRID*   1784            0               -0.270716452    -0.171335762    *N1784  
*N1784  0.792385354     
GRID*   1785            0               -0.265213288    -0.162321815    *N1785  
*N1785  0.798906146     
GRID*   1786            0               -0.266125281    -0.165675526    *N1786  
*N1786  0.809838026     
GRID*   1787            0               -0.268018286    -0.168832188    *N1787  
*N1787  0.80111169      
GRID*   1788            0               -0.26889607     -0.15139045     *N1788  
*N1788  0.828637257     
GRID*   1789            0               -0.265099845    -0.160712578    *N1789  
*N1789  0.833571081     
GRID*   1790            0               -0.265247462    -0.162561851    *N1790  
*N1790  0.825108193     
GRID*   1791            0               -0.265745111    -0.156542862    *N1791  
*N1791  0.826872725     
GRID*   1792            0               -0.269776582    -0.170618357    *N1792  
*N1792  0.678454028     
GRID*   1793            0               -0.271467285    -0.171819698    *N1793  
*N1793  0.689581659     
GRID*   1794            0               -0.273233253    -0.172700711    *N1794  
*N1794  0.683365687     
GRID*   1795            0               -0.288948181    -0.153214438    *N1795  
*N1795  0.632263385     
GRID*   1796            0               -0.281569531    -0.147982637    *N1796  
*N1796  0.638693662     
GRID*   1797            0               -0.276328542    -0.147662018    *N1797  
*N1797  0.62956442      
GRID*   1798            0               -0.285170864    -0.149567161    *N1798  
*N1798  0.623134143     
GRID*   1799            0               -0.283430173    -0.148638586    *N1799  
*N1799  0.630913902     
GRID*   1800            0               -0.269013554    -0.151273668    *N1800  
*N1800  0.634637111     
GRID*   1801            0               -0.266626047    -0.154470504    *N1801  
*N1801  0.626110121     
GRID*   1802            0               -0.272510273    -0.148819932    *N1802  
*N1802  0.621037431     
GRID*   1803            0               -0.270660973    -0.149902954    *N1803  
*N1803  0.627837271     
GRID*   1804            0               -0.265111543    -0.160035847    *N1804  
*N1804  0.640678381     
GRID*   1805            0               -0.27241135     -0.148867951    *N1805  
*N1805  0.643857301     
GRID*   1806            0               -0.265951524    -0.155958234    *N1806  
*N1806  0.649898571     
GRID*   1807            0               -0.267228819    -0.153450109    *N1807  
*N1807  0.642267841     
GRID*   1808            0               -0.291091811    -0.158668371    *N1808  
*N1808  0.822909635     
GRID*   1809            0               -0.291225367    -0.161110942    *N1809  
*N1809  0.829131894     
GRID*   1810            0               -0.286457045    -0.150497835    *N1810  
*N1810  0.830456603     
GRID*   1811            0               -0.28967417     -0.154405975    *N1811  
*N1811  0.826683119     
GRID*   1812            0               -0.288503328    -0.152603727    *N1812  
*N1812  0.837632303     
GRID*   1813            0               -0.291199879    -0.159637676    *N1813  
*N1813  0.835763245     
GRID*   1814            0               -0.289182253    -0.153568304    *N1814  
*N1814  0.815040628     
GRID*   1815            0               -0.291229304    -0.160202203    *N1815  
*N1815  0.816361974     
GRID*   1816            0               -0.269606897    -0.150726242    *N1816  
*N1816  0.774313203     
GRID*   1817            0               -0.276121151    -0.147693194    *N1817  
*N1817  0.766029523     
GRID*   1818            0               -0.282184944    -0.148164903    *N1818  
*N1818  0.77314568      
GRID*   1819            0               -0.275559765    -0.147794803    *N1819  
*N1819  0.773729441     
GRID*   1820            0               -0.279332174    -0.147584016    *N1820  
*N1820  0.616208028     
GRID*   1821            0               -0.285808801    -0.149999009    *N1821  
*N1821  0.610111209     
GRID*   1822            0               -0.285493015    -0.149778383    *N1822  
*N1822  0.616622676     
GRID*   1823            0               -0.270906062    -0.149735094    *N1823  
*N1823  0.743840522     
GRID*   1824            0               -0.265851242    -0.156231263    *N1824  
*N1824  0.740510899     
GRID*   1825            0               -0.267908707    -0.152504775    *N1825  
*N1825  0.729515287     
GRID*   1826            0               -0.269298597    -0.151002205    *N1826  
*N1826  0.736677904     
GRID*   1827            0               -0.269108462    -0.151181455    *N1827  
*N1827  0.613495306     
GRID*   1828            0               -0.275201128    -0.147873096    *N1828  
*N1828  0.608665904     
GRID*   1829            0               -0.273829788    -0.148272872    *N1829  
*N1829  0.614851667     
GRID*   1830            0               -0.280440703    -0.147731257    *N1830  
*N1830  0.60420247      
GRID*   1831            0               -0.285154492    -0.149556785    *N1831  
*N1831  0.604215885     
GRID*   1832            0               -0.265654165    -0.164367305    *N1832  
*N1832  0.460564428     
GRID*   1833            0               -0.265155688    -0.159387972    *N1833  
*N1833  0.459932643     
GRID*   1834            0               -0.291234429    -0.160444035    *N1834  
*N1834  0.660912893     
GRID*   1835            0               -0.291211414    -0.161390749    *N1835  
*N1835  0.676546987     
GRID*   1836            0               -0.289788717    -0.154623656    *N1836  
*N1836  0.665674378     
GRID*   1837            0               -0.291231697    -0.160909392    *N1837  
*N1837  0.66872994      
GRID*   1838            0               -0.26616114     -0.155440221    *N1838  
*N1838  0.716199434     
GRID*   1839            0               -0.270741688    -0.149846767    *N1839  
*N1839  0.719926955     
GRID*   1840            0               -0.265174826    -0.159197611    *N1840  
*N1840  0.725787766     
GRID*   1841            0               -0.266938586    -0.153915146    *N1841  
*N1841  0.722857361     
GRID*   1842            0               -0.284741838    -0.171893753    *N1842  
*N1842  0.537413932     
GRID*   1843            0               -0.277703195    -0.173659754    *N1843  
*N1843  0.549836264     
GRID*   1844            0               -0.284496625    -0.17203298     *N1844  
*N1844  0.545967408     
GRID*   1845            0               -0.27143674     -0.171801401    *N1845  
*N1845  0.539635431     
GRID*   1846            0               -0.271544731    -0.171865585    *N1846  
*N1846  0.548354104     
GRID*   1847            0               -0.285710557    -0.17127112     *N1847  
*N1847  0.522196259     
GRID*   1848            0               -0.279410985    -0.17360869     *N1848  
*N1848  0.533722508     
GRID*   1849            0               -0.285223286    -0.171599388    *N1849  
*N1849  0.529805096     
GRID*   1850            0               -0.275009832    -0.173280798    *N1850  
*N1850  0.527117439     
GRID*   1851            0               -0.268091939    -0.16892217     *N1851  
*N1851  0.533030362     
GRID*   1852            0               -0.273168258    -0.172674005    *N1852  
*N1852  0.533376435     
GRID*   1853            0               -0.284468567    -0.149151533    *N1853  
*N1853  0.461950238     
GRID*   1854            0               -0.27925938     -0.147577707    *N1854  
*N1854  0.467505393     
GRID*   1855            0               -0.279537366    -0.147604012    *N1855  
*N1855  0.461708437     
GRID*   1856            0               -0.284716044    -0.14929127     *N1856  
*N1856  0.52274054      
GRID*   1857            0               -0.284532355    -0.149186873    *N1857  
*N1857  0.515407457     
GRID*   1858            0               -0.291229356    -0.160203935    *N1858  
*N1858  0.515004664     
GRID*   1859            0               -0.289437906    -0.153985818    *N1859  
*N1859  0.518872602     
GRID*   1860            0               -0.291228458    -0.161024659    *N1860  
*N1860  0.778883775     
GRID*   1861            0               -0.290400298    -0.156003496    *N1861  
*N1861  0.772038108     
GRID*   1862            0               -0.291192474    -0.161657839    *N1862  
*N1862  0.770544411     
GRID*   1863            0               -0.287664049    -0.151623056    *N1863  
*N1863  0.764627044     
GRID*   1864            0               -0.286688921    -0.150692649    *N1864  
*N1864  0.780556744     
GRID*   1865            0               -0.287188488    -0.151145273    *N1865  
*N1865  0.772591894     
GRID*   1866            0               -0.265299328    -0.162877362    *N1866  
*N1866  0.658345527     
GRID*   1867            0               -0.267013295    -0.167408778    *N1867  
*N1867  0.67039379      
GRID*   1868            0               -0.268250077    -0.169110002    *N1868  
*N1868  0.660895822     
GRID*   1869            0               -0.273812711    -0.172921106    *N1869  
*N1869  0.617422091     
GRID*   1870            0               -0.266842138    -0.167120121    *N1870  
*N1870  0.614184346     
GRID*   1871            0               -0.266017206    -0.16541107     *N1871  
*N1871  0.62178235      
GRID*   1872            0               -0.269100812    -0.170011182    *N1872  
*N1872  0.61960222      
GRID*   1873            0               -0.270783664    -0.149817901    *N1873  
*N1873  0.594465157     
GRID*   1874            0               -0.271821287    -0.149176341    *N1874  
*N1874  0.603271154     
GRID*   1875            0               -0.267080434    -0.153682436    *N1875  
*N1875  0.605290788     
GRID*   1876            0               -0.268732074    -0.15155854     *N1876  
*N1876  0.599877972     
GRID*   1877            0               -0.278149282    -0.173667987    *N1877  
*N1877  0.830715251     
GRID*   1878            0               -0.285285471    -0.171559248    *N1878  
*N1878  0.839988579     
GRID*   1879            0               -0.284677562    -0.171930926    *N1879  
*N1879  0.832304719     
GRID*   1880            0               -0.276820626    -0.14760158     *N1880  
*N1880  0.59880772      
GRID*   1881            0               -0.276006608    -0.147711875    *N1881  
*N1881  0.603736812     
GRID*   1882            0               -0.273405471    -0.148430487    *N1882  
*N1882  0.69920801      
GRID*   1883            0               -0.269054521    -0.151233635    *N1883  
*N1883  0.691102818     
GRID*   1884            0               -0.276370153    -0.147656172    *N1884  
*N1884  0.681980256     
GRID*   1885            0               -0.274865039    -0.147956136    *N1885  
*N1885  0.690594133     
GRID*   1886            0               -0.27764655     -0.147542382    *N1886  
*N1886  0.704608284     
GRID*   1887            0               -0.272591586    -0.148781228    *N1887  
*N1887  0.711759305     
GRID*   1888            0               -0.269033479    -0.151254153    *N1888  
*N1888  0.70635903      
GRID*   1889            0               -0.272995554    -0.148598956    *N1889  
*N1889  0.705483657     
GRID*   1890            0               -0.273589903    -0.172840078    *N1890  
*N1890  0.486243186     
GRID*   1891            0               -0.266765882    -0.166985838    *N1891  
*N1891  0.483701991     
GRID*   1892            0               -0.269392272    -0.170283514    *N1892  
*N1892  0.488537302     
GRID*   1893            0               -0.278338465    -0.17366688     *N1893  
*N1893  0.704269791     
GRID*   1894            0               -0.28633945     -0.170797528    *N1894  
*N1894  0.712923786     
GRID*   1895            0               -0.284658812    -0.171941679    *N1895  
*N1895  0.704238515     
GRID*   1896            0               -0.272601516    -0.148776548    *N1896  
*N1896  0.864702769     
GRID*   1897            0               -0.26931109     -0.150990676    *N1897  
*N1897  0.858063198     
GRID*   1898            0               -0.274535881    -0.148046714    *N1898  
*N1898  0.854001913     
GRID*   1899            0               -0.273554243    -0.148373317    *N1899  
*N1899  0.859352341     
GRID*   1900            0               -0.269018335    -0.169931022    *N1900  
*N1900  0.467787912     
GRID*   1901            0               -0.272911937    -0.172564663    *N1901  
*N1901  0.462787153     
GRID*   1902            0               -0.268365363    -0.169242539    *N1902  
*N1902  0.461849691     
GRID*   1903            0               -0.268126276    -0.168963568    *N1903  
*N1903  0.708581616     
GRID*   1904            0               -0.276669763    -0.173581904    *N1904  
*N1904  0.713928899     
GRID*   1905            0               -0.269275523    -0.170176423    *N1905  
*N1905  0.698922508     
GRID*   1906            0               -0.272700697    -0.172469634    *N1906  
*N1906  0.706425704     
GRID*   1907            0               -0.27307221     -0.148566211    *N1907  
*N1907  0.846033029     
GRID*   1908            0               -0.281441876    -0.147948906    *N1908  
*N1908  0.84132972      
GRID*   1909            0               -0.2779823      -0.14753331     *N1909  
*N1909  0.847665816     
GRID*   1910            0               -0.276575621    -0.173570697    *N1910  
*N1910  0.869574661     
GRID*   1911            0               -0.269038789    -0.169951034    *N1911  
*N1911  0.862480089     
GRID*   1912            0               -0.266142045    -0.165715119    *N1912  
*N1912  0.868658666     
GRID*   1913            0               -0.270279966    -0.171019292    *N1913  
*N1913  0.869316029     
GRID*   1914            0               -0.267043189    -0.167457511    *N1914  
*N1914  0.477376515     
GRID*   1915            0               -0.26559656     -0.164170382    *N1915  
*N1915  0.479905405     
GRID*   1916            0               -0.279850478    -0.147640843    *N1916  
*N1916  0.543117714     
GRID*   1917            0               -0.284486837    -0.149161607    *N1917  
*N1917  0.532498936     
GRID*   1918            0               -0.285743362    -0.149952145    *N1918  
*N1918  0.538816682     
GRID*   1919            0               -0.271553524    -0.14932925     *N1919  
*N1919  0.548213496     
GRID*   1920            0               -0.275561468    -0.147794456    *N1920  
*N1920  0.545665605     
GRID*   1921            0               -0.277610757    -0.147543859    *N1921  
*N1921  0.490399801     
GRID*   1922            0               -0.276429496    -0.147648071    *N1922  
*N1922  0.501413202     
GRID*   1923            0               -0.26827759     -0.15205804     *N1923  
*N1923  0.500044245     
GRID*   1924            0               -0.272477357    -0.148835796    *N1924  
*N1924  0.495222023     
GRID*   1925            0               -0.265778157    -0.156443043    *N1925  
*N1925  0.503647225     
GRID*   1926            0               -0.286003915    -0.150142418    *N1926  
*N1926  0.813254553     
GRID*   1927            0               -0.290599187    -0.156572309    *N1927  
*N1927  0.564657405     
GRID*   1928            0               -0.291152781    -0.162066783    *N1928  
*N1928  0.553884451     
GRID*   1929            0               -0.291163221    -0.161971206    *N1929  
*N1929  0.561483413     
GRID*   1930            0               -0.287333241    -0.151285536    *N1930  
*N1930  0.565907403     
GRID*   1931            0               -0.278534554    -0.14753716     *N1931  
*N1931  0.83415402      
GRID*   1932            0               -0.28408825     -0.148950293    *N1932  
*N1932  0.835893161     
GRID*   1933            0               -0.267887228    -0.152532069    *N1933  
*N1933  0.552968225     
GRID*   1934            0               -0.268267128    -0.152070167    *N1934  
*N1934  0.548160359     
GRID*   1935            0               -0.275511302    -0.147804767    *N1935  
*N1935  0.59358688      
GRID*   1936            0               -0.290862128    -0.157499117    *N1936  
*N1936  0.787473873     
GRID*   1937            0               -0.287848161    -0.151821919    *N1937  
*N1937  0.787503442     
GRID*   1938            0               -0.266399614    -0.166282675    *N1938  
*N1938  0.722086103     
GRID*   1939            0               -0.265397597    -0.163375928    *N1939  
*N1939  0.735729747     
GRID*   1940            0               -0.268798911    -0.169710697    *N1940  
*N1940  0.732028083     
GRID*   1941            0               -0.265812821    -0.164858873    *N1941  
*N1941  0.728907925     
GRID*   1942            0               -0.268018211    -0.168832095    *N1942  
*N1942  0.523852388     
GRID*   1943            0               -0.277856512    -0.173664302    *N1943  
*N1943  0.518771856     
GRID*   1944            0               -0.272406245    -0.172329543    *N1944  
*N1944  0.521312122     
GRID*   1945            0               -0.266065082    -0.155669737    *N1945  
*N1945  0.793695075     
GRID*   1946            0               -0.266907272    -0.153968028    *N1946  
*N1946  0.786755711     
GRID*   1947            0               -0.267766232    -0.152688668    *N1947  
*N1947  0.791289262     
GRID*   1948            0               -0.265105698    -0.161006961    *N1948  
*N1948  0.791551348     
GRID*   1949            0               -0.265205195    -0.158940204    *N1949  
*N1949  0.796300611     
GRID*   1950            0               -0.285175603    -0.14957017     *N1950  
*N1950  0.710878841     
GRID*   1951            0               -0.290030129    -0.155118455    *N1951  
*N1951  0.709449133     
GRID*   1952            0               -0.28831936     -0.152371421    *N1952  
*N1952  0.717384042     
GRID*   1953            0               -0.279017099    -0.147559656    *N1953  
*N1953  0.713914835     
GRID*   1954            0               -0.281565842    -0.147981643    *N1954  
*N1954  0.707743563     
GRID*   1955            0               -0.26557353     -0.157111723    *N1955  
*N1955  0.559723215     
GRID*   1956            0               -0.267846781    -0.152583874    *N1956  
*N1956  0.558653349     
GRID*   1957            0               -0.265298589    -0.162873182    *N1957  
*N1957  0.56743856      
GRID*   1958            0               -0.26528464     -0.162792748    *N1958  
*N1958  0.561003054     
GRID*   1959            0               -0.274893462    -0.173251254    *N1959  
*N1959  0.5998241       
GRID*   1960            0               -0.269420227    -0.170308774    *N1960  
*N1960  0.605465564     
GRID*   1961            0               -0.274349516    -0.173097868    *N1961  
*N1961  0.608623095     
GRID*   1962            0               -0.279562263    -0.147606661    *N1962  
*N1962  0.528814324     
GRID*   1963            0               -0.26519608     -0.162186983    *N1963  
*N1963  0.630336464     
GRID*   1964            0               -0.265804114    -0.16483353     *N1964  
*N1964  0.636755228     
GRID*   1965            0               -0.265452258    -0.157583575    *N1965  
*N1965  0.617556007     
GRID*   1966            0               -0.265119548    -0.159873892    *N1966  
*N1966  0.623946235     
GRID*   1967            0               -0.268189488    -0.16903888     *N1967  
*N1967  0.822409157     
GRID*   1968            0               -0.272196625    -0.17222424     *N1968  
*N1968  0.834492092     
GRID*   1969            0               -0.272659464    -0.172450558    *N1969  
*N1969  0.826562204     
GRID*   1970            0               -0.265589649    -0.164145957    *N1970  
*N1970  0.81747311      
GRID*   1971            0               -0.285970274    -0.171082707    *N1971  
*N1971  0.73013066      
GRID*   1972            0               -0.279784138    -0.1735676      *N1972  
*N1972  0.739027991     
GRID*   1973            0               -0.284788926    -0.17186621     *N1973  
*N1973  0.745526307     
GRID*   1974            0               -0.285375974    -0.171499931    *N1974  
*N1974  0.737828483     
GRID*   1975            0               -0.272501912    -0.172376049    *N1975  
*N1975  0.742565371     
GRID*   1976            0               -0.27522768     -0.173333064    *N1976  
*N1976  0.728490702     
GRID*   1977            0               -0.273838269    -0.172930109    *N1977  
*N1977  0.735528037     
GRID*   1978            0               -0.274782338    -0.147978025    *N1978  
*N1978  0.665100685     
GRID*   1979            0               -0.282397513    -0.148235598    *N1979  
*N1979  0.672352626     
GRID*   1980            0               -0.269456364    -0.15085879     *N1980  
*N1980  0.674728315     
GRID*   1981            0               -0.275571253    -0.147792469    *N1981  
*N1981  0.67354047      
GRID*   1982            0               -0.291226486    -0.161081498    *N1982  
*N1982  0.706828186     
GRID*   1983            0               -0.265100658    -0.160784228    *N1983  
*N1983  0.609351489     
GRID*   1984            0               -0.266266096    -0.165997457    *N1984  
*N1984  0.607408526     
GRID*   1985            0               -0.266107557    -0.155566733    *N1985  
*N1985  0.611423398     
GRID*   1986            0               -0.284722563    -0.171904952    *N1986  
*N1986  0.793094909     
GRID*   1987            0               -0.285589466    -0.171355694    *N1987  
*N1987  0.801553772     
GRID*   1988            0               -0.26509937     -0.160616199    *N1988  
*N1988  0.748574081     
GRID*   1989            0               -0.267068878    -0.167499008    *N1989  
*N1989  0.743792928     
GRID*   1990            0               -0.265175001    -0.162004004    *N1990  
*N1990  0.742151914     
GRID*   1991            0               -0.287684269    -0.151644495    *N1991  
*N1991  0.677102842     
GRID*   1992            0               -0.290471648    -0.156198056    *N1992  
*N1992  0.68034216      
GRID*   1993            0               -0.270680987    -0.171311062    *N1993  
*N1993  0.719783263     
GRID*   1994            0               -0.265318987    -0.162985778    *N1994  
*N1994  0.710884456     
GRID*   1995            0               -0.267180866    -0.167675985    *N1995  
*N1995  0.715333859     
GRID*   1996            0               -0.265379351    -0.157909376    *N1996  
*N1996  0.701044052     
GRID*   1997            0               -0.265708924    -0.156655383    *N1997  
*N1997  0.708621743     
GRID*   1998            0               -0.274686204    -0.1480042      *N1998  
*N1998  0.716920895     
GRID*   1999            0               -0.270077392    -0.150337201    *N1999  
*N1999  0.658821504     
GRID*   2000            0               -0.274779839    -0.147978695    *N2000  
*N2000  0.651825173     
GRID*   2001            0               -0.280033831    -0.147665979    *N2001  
*N2001  0.658104354     
GRID*   2002            0               -0.274781089    -0.14797836     *N2002  
*N2002  0.658462929     
GRID*   2003            0               -0.265959991    -0.155936013    *N2003  
*N2003  0.66726846      
GRID*   2004            0               -0.265955753    -0.155947122    *N2004  
*N2004  0.658583516     
GRID*   2005            0               -0.286047152    -0.171025042    *N2005  
*N2005  0.473104567     
GRID*   2006            0               -0.280195501    -0.173509658    *N2006  
*N2006  0.484684846     
GRID*   2007            0               -0.285062231    -0.171701053    *N2007  
*N2007  0.488835357     
GRID*   2008            0               -0.285552722    -0.171380957    *N2008  
*N2008  0.480969962     
GRID*   2009            0               -0.271424699    -0.171794157    *N2009  
*N2009  0.474675239     
GRID*   2010            0               -0.277795785    -0.173662716    *N2010  
*N2010  0.473116899     
GRID*   2011            0               -0.275658892    -0.173424984    *N2011  
*N2011  0.479680042     
GRID*   2012            0               -0.291205048    -0.161489556    *N2012  
*N2012  0.486631185     
GRID*   2013            0               -0.288519369    -0.152624504    *N2013  
*N2013  0.483715022     
GRID*   2014            0               -0.289282688    -0.153728166    *N2014  
*N2014  0.478138358     
GRID*   2015            0               -0.290868107    -0.157523695    *N2015  
*N2015  0.482384772     
GRID*   2016            0               -0.26560131     -0.157012936    *N2016  
*N2016  0.843037511     
GRID*   2017            0               -0.26642635     -0.166337711    *N2017  
*N2017  0.849968734     
GRID*   2018            0               -0.268527942    -0.169423506    *N2018  
*N2018  0.840502304     
GRID*   2019            0               -0.26544823     -0.163599396    *N2019  
*N2019  0.841769907     
GRID*   2020            0               -0.266758829    -0.154226771    *N2020  
*N2020  0.851067849     
GRID*   2021            0               -0.2704483      -0.150055393    *N2021  
*N2021  0.838002691     
GRID*   2022            0               -0.268378781    -0.151942267    *N2022  
*N2022  0.84453527      
GRID*   2023            0               -0.267431692    -0.153148956    *N2023  
*N2023  0.869175783     
GRID*   2024            0               -0.272070296    -0.149041521    *N2024  
*N2024  0.870414521     
GRID*   2025            0               -0.26538282     -0.15789294     *N2025  
*N2025  0.863401111     
GRID*   2026            0               -0.265167714    -0.159265141    *N2026  
*N2026  0.868500582     
GRID*   2027            0               -0.267955593    -0.16875429     *N2027  
*N2027  0.472582213     
GRID*   2028            0               -0.278171695    -0.173667999    *N2028  
*N2028  0.593940032     
GRID*   2029            0               -0.284623013    -0.171962093    *N2029  
*N2029  0.592335595     
GRID*   2030            0               -0.265209005    -0.162289279    *N2030  
*N2030  0.532515433     
GRID*   2031            0               -0.266159392    -0.165755708    *N2031  
*N2031  0.528183911     
GRID*   2032            0               -0.265666482    -0.156792023    *N2032  
*N2032  0.534772395     
GRID*   2033            0               -0.273316309    -0.148465754    *N2033  
*N2033  0.831395638     
GRID*   2034            0               -0.265837174    -0.164928874    *N2034  
*N2034  0.785055395     
GRID*   2035            0               -0.265431053    -0.157674405    *N2035  
*N2035  0.780259759     
GRID*   2036            0               -0.265161197    -0.159330219    *N2036  
*N2036  0.785905553     
GRID*   2037            0               -0.283936986    -0.148874641    *N2037  
*N2037  0.646661535     
GRID*   2038            0               -0.278174945    -0.147532002    *N2038  
*N2038  0.645259418     
GRID*   2039            0               -0.291111865    -0.162392321    *N2039  
*N2039  0.786367727     
GRID*   2040            0               -0.272757183    -0.172495487    *N2040  
*N2040  0.856043061     
GRID*   2041            0               -0.26517556     -0.162009175    *N2041  
*N2041  0.856405762     
GRID*   2042            0               -0.267577324    -0.168256615    *N2042  
*N2042  0.856224412     
GRID*   2043            0               -0.265932722    -0.156008022    *N2043  
*N2043  0.85723448      
GRID*   2044            0               -0.281631164    -0.173200583    *N2044  
*N2044  0.722636338     
GRID*   2045            0               -0.286154884    -0.170942731    *N2045  
*N2045  0.721527223     
GRID*   2046            0               -0.275945236    -0.173477686    *N2046  
*N2046  0.721209801     
GRID*   2047            0               -0.265103936    -0.160945816    *N2047  
*N2047  0.579120419     
GRID*   2048            0               -0.266218889    -0.155307867    *N2048  
*N2048  0.580760068     
GRID*   2049            0               -0.279458479    -0.147595938    *N2049  
*N2049  0.745692599     
GRID*   2050            0               -0.276702611    -0.147614349    *N2050  
*N2050  0.753960686     
GRID*   2051            0               -0.268788994    -0.151499512    *N2051  
*N2051  0.752108609     
GRID*   2052            0               -0.273677331    -0.148327581    *N2052  
*N2052  0.748900604     
GRID*   2053            0               -0.286299193    -0.170829659    *N2053  
*N2053  0.466195618     
GRID*   2054            0               -0.278114646    -0.173667894    *N2054  
*N2054  0.46620795      
GRID*   2055            0               -0.282365925    -0.172975164    *N2055  
*N2055  0.469656258     
GRID*   2056            0               -0.282148933    -0.173046674    *N2056  
*N2056  0.760858197     
GRID*   2057            0               -0.275429191    -0.173377913    *N2057  
*N2057  0.767948032     
GRID*   2058            0               -0.284734135    -0.171898234    *N2058  
*N2058  0.776140549     
GRID*   2059            0               -0.283390545    -0.172578771    *N2059  
*N2059  0.768499373     
GRID*   2060            0               -0.275491278    -0.17339106     *N2060  
*N2060  0.753544659     
GRID*   2061            0               -0.283416212    -0.172567547    *N2061  
*N2061  0.753192252     
GRID*   2062            0               -0.266386138    -0.166254683    *N2062  
*N2062  0.684141439     
GRID*   2063            0               -0.265466154    -0.163674411    *N2063  
*N2063  0.693482289     
GRID*   2064            0               -0.267646483    -0.168351373    *N2064  
*N2064  0.691531974     
GRID*   2065            0               -0.265910796    -0.156066869    *N2065  
*N2065  0.683541055     
GRID*   2066            0               -0.265611231    -0.156978361    *N2066  
*N2066  0.692292553     
GRID*   2067            0               -0.286337877    -0.170798788    *N2067  
*N2067  0.854366246     
GRID*   2068            0               -0.276204183    -0.173519697    *N2068  
*N2068  0.850259981     
GRID*   2069            0               -0.283248815    -0.172639578    *N2069  
*N2069  0.860149326     
GRID*   2070            0               -0.2799656      -0.173543684    *N2070  
*N2070  0.855204654     
GRID*   2071            0               -0.290819098    -0.157327974    *N2071  
*N2071  0.494300135     
GRID*   2072            0               -0.290436284    -0.15610043     *N2072  
*N2072  0.506462745     
GRID*   2073            0               -0.285941219    -0.150095728    *N2073  
*N2073  0.504899714     
GRID*   2074            0               -0.286935922    -0.150910576    *N2074  
*N2074  0.492737104     
GRID*   2075            0               -0.289001454    -0.15329281     *N2075  
*N2075  0.499599924     
GRID*   2076            0               -0.281770344    -0.173161494    *N2076  
*N2076  0.458984465     
GRID*   2077            0               -0.286190666    -0.170914998    *N2077  
*N2077  0.459841675     
GRID*   2078            0               -0.277315754    -0.173640222    *N2078  
*N2078  0.46105971      
GRID*   2079            0               -0.280818088    -0.173396338    *N2079  
*N2079  0.844249769     
GRID*   2080            0               -0.274147871    -0.173034482    *N2080  
*N2080  0.842376037     
GRID*   2081            0               -0.285810437    -0.171199811    *N2081  
*N2081  0.847177413     
GRID*   2082            0               -0.291178412    -0.161818668    *N2082  
*N2082  0.545975019     
GRID*   2083            0               -0.283353367    -0.172594914    *N2083  
*N2083  0.506252412     
GRID*   2084            0               -0.284504223    -0.17202877     *N2084  
*N2084  0.514224336     
GRID*   2085            0               -0.284190578    -0.172197132    *N2085  
*N2085  0.497543885     
GRID*   2086            0               -0.29115402     -0.15914423     *N2086  
*N2086  0.644143083     
GRID*   2087            0               -0.291224186    -0.160059722    *N2087  
*N2087  0.635813574     
GRID*   2088            0               -0.288592959    -0.152720946    *N2088  
*N2088  0.649481343     
GRID*   2089            0               -0.291209308    -0.159775253    *N2089  
*N2089  0.652527988     
GRID*   2090            0               -0.267270649    -0.167813482    *N2090  
*N2090  0.762435122     
GRID*   2091            0               -0.265297072    -0.16286458     *N2091  
*N2091  0.771131007     
GRID*   2092            0               -0.270556521    -0.171222982    *N2092  
*N2092  0.776643917     
GRID*   2093            0               -0.268757869    -0.169668302    *N2093  
*N2093  0.76953952      
GRID*   2094            0               -0.287044763    -0.151010197    *N2094  
*N2094  0.467174961     
GRID*   2095            0               -0.287844289    -0.15181765     *N2095  
*N2095  0.461543216     
GRID*   2096            0               -0.285152846    -0.149555743    *N2096  
*N2096  0.473514331     
GRID*   2097            0               -0.288255678    -0.152293469    *N2097  
*N2097  0.472656659     
GRID*   2098            0               -0.269573937    -0.170445086    *N2098  
*N2098  0.585051493     
GRID*   2099            0               -0.272070068    -0.172158359    *N2099  
*N2099  0.592437796     
GRID*   2100            0               -0.266648747    -0.166772049    *N2100  
*N2100  0.57648553      
GRID*   2101            0               -0.271501147    -0.17183985     *N2101  
*N2101  0.578367015     
GRID*   2102            0               -0.285650058    -0.149886371    *N2102  
*N2102  0.660924162     
GRID*   2103            0               -0.284812804    -0.149347858    *N2103  
*N2103  0.653792848     
GRID*   2104            0               -0.286712499    -0.150712978    *N2104  
*N2104  0.669013502     
GRID*   2105            0               -0.2651655      -0.161913111    *N2105  
*N2105  0.57327949      
GRID*   2106            0               -0.281862374    -0.148065269    *N2106  
*N2106  0.758934136     
GRID*   2107            0               -0.288134317    -0.152148232    *N2107  
*N2107  0.749069995     
GRID*   2108            0               -0.287902725    -0.151882473    *N2108  
*N2108  0.75684852      
GRID*   2109            0               -0.271267784    -0.149501871    *N2109  
*N2109  0.761056073     
GRID*   2110            0               -0.276411438    -0.147650507    *N2110  
*N2110  0.759995105     
GRID*   2111            0               -0.265392862    -0.157845942    *N2111  
*N2111  0.756236987     
GRID*   2112            0               -0.266437862    -0.154838793    *N2112  
*N2112  0.765184451     
GRID*   2113            0               -0.267482175    -0.15307674     *N2113  
*N2113  0.75864653      
GRID*   2114            0               -0.286309931    -0.150378887    *N2114  
*N2114  0.742575686     
GRID*   2115            0               -0.290968609    -0.163226907    *N2115  
*N2115  0.501134896     
GRID*   2116            0               -0.291193185    -0.161649048    *N2116  
*N2116  0.50806978      
GRID*   2117            0               -0.280605508    -0.147761462    *N2117  
*N2117  0.50841033      
GRID*   2118            0               -0.265196447    -0.162189983    *N2118  
*N2118  0.676081201     
GRID*   2119            0               -0.266685207    -0.166839615    *N2119  
*N2119  0.677267614     
GRID*   2120            0               -0.265852569    -0.156227524    *N2120  
*N2120  0.772722105     
GRID*   2121            0               -0.273758633    -0.14829814     *N2121  
*N2121  0.475368781     
GRID*   2122            0               -0.268884627    -0.151401984    *N2122  
*N2122  0.473682917     
GRID*   2123            0               -0.279941624    -0.147653008    *N2123  
*N2123  0.481377719     
GRID*   2124            0               -0.279600997    -0.147610877    *N2124  
*N2124  0.474441556     
GRID*   2125            0               -0.283684672    -0.148753824    *N2125  
*N2125  0.487057412     
GRID*   2126            0               -0.284002177    -0.172293055    *N2126  
*N2126  0.868137973     
GRID*   2127            0               -0.269047208    -0.169959245    *N2127  
*N2127  0.754772216     
GRID*   2128            0               -0.27067645     -0.17130789     *N2128  
*N2128  0.748668794     
GRID*   2129            0               -0.265656287    -0.164374346    *N2129  
*N2129  0.755504601     
GRID*   2130            0               -0.291118978    -0.162340175    *N2130  
*N2130  0.49388304      
GRID*   2131            0               -0.265935219    -0.156001375    *N2131  
*N2131  0.675404758     
GRID*   2132            0               -0.278229733    -0.173667851    *N2132  
*N2132  0.783973876     
GRID*   2133            0               -0.284728348    -0.171901595    *N2133  
*N2133  0.784617729     
GRID*   2134            0               -0.270636275    -0.171279672    *N2134  
*N2134  0.784514636     
GRID*   2135            0               -0.290140438    -0.155363778    *N2135  
*N2135  0.872455596     
GRID*   2136            0               -0.291180698    -0.159405998    *N2136  
*N2136  0.86922007      
GRID*   2137            0               -0.291217244    -0.161287851    *N2137  
*N2137  0.870787163     
GRID*   2138            0               -0.291022653    -0.158251798    *N2138  
*N2138  0.871525468     
GRID*   2139            0               -0.291040008    -0.158348877    *N2139  
*N2139  0.868476157     
GRID*   2140            0               -0.291181604    -0.161784092    *N2140  
*N2140  0.864417451     
GRID*   2141            0               -0.291041718    -0.16284132     *N2141  
*N2141  0.865161364     
GRID*   2142            0               -0.291235359    -0.160595024    *N2142  
*N2142  0.866818761     
GRID*   2143            0               -0.290306487    -0.165438822    *N2143  
*N2143  0.860279478     
GRID*   2144            0               -0.29058566     -0.164669207    *N2144  
*N2144  0.867145094     
GRID*   2145            0               -0.290452865    -0.165054096    *N2145  
*N2145  0.863712286     
GRID*   2146            0               -0.290694152    -0.164321839    *N2146  
*N2146  0.870480947     
GRID*   2147            0               -0.282161788    -0.148157445    *N2147  
*N2147  0.5638322       
GRID*   2148            0               -0.279229699    -0.147575252    *N2148  
*N2148  0.56761743      
GRID*   2149            0               -0.276652423    -0.147620108    *N2149  
*N2149  0.564929938     
GRID*   2150            0               -0.27964175     -0.14761544     *N2150  
*N2150  0.561144709     
GRID*   2151            0               -0.279435884    -0.147593714    *N2151  
*N2151  0.564381069     
GRID*   2152            0               -0.281826799    -0.148054836    *N2152  
*N2152  0.570482602     
GRID*   2153            0               -0.278816581    -0.147548137    *N2153  
*N2153  0.57409015      
GRID*   2154            0               -0.276179076    -0.147684143    *N2154  
*N2154  0.571224978     
GRID*   2155            0               -0.279023247    -0.147560058    *N2155  
*N2155  0.57085379      
GRID*   2156            0               -0.273178047    -0.148521946    *N2156  
*N2156  0.574654846     
GRID*   2157            0               -0.270904324    -0.149736256    *N2157  
*N2157  0.571967354     
GRID*   2158            0               -0.273682521    -0.148325683    *N2158  
*N2158  0.568537487     
GRID*   2159            0               -0.273429268    -0.148421203    *N2159  
*N2159  0.571596166     
GRID*   2160            0               -0.271414884    -0.149411761    *N2160  
*N2160  0.566027676     
GRID*   2161            0               -0.274194691    -0.148150481    *N2161  
*N2161  0.562420127     
GRID*   2162            0               -0.273937699    -0.14823543     *N2162  
*N2162  0.565478807     
GRID*   2163            0               -0.287515053    -0.169731991    *N2163  
*N2163  0.633078486     
GRID*   2164            0               -0.284812744    -0.171852177    *N2164  
*N2164  0.638875482     
GRID*   2165            0               -0.287391169    -0.169857103    *N2165  
*N2165  0.641108044     
GRID*   2166            0               -0.287453216    -0.169794863    *N2166  
*N2166  0.637093265     
GRID*   2167            0               -0.281989435    -0.173096574    *N2167  
*N2167  0.636718797     
GRID*   2168            0               -0.278429957    -0.173665361    *N2168  
*N2168  0.642439918     
GRID*   2169            0               -0.28148583     -0.173239635    *N2169  
*N2169  0.644596603     
GRID*   2170            0               -0.281738349    -0.173170627    *N2170  
*N2170  0.6406577       
GRID*   2171            0               -0.277735062    -0.173660848    *N2171  
*N2171  0.650241846     
GRID*   2172            0               -0.280981434    -0.173361411    *N2172  
*N2172  0.652474408     
GRID*   2173            0               -0.28451122     -0.172024888    *N2173  
*N2173  0.646829164     
GRID*   2174            0               -0.281234237    -0.173303027    *N2174  
*N2174  0.648535505     
GRID*   2175            0               -0.287268945    -0.169977301    *N2175  
*N2175  0.649137602     
GRID*   2176            0               -0.287330147    -0.169917508    *N2176  
*N2176  0.645122823     
GRID*   2177            0               -0.290418457    -0.156052117    *N2177  
*N2177  0.545994772     
GRID*   2178            0               -0.289161452    -0.153535826    *N2178  
*N2178  0.55096834      
GRID*   2179            0               -0.287061379    -0.151025605    *N2179  
*N2179  0.548609811     
GRID*   2180            0               -0.288904199    -0.153150644    *N2180  
*N2180  0.543636243     
GRID*   2181            0               -0.289034532    -0.153342095    *N2181  
*N2181  0.547302292     
GRID*   2182            0               -0.290581887    -0.156519296    *N2182  
*N2182  0.553708201     
GRID*   2183            0               -0.289404893    -0.153929882    *N2183  
*N2183  0.558300437     
GRID*   2184            0               -0.287372585    -0.151324416    *N2184  
*N2184  0.555560576     
GRID*   2185            0               -0.289284918    -0.153731775    *N2185  
*N2185  0.554634389     
GRID*   2186            0               -0.28512075     -0.149535508    *N2186  
*N2186  0.559771479     
GRID*   2187            0               -0.282153419    -0.148154762    *N2187  
*N2187  0.55741295      
GRID*   2188            0               -0.284779132    -0.149328039    *N2188  
*N2188  0.553202047     
GRID*   2189            0               -0.284950734    -0.149430468    *N2189  
*N2189  0.556486763     
GRID*   2190            0               -0.281801478    -0.148047478    *N2190  
*N2190  0.551224851     
GRID*   2191            0               -0.284431328    -0.149131115    *N2191  
*N2191  0.546632615     
GRID*   2192            0               -0.284605983    -0.149228247    *N2192  
*N2192  0.549917331     
GRID*   2193            0               -0.290188407    -0.155474862    *N2193  
*N2193  0.868449261     
GRID*   2194            0               -0.290188017    -0.155473947    *N2194  
*N2194  0.864474145     
GRID*   2195            0               -0.291039836    -0.158347897    *N2195  
*N2195  0.864501042     
GRID*   2196            0               -0.290696744    -0.156886894    *N2196  
*N2196  0.866475151     
GRID*   2197            0               -0.288704908    -0.152871307    *N2197  
*N2197  0.87239748      
GRID*   2198            0               -0.288776017    -0.152969206    *N2198  
*N2198  0.868391144     
GRID*   2199            0               -0.28952153     -0.154130423    *N2199  
*N2199  0.87042337      
GRID*   2200            0               -0.286940482    -0.150914704    *N2200  
*N2200  0.868301808     
GRID*   2201            0               -0.286939744    -0.150914036    *N2201  
*N2201  0.864326693     
GRID*   2202            0               -0.288775436    -0.152968399    *N2202  
*N2202  0.864416029     
GRID*   2203            0               -0.287912211    -0.151893078    *N2203  
*N2203  0.866358918     
GRID*   2204            0               -0.288703144    -0.152868902    *N2204  
*N2204  0.860472132     
GRID*   2205            0               -0.290139242    -0.155361045    *N2205  
*N2205  0.860530249     
GRID*   2206            0               -0.289520545    -0.154128694    *N2206  
*N2206  0.862473139     
GRID*   2207            0               -0.290646917    -0.164477278    *N2207  
*N2207  0.721285891     
GRID*   2208            0               -0.29112406     -0.162301925    *N2208  
*N2208  0.717885489     
GRID*   2209            0               -0.290429718    -0.165117433    *N2209  
*N2209  0.712964988     
GRID*   2210            0               -0.290543005    -0.164797144    *N2210  
*N2210  0.71712544      
GRID*   2211            0               -0.290817142    -0.163879579    *N2211  
*N2211  0.729606794     
GRID*   2212            0               -0.291228954    -0.161009107    *N2212  
*N2212  0.726421861     
GRID*   2213            0               -0.290736076    -0.164177709    *N2213  
*N2213  0.725446343     
GRID*   2214            0               -0.290703896    -0.156911114    *N2214  
*N2214  0.7317733       
GRID*   2215            0               -0.289895465    -0.154835959    *N2215  
*N2215  0.728372898     
GRID*   2216            0               -0.291108744    -0.158785286    *N2216  
*N2216  0.723021459     
GRID*   2217            0               -0.29094074     -0.157840765    *N2217  
*N2217  0.727397379     
GRID*   2218            0               -0.290802136    -0.157263076    *N2218  
*N2218  0.719405587     
GRID*   2219            0               -0.291234463    -0.160753072    *N2219  
*N2219  0.714269618     
GRID*   2220            0               -0.291208771    -0.159766805    *N2220  
*N2220  0.718645538     
GRID*   2221            0               -0.280952268    -0.147832193    *N2221  
*N2221  0.583604331     
GRID*   2222            0               -0.283913096    -0.148862916    *N2222  
*N2222  0.580105229     
GRID*   2223            0               -0.285944772    -0.150098358    *N2223  
*N2223  0.583418032     
GRID*   2224            0               -0.283219729    -0.148548187    *N2224  
*N2224  0.586917133     
GRID*   2225            0               -0.283568705    -0.1487005      *N2225  
*N2225  0.583511181     
GRID*   2226            0               -0.281424052    -0.147944306    *N2226  
*N2226  0.577073312     
GRID*   2227            0               -0.284586955    -0.149217495    *N2227  
*N2227  0.573293326     
GRID*   2228            0               -0.286753656    -0.150748699    *N2228  
*N2228  0.576325243     
GRID*   2229            0               -0.284252608    -0.149035296    *N2229  
*N2229  0.576699278     
GRID*   2230            0               -0.289161696    -0.153536205    *N2230  
*N2230  0.572264371     
GRID*   2231            0               -0.290259672    -0.155645346    *N2231  
*N2231  0.575577173     
GRID*   2232            0               -0.2883966      -0.152467641    *N2232  
*N2232  0.579638045     
GRID*   2233            0               -0.288792589    -0.152992299    *N2233  
*N2233  0.575951208     
GRID*   2234            0               -0.289568241    -0.154213096    *N2234  
*N2234  0.583231732     
GRID*   2235            0               -0.287528045    -0.151481327    *N2235  
*N2235  0.587011719     
GRID*   2236            0               -0.287974729    -0.151963558    *N2236  
*N2236  0.583324882     
GRID*   2237            0               -0.278133029    -0.147532045    *N2237  
*N2237  0.580854045     
GRID*   2238            0               -0.275509804    -0.147805078    *N2238  
*N2238  0.577870884     
GRID*   2239            0               -0.27847491     -0.14753562     *N2239  
*N2239  0.577472098     
GRID*   2240            0               -0.277449571    -0.147551728    *N2240  
*N2240  0.58761794      
GRID*   2241            0               -0.274652277    -0.148013626    *N2241  
*N2241  0.584867655     
GRID*   2242            0               -0.277791171    -0.147537416    *N2242  
*N2242  0.584235993     
GRID*   2243            0               -0.271256105    -0.14950914     *N2243  
*N2243  0.58911414      
GRID*   2244            0               -0.269169917    -0.15112273     *N2244  
*N2244  0.586130978     
GRID*   2245            0               -0.272196638    -0.148975753    *N2245  
*N2245  0.581884493     
GRID*   2246            0               -0.271720853    -0.149232715    *N2246  
*N2246  0.585499316     
GRID*   2247            0               -0.27014019     -0.150288009    *N2247  
*N2247  0.578668455     
GRID*   2248            0               -0.272682647    -0.148738695    *N2248  
*N2248  0.578269669     
GRID*   2249            0               -0.276797143    -0.147604034    *N2249  
*N2249  0.558866805     
GRID*   2250            0               -0.279366007    -0.147587088    *N2250  
*N2250  0.555135046     
GRID*   2251            0               -0.279503954    -0.147600533    *N2251  
*N2251  0.558139877     
GRID*   2252            0               -0.271673497    -0.149259702    *N2252  
*N2252  0.56032066      
GRID*   2253            0               -0.274103604    -0.148179915    *N2253  
*N2253  0.556767338     
GRID*   2254            0               -0.274149121    -0.148165114    *N2254  
*N2254  0.559593733     
GRID*   2255            0               -0.271669171    -0.14926218     *N2255  
*N2255  0.554846307     
GRID*   2256            0               -0.274012736    -0.148210015    *N2256  
*N2256  0.551114548     
GRID*   2257            0               -0.276611853    -0.147624908    *N2257  
*N2257  0.553035579     
GRID*   2258            0               -0.274058143    -0.148194882    *N2258  
*N2258  0.553940943     
GRID*   2259            0               -0.279089724    -0.147564592    *N2259  
*N2259  0.549125384     
GRID*   2260            0               -0.279227925    -0.147575107    *N2260  
*N2260  0.552130215     
GRID*   2261            0               -0.290450753    -0.165059919    *N2261  
*N2261  0.753320609     
GRID*   2262            0               -0.290989661    -0.163122145    *N2262  
*N2262  0.749599537     
GRID*   2263            0               -0.29035321     -0.165319924    *N2263  
*N2263  0.745066056     
GRID*   2264            0               -0.290402757    -0.165189954    *N2264  
*N2264  0.749193332     
GRID*   2265            0               -0.290540223    -0.16480534     *N2265  
*N2265  0.761575163     
GRID*   2266            0               -0.291084055    -0.16258283     *N2266  
*N2266  0.75800321      
GRID*   2267            0               -0.29049623     -0.164932618    *N2267  
*N2267  0.757447886     
GRID*   2268            0               -0.29120836     -0.15976039     *N2268  
*N2268  0.762834931     
GRID*   2269            0               -0.290925055    -0.157769127    *N2269  
*N2269  0.759113859     
GRID*   2270            0               -0.29123534     -0.160577212    *N2270  
*N2270  0.754282138     
GRID*   2271            0               -0.291228237    -0.16016859     *N2271  
*N2271  0.758558534     
GRID*   2272            0               -0.291117236    -0.158846913    *N2272  
*N2272  0.750411947     
GRID*   2273            0               -0.291210729    -0.161401966    *N2273  
*N2273  0.745729346     
GRID*   2274            0               -0.291229545    -0.160989784    *N2274  
*N2274  0.750005742     
GRID*   2275            0               -0.284956241    -0.171766186    *N2275  
*N2275  0.630813805     
GRID*   2276            0               -0.28196425     -0.173104249    *N2276  
*N2276  0.628517004     
GRID*   2277            0               -0.278759719    -0.173654568    *N2277  
*N2277  0.634421997     
GRID*   2278            0               -0.281976845    -0.173100418    *N2278  
*N2278  0.632617901     
GRID*   2279            0               -0.287508915    -0.169738269    *N2279  
*N2279  0.624940932     
GRID*   2280            0               -0.287511984    -0.169735131    *N2280  
*N2280  0.629009709     
GRID*   2281            0               -0.287502781    -0.169744535    *N2281  
*N2281  0.616803377     
GRID*   2282            0               -0.28494124     -0.171775293    *N2282  
*N2282  0.622644131     
GRID*   2283            0               -0.287505849    -0.169741403    *N2283  
*N2283  0.620872155     
GRID*   2284            0               -0.281939061    -0.17311187     *N2284  
*N2284  0.62031521      
GRID*   2285            0               -0.278724657    -0.173656111    *N2285  
*N2285  0.626188083     
GRID*   2286            0               -0.281951658    -0.173108066    *N2286  
*N2286  0.624416107     
GRID*   2287            0               -0.290757164    -0.164102779    *N2287  
*N2287  0.613876807     
GRID*   2288            0               -0.291233877    -0.160403159    *N2288  
*N2288  0.609145908     
GRID*   2289            0               -0.290869529    -0.163670425    *N2289  
*N2289  0.606263845     
GRID*   2290            0               -0.29081545     -0.163886099    *N2290  
*N2290  0.610070326     
GRID*   2291            0               -0.290881887    -0.157581157    *N2291  
*N2291  0.611535499     
GRID*   2292            0               -0.289298725    -0.153754175    *N2292  
*N2292  0.607297073     
GRID*   2293            0               -0.29051609     -0.156324314    *N2293  
*N2293  0.604907481     
GRID*   2294            0               -0.290714735    -0.156948153    *N2294  
*N2294  0.60822149      
GRID*   2295            0               -0.288300465    -0.152348164    *N2295  
*N2295  0.601161527     
GRID*   2296            0               -0.290039243    -0.155138222    *N2296  
*N2296  0.598279464     
GRID*   2297            0               -0.291192421    -0.15954151     *N2297  
*N2297  0.602025418     
GRID*   2298            0               -0.290292178    -0.155725434    *N2298  
*N2298  0.601593472     
GRID*   2299            0               -0.290960833    -0.16326452     *N2299  
*N2299  0.598650883     
GRID*   2300            0               -0.290917013    -0.163466874    *N2300  
*N2300  0.602457364     
GRID*   2301            0               -0.290900041    -0.163541333    *N2301  
*N2301  0.591192464     
GRID*   2302            0               -0.291221076    -0.159989162    *N2302  
*N2302  0.588248069     
GRID*   2303            0               -0.290829707    -0.163830726    *N2303  
*N2303  0.583734046     
GRID*   2304            0               -0.290865811    -0.163685766    *N2304  
*N2304  0.587463255     
GRID*   2305            0               -0.291181006    -0.159409354    *N2305  
*N2305  0.595059472     
GRID*   2306            0               -0.290931287    -0.163402637    *N2306  
*N2306  0.594921674     
GRID*   2307            0               -0.288120332    -0.152131768    *N2307  
*N2307  0.595335068     
GRID*   2308            0               -0.290374384    -0.155935113    *N2308  
*N2308  0.592115076     
GRID*   2309            0               -0.290213405    -0.155533896    *N2309  
*N2309  0.59519727      
GRID*   2310            0               -0.288833286    -0.153049462    *N2310  
*N2310  0.589817697     
GRID*   2311            0               -0.290660339    -0.156766191    *N2311  
*N2311  0.585950689     
GRID*   2312            0               -0.290524351    -0.156348247    *N2312  
*N2312  0.589032883     
GRID*   2313            0               -0.280616919    -0.147763634    *N2313  
*N2313  0.595627985     
GRID*   2314            0               -0.282904       -0.148420638    *N2314  
*N2314  0.592675548     
GRID*   2315            0               -0.284741997    -0.149306339    *N2315  
*N2315  0.595481526     
GRID*   2316            0               -0.282585054    -0.148301358    *N2316  
*N2316  0.598433963     
GRID*   2317            0               -0.282744915    -0.148359959    *N2317  
*N2317  0.595554755     
GRID*   2318            0               -0.280682255    -0.147776275    *N2318  
*N2318  0.589789222     
GRID*   2319            0               -0.285265609    -0.149627877    *N2319  
*N2319  0.589803459     
GRID*   2320            0               -0.28306228     -0.148483384    *N2320  
*N2320  0.589796341     
GRID*   2321            0               -0.286886915    -0.150866451    *N2321  
*N2321  0.592609438     
GRID*   2322            0               -0.287212706    -0.15116844     *N2322  
*N2322  0.589810578     
GRID*   2323            0               -0.286205493    -0.150296552    *N2323  
*N2323  0.598207157     
GRID*   2324            0               -0.286551048    -0.15057571     *N2324  
*N2324  0.595408297     
GRID*   2325            0               -0.291180635    -0.159405305    *N2325  
*N2325  0.859412998     
GRID*   2326            0               -0.291041667    -0.162841614    *N2326  
*N2326  0.859329408     
GRID*   2327            0               -0.291235359    -0.160594676    *N2327  
*N2327  0.861915225     
GRID*   2328            0               -0.290768135    -0.157136898    *N2328  
*N2328  0.854408545     
GRID*   2329            0               -0.29121719     -0.161288871    *N2329  
*N2329  0.853291294     
GRID*   2330            0               -0.29102451     -0.158261986    *N2330  
*N2330  0.856910772     
GRID*   2331            0               -0.290797278    -0.163955265    *N2331  
*N2331  0.84613593      
GRID*   2332            0               -0.290585567    -0.164669491    *N2332  
*N2332  0.853207704     
GRID*   2333            0               -0.290697216    -0.164311513    *N2333  
*N2333  0.849671817     
GRID*   2334            0               -0.290452814    -0.165054238    *N2334  
*N2334  0.856743591     
GRID*   2335            0               -0.280874378    -0.147815452    *N2335  
*N2335  0.852553119     
GRID*   2336            0               -0.286410779    -0.150460046    *N2336  
*N2336  0.849542012     
GRID*   2337            0               -0.287240433    -0.151195109    *N2337  
*N2337  0.853480832     
GRID*   2338            0               -0.281948063    -0.148090847    *N2338  
*N2338  0.856491939     
GRID*   2339            0               -0.284295015    -0.14905771     *N2339  
*N2339  0.853016976     
GRID*   2340            0               -0.284838154    -0.149362868    *N2340  
*N2340  0.846044088     
GRID*   2341            0               -0.289490122    -0.154075609    *N2341  
*N2341  0.842592084     
GRID*   2342            0               -0.290323004    -0.15580282     *N2342  
*N2342  0.846090009     
GRID*   2343            0               -0.288116075    -0.152126767    *N2343  
*N2343  0.846067048     
GRID*   2344            0               -0.291036185    -0.162872876    *N2344  
*N2344  0.84219711      
GRID*   2345            0               -0.290685812    -0.156850203    *N2345  
*N2345  0.850028829     
GRID*   2346            0               -0.291214968    -0.159870245    *N2346  
*N2346  0.846112969     
GRID*   2347            0               -0.287452724    -0.15140464     *N2347  
*N2347  0.857860548     
GRID*   2348            0               -0.289404136    -0.153928607    *N2348  
*N2348  0.853944688     
GRID*   2349            0               -0.284103806    -0.148958212    *N2349  
*N2349  0.873579764     
GRID*   2350            0               -0.285852458    -0.150030616    *N2350  
*N2350  0.870678852     
GRID*   2351            0               -0.286632529    -0.150644422    *N2351  
*N2351  0.872982635     
GRID*   2352            0               -0.278129289    -0.147532055    *N2352  
*N2352  0.874164702     
GRID*   2353            0               -0.280883694    -0.147817428    *N2353  
*N2353  0.871138153     
GRID*   2354            0               -0.281214415    -0.147892204    *N2354  
*N2354  0.873976159     
GRID*   2355            0               -0.278163506    -0.147532001    *N2355  
*N2355  0.868371788     
GRID*   2356            0               -0.280243156    -0.147697919    *N2356  
*N2356  0.865669992     
GRID*   2357            0               -0.282883257    -0.148412591    *N2357  
*N2357  0.868436356     
GRID*   2358            0               -0.28056417     -0.147753681    *N2358  
*N2358  0.868404072     
GRID*   2359            0               -0.284161698    -0.148987914    *N2359  
*N2359  0.866059312     
GRID*   2360            0               -0.285026919    -0.149477093    *N2360  
*N2360  0.868369082     
GRID*   2361            0               -0.27832472     -0.147532947    *N2361  
*N2361  0.863058407     
GRID*   2362            0               -0.281102193    -0.147865818    *N2362  
*N2362  0.861080966     
GRID*   2363            0               -0.282941564    -0.148435314    *N2363  
*N2363  0.86369255      
GRID*   2364            0               -0.28067408     -0.147774674    *N2364  
*N2364  0.863375479     
GRID*   2365            0               -0.278612855    -0.147539596    *N2365  
*N2365  0.858224559     
GRID*   2366            0               -0.284270433    -0.149044693    *N2366  
*N2366  0.859348346     
GRID*   2367            0               -0.281527013    -0.147971249    *N2367  
*N2367  0.858786452     
GRID*   2368            0               -0.285902181    -0.150066949    *N2368  
*N2368  0.86195993      
GRID*   2369            0               -0.286703696    -0.150705376    *N2369  
*N2369  0.859910239     
GRID*   2370            0               -0.285053108    -0.149493286    *N2370  
*N2370  0.864009621     
GRID*   2371            0               -0.27538735     -0.147831125    *N2371  
*N2371  0.518704193     
GRID*   2372            0               -0.270964704    -0.14969613     *N2372  
*N2372  0.516278662     
GRID*   2373            0               -0.272076904    -0.149038038    *N2373  
*N2373  0.51282886      
GRID*   2374            0               -0.276662132    -0.147618979    *N2374  
*N2374  0.51525439      
GRID*   2375            0               -0.273691262    -0.148322493    *N2375  
*N2375  0.515766526     
GRID*   2376            0               -0.269699982    -0.150646301    *N2376  
*N2376  0.518936908     
GRID*   2377            0               -0.266818342    -0.154121388    *N2377  
*N2377  0.517302935     
GRID*   2378            0               -0.267684289    -0.152797574    *N2378  
*N2378  0.514644689     
GRID*   2379            0               -0.268631277    -0.151664915    *N2379  
*N2379  0.516790798     
GRID*   2380            0               -0.265741663    -0.156553435    *N2380  
*N2380  0.513802272     
GRID*   2381            0               -0.266202103    -0.15534593     *N2381  
*N2381  0.51035247      
GRID*   2382            0               -0.268506198    -0.151800308    *N2382  
*N2382  0.511194886     
GRID*   2383            0               -0.266871105    -0.154029822    *N2383  
*N2383  0.512498579     
GRID*   2384            0               -0.269209252    -0.151085541    *N2384  
*N2384  0.506953527     
GRID*   2385            0               -0.272981217    -0.148605145    *N2385  
*N2385  0.5085875       
GRID*   2386            0               -0.270573752    -0.149964694    *N2386  
*N2386  0.509891193     
GRID*   2387            0               -0.290955616    -0.157910555    *N2387  
*N2387  0.578183412     
GRID*   2388            0               -0.291235154    -0.160673312    *N2388  
*N2388  0.580902369     
GRID*   2389            0               -0.290820921    -0.157335033    *N2389  
*N2389  0.582067051     
GRID*   2390            0               -0.291148912    -0.159099363    *N2390  
*N2390  0.570416134     
GRID*   2391            0               -0.291206476    -0.161468371    *N2391  
*N2391  0.573022373     
GRID*   2392            0               -0.291065968    -0.158502731    *N2392  
*N2392  0.574299773     
GRID*   2393            0               -0.290609647    -0.164595261    *N2393  
*N2393  0.567748615     
GRID*   2394            0               -0.290728617    -0.164203809    *N2394  
*N2394  0.57574133      
GRID*   2395            0               -0.290670875    -0.164399306    *N2395  
*N2395  0.571744973     
GRID*   2396            0               -0.290780733    -0.164016935    *N2396  
*N2396  0.579737688     
GRID*   2397            0               -0.271662044    -0.149266268    *N2397  
*N2397  0.781892996     
GRID*   2398            0               -0.27554261     -0.147798308    *N2398  
*N2398  0.784818794     
GRID*   2399            0               -0.272976138    -0.148607342    *N2399  
*N2399  0.788545839     
GRID*   2400            0               -0.269478523    -0.15083902     *N2400  
*N2400  0.785620041     
GRID*   2401            0               -0.272309818    -0.148918312    *N2401  
*N2401  0.785219417     
GRID*   2402            0               -0.278585043    -0.147538677    *N2402  
*N2402  0.780965722     
GRID*   2403            0               -0.282314003    -0.148207342    *N2403  
*N2403  0.784017548     
GRID*   2404            0               -0.279324945    -0.147583371    *N2404  
*N2404  0.78787062      
GRID*   2405            0               -0.278955311    -0.147555777    *N2405  
*N2405  0.784418171     
GRID*   2406            0               -0.282669384    -0.148331977    *N2406  
*N2406  0.791048474     
GRID*   2407            0               -0.280061123    -0.147669946    *N2407  
*N2407  0.794775519     
GRID*   2408            0               -0.276634258    -0.147622241    *N2408  
*N2408  0.791597665     
GRID*   2409            0               -0.279693648    -0.147621438    *N2409  
*N2409  0.79132307      
GRID*   2410            0               -0.274355925    -0.148100176    *N2410  
*N2410  0.795198682     
GRID*   2411            0               -0.270930636    -0.149718711    *N2411  
*N2411  0.792146856     
GRID*   2412            0               -0.273658895    -0.148334342    *N2412  
*N2412  0.79187226      
GRID*   2413            0               -0.290697999    -0.164308867    *N2413  
*N2413  0.460893924     
GRID*   2414            0               -0.291183113    -0.161767383    *N2414  
*N2414  0.457115686     
GRID*   2415            0               -0.29062855     -0.164535906    *N2415  
*N2415  0.456989102     
GRID*   2416            0               -0.290820182    -0.163867831    *N2416  
*N2416  0.468574594     
GRID*   2417            0               -0.29123349     -0.160821039    *N2417  
*N2417  0.464371591     
GRID*   2418            0               -0.290761289    -0.164087916    *N2418  
*N2418  0.464734259     
GRID*   2419            0               -0.290693571    -0.156876205    *N2419  
*N2419  0.467424495     
GRID*   2420            0               -0.289727589    -0.154506255    *N2420  
*N2420  0.463818918     
GRID*   2421            0               -0.291026003    -0.158270209    *N2421  
*N2421  0.460766015     
GRID*   2422            0               -0.29087891     -0.157568647    *N2422  
*N2422  0.464095255     
GRID*   2423            0               -0.290505812    -0.156294746    *N2423  
*N2423  0.457757865     
GRID*   2424            0               -0.291135826    -0.158990188    *N2424  
*N2424  0.457416948     
GRID*   2425            0               -0.287688726    -0.169550766    *N2425  
*N2425  0.680305704     
GRID*   2426            0               -0.2848022      -0.171858398    *N2426  
*N2426  0.684428665     
GRID*   2427            0               -0.287202827    -0.170041025    *N2427  
*N2427  0.688066614     
GRID*   2428            0               -0.287447381    -0.169800751    *N2428  
*N2428  0.684186159     
GRID*   2429            0               -0.282702799    -0.172855709    *N2429  
*N2429  0.68113524      
GRID*   2430            0               -0.27847045     -0.173664485    *N2430  
*N2430  0.684913677     
GRID*   2431            0               -0.28078007     -0.173404154    *N2431  
*N2431  0.688207102     
GRID*   2432            0               -0.281751939    -0.173166758    *N2432  
*N2432  0.684671171     
GRID*   2433            0               -0.275860549    -0.173462785    *N2433  
*N2433  0.691641015     
GRID*   2434            0               -0.27886572     -0.173649326    *N2434  
*N2434  0.695278964     
GRID*   2435            0               -0.28364124     -0.172466308    *N2435  
*N2435  0.691845051     
GRID*   2436            0               -0.279827427    -0.173562129    *N2436  
*N2436  0.691743033     
GRID*   2437            0               -0.286744375    -0.170459383    *N2437  
*N2437  0.695827524     
GRID*   2438            0               -0.286974437    -0.170254429    *N2438  
*N2438  0.691947069     
GRID*   2439            0               -0.26644362     -0.154827084    *N2439  
*N2439  0.564978792     
GRID*   2440            0               -0.267775872    -0.152676011    *N2440  
*N2440  0.566936978     
GRID*   2441            0               -0.266511054    -0.154692109    *N2441  
*N2441  0.569804466     
GRID*   2442            0               -0.265591033    -0.157049135    *N2442  
*N2442  0.56784628      
GRID*   2443            0               -0.266477143    -0.154759499    *N2443  
*N2443  0.567391629     
GRID*   2444            0               -0.269573576    -0.15075523     *N2444  
*N2444  0.563698155     
GRID*   2445            0               -0.269310779    -0.150990963    *N2445  
*N2445  0.569266499     
GRID*   2446            0               -0.269441381    -0.150872209    *N2446  
*N2446  0.566482327     
GRID*   2447            0               -0.269054445    -0.151233709    *N2447  
*N2447  0.574834842     
GRID*   2448            0               -0.267714892    -0.152756625    *N2448  
*N2448  0.572133987     
GRID*   2449            0               -0.269181792    -0.15111147     *N2449  
*N2449  0.57205067      
GRID*   2450            0               -0.266580042    -0.154557923    *N2450  
*N2450  0.574630139     
GRID*   2451            0               -0.265706453    -0.156663194    *N2451  
*N2451  0.572300619     
GRID*   2452            0               -0.266545355    -0.154624917    *N2452  
*N2452  0.572217303     
GRID*   2453            0               -0.290106168    -0.155286106    *N2453  
*N2453  0.538326854     
GRID*   2454            0               -0.290929107    -0.157787452    *N2454  
*N2454  0.532358659     
GRID*   2455            0               -0.291217729    -0.161278583    *N2455  
*N2455  0.534133627     
GRID*   2456            0               -0.291088825    -0.158648498    *N2456  
*N2456  0.540101822     
GRID*   2457            0               -0.291016181    -0.158216637    *N2457  
*N2457  0.536230241     
GRID*   2458            0               -0.289588208    -0.154248871    *N2458  
*N2458  0.530704448     
GRID*   2459            0               -0.290715483    -0.156950721    *N2459  
*N2459  0.524615496     
GRID*   2460            0               -0.291234985    -0.160699012    *N2460  
*N2460  0.526269707     
GRID*   2461            0               -0.290829208    -0.157367322    *N2461  
*N2461  0.528487078     
GRID*   2462            0               -0.290813683    -0.163892892    *N2462  
*N2462  0.520059998     
GRID*   2463            0               -0.290739179    -0.164166788    *N2463  
*N2463  0.528044675     
GRID*   2464            0               -0.290777278    -0.164029663    *N2464  
*N2464  0.524052337     
GRID*   2465            0               -0.290655164    -0.164450631    *N2465  
*N2465  0.536029353     
GRID*   2466            0               -0.290698087    -0.164308572    *N2466  
*N2466  0.532037014     
GRID*   2467            0               -0.265116194    -0.159936906    *N2467  
*N2467  0.524966105     
GRID*   2468            0               -0.265100577    -0.160421629    *N2468  
*N2468  0.521391245     
GRID*   2469            0               -0.265625537    -0.156929126    *N2469  
*N2469  0.52113452      
GRID*   2470            0               -0.265770383    -0.156466286    *N2470  
*N2470  0.524709379     
GRID*   2471            0               -0.265282797    -0.158418102    *N2471  
*N2471  0.523050312     
GRID*   2472            0               -0.265653321    -0.164364502    *N2472  
*N2472  0.521708813     
GRID*   2473            0               -0.265662167    -0.164393781    *N2473  
*N2473  0.518073111     
GRID*   2474            0               -0.265100195    -0.160452213    *N2474  
*N2474  0.517755543     
GRID*   2475            0               -0.26522804     -0.162429383    *N2475  
*N2475  0.519732178     
GRID*   2476            0               -0.26511186     -0.160028562    *N2476  
*N2476  0.514058998     
GRID*   2477            0               -0.26561698     -0.15695849     *N2477  
*N2477  0.517498817     
GRID*   2478            0               -0.265272725    -0.15847844     *N2478  
*N2478  0.515778908     
GRID*   2479            0               -0.266833536    -0.154094843    *N2479  
*N2479  0.520938637     
GRID*   2480            0               -0.266139729    -0.155490331    *N2480  
*N2480  0.519218727     
GRID*   2481            0               -0.280520795    -0.173454337    *N2481  
*N2481  0.824036913     
GRID*   2482            0               -0.284680083    -0.171929478    *N2482  
*N2482  0.820968804     
GRID*   2483            0               -0.282552682    -0.172910222    *N2483  
*N2483  0.817133462     
GRID*   2484            0               -0.278187975    -0.173667984    *N2484  
*N2484  0.820201571     
GRID*   2485            0               -0.281547704    -0.173223228    *N2485  
*N2485  0.820585187     
GRID*   2486            0               -0.287155886    -0.170085727    *N2486  
*N2486  0.825204807     
GRID*   2487            0               -0.28763618     -0.169606335    *N2487  
*N2487  0.817500033     
GRID*   2488            0               -0.287397526    -0.169850765    *N2488  
*N2488  0.82135242      
GRID*   2489            0               -0.288136166    -0.169049587    *N2489  
*N2489  0.80979526      
GRID*   2490            0               -0.285876056    -0.171152186    *N2490  
*N2490  0.813664692     
GRID*   2491            0               -0.287888681    -0.169333186    *N2491  
*N2491  0.813647647     
GRID*   2492            0               -0.284531937    -0.17201336     *N2492  
*N2492  0.810230011     
GRID*   2493            0               -0.281019006    -0.173353068    *N2493  
*N2493  0.813698781     
GRID*   2494            0               -0.283560984    -0.172503002    *N2494  
*N2494  0.813681736     
GRID*   2495            0               -0.276266067    -0.173528949    *N2495  
*N2495  0.638327987     
GRID*   2496            0               -0.272729727    -0.172482961    *N2496  
*N2496  0.641437228     
GRID*   2497            0               -0.274769344    -0.173218483    *N2497  
*N2497  0.645549159     
GRID*   2498            0               -0.275513162    -0.173395619    *N2498  
*N2498  0.641938573     
GRID*   2499            0               -0.271545201    -0.171865862    *N2499  
*N2499  0.637906053     
GRID*   2500            0               -0.268108622    -0.168942327    *N2500  
*N2500  0.640434539     
GRID*   2501            0               -0.269012684    -0.169925478    *N2501  
*N2501  0.643965714     
GRID*   2502            0               -0.270219505    -0.170973246    *N2502  
*N2502  0.640935884     
GRID*   2503            0               -0.26605        -0.165493078    *N2503  
*N2503  0.645913444     
GRID*   2504            0               -0.267025823    -0.167429259    *N2504  
*N2504  0.650025375     
GRID*   2505            0               -0.270680599    -0.171310791    *N2505  
*N2505  0.648077645     
GRID*   2506            0               -0.26794279     -0.16873823     *N2506  
*N2506  0.646995545     
GRID*   2507            0               -0.273319113    -0.172735367    *N2507  
*N2507  0.652770332     
GRID*   2508            0               -0.274037158    -0.172998147    *N2508  
*N2508  0.649159746     
GRID*   2509            0               -0.267196419    -0.167700076    *N2509  
*N2509  0.55108986      
GRID*   2510            0               -0.265730316    -0.164611556    *N2510  
*N2510  0.547180764     
GRID*   2511            0               -0.265195655    -0.162183506    *N2511  
*N2511  0.551028565     
GRID*   2512            0               -0.26605029     -0.165493796    *N2512  
*N2512  0.554937661     
GRID*   2513            0               -0.265882381    -0.165055549    *N2513  
*N2513  0.551059213     
GRID*   2514            0               -0.266778127    -0.167007652    *N2514  
*N2514  0.54265403      
GRID*   2515            0               -0.265474485    -0.163708627    *N2515  
*N2515  0.539423867     
GRID*   2516            0               -0.26510967     -0.161119013    *N2516  
*N2516  0.543950602     
GRID*   2517            0               -0.265594293    -0.164162388    *N2517  
*N2517  0.543302316     
GRID*   2518            0               -0.265481645    -0.157462284    *N2518  
*N2518  0.541399372     
GRID*   2519            0               -0.266305482    -0.155116526    *N2519  
*N2519  0.545247173     
GRID*   2520            0               -0.265247693    -0.158636628    *N2520  
*N2520  0.547798403     
GRID*   2521            0               -0.265351211    -0.158046775    *N2521  
*N2521  0.544598887     
GRID*   2522            0               -0.265810582    -0.156347628    *N2522  
*N2522  0.550967271     
GRID*   2523            0               -0.265122215    -0.159827457    *N2523  
*N2523  0.554197433     
GRID*   2524            0               -0.265171307    -0.159230604    *N2524  
*N2524  0.550997918     
GRID*   2525            0               -0.267159121    -0.16764211     *N2525  
*N2525  0.492633222     
GRID*   2526            0               -0.265821341    -0.16488351     *N2526  
*N2526  0.492783926     
GRID*   2527            0               -0.265946509    -0.165228545    *N2527  
*N2527  0.49658909      
GRID*   2528            0               -0.267361234    -0.167948487    *N2528  
*N2528  0.496438386     
GRID*   2529            0               -0.266490289    -0.166466741    *N2529  
*N2529  0.494611156     
GRID*   2530            0               -0.265862016    -0.164998993    *N2530  
*N2530  0.489029615     
GRID*   2531            0               -0.265132026    -0.161523421    *N2531  
*N2531  0.489129467     
GRID*   2532            0               -0.265123947    -0.161401251    *N2532  
*N2532  0.492883779     
GRID*   2533            0               -0.265365961    -0.16322618     *N2533  
*N2533  0.490956697     
GRID*   2534            0               -0.265501456    -0.157383245    *N2534  
*N2534  0.492932779     
GRID*   2535            0               -0.265416113    -0.157740222    *N2535  
*N2535  0.496737943     
GRID*   2536            0               -0.265151594    -0.161767246    *N2536  
*N2536  0.496688943     
GRID*   2537            0               -0.265140775    -0.159560422    *N2537  
*N2537  0.494810861     
GRID*   2538            0               -0.265255994    -0.162617241    *N2538  
*N2538  0.500544959     
GRID*   2539            0               -0.266275909    -0.166019043    *N2539  
*N2539  0.500445106     
GRID*   2540            0               -0.265533603    -0.163940782    *N2540  
*N2540  0.498567024     
GRID*   2541            0               -0.275980886    -0.173483787    *N2541  
*N2541  0.798070018     
GRID*   2542            0               -0.275222833    -0.173331943    *N2542  
*N2542  0.806725469     
GRID*   2543            0               -0.278506307    -0.173663604    *N2543  
*N2543  0.805884399     
GRID*   2544            0               -0.279278227    -0.173620699    *N2544  
*N2544  0.797228948     
GRID*   2545            0               -0.277239231    -0.173634999    *N2545  
*N2545  0.801977208     
GRID*   2546            0               -0.271767164    -0.171993424    *N2546  
*N2546  0.80856445      
GRID*   2547            0               -0.271452448    -0.171810824    *N2547  
*N2547  0.816221991     
GRID*   2548            0               -0.274869512    -0.173245032    *N2548  
*N2548  0.81438301      
GRID*   2549            0               -0.273278123    -0.17271891     *N2549  
*N2549  0.81147373      
GRID*   2550            0               -0.274913555    -0.173256436    *N2550  
*N2550  0.821042641     
GRID*   2551            0               -0.278142481    -0.173667976    *N2551  
*N2551  0.81354194      
GRID*   2552            0               -0.276515154    -0.173563134    *N2552  
*N2552  0.81729229      
GRID*   2553            0               -0.28137295     -0.173268734    *N2553  
*N2553  0.80604124      
GRID*   2554            0               -0.279770195    -0.173569331    *N2554  
*N2554  0.80979159      
GRID*   2555            0               -0.268276304    -0.16914047     *N2555  
*N2555  0.594546817     
GRID*   2556            0               -0.265819816    -0.16487911     *N2556  
*N2556  0.592322868     
GRID*   2557            0               -0.26535567     -0.163175504    *N2557  
*N2557  0.597171441     
GRID*   2558            0               -0.26721527     -0.16772912     *N2558  
*N2558  0.59939539      
GRID*   2559            0               -0.266430713    -0.166346629    *N2559  
*N2559  0.595859129     
GRID*   2560            0               -0.266618557    -0.166715373    *N2560  
*N2560  0.587324305     
GRID*   2561            0               -0.265152452    -0.161776776    *N2561  
*N2561  0.585250347     
GRID*   2562            0               -0.265125459    -0.159774497    *N2562  
*N2562  0.59024891      
GRID*   2563            0               -0.265391617    -0.163348275    *N2563  
*N2563  0.588786608     
GRID*   2564            0               -0.266565216    -0.154586442    *N2564  
*N2564  0.588324942     
GRID*   2565            0               -0.267481797    -0.153077276    *N2565  
*N2565  0.593173515     
GRID*   2566            0               -0.265355793    -0.158023883    *N2566  
*N2566  0.595097483     
GRID*   2567            0               -0.2658401      -0.1562628      *N2567  
*N2567  0.591711213     
GRID*   2568            0               -0.265744322    -0.15654528     *N2568  
*N2568  0.599796066     
GRID*   2569            0               -0.265142554    -0.161661634    *N2569  
*N2569  0.601870024     
GRID*   2570            0               -0.265121753    -0.159835289    *N2570  
*N2570  0.598483754     
GRID*   2571            0               -0.273377264    -0.172758438    *N2571  
*N2571  0.634842789     
GRID*   2572            0               -0.270364908    -0.171083052    *N2572  
*N2572  0.632200316     
GRID*   2573            0               -0.268829952    -0.169742508    *N2573  
*N2573  0.63526358      
GRID*   2574            0               -0.270944442    -0.171490458    *N2574  
*N2574  0.635053184     
GRID*   2575            0               -0.275777101    -0.17344754     *N2575  
*N2575  0.630936799     
GRID*   2576            0               -0.276021198    -0.173490563    *N2576  
*N2576  0.634632393     
GRID*   2577            0               -0.275291574    -0.173347646    *N2577  
*N2577  0.623545611     
GRID*   2578            0               -0.272501088    -0.172375652    *N2578  
*N2578  0.628294326     
GRID*   2579            0               -0.275533864    -0.173399895    *N2579  
*N2579  0.627241205     
GRID*   2580            0               -0.269276262    -0.170177108    *N2580  
*N2580  0.626494579     
GRID*   2581            0               -0.267617083    -0.168311309    *N2581  
*N2581  0.630400569     
GRID*   2582            0               -0.269808303    -0.170644839    *N2582  
*N2582  0.629347447     
GRID*   2583            0               -0.276473504    -0.147642243    *N2583  
*N2583  0.521858774     
GRID*   2584            0               -0.271839518    -0.149166233    *N2584  
*N2584  0.524553286     
GRID*   2585            0               -0.270898308    -0.14974028     *N2585  
*N2585  0.521398705     
GRID*   2586            0               -0.273564766    -0.148369352    *N2586  
*N2586  0.521628739     
GRID*   2587            0               -0.272462967    -0.148842767    *N2587  
*N2587  0.52840065      
GRID*   2588            0               -0.26882414     -0.151463433    *N2588  
*N2588  0.530402379     
GRID*   2589            0               -0.268346748    -0.151978619    *N2589  
*N2589  0.526555015     
GRID*   2590            0               -0.27024809     -0.150204915    *N2590  
*N2590  0.527477832     
GRID*   2591            0               -0.26616292     -0.155436082    *N2591  
*N2591  0.52786396      
GRID*   2592            0               -0.267655018    -0.152837056    *N2592  
*N2592  0.523400434     
GRID*   2593            0               -0.266834218    -0.154093655    *N2593  
*N2593  0.525632197     
GRID*   2594            0               -0.268614491    -0.151682863    *N2594  
*N2594  0.521168671     
GRID*   2595            0               -0.290729683    -0.164200092    *N2595  
*N2595  0.629371198     
GRID*   2596            0               -0.291229196    -0.16100132     *N2596  
*N2596  0.623789588     
GRID*   2597            0               -0.290743568    -0.164151282    *N2597  
*N2597  0.621624002     
GRID*   2598            0               -0.290736652    -0.164175682    *N2598  
*N2598  0.6254976       
GRID*   2599            0               -0.290948534    -0.157877098    *N2599  
*N2599  0.625596934     
GRID*   2600            0               -0.28986453     -0.154773437    *N2600  
*N2600  0.620373563     
GRID*   2601            0               -0.290916029    -0.157728752    *N2601  
*N2601  0.618566217     
GRID*   2602            0               -0.290932497    -0.157802878    *N2602  
*N2602  0.622081575     
GRID*   2603            0               -0.289772961    -0.154593118    *N2603  
*N2603  0.613701085     
GRID*   2604            0               -0.29123191     -0.160900237    *N2604  
*N2604  0.616400631     
GRID*   2605            0               -0.290899172    -0.157654905    *N2605  
*N2605  0.615050858     
GRID*   2606            0               -0.290750393    -0.164127025    *N2606  
*N2606  0.617750405     
GRID*   2607            0               -0.267429078    -0.168047277    *N2607  
*N2607  0.558795334     
GRID*   2608            0               -0.269744572    -0.17059146     *N2608  
*N2608  0.563330275     
GRID*   2609            0               -0.272137097    -0.172193471    *N2609  
*N2609  0.560725218     
GRID*   2610            0               -0.269320648    -0.170218124    *N2610  
*N2610  0.556190276     
GRID*   2611            0               -0.269530592    -0.170407083    *N2611  
*N2611  0.559760276     
GRID*   2612            0               -0.267444394    -0.168069312    *N2612  
*N2612  0.565770451     
GRID*   2613            0               -0.270184233    -0.170946126    *N2613  
*N2613  0.570470274     
GRID*   2614            0               -0.273135959    -0.172660582    *N2614  
*N2614  0.568030098     
GRID*   2615            0               -0.269962486    -0.170771169    *N2615  
*N2615  0.566900275     
GRID*   2616            0               -0.277529102    -0.173652404    *N2616  
*N2616  0.572894802     
GRID*   2617            0               -0.280402996    -0.173475347    *N2617  
*N2617  0.570289745     
GRID*   2618            0               -0.275899288    -0.173469673    *N2618  
*N2618  0.565425041     
GRID*   2619            0               -0.276711326    -0.173586631    *N2619  
*N2619  0.569159922     
GRID*   2620            0               -0.278234855    -0.173667826    *N2620  
*N2620  0.562655102     
GRID*   2621            0               -0.274305197    -0.173084243    *N2621  
*N2621  0.557955279     
GRID*   2622            0               -0.275096191    -0.17330199     *N2622  
*N2622  0.56169016      
GRID*   2623            0               -0.287225393    -0.170019377    *N2623  
*N2623  0.552362435     
GRID*   2624            0               -0.284712531    -0.171910763    *N2624  
*N2624  0.558455903     
GRID*   2625            0               -0.287595676    -0.169648728    *N2625  
*N2625  0.560350171     
GRID*   2626            0               -0.287411433    -0.169836868    *N2626  
*N2626  0.556356303     
GRID*   2627            0               -0.280803759    -0.173399298    *N2627  
*N2627  0.556679332     
GRID*   2628            0               -0.282360047    -0.172977156    *N2628  
*N2628  0.564431673     
GRID*   2629            0               -0.28158842     -0.173212255    *N2629  
*N2629  0.560555503     
GRID*   2630            0               -0.283890005    -0.17234836     *N2630  
*N2630  0.572184013     
GRID*   2631            0               -0.28563178     -0.171326372    *N2631  
*N2631  0.566325941     
GRID*   2632            0               -0.283134985    -0.17268699     *N2632  
*N2632  0.568307843     
GRID*   2633            0               -0.287978393    -0.169232279    *N2633  
*N2633  0.568337908     
GRID*   2634            0               -0.287788386    -0.169443556    *N2634  
*N2634  0.56434404      
GRID*   2635            0               -0.265213902    -0.162326426    *N2635  
*N2635  0.46638947      
GRID*   2636            0               -0.265106652    -0.160163493    *N2636  
*N2636  0.468810271     
GRID*   2637            0               -0.265257082    -0.162624194    *N2637  
*N2637  0.470866154     
GRID*   2638            0               -0.265768644    -0.164728496    *N2638  
*N2638  0.468445353     
GRID*   2639            0               -0.265234635    -0.162475434    *N2639  
*N2639  0.468627812     
GRID*   2640            0               -0.26550625     -0.157364427    *N2640  
*N2640  0.466365375     
GRID*   2641            0               -0.266071964    -0.155652877    *N2641  
*N2641  0.46917519      
GRID*   2642            0               -0.26529098     -0.158370323    *N2642  
*N2642  0.471620086     
GRID*   2643            0               -0.265388713    -0.157865256    *N2643  
*N2643  0.46899273      
GRID*   2644            0               -0.265614281    -0.156967807    *N2644  
*N2644  0.474818915     
GRID*   2645            0               -0.265155495    -0.159390036    *N2645  
*N2645  0.476874798     
GRID*   2646            0               -0.265101354    -0.160828314    *N2646  
*N2646  0.473675969     
GRID*   2647            0               -0.2652132      -0.158878846    *N2647  
*N2647  0.474247442     
GRID*   2648            0               -0.265307107    -0.162920889    *N2648  
*N2648  0.475342839     
GRID*   2649            0               -0.265748843    -0.164668545    *N2649  
*N2649  0.472533023     
GRID*   2650            0               -0.265281241    -0.162772685    *N2650  
*N2650  0.473104496     
GRID*   2651            0               -0.275652622    -0.173423756    *N2651  
*N2651  0.658794464     
GRID*   2652            0               -0.275648061    -0.173422861    *N2652  
*N2652  0.666456638     
GRID*   2653            0               -0.278525641    -0.173663088    *N2653  
*N2653  0.66562588      
GRID*   2654            0               -0.278530288    -0.173662959    *N2654  
*N2654  0.657963706     
GRID*   2655            0               -0.277082511    -0.173622892    *N2655  
*N2655  0.662210172     
GRID*   2656            0               -0.272347444    -0.172300479    *N2656  
*N2656  0.66809777      
GRID*   2657            0               -0.272889235    -0.172554666    *N2657  
*N2657  0.674949569     
GRID*   2658            0               -0.276237777    -0.173524757    *N2658  
*N2658  0.673308437     
GRID*   2659            0               -0.274244555    -0.173065321    *N2659  
*N2659  0.670703104     
GRID*   2660            0               -0.277432746    -0.173647336    *N2660  
*N2660  0.679349862     
GRID*   2661            0               -0.280316055    -0.173490141    *N2661  
*N2661  0.678519104     
GRID*   2662            0               -0.279123339    -0.173632986    *N2662  
*N2662  0.672477679     
GRID*   2663            0               -0.278278275    -0.173667529    *N2663  
*N2663  0.67591377      
GRID*   2664            0               -0.281381223    -0.173266638    *N2664  
*N2664  0.672457296     
GRID*   2665            0               -0.28079793     -0.173400497    *N2665  
*N2665  0.665605497     
GRID*   2666            0               -0.279964398    -0.173543851    *N2666  
*N2666  0.669041588     
GRID*   2667            0               -0.284838707    -0.171836803    *N2667  
*N2667  0.654742811     
GRID*   2668            0               -0.287654813    -0.169586704    *N2668  
*N2668  0.657127125     
GRID*   2669            0               -0.287462905    -0.169785067    *N2669  
*N2669  0.653132363     
GRID*   2670            0               -0.282605515    -0.172891273    *N2670  
*N2670  0.660232109     
GRID*   2671            0               -0.281801086    -0.173152635    *N2671  
*N2671  0.656353259     
GRID*   2672            0               -0.284194962    -0.172194854    *N2672  
*N2672  0.667989811     
GRID*   2673            0               -0.285794661    -0.171211169    *N2673  
*N2673  0.662616424     
GRID*   2674            0               -0.283411811    -0.172569476    *N2674  
*N2674  0.66411096      
GRID*   2675            0               -0.288053198    -0.16914651     *N2675  
*N2675  0.665116648     
GRID*   2676            0               -0.287855554    -0.169369921    *N2676  
*N2676  0.661121887     
GRID*   2677            0               -0.265186789    -0.162109104    *N2677  
*N2677  0.484831053     
GRID*   2678            0               -0.265359888    -0.1580036      *N2678  
*N2678  0.484083432     
GRID*   2679            0               -0.265489707    -0.157429866    *N2679  
*N2679  0.488381846     
GRID*   2680            0               -0.265126657    -0.159755787    *N2680  
*N2680  0.486606449     
GRID*   2681            0               -0.265183677    -0.1591179      *N2681  
*N2681  0.480037536     
GRID*   2682            0               -0.266520794    -0.154672931    *N2682  
*N2682  0.479037397     
GRID*   2683            0               -0.267075394    -0.153690519    *N2683  
*N2683  0.483083293     
GRID*   2684            0               -0.265827452    -0.156298918    *N2684  
*N2684  0.481560415     
GRID*   2685            0               -0.270624904    -0.149928356    *N2685  
*N2685  0.481830635     
GRID*   2686            0               -0.271112793    -0.14959974     *N2686  
*N2686  0.486129049     
GRID*   2687            0               -0.267397574    -0.153198356    *N2687  
*N2687  0.487381707     
GRID*   2688            0               -0.268866404    -0.151420411    *N2688  
*N2688  0.484606171     
GRID*   2689            0               -0.267424878    -0.153158783    *N2689  
*N2689  0.49193264      
GRID*   2690            0               -0.266264158    -0.155206818    *N2690  
*N2690  0.490157243     
GRID*   2691            0               -0.269564285    -0.150763348    *N2691  
*N2691  0.820656685     
GRID*   2692            0               -0.267554189    -0.152975485    *N2692  
*N2692  0.816745809     
GRID*   2693            0               -0.269374363    -0.150932744    *N2693  
*N2693  0.813707343     
GRID*   2694            0               -0.271801009    -0.149187629    *N2694  
*N2694  0.817618219     
GRID*   2695            0               -0.269468911    -0.150847584    *N2695  
*N2695  0.817182014     
GRID*   2696            0               -0.266276802    -0.155178999    *N2696  
*N2696  0.819692054     
GRID*   2697            0               -0.265319927    -0.158209165    *N2697  
*N2697  0.8158734       
GRID*   2698            0               -0.26602771     -0.155762487    *N2698  
*N2698  0.812927156     
GRID*   2699            0               -0.266148715    -0.155469231    *N2699  
*N2699  0.816309605     
GRID*   2700            0               -0.265194745    -0.159023963    *N2700  
*N2700  0.809200724     
GRID*   2701            0               -0.265807232    -0.156357376    *N2701  
*N2701  0.806162258     
GRID*   2702            0               -0.267301038    -0.153340822    *N2702  
*N2702  0.80988869      
GRID*   2703            0               -0.26591386     -0.156058593    *N2703  
*N2703  0.809544707     
GRID*   2704            0               -0.269187776    -0.151105807    *N2704  
*N2704  0.806758002     
GRID*   2705            0               -0.271744764    -0.149219188    *N2705  
*N2705  0.810576656     
GRID*   2706            0               -0.269280648    -0.151018821    *N2706  
*N2706  0.810232673     
GRID*   2707            0               -0.290829876    -0.163830061    *N2707  
*N2707  0.689903322     
GRID*   2708            0               -0.291234384    -0.160759725    *N2708  
*N2708  0.687695876     
GRID*   2709            0               -0.290704318    -0.164287453    *N2709  
*N2709  0.681736207     
GRID*   2710            0               -0.29076946     -0.164058277    *N2710  
*N2710  0.685819764     
GRID*   2711            0               -0.290931691    -0.1634008      *N2711  
*N2711  0.698070437     
GRID*   2712            0               -0.29121351     -0.15984462     *N2712  
*N2712  0.695924671     
GRID*   2713            0               -0.290882841    -0.163614822    *N2713  
*N2713  0.693986879     
GRID*   2714            0               -0.290207876    -0.15552077     *N2714  
*N2714  0.702007701     
GRID*   2715            0               -0.288674577    -0.152830122    *N2715  
*N2715  0.699800255     
GRID*   2716            0               -0.290669424    -0.156795922    *N2716  
*N2716  0.693717225     
GRID*   2717            0               -0.290455202    -0.156152355    *N2717  
*N2717  0.697862463     
GRID*   2718            0               -0.289656741    -0.154373706    *N2718  
*N2718  0.691448099     
GRID*   2719            0               -0.291002607    -0.158144589    *N2719  
*N2719  0.685426749     
GRID*   2720            0               -0.29085395     -0.157465825    *N2720  
*N2720  0.689571987     
GRID*   2721            0               -0.290444394    -0.165077395    *N2721  
*N2721  0.801652723     
GRID*   2722            0               -0.290938185    -0.163371037    *N2722  
*N2722  0.797842338     
GRID*   2723            0               -0.290266152    -0.16553881     *N2723  
*N2723  0.793609348     
GRID*   2724            0               -0.290357717    -0.165308272    *N2724  
*N2724  0.797631036     
GRID*   2725            0               -0.290597637    -0.164632471    *N2725  
*N2725  0.809696099     
GRID*   2726            0               -0.291107859    -0.162421014    *N2726  
*N2726  0.805823654     
GRID*   2727            0               -0.290523281    -0.164854859    *N2727  
*N2727  0.805674411     
GRID*   2728            0               -0.291161859    -0.159215946    *N2728  
*N2728  0.809932526     
GRID*   2729            0               -0.290854102    -0.15746644     *N2729  
*N2729  0.80612214      
GRID*   2730            0               -0.291235267    -0.16064922     *N2730  
*N2730  0.802013269     
GRID*   2731            0               -0.291218254    -0.159931575    *N2731  
*N2731  0.805972897     
GRID*   2732            0               -0.291177155    -0.159367988    *N2732  
*N2732  0.798264942     
GRID*   2733            0               -0.291148313    -0.162105818    *N2733  
*N2733  0.794094011     
GRID*   2734            0               -0.291212136    -0.161378734    *N2734  
*N2734  0.79805364      
GRID*   2735            0               -0.286049766    -0.171023066    *N2735  
*N2735  0.67009504      
GRID*   2736            0               -0.287869973    -0.169353966    *N2736  
*N2736  0.672711176     
GRID*   2737            0               -0.287961942    -0.169250941    *N2737  
*N2737  0.668913912     
GRID*   2738            0               -0.283454983    -0.172550467    *N2738  
*N2738  0.674562525     
GRID*   2739            0               -0.283827766    -0.172378473    *N2739  
*N2739  0.671276168     
GRID*   2740            0               -0.285608887    -0.171342266    *N2740  
*N2740  0.677178661     
GRID*   2741            0               -0.283081262    -0.17270893     *N2741  
*N2741  0.677848883     
GRID*   2742            0               -0.28777965     -0.16945305     *N2742  
*N2742  0.67650844      
GRID*   2743            0               -0.274609044    -0.14802578     *N2743  
*N2743  0.457923081     
GRID*   2744            0               -0.272043775    -0.14905555     *N2744  
*N2744  0.460664319     
GRID*   2745            0               -0.270067918    -0.150344676    *N2745  
*N2745  0.456848812     
GRID*   2746            0               -0.272228563    -0.148959411    *N2746  
*N2746  0.45736613      
GRID*   2747            0               -0.274278369    -0.148124088    *N2747  
*N2747  0.464314567     
GRID*   2748            0               -0.271687254    -0.149251835    *N2748  
*N2748  0.467221064     
GRID*   2749            0               -0.26970515     -0.150641906    *N2749  
*N2749  0.463570816     
GRID*   2750            0               -0.27186475     -0.149152304    *N2750  
*N2750  0.463942691     
GRID*   2751            0               -0.267724838    -0.152743387    *N2751  
*N2751  0.466642572     
GRID*   2752            0               -0.266469713    -0.154774393    *N2752  
*N2752  0.462999689     
GRID*   2753            0               -0.268034638    -0.152347693    *N2753  
*N2753  0.459927932     
GRID*   2754            0               -0.267877835    -0.152544051    *N2754  
*N2754  0.463285252     
GRID*   2755            0               -0.266718496    -0.154299512    *N2755  
*N2755  0.456292413     
GRID*   2756            0               -0.268199373    -0.152149446    *N2756  
*N2756  0.456506093     
GRID*   2757            0               -0.28590333     -0.150067793    *N2757  
*N2757  0.68256999      
GRID*   2758            0               -0.286765423    -0.150758967    *N2758  
*N2758  0.688496073     
GRID*   2759            0               -0.283811221    -0.14881359     *N2759  
*N2759  0.69147013      
GRID*   2760            0               -0.282795345    -0.148378937    *N2760  
*N2760  0.685544047     
GRID*   2761            0               -0.284886603    -0.149391771    *N2761  
*N2761  0.68702006      
GRID*   2762            0               -0.288976402    -0.153255802    *N2762  
*N2762  0.685704677     
GRID*   2763            0               -0.287706573    -0.151668257    *N2763  
*N2763  0.694239495     
GRID*   2764            0               -0.288372405    -0.1524373      *N2764  
*N2764  0.689972086     
GRID*   2765            0               -0.286205892    -0.150296864    *N2765  
*N2765  0.702774312     
GRID*   2766            0               -0.284961753    -0.149437167    *N2766  
*N2766  0.697213552     
GRID*   2767            0               -0.286982941    -0.150953334    *N2767  
*N2767  0.698506903     
GRID*   2768            0               -0.281522471    -0.147970042    *N2768  
*N2768  0.70037027      
GRID*   2769            0               -0.280242448    -0.147697805    *N2769  
*N2769  0.694626848     
GRID*   2770            0               -0.282686571    -0.148338297    *N2770  
*N2770  0.6959202       
GRID*   2771            0               -0.285814388    -0.150003039    *N2771  
*N2771  0.82213243      
GRID*   2772            0               -0.282539125    -0.148284957    *N2772  
*N2772  0.822791585     
GRID*   2773            0               -0.282502733    -0.148272098    *N2773  
*N2773  0.819628947     
GRID*   2774            0               -0.285783056    -0.1499805      *N2774  
*N2774  0.818969791     
GRID*   2775            0               -0.284220749    -0.149018588    *N2775  
*N2775  0.820880688     
GRID*   2776            0               -0.282945424    -0.148436829    *N2776  
*N2776  0.826336258     
GRID*   2777            0               -0.278952207    -0.14755559     *N2777  
*N2777  0.826613379     
GRID*   2778            0               -0.27851886     -0.147536728    *N2778  
*N2778  0.823068706     
GRID*   2779            0               -0.280771329    -0.147794065    *N2779  
*N2779  0.824702482     
GRID*   2780            0               -0.274086946    -0.148185377    *N2780  
*N2780  0.822963793     
GRID*   2781            0               -0.274050298    -0.148197483    *N2781  
*N2781  0.819801154     
GRID*   2782            0               -0.278480277    -0.147535747    *N2782  
*N2782  0.819906068     
GRID*   2783            0               -0.276255813    -0.147672564    *N2783  
*N2783  0.82143493      
GRID*   2784            0               -0.278836598    -0.147549148    *N2784  
*N2784  0.817125463     
GRID*   2785            0               -0.282837467    -0.148394971    *N2785  
*N2785  0.816848342     
GRID*   2786            0               -0.28069564     -0.147778907    *N2786  
*N2786  0.818377205     
GRID*   2787            0               -0.282113815    -0.148142146    *N2787  
*N2787  0.809308908     
GRID*   2788            0               -0.279274711    -0.147579002    *N2788  
*N2788  0.812125717     
GRID*   2789            0               -0.27681724     -0.147601931    *N2789  
*N2789  0.809942782     
GRID*   2790            0               -0.279711575    -0.147623559    *N2790  
*N2790  0.807125972     
GRID*   2791            0               -0.27949333     -0.147599445    *N2791  
*N2791  0.809625845     
GRID*   2792            0               -0.281531077    -0.147972331    *N2792  
*N2792  0.813628048     
GRID*   2793            0               -0.276547733    -0.147632755    *N2793  
*N2793  0.815623133     
GRID*   2794            0               -0.27905578     -0.147562234    *N2794  
*N2794  0.81462559      
GRID*   2795            0               -0.274148548    -0.148165299    *N2795  
*N2795  0.813440197     
GRID*   2796            0               -0.274099391    -0.148181294    *N2796  
*N2796  0.816620676     
GRID*   2797            0               -0.27424705     -0.148133894    *N2797  
*N2797  0.80707924      
GRID*   2798            0               -0.274197768    -0.148149499    *N2798  
*N2798  0.810259719     
GRID*   2799            0               -0.291079083    -0.162614947    *N2799  
*N2799  0.741720787     
GRID*   2800            0               -0.290616948    -0.164572451    *N2800  
*N2800  0.737336425     
GRID*   2801            0               -0.29049148     -0.16494611     *N2801  
*N2801  0.74120124      
GRID*   2802            0               -0.290952294    -0.157894804    *N2802  
*N2802  0.742759882     
GRID*   2803            0               -0.291148867    -0.159098968    *N2803  
*N2803  0.738751323     
GRID*   2804            0               -0.291230648    -0.160249101    *N2804  
*N2804  0.742240335     
GRID*   2805            0               -0.28998933     -0.155031012    *N2805  
*N2805  0.736157662     
GRID*   2806            0               -0.29122545     -0.161108825    *N2806  
*N2806  0.734366961     
GRID*   2807            0               -0.290973191    -0.157995521    *N2807  
*N2807  0.735262312     
GRID*   2808            0               -0.290722488    -0.164225103    *N2808  
*N2808  0.73347161      
GRID*   2809            0               -0.285391565    -0.171489604    *N2809  
*N2809  0.573822678     
GRID*   2810            0               -0.287392258    -0.169856019    *N2810  
*N2810  0.575952342     
GRID*   2811            0               -0.287688239    -0.169551283    *N2811  
*N2811  0.572145125     
GRID*   2812            0               -0.279884446    -0.173554699    *N2812  
*N2812  0.577177784     
GRID*   2813            0               -0.281580428    -0.17321442     *N2813  
*N2813  0.578816448     
GRID*   2814            0               -0.282755696    -0.172836004    *N2814  
*N2814  0.575500231     
GRID*   2815            0               -0.276664324    -0.173581275    *N2815  
*N2815  0.583319219     
GRID*   2816            0               -0.279246882    -0.173623335    *N2816  
*N2816  0.585448883     
GRID*   2817            0               -0.283994806    -0.17229673     *N2817  
*N2817  0.580946113     
GRID*   2818            0               -0.280422941    -0.173471868    *N2818  
*N2818  0.582132666     
GRID*   2819            0               -0.28684005     -0.170375329    *N2819  
*N2819  0.583566777     
GRID*   2820            0               -0.287117612    -0.170121849    *N2820  
*N2820  0.57975956      
GRID*   2821            0               -0.275906121    -0.173470875    *N2821  
*N2821  0.492841408     
GRID*   2822            0               -0.271999522    -0.172120868    *N2822  
*N2822  0.496702199     
GRID*   2823            0               -0.273968687    -0.172975127    *N2823  
*N2823  0.500826804     
GRID*   2824            0               -0.278043583    -0.173667414    *N2824  
*N2824  0.496966013     
GRID*   2825            0               -0.274927907    -0.173260117    *N2825  
*N2825  0.496834106     
GRID*   2826            0               -0.270253566    -0.170999255    *N2826  
*N2826  0.49390382      
GRID*   2827            0               -0.268660729    -0.169566415    *N2827  
*N2827  0.499236765     
GRID*   2828            0               -0.269427734    -0.170315532    *N2828  
*N2828  0.496570293     
GRID*   2829            0               -0.267323418    -0.167892569    *N2829  
*N2829  0.504569711     
GRID*   2830            0               -0.270256771    -0.171001693    *N2830  
*N2830  0.50336137      
GRID*   2831            0               -0.267957713    -0.168756944    *N2831  
*N2831  0.501903238     
GRID*   2832            0               -0.272129585    -0.17218956     *N2832  
*N2832  0.5088122       
GRID*   2833            0               -0.27612175     -0.173506901    *N2833  
*N2833  0.506277634     
GRID*   2834            0               -0.273034087    -0.172617576    *N2834  
*N2834  0.504819502     
GRID*   2835            0               -0.26786225     -0.168636002    *N2835  
*N2835  0.50903473      
GRID*   2836            0               -0.268109827    -0.16894378     *N2836  
*N2836  0.513442655     
GRID*   2837            0               -0.272482612    -0.172366744    *N2837  
*N2837  0.513220125     
GRID*   2838            0               -0.269957701    -0.170767307    *N2838  
*N2838  0.511127427     
GRID*   2839            0               -0.265369991    -0.163245749    *N2839  
*N2839  0.504849335     
GRID*   2840            0               -0.265587357    -0.164137817    *N2840  
*N2840  0.509314354     
GRID*   2841            0               -0.266305874    -0.166084322    *N2841  
*N2841  0.506942033     
GRID*   2842            0               -0.265135094    -0.15963425     *N2842  
*N2842  0.509651073     
GRID*   2843            0               -0.265700026    -0.164516403    *N2843  
*N2843  0.51372228      
GRID*   2844            0               -0.265185979    -0.162102124    *N2844  
*N2844  0.511686676     
GRID*   2845            0               -0.268028374    -0.16884461     *N2845  
*N2845  0.517793487     
GRID*   2846            0               -0.266658895    -0.16679095     *N2846  
*N2846  0.515757883     
GRID*   2847            0               -0.287944127    -0.169271069    *N2847  
*N2847  0.599499976     
GRID*   2848            0               -0.285739298    -0.171250745    *N2848  
*N2848  0.604762343     
GRID*   2849            0               -0.287721605    -0.169515662    *N2849  
*N2849  0.608151677     
GRID*   2850            0               -0.28783334     -0.169394399    *N2850  
*N2850  0.603825826     
GRID*   2851            0               -0.283750013    -0.172415524    *N2851  
*N2851  0.600826743     
GRID*   2852            0               -0.280634388    -0.17343302     *N2852  
*N2852  0.606635377     
GRID*   2853            0               -0.282850934    -0.172799867    *N2853  
*N2853  0.610570977     
GRID*   2854            0               -0.28330407     -0.172616107    *N2854  
*N2854  0.60569886      
GRID*   2855            0               -0.27935298     -0.173614105    *N2855  
*N2855  0.616925877     
GRID*   2856            0               -0.285202631    -0.17161261     *N2856  
*N2856  0.61396031      
GRID*   2857            0               -0.282397875    -0.172964278    *N2857  
*N2857  0.615443094     
GRID*   2858            0               -0.287612572    -0.16963109     *N2858  
*N2858  0.612477527     
GRID*   2859            0               -0.290455459    -0.165046936    *N2859  
*N2859  0.483207517     
GRID*   2860            0               -0.291138709    -0.162186422    *N2860  
*N2860  0.477790777     
GRID*   2861            0               -0.290659131    -0.164437744    *N2861  
*N2861  0.475891055     
GRID*   2862            0               -0.290561538    -0.164742097    *N2862  
*N2862  0.479549286     
GRID*   2863            0               -0.291235161    -0.160527926    *N2863  
*N2863  0.478901526     
GRID*   2864            0               -0.290739465    -0.15703422     *N2864  
*N2864  0.47427376      
GRID*   2865            0               -0.291090265    -0.158658059    *N2865  
*N2865  0.47316301      
GRID*   2866            0               -0.291196301    -0.159590389    *N2866  
*N2866  0.476032268     
GRID*   2867            0               -0.289845879    -0.154736143    *N2867  
*N2867  0.469324217     
GRID*   2868            0               -0.29123052     -0.160955617    *N2868  
*N2868  0.471263288     
GRID*   2869            0               -0.29092307     -0.157760196    *N2869  
*N2869  0.470293752     
GRID*   2870            0               -0.290743333    -0.164152114    *N2870  
*N2870  0.472232824     
GRID*   2871            0               -0.271715537    -0.149235731    *N2871  
*N2871  0.804144472     
GRID*   2872            0               -0.274301451    -0.148116917    *N2872  
*N2872  0.801138961     
GRID*   2873            0               -0.277010303    -0.147583324    *N2873  
*N2873  0.80407373      
GRID*   2874            0               -0.274274241    -0.148125376    *N2874  
*N2874  0.804109101     
GRID*   2875            0               -0.271713213    -0.149237051    *N2875  
*N2875  0.798321666     
GRID*   2876            0               -0.27712654     -0.147573515    *N2876  
*N2876  0.798015977     
GRID*   2877            0               -0.274328679    -0.148108517    *N2877  
*N2877  0.798168822     
GRID*   2878            0               -0.282735335    -0.14835638     *N2878  
*N2878  0.797710287     
GRID*   2879            0               -0.279886505    -0.147645574    *N2879  
*N2879  0.800950745     
GRID*   2880            0               -0.279973855    -0.147657466    *N2880  
*N2880  0.797863132     
GRID*   2881            0               -0.282513515    -0.148275895    *N2881  
*N2881  0.804002988     
GRID*   2882            0               -0.279799077    -0.147634271    *N2882  
*N2882  0.804038359     
GRID*   2883            0               -0.290035382    -0.155129839    *N2883  
*N2883  0.801859315     
GRID*   2884            0               -0.288538395    -0.152649262    *N2884  
*N2884  0.797987615     
GRID*   2885            0               -0.290585947    -0.156531669    *N2885  
*N2885  0.794393241     
GRID*   2886            0               -0.290330876    -0.155822816    *N2886  
*N2886  0.798126278     
GRID*   2887            0               -0.289327183    -0.153800665    *N2887  
*N2887  0.809325389     
GRID*   2888            0               -0.287844468    -0.151817848    *N2888  
*N2888  0.805062564     
GRID*   2889            0               -0.289700447    -0.154455041    *N2889  
*N2889  0.805592352     
GRID*   2890            0               -0.285122211    -0.149536426    *N2890  
*N2890  0.807874688     
GRID*   2891            0               -0.285671559    -0.14990142     *N2891  
*N2891  0.801190863     
GRID*   2892            0               -0.285399188    -0.149715457    *N2892  
*N2892  0.804532776     
GRID*   2893            0               -0.286201791    -0.150293665    *N2893  
*N2893  0.794507038     
GRID*   2894            0               -0.28593915     -0.150094197    *N2894  
*N2894  0.797848951     
GRID*   2895            0               -0.276314817    -0.147663976    *N2895  
*N2895  0.539657935     
GRID*   2896            0               -0.272853724    -0.148661076    *N2896  
*N2896  0.540165772     
GRID*   2897            0               -0.272640037    -0.148758491    *N2897  
*N2897  0.537004204     
GRID*   2898            0               -0.276082653    -0.147699356    *N2898  
*N2898  0.536496367     
GRID*   2899            0               -0.274437066    -0.148075722    *N2899  
*N2899  0.53833107      
GRID*   2900            0               -0.272983692    -0.148604075    *N2900  
*N2900  0.542764553     
GRID*   2901            0               -0.269977982    -0.150416351    *N2901  
*N2901  0.543835177     
GRID*   2902            0               -0.269867872    -0.150505886    *N2902  
*N2902  0.541236396     
GRID*   2903            0               -0.271359049    -0.14944565     *N2903  
*N2903  0.542000475     
GRID*   2904            0               -0.267534456    -0.153003029    *N2904  
*N2904  0.542869808     
GRID*   2905            0               -0.267399653    -0.153195331    *N2905  
*N2905  0.53970824      
GRID*   2906            0               -0.269687819    -0.15065666     *N2906  
*N2906  0.538074828     
GRID*   2907            0               -0.268539393    -0.151764001    *N2907  
*N2907  0.540472318     
GRID*   2908            0               -0.269441109    -0.150872453    *N2908  
*N2908  0.534350472     
GRID*   2909            0               -0.272344793    -0.14890084     *N2909  
*N2909  0.533279848     
GRID*   2910            0               -0.270962619    -0.149697508    *N2910  
*N2910  0.535677338     
GRID*   2911            0               -0.287039584    -0.151005405    *N2911  
*N2911  0.734468965     
GRID*   2912            0               -0.282449013    -0.148253338    *N2912  
*N2912  0.732581653     
GRID*   2913            0               -0.283442808    -0.148644153    *N2913  
*N2913  0.727200441     
GRID*   2914            0               -0.287793349    -0.151761847    *N2914  
*N2914  0.729087752     
GRID*   2915            0               -0.285339043    -0.149675734    *N2915  
*N2915  0.730834703     
GRID*   2916            0               -0.280885204    -0.147817749    *N2916  
*N2916  0.737693788     
GRID*   2917            0               -0.276079934    -0.147699795    *N2917  
*N2917  0.736075555     
GRID*   2918            0               -0.277695443    -0.147540524    *N2918  
*N2918  0.73096342      
GRID*   2919            0               -0.279298846    -0.147581077    *N2919  
*N2919  0.734328604     
GRID*   2920            0               -0.273521224    -0.148385826    *N2920  
*N2920  0.729614265     
GRID*   2921            0               -0.274534011    -0.148047255    *N2921  
*N2921  0.724233053     
GRID*   2922            0               -0.27876331     -0.147545596    *N2922  
*N2922  0.725582208     
GRID*   2923            0               -0.276099149    -0.147696701    *N2923  
*N2923  0.727598237     
GRID*   2924            0               -0.279274157    -0.147578955    *N2924  
*N2924  0.719931917     
GRID*   2925            0               -0.283907037    -0.148859952    *N2925  
*N2925  0.72155015      
GRID*   2926            0               -0.281402623    -0.147938811    *N2926  
*N2926  0.723566179     
GRID*   2927            0               -0.269663323    -0.150677602    *N2927  
*N2927  0.80118727      
GRID*   2928            0               -0.268335669    -0.151991256    *N2928  
*N2928  0.798482142     
GRID*   2929            0               -0.270159261    -0.150273191    *N2929  
*N2929  0.795616538     
GRID*   2930            0               -0.269908816    -0.15047236     *N2930  
*N2930  0.798401904     
GRID*   2931            0               -0.26753938     -0.152996141    *N2931  
*N2931  0.803800801     
GRID*   2932            0               -0.269422928    -0.150888793    *N2932  
*N2932  0.803972636     
GRID*   2933            0               -0.265328654    -0.158162733    *N2933  
*N2933  0.80345713      
GRID*   2934            0               -0.266563943    -0.154588898    *N2934  
*N2934  0.801095672     
GRID*   2935            0               -0.266153004    -0.155459195    *N2935  
*N2935  0.803628965     
GRID*   2936            0               -0.266051612    -0.155702931    *N2936  
*N2936  0.798642617     
GRID*   2937            0               -0.267572066    -0.152950662    *N2937  
*N2937  0.796029087     
GRID*   2938            0               -0.26703782     -0.153751206    *N2938  
*N2938  0.798562379     
GRID*   2939            0               -0.274287049    -0.173078614    *N2939  
*N2939  0.792604078     
GRID*   2940            0               -0.269278782    -0.170179447    *N2940  
*N2940  0.796748522     
GRID*   2941            0               -0.270631573    -0.171276354    *N2941  
*N2941  0.802214462     
GRID*   2942            0               -0.272388618    -0.172320869    *N2942  
*N2942  0.79740927      
GRID*   2943            0               -0.267834637    -0.168600467    *N2943  
*N2943  0.79216663      
GRID*   2944            0               -0.265482942    -0.163742954    *N2944  
*N2944  0.795427026     
GRID*   2945            0               -0.266165898    -0.165770836    *N2945  
*N2945  0.800008918     
GRID*   2946            0               -0.266910999    -0.167238296    *N2946  
*N2946  0.796087774     
GRID*   2947            0               -0.265102351    -0.160879579    *N2947  
*N2947  0.802385266     
GRID*   2948            0               -0.265255558    -0.162614449    *N2948  
*N2948  0.807851206     
GRID*   2949            0               -0.266960088    -0.16732084     *N2949  
*N2949  0.805474858     
GRID*   2950            0               -0.265611152    -0.164221362    *N2950  
*N2950  0.803930062     
GRID*   2951            0               -0.267709085    -0.168435631    *N2951  
*N2951  0.811824846     
GRID*   2952            0               -0.269058903    -0.169970626    *N2952  
*N2952  0.807019654     
GRID*   2953            0               -0.270284198    -0.150177506    *N2953  
*N2953  0.824888128     
GRID*   2954            0               -0.267018852    -0.153782127    *N2954  
*N2954  0.827754991     
GRID*   2955            0               -0.266563033    -0.154590654    *N2955  
*N2955  0.823523547     
GRID*   2956            0               -0.268176888    -0.15217604     *N2956  
*N2956  0.824205838     
GRID*   2957            0               -0.267692428    -0.152786651    *N2957  
*N2957  0.832386385     
GRID*   2958            0               -0.265491324    -0.157423406    *N2958  
*N2958  0.834853297     
GRID*   2959            0               -0.265253079    -0.158601505    *N2959  
*N2959  0.830221903     
GRID*   2960            0               -0.26611676     -0.155544738    *N2960  
*N2960  0.831304144     
GRID*   2961            0               -0.265547935    -0.163994517    *N2961  
*N2961  0.832288864     
GRID*   2962            0               -0.265820711    -0.164881692    *N2962  
*N2962  0.82805742      
GRID*   2963            0               -0.265143798    -0.159523213    *N2963  
*N2963  0.825990459     
GRID*   2964            0               -0.265152413    -0.16177635     *N2964  
*N2964  0.829139662     
GRID*   2965            0               -0.265106227    -0.160176409    *N2965  
*N2965  0.822158966     
GRID*   2966            0               -0.265522345    -0.157302086    *N2966  
*N2966  0.822841256     
GRID*   2967            0               -0.270296533    -0.171031813    *N2967  
*N2967  0.675601726     
GRID*   2968            0               -0.271424053    -0.171793768    *N2968  
*N2968  0.680909858     
GRID*   2969            0               -0.274161065    -0.173038739    *N2969  
*N2969  0.680257701     
GRID*   2970            0               -0.272144616    -0.172197378    *N2970  
*N2970  0.677929713     
GRID*   2971            0               -0.269278314    -0.170179013    *N2971  
*N2971  0.681306331     
GRID*   2972            0               -0.270066501    -0.170854205    *N2972  
*N2972  0.686870146     
GRID*   2973            0               -0.272333614    -0.172293589    *N2973  
*N2973  0.686473673     
GRID*   2974            0               -0.270730424    -0.171345446    *N2974  
*N2974  0.683890002     
GRID*   2975            0               -0.272981627    -0.172595032    *N2975  
*N2975  0.692293171     
GRID*   2976            0               -0.27516079     -0.173317435    *N2976  
*N2976  0.685821516     
GRID*   2977            0               -0.274055314    -0.173004181    *N2977  
*N2977  0.689057344     
GRID*   2978            0               -0.27628951     -0.173532374    *N2978  
*N2978  0.682585689     
GRID*   2979            0               -0.28945889     -0.154021706    *N2979  
*N2979  0.627986593     
GRID*   2980            0               -0.286509072    -0.150540752    *N2980  
*N2980  0.631588644     
GRID*   2981            0               -0.284318067    -0.149069977    *N2981  
*N2981  0.627024022     
GRID*   2982            0               -0.287907075    -0.151887333    *N2982  
*N2982  0.623421972     
GRID*   2983            0               -0.28723311     -0.15118805     *N2983  
*N2983  0.627505308     
GRID*   2984            0               -0.288379865    -0.152446635    *N2984  
*N2984  0.636540176     
GRID*   2985            0               -0.284927028    -0.149416105    *N2985  
*N2985  0.639755315     
GRID*   2986            0               -0.282512248    -0.148275449    *N2986  
*N2986  0.634803782     
GRID*   2987            0               -0.28573896     -0.149949014    *N2987  
*N2987  0.635671979     
GRID*   2988            0               -0.277946518    -0.147533866    *N2988  
*N2988  0.63763201      
GRID*   2989            0               -0.275326002    -0.147844636    *N2989  
*N2989  0.633067389     
GRID*   2990            0               -0.279947629    -0.147653832    *N2990  
*N2990  0.630239161     
GRID*   2991            0               -0.278949377    -0.14755542     *N2991  
*N2991  0.633935585     
GRID*   2992            0               -0.277342264    -0.147558074    *N2992  
*N2992  0.626061452     
GRID*   2993            0               -0.281906844    -0.148078463    *N2993  
*N2993  0.622846313     
GRID*   2994            0               -0.280935391    -0.147828523    *N2994  
*N2994  0.626542737     
GRID*   2995            0               -0.273362294    -0.148447471    *N2995  
*N2995  0.628700845     
GRID*   2996            0               -0.271563384    -0.14932347     *N2996  
*N2996  0.624437351     
GRID*   2997            0               -0.275360926    -0.147836907    *N2997  
*N2997  0.621797957     
GRID*   2998            0               -0.274349385    -0.148102172    *N2998  
*N2998  0.625249401     
GRID*   2999            0               -0.271486546    -0.149368822    *N2999  
*N2999  0.635603734     
GRID*   3000            0               -0.269809117    -0.150554483    *N3000  
*N3000  0.631237191     
GRID*   3001            0               -0.272405973    -0.148870591    *N3001  
*N3001  0.63215229      
GRID*   3002            0               -0.267062869    -0.153710667    *N3002  
*N3002  0.633670488     
GRID*   3003            0               -0.26614129     -0.155486657    *N3003  
*N3003  0.629406993     
GRID*   3004            0               -0.268373518    -0.151948221    *N3004  
*N3004  0.626973696     
GRID*   3005            0               -0.267681101    -0.15280186     *N3005  
*N3005  0.630322092     
GRID*   3006            0               -0.267196469    -0.153499847    *N3006  
*N3006  0.622813249     
GRID*   3007            0               -0.269960825    -0.150430172    *N3007  
*N3007  0.620276904     
GRID*   3008            0               -0.269135222    -0.151155789    *N3008  
*N3008  0.6236253       
GRID*   3009            0               -0.265156012    -0.161815509    *N3009  
*N3009  0.644665639     
GRID*   3010            0               -0.265726488    -0.156600333    *N3010  
*N3010  0.641473111     
GRID*   3011            0               -0.266522448    -0.154669683    *N3011  
*N3011  0.646083206     
GRID*   3012            0               -0.265128526    -0.159727397    *N3012  
*N3012  0.649275734     
GRID*   3013            0               -0.265331921    -0.158145587    *N3013  
*N3013  0.645374422     
GRID*   3014            0               -0.265309361    -0.158266655    *N3014  
*N3014  0.636691123     
GRID*   3015            0               -0.268062419    -0.152313698    *N3015  
*N3015  0.638452476     
GRID*   3016            0               -0.266306349    -0.155114651    *N3016  
*N3016  0.637571799     
GRID*   3017            0               -0.273360875    -0.148448032    *N3017  
*N3017  0.640213829     
GRID*   3018            0               -0.269511376    -0.150809874    *N3018  
*N3018  0.643062571     
GRID*   3019            0               -0.270465185    -0.150043053    *N3019  
*N3019  0.639333152     
GRID*   3020            0               -0.271498157    -0.149361924    *N3020  
*N3020  0.647500773     
GRID*   3021            0               -0.26783921     -0.15259363     *N3021  
*N3021  0.650521408     
GRID*   3022            0               -0.268633485    -0.151662559    *N3022  
*N3022  0.646791989     
GRID*   3023            0               -0.28743501     -0.151386788    *N3023  
*N3023  0.825458731     
GRID*   3024            0               -0.288256646    -0.152294645    *N3024  
*N3024  0.828569861     
GRID*   3025            0               -0.284062871    -0.148937429    *N3025  
*N3025  0.829447387     
GRID*   3026            0               -0.285847217    -0.150026807    *N3026  
*N3026  0.827453059     
GRID*   3027            0               -0.289732339    -0.154515275    *N3027  
*N3027  0.821470075     
GRID*   3028            0               -0.290567506    -0.156475805    *N3028  
*N3028  0.824796377     
GRID*   3029            0               -0.288700473    -0.152865264    *N3029  
*N3029  0.823464403     
GRID*   3030            0               -0.291006027    -0.163037469    *N3030  
*N3030  0.824349194     
GRID*   3031            0               -0.290721532    -0.164228414    *N3031  
*N3031  0.827460324     
GRID*   3032            0               -0.29089908     -0.15765451     *N3032  
*N3032  0.827907506     
GRID*   3033            0               -0.291233303    -0.160368184    *N3033  
*N3033  0.82612835      
GRID*   3034            0               -0.290966664    -0.157963633    *N3034  
*N3034  0.830803464     
GRID*   3035            0               -0.288454777    -0.15254136     *N3035  
*N3035  0.831465818     
GRID*   3036            0               -0.289957451    -0.154963834    *N3036  
*N3036  0.829686662     
GRID*   3037            0               -0.28759443     -0.151549974    *N3037  
*N3037  0.840210937     
GRID*   3038            0               -0.290369436    -0.155922184    *N3038  
*N3038  0.836697774     
GRID*   3039            0               -0.291135285    -0.158985835    *N3039  
*N3039  0.839078921     
GRID*   3040            0               -0.28996596     -0.154981668    *N3040  
*N3040  0.839644929     
GRID*   3041            0               -0.28929502     -0.153748154    *N3041  
*N3041  0.835053668     
GRID*   3042            0               -0.291233404    -0.16037395     *N3042  
*N3042  0.832447569     
GRID*   3043            0               -0.290709654    -0.156930737    *N3043  
*N3043  0.833750619     
GRID*   3044            0               -0.290906126    -0.163514868    *N3044  
*N3044  0.834828717     
GRID*   3045            0               -0.290819555    -0.163870256    *N3045  
*N3045  0.83114452      
GRID*   3046            0               -0.290975697    -0.163192129    *N3046  
*N3046  0.838512913     
GRID*   3047            0               -0.288210656    -0.152239089    *N3047  
*N3047  0.817535572     
GRID*   3048            0               -0.29065438     -0.156746827    *N3048  
*N3048  0.815701301     
GRID*   3049            0               -0.291183171    -0.15943326     *N3049  
*N3049  0.819635804     
GRID*   3050            0               -0.29024501     -0.15560971     *N3050  
*N3050  0.818585688     
GRID*   3051            0               -0.289979003    -0.15500914     *N3051  
*N3051  0.812545684     
GRID*   3052            0               -0.291226573    -0.161079143    *N3052  
*N3052  0.813088143     
GRID*   3053            0               -0.290967793    -0.157969122    *N3053  
*N3053  0.812816913     
GRID*   3054            0               -0.290840101    -0.163789712    *N3054  
*N3054  0.817022646     
GRID*   3055            0               -0.29072692     -0.164209719    *N3055  
*N3055  0.813359373     
GRID*   3056            0               -0.290929345    -0.16341147     *N3056  
*N3056  0.82068592      
GRID*   3057            0               -0.269203165    -0.151091276    *N3057  
*N3057  0.778334918     
GRID*   3058            0               -0.272394171    -0.148876395    *N3058  
*N3058  0.774021322     
GRID*   3059            0               -0.275280869    -0.147854774    *N3059  
*N3059  0.7775794       
GRID*   3060            0               -0.272025013    -0.149065521    *N3060  
*N3060  0.777957159     
GRID*   3061            0               -0.27002548     -0.150378336    *N3061  
*N3061  0.770291488     
GRID*   3062            0               -0.273149557    -0.148533754    *N3062  
*N3062  0.766149648     
GRID*   3063            0               -0.275839903    -0.147740934    *N3063  
*N3063  0.769879482     
GRID*   3064            0               -0.272769145    -0.14869908     *N3064  
*N3064  0.770085485     
GRID*   3065            0               -0.279207016    -0.147573422    *N3065  
*N3065  0.765909399     
GRID*   3066            0               -0.282209891    -0.14817299     *N3066  
*N3066  0.769467477     
GRID*   3067            0               -0.278896236    -0.147552343    *N3067  
*N3067  0.77343756      
GRID*   3068            0               -0.279051689    -0.147561956    *N3068  
*N3068  0.76967348      
GRID*   3069            0               -0.282159981    -0.148156865    *N3069  
*N3069  0.776823882     
GRID*   3070            0               -0.27874068     -0.147544582    *N3070  
*N3070  0.777201641     
GRID*   3071            0               -0.287967839    -0.15195574     *N3071  
*N3071  0.61683         
GRID*   3072            0               -0.285651721    -0.149887533    *N3072  
*N3072  0.613366943     
GRID*   3073            0               -0.288028123    -0.152024572    *N3073  
*N3073  0.610238027     
GRID*   3074            0               -0.287998042    -0.151990104    *N3074  
*N3074  0.613534014     
GRID*   3075            0               -0.285332718    -0.149671585    *N3075  
*N3075  0.619878409     
GRID*   3076            0               -0.287937517    -0.151921483    *N3076  
*N3076  0.620125986     
GRID*   3077            0               -0.278847059    -0.147549688    *N3077  
*N3077  0.619383256     
GRID*   3078            0               -0.282552087    -0.148289566    *N3078  
*N3078  0.616415352     
GRID*   3079            0               -0.282230837    -0.148179824    *N3079  
*N3079  0.619630833     
GRID*   3080            0               -0.279815676    -0.147636371    *N3080  
*N3080  0.613032801     
GRID*   3081            0               -0.283185496    -0.148533893    *N3081  
*N3081  0.609984391     
GRID*   3082            0               -0.282870378    -0.148407615    *N3082  
*N3082  0.613199872     
GRID*   3083            0               -0.274006762    -0.14821202     *N3083  
*N3083  0.741573361     
GRID*   3084            0               -0.270077483    -0.150337129    *N3084  
*N3084  0.740259213     
GRID*   3085            0               -0.271857005    -0.149156572    *N3085  
*N3085  0.734761407     
GRID*   3086            0               -0.272910626    -0.148635913    *N3086  
*N3086  0.738167384     
GRID*   3087            0               -0.268312802    -0.152017441    *N3087  
*N3087  0.746107683     
GRID*   3088            0               -0.266111324    -0.155557716    *N3088  
*N3088  0.744442871     
GRID*   3089            0               -0.267257018    -0.153407152    *N3089  
*N3089  0.738594402     
GRID*   3090            0               -0.267761684    -0.152694651    *N3090  
*N3090  0.742351042     
GRID*   3091            0               -0.265628756    -0.156918146    *N3091  
*N3091  0.736578926     
GRID*   3092            0               -0.266395835    -0.154925157    *N3092  
*N3092  0.731081121     
GRID*   3093            0               -0.268574188    -0.151726236    *N3093  
*N3093  0.733096596     
GRID*   3094            0               -0.266801057    -0.154151762    *N3094  
*N3094  0.734837761     
GRID*   3095            0               -0.269910987    -0.150470591    *N3095  
*N3095  0.727949454     
GRID*   3096            0               -0.270854422    -0.149769784    *N3096  
*N3096  0.731355431     
GRID*   3097            0               -0.268453123    -0.151858935    *N3097  
*N3097  0.616505842     
GRID*   3098            0               -0.271313068    -0.149473846    *N3098  
*N3098  0.614173487     
GRID*   3099            0               -0.27316255     -0.148528359    *N3099  
*N3099  0.617944549     
GRID*   3100            0               -0.270621781    -0.149930564    *N3100  
*N3100  0.617225195     
GRID*   3101            0               -0.26981093     -0.150552975    *N3101  
*N3101  0.610484771     
GRID*   3102            0               -0.272775412    -0.148696239    *N3102  
*N3102  0.608070069     
GRID*   3103            0               -0.274509992    -0.148054232    *N3103  
*N3103  0.611758786     
GRID*   3104            0               -0.272031909    -0.149061852    *N3104  
*N3104  0.611121778     
GRID*   3105            0               -0.277740817    -0.147538963    *N3105  
*N3105  0.609261739     
GRID*   3106            0               -0.276544021    -0.147633219    *N3106  
*N3106  0.615529848     
GRID*   3107            0               -0.277141336    -0.147572341    *N3107  
*N3107  0.612395793     
GRID*   3108            0               -0.275950133    -0.14772147     *N3108  
*N3108  0.618663902     
GRID*   3109            0               -0.287158419    -0.151116674    *N3109  
*N3109  0.604222592     
GRID*   3110            0               -0.284817616    -0.149350701    *N3110  
*N3110  0.601268222     
GRID*   3111            0               -0.286691824    -0.150695146    *N3111  
*N3111  0.601214874     
GRID*   3112            0               -0.285484988    -0.149772953    *N3112  
*N3112  0.607163547     
GRID*   3113            0               -0.287604196    -0.151560158    *N3113  
*N3113  0.60723031      
GRID*   3114            0               -0.280368833    -0.147718768    *N3114  
*N3114  0.607030021     
GRID*   3115            0               -0.282886707    -0.148413927    *N3115  
*N3115  0.604209177     
GRID*   3116            0               -0.283036471    -0.14847299     *N3116  
*N3116  0.607096784     
GRID*   3117            0               -0.280512502    -0.147744148    *N3117  
*N3117  0.601374918     
GRID*   3118            0               -0.282736227    -0.148356713    *N3118  
*N3118  0.60132157      
GRID*   3119            0               -0.265714874    -0.164563359    *N3119  
*N3119  0.463482973     
GRID*   3120            0               -0.265164355    -0.161901722    *N3120  
*N3120  0.460248536     
GRID*   3121            0               -0.265136948    -0.159609542    *N3121  
*N3121  0.463155033     
GRID*   3122            0               -0.265187391    -0.162114277    *N3122  
*N3122  0.463319003     
GRID*   3123            0               -0.265596543    -0.164170322    *N3123  
*N3123  0.457645883     
GRID*   3124            0               -0.265178194    -0.159166753    *N3124  
*N3124  0.456710254     
GRID*   3125            0               -0.265145198    -0.161693581    *N3125  
*N3125  0.457158249     
GRID*   3126            0               -0.265636566    -0.156891654    *N3126  
*N3126  0.459789347     
GRID*   3127            0               -0.26570631     -0.156663649    *N3127  
*N3127  0.456436841     
GRID*   3128            0               -0.26556919     -0.157127429    *N3128  
*N3128  0.463077361     
GRID*   3129            0               -0.290727507    -0.156992325    *N3129  
*N3129  0.659529305     
GRID*   3130            0               -0.291235134    -0.160676726    *N3130  
*N3130  0.664821416     
GRID*   3131            0               -0.290904058    -0.15767611     *N3131  
*N3131  0.667202159     
GRID*   3132            0               -0.289564543    -0.1542065      *N3132  
*N3132  0.661910048     
GRID*   3133            0               -0.290820403    -0.157333025    *N3133  
*N3133  0.663365732     
GRID*   3134            0               -0.290810037    -0.16390686     *N3134  
*N3134  0.66229648      
GRID*   3135            0               -0.290749153    -0.164131446    *N3135  
*N3135  0.670257721     
GRID*   3136            0               -0.290780164    -0.164019033    *N3136  
*N3136  0.6662771       
GRID*   3137            0               -0.290681917    -0.164362775    *N3137  
*N3137  0.678218961     
GRID*   3138            0               -0.291223774    -0.161150164    *N3138  
*N3138  0.672638464     
GRID*   3139            0               -0.290716142    -0.164247011    *N3139  
*N3139  0.674238341     
GRID*   3140            0               -0.291044812    -0.158376525    *N3140  
*N3140  0.674875013     
GRID*   3141            0               -0.289997628    -0.155048661    *N3141  
*N3141  0.669438708     
GRID*   3142            0               -0.290979222    -0.158025355    *N3142  
*N3142  0.671038586     
GRID*   3143            0               -0.265347767    -0.158064123    *N3143  
*N3143  0.717564006     
GRID*   3144            0               -0.266524865    -0.15466494     *N3144  
*N3144  0.719528397     
GRID*   3145            0               -0.265772037    -0.15646133     *N3145  
*N3145  0.724322563     
GRID*   3146            0               -0.265113246    -0.159997712    *N3146  
*N3146  0.722358172     
GRID*   3147            0               -0.265534457    -0.157255991    *N3147  
*N3147  0.720943285     
GRID*   3148            0               -0.267505068    -0.15304433     *N3148  
*N3148  0.714834862     
GRID*   3149            0               -0.270011138    -0.150389776    *N3149  
*N3149  0.716698622     
GRID*   3150            0               -0.268620894    -0.151676009    *N3150  
*N3150  0.721392158     
GRID*   3151            0               -0.268039845    -0.152341303    *N3151  
*N3151  0.71811351      
GRID*   3152            0               -0.271508266    -0.149355931    *N3152  
*N3152  0.723155288     
GRID*   3153            0               -0.267400528    -0.153194059    *N3153  
*N3153  0.726186324     
GRID*   3154            0               -0.269245559    -0.151051487    *N3154  
*N3154  0.724670806     
GRID*   3155            0               -0.265285399    -0.158402797    *N3155  
*N3155  0.72921736      
GRID*   3156            0               -0.266059549    -0.155683341    *N3156  
*N3156  0.727701842     
GRID*   3157            0               -0.287424358    -0.169823914    *N3157  
*N3157  0.535703525     
GRID*   3158            0               -0.284619607    -0.171964028    *N3158  
*N3158  0.54169067      
GRID*   3159            0               -0.287324303    -0.169923251    *N3159  
*N3159  0.54403298      
GRID*   3160            0               -0.287374394    -0.169873788    *N3160  
*N3160  0.539868253     
GRID*   3161            0               -0.281617349    -0.173204372    *N3161  
*N3161  0.53912434      
GRID*   3162            0               -0.277982023    -0.173666686    *N3162  
*N3162  0.545335505     
GRID*   3163            0               -0.281210623    -0.173308705    *N3163  
*N3163  0.547901836     
GRID*   3164            0               -0.281414405    -0.173258172    *N3164  
*N3164  0.543513088     
GRID*   3165            0               -0.277424579    -0.173646873    *N3165  
*N3165  0.554337022     
GRID*   3166            0               -0.284375605    -0.172099144    *N3166  
*N3166  0.550244146     
GRID*   3167            0               -0.281007552    -0.173355624    *N3167  
*N3167  0.552290584     
GRID*   3168            0               -0.287274903    -0.169971514    *N3168  
*N3168  0.548197708     
GRID*   3169            0               -0.271598957    -0.171897288    *N3169  
*N3169  0.552713441     
GRID*   3170            0               -0.2689824      -0.169895652    *N3170  
*N3170  0.547613025     
GRID*   3171            0               -0.269150082    -0.1700584      *N3171  
*N3171  0.55190165      
GRID*   3172            0               -0.274512169    -0.173146402    *N3172  
*N3172  0.549095184     
GRID*   3173            0               -0.274408555    -0.17311575     *N3173  
*N3173  0.553525232     
GRID*   3174            0               -0.27472014     -0.17320513     *N3174  
*N3174  0.540235089     
GRID*   3175            0               -0.271490658    -0.171833623    *N3175  
*N3175  0.543994768     
GRID*   3176            0               -0.274616033    -0.173176196    *N3176  
*N3176  0.544665137     
GRID*   3177            0               -0.268655898    -0.16956129     *N3177  
*N3177  0.539035773     
GRID*   3178            0               -0.268817654    -0.169729931    *N3178  
*N3178  0.543324399     
GRID*   3179            0               -0.287821777    -0.169407091    *N3179  
*N3179  0.519989254     
GRID*   3180            0               -0.285468767    -0.171437992    *N3180  
*N3180  0.526000677     
GRID*   3181            0               -0.287621356    -0.169621894    *N3181  
*N3181  0.52784639      
GRID*   3182            0               -0.287721917    -0.169515328    *N3182  
*N3182  0.523917822     
GRID*   3183            0               -0.28324898     -0.172639508    *N3183  
*N3183  0.524403264     
GRID*   3184            0               -0.279982944    -0.173541263    *N3184  
*N3184  0.530166388     
GRID*   3185            0               -0.282437016    -0.172950816    *N3185  
*N3185  0.531763802     
GRID*   3186            0               -0.282845588    -0.172801918    *N3186  
*N3186  0.528083533     
GRID*   3187            0               -0.27883661     -0.173650852    *N3187  
*N3187  0.537278627     
GRID*   3188            0               -0.284984151    -0.17174917     *N3188  
*N3188  0.533609514     
GRID*   3189            0               -0.282029264    -0.173084323    *N3189  
*N3189  0.535444071     
GRID*   3190            0               -0.28752314     -0.169723705    *N3190  
*N3190  0.531774957     
GRID*   3191            0               -0.272286292    -0.172269862    *N3191  
*N3191  0.536505933     
GRID*   3192            0               -0.270400161    -0.171109198    *N3192  
*N3192  0.533203398     
GRID*   3193            0               -0.267279272    -0.167826491    *N3193  
*N3193  0.535733239     
GRID*   3194            0               -0.269493432    -0.170374231    *N3194  
*N3194  0.536119586     
GRID*   3195            0               -0.276232337    -0.173523943    *N3195  
*N3195  0.533549471     
GRID*   3196            0               -0.275471522    -0.173386911    *N3196  
*N3196  0.53689228      
GRID*   3197            0               -0.277771598    -0.173662006    *N3197  
*N3197  0.526863854     
GRID*   3198            0               -0.274077775    -0.173011604    *N3198  
*N3198  0.530246937     
GRID*   3199            0               -0.276999925    -0.173615749    *N3199  
*N3199  0.530206662     
GRID*   3200            0               -0.27239178     -0.172322427    *N3200  
*N3200  0.527371024     
GRID*   3201            0               -0.2690144      -0.169927162    *N3201  
*N3201  0.530327485     
GRID*   3202            0               -0.271368853    -0.171760328    *N3202  
*N3202  0.530287211     
GRID*   3203            0               -0.284585299    -0.149216561    *N3203  
*N3203  0.459175119     
GRID*   3204            0               -0.282080234    -0.148131558    *N3204  
*N3204  0.461829337     
GRID*   3205            0               -0.279676132    -0.14761939     *N3205  
*N3205  0.458809958     
GRID*   3206            0               -0.282205203    -0.148171467    *N3206  
*N3206  0.459051044     
GRID*   3207            0               -0.284351177    -0.149087701    *N3207  
*N3207  0.464725357     
GRID*   3208            0               -0.281818694    -0.148052475    *N3208  
*N3208  0.467502934     
GRID*   3209            0               -0.279398444    -0.147590117    *N3209  
*N3209  0.464606915     
GRID*   3210            0               -0.281949671    -0.148091333    *N3210  
*N3210  0.464666136     
GRID*   3211            0               -0.27665674     -0.147619605    *N3211  
*N3211  0.467507851     
GRID*   3212            0               -0.27696716     -0.147587231    *N3212  
*N3212  0.46141363      
GRID*   3213            0               -0.276811853    -0.147602492    *N3213  
*N3213  0.464460741     
GRID*   3214            0               -0.277116717    -0.147574303    *N3214  
*N3214  0.458392329     
GRID*   3215            0               -0.290753441    -0.157083867    *N3215  
*N3215  0.520605175     
GRID*   3216            0               -0.290724605    -0.156982237    *N3216  
*N3216  0.516938633     
GRID*   3217            0               -0.290839889    -0.163790552    *N3217  
*N3217  0.516393457     
GRID*   3218            0               -0.291234378    -0.16043986     *N3218  
*N3218  0.518499316     
GRID*   3219            0               -0.287282288    -0.151235669    *N3219  
*N3219  0.524816893     
GRID*   3220            0               -0.287380988    -0.151332763    *N3220  
*N3220  0.520806571     
GRID*   3221            0               -0.289404967    -0.153930007    *N3221  
*N3221  0.522711034     
GRID*   3222            0               -0.281752278    -0.148033338    *N3222  
*N3222  0.520664188     
GRID*   3223            0               -0.281650573    -0.148004769    *N3223  
*N3223  0.516997646     
GRID*   3224            0               -0.287305771    -0.151258583    *N3224  
*N3224  0.51714003      
GRID*   3225            0               -0.284730235    -0.1492995      *N3225  
*N3225  0.518902109     
GRID*   3226            0               -0.287052525    -0.151017388    *N3226  
*N3226  0.513817268     
GRID*   3227            0               -0.290623298    -0.156647505    *N3227  
*N3227  0.513615871     
GRID*   3228            0               -0.289295662    -0.153749195    *N3228  
*N3228  0.515377951     
GRID*   3229            0               -0.290642711    -0.164490788    *N3229  
*N3229  0.769797562     
GRID*   3230            0               -0.291161522    -0.161987215    *N3230  
*N3230  0.766374729     
GRID*   3231            0               -0.290592597    -0.164647976    *N3231  
*N3231  0.765686363     
GRID*   3232            0               -0.290733449    -0.164186922    *N3232  
*N3232  0.778019961     
GRID*   3233            0               -0.291214308    -0.161341467    *N3233  
*N3233  0.774714093     
GRID*   3234            0               -0.290689129    -0.164338704    *N3234  
*N3234  0.773908762     
GRID*   3235            0               -0.290939909    -0.15783692     *N3235  
*N3235  0.779747589     
GRID*   3236            0               -0.290157442    -0.155402832    *N3236  
*N3236  0.776324755     
GRID*   3237            0               -0.291108967    -0.158786875    *N3237  
*N3237  0.77129126      
GRID*   3238            0               -0.291033208    -0.158310336    *N3238  
*N3238  0.775519424     
GRID*   3239            0               -0.290613084    -0.156615459    *N3239  
*N3239  0.767751461     
GRID*   3240            0               -0.291167779    -0.159272702    *N3240  
*N3240  0.767063095     
GRID*   3241            0               -0.28485486     -0.149372802    *N3241  
*N3241  0.772868787     
GRID*   3242            0               -0.286941624    -0.150915739    *N3242  
*N3242  0.776574319     
GRID*   3243            0               -0.284540173    -0.149191237    *N3243  
*N3243  0.780529414     
GRID*   3244            0               -0.284698147    -0.149280926    *N3244  
*N3244  0.776699101     
GRID*   3245            0               -0.285164378    -0.149563046    *N3245  
*N3245  0.765208159     
GRID*   3246            0               -0.28742935     -0.151381097    *N3246  
*N3246  0.768609469     
GRID*   3247            0               -0.28501028     -0.149466848    *N3247  
*N3247  0.769038473     
GRID*   3248            0               -0.289580258    -0.154234596    *N3248  
*N3248  0.764045929     
GRID*   3249            0               -0.28906848     -0.153393183    *N3249  
*N3249  0.772315001     
GRID*   3250            0               -0.289332298    -0.153809067    *N3250  
*N3250  0.768180465     
GRID*   3251            0               -0.288494789    -0.152592701    *N3251  
*N3251  0.780584073     
GRID*   3252            0               -0.288789178    -0.152987536    *N3252  
*N3252  0.776449537     
GRID*   3253            0               -0.26896708     -0.169880489    *N3253  
*N3253  0.656146838     
GRID*   3254            0               -0.270846815    -0.171425075    *N3254  
*N3254  0.662170969     
GRID*   3255            0               -0.272047793    -0.172146581    *N3255  
*N3255  0.657470651     
GRID*   3256            0               -0.265365915    -0.163225956    *N3256  
*N3256  0.653499212     
GRID*   3257            0               -0.266356175    -0.166191828    *N3257  
*N3257  0.659620674     
GRID*   3258            0               -0.266674333    -0.166819563    *N3258  
*N3258  0.654823025     
GRID*   3259            0               -0.265242231    -0.162527089    *N3259  
*N3259  0.663191842     
GRID*   3260            0               -0.265823447    -0.164889573    *N3260  
*N3260  0.669215973     
GRID*   3261            0               -0.267597404    -0.168284313    *N3261  
*N3261  0.665644806     
GRID*   3262            0               -0.266072272    -0.165547876    *N3262  
*N3262  0.664418324     
GRID*   3263            0               -0.268710129    -0.169618504    *N3263  
*N3263  0.671571607     
GRID*   3264            0               -0.269729981    -0.170579141    *N3264  
*N3264  0.666871288     
GRID*   3265            0               -0.276224768    -0.173522808    *N3265  
*N3265  0.619746609     
GRID*   3266            0               -0.271300844    -0.171718614    *N3266  
*N3266  0.618512156     
GRID*   3267            0               -0.270511649    -0.17119069     *N3267  
*N3267  0.622311157     
GRID*   3268            0               -0.27322858     -0.172698805    *N3268  
*N3268  0.621028883     
GRID*   3269            0               -0.271558245    -0.171873519    *N3269  
*N3269  0.615097573     
GRID*   3270            0               -0.268057175    -0.168879903    *N3270  
*N3270  0.613478701     
GRID*   3271            0               -0.267869514    -0.16864531     *N3271  
*N3271  0.616893283     
GRID*   3272            0               -0.269561161    -0.170433919    *N3272  
*N3272  0.615995428     
GRID*   3273            0               -0.265930381    -0.165185736    *N3273  
*N3273  0.614889991     
GRID*   3274            0               -0.265629713    -0.164285109    *N3274  
*N3274  0.618688993     
GRID*   3275            0               -0.267312529    -0.16787635     *N3275  
*N3275  0.620692285     
GRID*   3276            0               -0.266543343    -0.166571169    *N3276  
*N3276  0.617791138     
GRID*   3277            0               -0.266505584    -0.166497085    *N3277  
*N3277  0.624875706     
GRID*   3278            0               -0.268227601    -0.169083739    *N3278  
*N3278  0.623593432     
GRID*   3279            0               -0.26970442     -0.150642527    *N3279  
*N3279  0.592163698     
GRID*   3280            0               -0.269712953    -0.150635281    *N3280  
*N3280  0.597171565     
GRID*   3281            0               -0.267488245    -0.153068125    *N3281  
*N3281  0.598181382     
GRID*   3282            0               -0.268519798    -0.1517854      *N3282  
*N3282  0.59517254      
GRID*   3283            0               -0.271942671    -0.149109749    *N3283  
*N3283  0.596766615     
GRID*   3284            0               -0.272485783    -0.148831725    *N3284  
*N3284  0.601169614     
GRID*   3285            0               -0.270187288    -0.150251518    *N3285  
*N3285  0.601574563     
GRID*   3286            0               -0.271042073    -0.149645416    *N3286  
*N3286  0.599170589     
GRID*   3287            0               -0.271177613    -0.149558439    *N3287  
*N3287  0.605372695     
GRID*   3288            0               -0.268636814    -0.151659009    *N3288  
*N3288  0.606382512     
GRID*   3289            0               -0.267851448    -0.152577869    *N3289  
*N3289  0.60258438      
GRID*   3290            0               -0.269383813    -0.150924157    *N3290  
*N3290  0.603978537     
GRID*   3291            0               -0.265947124    -0.155969832    *N3291  
*N3291  0.604199065     
GRID*   3292            0               -0.266626127    -0.154470352    *N3292  
*N3292  0.601190223     
GRID*   3293            0               -0.287398116    -0.169850176    *N3293  
*N3293  0.833099454     
GRID*   3294            0               -0.28498405     -0.171749231    *N3294  
*N3294  0.836146649     
GRID*   3295            0               -0.287646867    -0.169595085    *N3295  
*N3295  0.840994101     
GRID*   3296            0               -0.287522943    -0.169723907    *N3296  
*N3296  0.837046777     
GRID*   3297            0               -0.284382447    -0.172095447    *N3297  
*N3297  0.828462789     
GRID*   3298            0               -0.287277336    -0.169969149    *N3298  
*N3298  0.82915213      
GRID*   3299            0               -0.277455441    -0.173648594    *N3299  
*N3299  0.827084108     
GRID*   3300            0               -0.281527608    -0.173228593    *N3300  
*N3300  0.831509985     
GRID*   3301            0               -0.28102643     -0.173351405    *N3301  
*N3301  0.827773449     
GRID*   3302            0               -0.278843174    -0.173650513    *N3302  
*N3302  0.834346393     
GRID*   3303            0               -0.282530843    -0.17291798     *N3303  
*N3303  0.838983058     
GRID*   3304            0               -0.282032347    -0.173083369    *N3304  
*N3304  0.835246521     
GRID*   3305            0               -0.278224484    -0.147532125    *N3305  
*N3305  0.603969641     
GRID*   3306            0               -0.27641275     -0.147650329    *N3306  
*N3306  0.601272266     
GRID*   3307            0               -0.278708072    -0.147543191    *N3307  
*N3307  0.598677543     
GRID*   3308            0               -0.278466329    -0.14753542     *N3308  
*N3308  0.601323592     
GRID*   3309            0               -0.275602601    -0.147786154    *N3309  
*N3309  0.606201358     
GRID*   3310            0               -0.277982619    -0.147533306    *N3310  
*N3310  0.60661569      
GRID*   3311            0               -0.27385138     -0.148265295    *N3311  
*N3311  0.603503983     
GRID*   3312            0               -0.273308616    -0.148468832    *N3312  
*N3312  0.605787026     
GRID*   3313            0               -0.2749613      -0.147931385    *N3313  
*N3313  0.598937897     
GRID*   3314            0               -0.274402636    -0.148086029    *N3314  
*N3314  0.60122094      
GRID*   3315            0               -0.278201736    -0.147532045    *N3315  
*N3315  0.69033979      
GRID*   3316            0               -0.275613188    -0.14778404     *N3316  
*N3316  0.686287194     
GRID*   3317            0               -0.280283536    -0.14770448     *N3317  
*N3317  0.681491451     
GRID*   3318            0               -0.279246087    -0.147576599    *N3318  
*N3318  0.685915621     
GRID*   3319            0               -0.276119057    -0.147693526    *N3319  
*N3319  0.699188129     
GRID*   3320            0               -0.274128285    -0.148171867    *N3320  
*N3320  0.694901071     
GRID*   3321            0               -0.277157165    -0.147571104    *N3321  
*N3321  0.69476396      
GRID*   3322            0               -0.270912357    -0.14973089     *N3322  
*N3322  0.69922789      
GRID*   3323            0               -0.268903611    -0.151382864    *N3323  
*N3323  0.695175294     
GRID*   3324            0               -0.271747115    -0.149217861    *N3324  
*N3324  0.690848475     
GRID*   3325            0               -0.271324926    -0.149466549    *N3325  
*N3325  0.695038183     
GRID*   3326            0               -0.269207835    -0.151086876    *N3326  
*N3326  0.687030342     
GRID*   3327            0               -0.272617964    -0.148768819    *N3327  
*N3327  0.682469061     
GRID*   3328            0               -0.27217833     -0.148985176    *N3328  
*N3328  0.686658768     
GRID*   3329            0               -0.278287158    -0.147532549    *N3329  
*N3329  0.701888267     
GRID*   3330            0               -0.275272441    -0.147856685    *N3330  
*N3330  0.705045971     
GRID*   3331            0               -0.273199798    -0.148512984    *N3331  
*N3331  0.702345833     
GRID*   3332            0               -0.275694403    -0.147768121    *N3332  
*N3332  0.70211705      
GRID*   3333            0               -0.277007194    -0.147583601    *N3333  
*N3333  0.707328302     
GRID*   3334            0               -0.274438427    -0.148075317    *N3334  
*N3334  0.710903812     
GRID*   3335            0               -0.272792797    -0.148688379    *N3335  
*N3335  0.708621481     
GRID*   3336            0               -0.27485363     -0.147959121    *N3336  
*N3336  0.707974891     
GRID*   3337            0               -0.270872379    -0.149757681    *N3337  
*N3337  0.712614797     
GRID*   3338            0               -0.269175793    -0.151117155    *N3338  
*N3338  0.70991466      
GRID*   3339            0               -0.270892356    -0.149744267    *N3339  
*N3339  0.705921343     
GRID*   3340            0               -0.270882365    -0.149750969    *N3340  
*N3340  0.70926807      
GRID*   3341            0               -0.268893253    -0.151393287    *N3341  
*N3341  0.7028034       
GRID*   3342            0               -0.270902353    -0.149737574    *N3342  
*N3342  0.702574617     
GRID*   3343            0               -0.267727835    -0.168460594    *N3343  
*N3343  0.48968436      
GRID*   3344            0               -0.267945221    -0.168741284    *N3344  
*N3344  0.486119647     
GRID*   3345            0               -0.265986056    -0.165331645    *N3345  
*N3345  0.485464901     
GRID*   3346            0               -0.266749258    -0.166956066    *N3346  
*N3346  0.487574631     
GRID*   3347            0               -0.271069136    -0.17157214     *N3347  
*N3347  0.490954958     
GRID*   3348            0               -0.268903328    -0.169816851    *N3348  
*N3348  0.49179409      
GRID*   3349            0               -0.276256594    -0.173527552    *N3349  
*N3349  0.489276694     
GRID*   3350            0               -0.271369815    -0.171760914    *N3350  
*N3350  0.487390244     
GRID*   3351            0               -0.27355798     -0.172828092    *N3351  
*N3351  0.490115826     
GRID*   3352            0               -0.271126494    -0.171609034    *N3352  
*N3352  0.483209678     
GRID*   3353            0               -0.267768999    -0.168514968    *N3353  
*N3353  0.481939081     
GRID*   3354            0               -0.269417569    -0.170306379    *N3354  
*N3354  0.484664663     
GRID*   3355            0               -0.287390463    -0.169857807    *N3355  
*N3355  0.704222877     
GRID*   3356            0               -0.285521415    -0.171402337    *N3356  
*N3356  0.70858115      
GRID*   3357            0               -0.288082684    -0.169112283    *N3357  
*N3357  0.712618229     
GRID*   3358            0               -0.287740831    -0.169495014    *N3358  
*N3358  0.708420553     
GRID*   3359            0               -0.283878263    -0.172354072    *N3359  
*N3359  0.699895879     
GRID*   3360            0               -0.287069303    -0.170167028    *N3360  
*N3360  0.700025201     
GRID*   3361            0               -0.276442958    -0.173553728    *N3361  
*N3361  0.699637237     
GRID*   3362            0               -0.281608507    -0.173206789    *N3362  
*N3362  0.704254153     
GRID*   3363            0               -0.280248907    -0.173501154    *N3363  
*N3363  0.699766558     
GRID*   3364            0               -0.280230359    -0.173504133    *N3364  
*N3364  0.708902345     
GRID*   3365            0               -0.284314888    -0.172131718    *N3365  
*N3365  0.713229342     
GRID*   3366            0               -0.282991737    -0.172744876    *N3366  
*N3366  0.708741748     
GRID*   3367            0               -0.275971199    -0.147717861    *N3367  
*N3367  0.859996912     
GRID*   3368            0               -0.274041828    -0.148200298    *N3368  
*N3368  0.856677127     
GRID*   3369            0               -0.276625842    -0.147623238    *N3369  
*N3369  0.854904774     
GRID*   3370            0               -0.276297922    -0.147666407    *N3370  
*N3370  0.857450843     
GRID*   3371            0               -0.275322183    -0.147845487    *N3371  
*N3371  0.86508905      
GRID*   3372            0               -0.273073888    -0.148565501    *N3372  
*N3372  0.862027555     
GRID*   3373            0               -0.275645884    -0.147777567    *N3373  
*N3373  0.862542981     
GRID*   3374            0               -0.270150351    -0.150280107    *N3374  
*N3374  0.864316488     
GRID*   3375            0               -0.268677196    -0.151616158    *N3375  
*N3375  0.860996703     
GRID*   3376            0               -0.271306694    -0.149477775    *N3376  
*N3376  0.85870777      
GRID*   3377            0               -0.270717713    -0.149863362    *N3377  
*N3377  0.861512129     
GRID*   3378            0               -0.269986112    -0.150409818    *N3378  
*N3378  0.855129694     
GRID*   3379            0               -0.272542617    -0.148804455    *N3379  
*N3379  0.853099052     
GRID*   3380            0               -0.271915584    -0.149124464    *N3380  
*N3380  0.855903411     
GRID*   3381            0               -0.266746593    -0.166951276    *N3381  
*N3381  0.46120706      
GRID*   3382            0               -0.268058052    -0.168880974    *N3382  
*N3382  0.45888058      
GRID*   3383            0               -0.266582532    -0.166646849    *N3383  
*N3383  0.45828904      
GRID*   3384            0               -0.267092281    -0.167536516    *N3384  
*N3384  0.467094715     
GRID*   3385            0               -0.268685598    -0.169592709    *N3385  
*N3385  0.464818802     
GRID*   3386            0               -0.266915631    -0.167246144    *N3386  
*N3386  0.464150887     
GRID*   3387            0               -0.27145031     -0.171809544    *N3387  
*N3387  0.46848111      
GRID*   3388            0               -0.273575922    -0.172834841    *N3388  
*N3388  0.46598073      
GRID*   3389            0               -0.270457587    -0.171151399    *N3389  
*N3389  0.462318422     
GRID*   3390            0               -0.270946446    -0.171491787    *N3390  
*N3390  0.465399766     
GRID*   3391            0               -0.272263766    -0.172258482    *N3391  
*N3391  0.459593577     
GRID*   3392            0               -0.26998051     -0.170785682    *N3392  
*N3392  0.459295585     
GRID*   3393            0               -0.266847481    -0.167129393    *N3393  
*N3393  0.705710975     
GRID*   3394            0               -0.270217789    -0.170971931    *N3394  
*N3394  0.70750366      
GRID*   3395            0               -0.270897124    -0.171458927    *N3395  
*N3395  0.702674106     
GRID*   3396            0               -0.267288059    -0.167839712    *N3396  
*N3396  0.700881421     
GRID*   3397            0               -0.26862355     -0.169526832    *N3397  
*N3397  0.70419254      
GRID*   3398            0               -0.269699032    -0.170552891    *N3398  
*N3398  0.711452257     
GRID*   3399            0               -0.274003776    -0.172986977    *N3399  
*N3399  0.714125899     
GRID*   3400            0               -0.274641099    -0.173183247    *N3400  
*N3400  0.710177301     
GRID*   3401            0               -0.272027552    -0.172135831    *N3401  
*N3401  0.710814779     
GRID*   3402            0               -0.279401183    -0.173609624    *N3402  
*N3402  0.713731899     
GRID*   3403            0               -0.275452754    -0.173382939    *N3403  
*N3403  0.705347747     
GRID*   3404            0               -0.277418343    -0.173646517    *N3404  
*N3404  0.709539823     
GRID*   3405            0               -0.271752963    -0.171985435    *N3405  
*N3405  0.696963596     
GRID*   3406            0               -0.273549684    -0.172824962    *N3406  
*N3406  0.701155672     
GRID*   3407            0               -0.280494268    -0.147740835    *N3407  
*N3407  0.84848221      
GRID*   3408            0               -0.279726002    -0.147625284    *N3408  
*N3408  0.844497768     
GRID*   3409            0               -0.2841586      -0.148986316    *N3409  
*N3409  0.842059646     
GRID*   3410            0               -0.282372797    -0.14822717     *N3410  
*N3410  0.845270928     
GRID*   3411            0               -0.276241902    -0.147674628    *N3411  
*N3411  0.850833865     
GRID*   3412            0               -0.278564433    -0.147538034    *N3412  
*N3412  0.851693492     
GRID*   3413            0               -0.271851608    -0.14915955     *N3413  
*N3413  0.84911461      
GRID*   3414            0               -0.275477216    -0.14781189     *N3414  
*N3414  0.846849423     
GRID*   3415            0               -0.2739804      -0.148220905    *N3415  
*N3415  0.849974237     
GRID*   3416            0               -0.274347767    -0.148102667    *N3416  
*N3416  0.842951449     
GRID*   3417            0               -0.278562995    -0.14753799     *N3417  
*N3417  0.840599794     
GRID*   3418            0               -0.27701196     -0.147583177    *N3418  
*N3418  0.843724609     
GRID*   3419            0               -0.277397545    -0.173645306    *N3419  
*N3419  0.87331791      
GRID*   3420            0               -0.273259111    -0.172711223    *N3420  
*N3420  0.869445345     
GRID*   3421            0               -0.270948299    -0.171493016    *N3421  
*N3421  0.872734        
GRID*   3422            0               -0.274017679    -0.172991641    *N3422  
*N3422  0.873129792     
GRID*   3423            0               -0.275760046    -0.173444355    *N3423  
*N3423  0.865831411     
GRID*   3424            0               -0.271777609    -0.171999286    *N3424  
*N3424  0.862284125     
GRID*   3425            0               -0.269642628    -0.170504624    *N3425  
*N3425  0.865898059     
GRID*   3426            0               -0.272507156    -0.17237857     *N3426  
*N3426  0.865864735     
GRID*   3427            0               -0.266925199    -0.167262315    *N3427  
*N3427  0.862676053     
GRID*   3428            0               -0.265835916    -0.164925289    *N3428  
*N3428  0.865765341     
GRID*   3429            0               -0.267863839    -0.168638039    *N3429  
*N3429  0.868987348     
GRID*   3430            0               -0.267372581    -0.167965145    *N3430  
*N3430  0.8658317       
GRID*   3431            0               -0.266498702    -0.166483456    *N3431  
*N3431  0.87155199      
GRID*   3432            0               -0.26839795     -0.169279358    *N3432  
*N3432  0.87213706      
GRID*   3433            0               -0.265225196    -0.162409148    *N3433  
*N3433  0.48116985      
GRID*   3434            0               -0.265265906    -0.162679693    *N3434  
*N3434  0.478007112     
GRID*   3435            0               -0.265102841    -0.160901612    *N3435  
*N3435  0.479022324     
GRID*   3436            0               -0.266098838    -0.165612325    *N3436  
*N3436  0.481803698     
GRID*   3437            0               -0.265520921    -0.163892449    *N3437  
*N3437  0.483317375     
GRID*   3438            0               -0.267936976    -0.168730921    *N3438  
*N3438  0.478776343     
GRID*   3439            0               -0.266206415    -0.165863879    *N3439  
*N3439  0.47864096      
GRID*   3440            0               -0.266909398    -0.16723558     *N3440  
*N3440  0.48029002      
GRID*   3441            0               -0.26630707     -0.166086907    *N3441  
*N3441  0.475976687     
GRID*   3442            0               -0.26566983     -0.164418948    *N3442  
*N3442  0.476991899     
GRID*   3443            0               -0.288096642    -0.152104002    *N3443  
*N3443  0.536666167     
GRID*   3444            0               -0.285126334    -0.149539019    *N3444  
*N3444  0.535657809     
GRID*   3445            0               -0.287187473    -0.151144304    *N3445  
*N3445  0.52969609      
GRID*   3446            0               -0.287654201    -0.151612649    *N3446  
*N3446  0.533181129     
GRID*   3447            0               -0.286335928    -0.150399651    *N3447  
*N3447  0.541975556     
GRID*   3448            0               -0.288513664    -0.152617105    *N3448  
*N3448  0.540151205     
GRID*   3449            0               -0.280743625    -0.147788463    *N3449  
*N3449  0.545624258     
GRID*   3450            0               -0.28293898     -0.1484343      *N3450  
*N3450  0.540967198     
GRID*   3451            0               -0.283696143    -0.148759173    *N3451  
*N3451  0.543799907     
GRID*   3452            0               -0.278949253    -0.147555412    *N3452  
*N3452  0.54061117      
GRID*   3453            0               -0.281370836    -0.147930731    *N3453  
*N3453  0.535301781     
GRID*   3454            0               -0.282162849    -0.148157786    *N3454  
*N3454  0.53813449      
GRID*   3455            0               -0.271610184    -0.149296192    *N3455  
*N3455  0.550161313     
GRID*   3456            0               -0.273494059    -0.148396194    *N3456  
*N3456  0.54693955      
GRID*   3457            0               -0.276038927    -0.147706498    *N3457  
*N3457  0.547892785     
GRID*   3458            0               -0.273752416    -0.14830037     *N3458  
*N3458  0.549027049     
GRID*   3459            0               -0.271497031    -0.149362592    *N3459  
*N3459  0.546265679     
GRID*   3460            0               -0.275087605    -0.147900089    *N3460  
*N3460  0.543438424     
GRID*   3461            0               -0.273237779    -0.148497444    *N3461  
*N3461  0.544852051     
GRID*   3462            0               -0.277699623    -0.147540373    *N3462  
*N3462  0.544391659     
GRID*   3463            0               -0.277005576    -0.147583745    *N3463  
*N3463  0.542024797     
GRID*   3464            0               -0.278394996    -0.147533983    *N3464  
*N3464  0.546758521     
GRID*   3465            0               -0.275472153    -0.147812956    *N3465  
*N3465  0.486813527     
GRID*   3466            0               -0.274977956    -0.147927181    *N3466  
*N3466  0.492810912     
GRID*   3467            0               -0.27069122     -0.149881793    *N3467  
*N3467  0.492126434     
GRID*   3468            0               -0.272977553    -0.14860673     *N3468  
*N3468  0.489469981     
GRID*   3469            0               -0.279764504    -0.147629967    *N3469  
*N3469  0.493986075     
GRID*   3470            0               -0.27917438     -0.147570858    *N3470  
*N3470  0.499492776     
GRID*   3471            0               -0.274406247    -0.148084943    *N3471  
*N3471  0.498317613     
GRID*   3472            0               -0.277061719    -0.147578856    *N3472  
*N3472  0.496151844     
GRID*   3473            0               -0.273761347    -0.148297168    *N3473  
*N3473  0.503333629     
GRID*   3474            0               -0.269684881    -0.150659166    *N3474  
*N3474  0.50264915      
GRID*   3475            0               -0.27021261     -0.150232041    *N3475  
*N3475  0.497633134     
GRID*   3476            0               -0.271911719    -0.149126571    *N3476  
*N3476  0.500483382     
GRID*   3477            0               -0.267098317    -0.153653857    *N3477  
*N3477  0.49743934      
GRID*   3478            0               -0.268704904    -0.151586979    *N3478  
*N3478  0.494782887     
GRID*   3479            0               -0.265208595    -0.158913866    *N3479  
*N3479  0.505448714     
GRID*   3480            0               -0.266511499    -0.154691233    *N3480  
*N3480  0.506150111     
GRID*   3481            0               -0.265578307    -0.157094523    *N3481  
*N3481  0.507900592     
GRID*   3482            0               -0.265306469    -0.158282647    *N3482  
*N3482  0.501144338     
GRID*   3483            0               -0.26510043     -0.160767241    *N3483  
*N3483  0.502996836     
GRID*   3484            0               -0.266814157    -0.154128724    *N3484  
*N3484  0.501845735     
GRID*   3485            0               -0.265980611    -0.155882398    *N3485  
*N3485  0.499291839     
GRID*   3486            0               -0.267898349    -0.152517918    *N3486  
*N3486  0.504399631     
GRID*   3487            0               -0.287747467    -0.151712134    *N3487  
*N3487  0.81414759      
GRID*   3488            0               -0.286762027    -0.150756001    *N3488  
*N3488  0.810927296     
GRID*   3489            0               -0.288589772    -0.15271673     *N3489  
*N3489  0.81173649      
GRID*   3490            0               -0.285202152    -0.149587084    *N3490  
*N3490  0.81558181      
GRID*   3491            0               -0.286808746    -0.150796987    *N3491  
*N3491  0.816558691     
GRID*   3492            0               -0.284007792    -0.148909749    *N3492  
*N3492  0.812361515     
GRID*   3493            0               -0.283428928    -0.148638039    *N3493  
*N3493  0.814604929     
GRID*   3494            0               -0.28457267     -0.14920945     *N3494  
*N3494  0.810118102     
GRID*   3495            0               -0.290594954    -0.164640734    *N3495  
*N3495  0.559896417     
GRID*   3496            0               -0.291158089    -0.162019004    *N3496  
*N3496  0.557683932     
GRID*   3497            0               -0.290580005    -0.164686423    *N3497  
*N3497  0.552044219     
GRID*   3498            0               -0.290587503    -0.164663577    *N3498  
*N3498  0.555970318     
GRID*   3499            0               -0.291168149    -0.161923673    *N3499  
*N3499  0.565282894     
GRID*   3500            0               -0.290602324    -0.164617995    *N3500  
*N3500  0.563822516     
GRID*   3501            0               -0.290569308    -0.156481225    *N3501  
*N3501  0.568203649     
GRID*   3502            0               -0.291164623    -0.159242148    *N3502  
*N3502  0.563070409     
GRID*   3503            0               -0.291156964    -0.159170734    *N3503  
*N3503  0.566743272     
GRID*   3504            0               -0.290628397    -0.156663611    *N3504  
*N3504  0.561111161     
GRID*   3505            0               -0.29117879     -0.159385382    *N3505  
*N3505  0.555724684     
GRID*   3506            0               -0.291171904    -0.159313745    *N3506  
*N3506  0.559397546     
GRID*   3507            0               -0.284855743    -0.149373328    *N3507  
*N3507  0.566532402     
GRID*   3508            0               -0.287236155    -0.151190984    *N3508  
*N3508  0.569343126     
GRID*   3509            0               -0.284721812    -0.149294613    *N3509  
*N3509  0.569912864     
GRID*   3510            0               -0.287429341    -0.151381089    *N3510  
*N3510  0.56247168      
GRID*   3511            0               -0.284988728    -0.149453631    *N3511  
*N3511  0.56315194      
GRID*   3512            0               -0.289285037    -0.153731967    *N3512  
*N3512  0.565282404     
GRID*   3513            0               -0.289345403    -0.153830659    *N3513  
*N3513  0.561791421     
GRID*   3514            0               -0.2892238      -0.153633813    *N3514  
*N3514  0.568773388     
GRID*   3515            0               -0.286498522    -0.150532013    *N3515  
*N3515  0.836762732     
GRID*   3516            0               -0.285314655    -0.149659763    *N3516  
*N3516  0.833174882     
GRID*   3517            0               -0.287530705    -0.151484059    *N3517  
*N3517  0.834114275     
GRID*   3518            0               -0.282792246    -0.148377764    *N3518  
*N3518  0.838611441     
GRID*   3519            0               -0.285370144    -0.149696215    *N3519  
*N3519  0.839411189     
GRID*   3520            0               -0.277092996    -0.147576238    *N3520  
*N3520  0.837011944     
GRID*   3521            0               -0.281389818    -0.147935546    *N3521  
*N3521  0.835023591     
GRID*   3522            0               -0.279987294    -0.147659348    *N3522  
*N3522  0.837811692     
GRID*   3523            0               -0.27997164     -0.147657157    *N3523  
*N3523  0.831296096     
GRID*   3524            0               -0.282753784    -0.148363279    *N3524  
*N3524  0.832235489     
GRID*   3525            0               -0.269797368    -0.150564271    *N3525  
*N3525  0.548186927     
GRID*   3526            0               -0.268464906    -0.151845857    *N3526  
*N3526  0.545756426     
GRID*   3527            0               -0.269887345    -0.150489907    *N3527  
*N3527  0.546011052     
GRID*   3528            0               -0.269619426    -0.150715393    *N3528  
*N3528  0.552538678     
GRID*   3529            0               -0.268074535    -0.152298944    *N3529  
*N3529  0.550564292     
GRID*   3530            0               -0.26970806     -0.150639434    *N3530  
*N3530  0.550362803     
GRID*   3531            0               -0.266534325    -0.154646419    *N3531  
*N3531  0.553397772     
GRID*   3532            0               -0.267004108    -0.153806294    *N3532  
*N3532  0.54813379      
GRID*   3533            0               -0.266761479    -0.15422203     *N3533  
*N3533  0.550765781     
GRID*   3534            0               -0.267261883    -0.153399777    *N3534  
*N3534  0.545501799     
GRID*   3535            0               -0.276163387    -0.147686568    *N3535  
*N3535  0.5961973       
GRID*   3536            0               -0.278078719    -0.147532301    *N3536  
*N3536  0.593147742     
GRID*   3537            0               -0.278393461    -0.147533956    *N3537  
*N3537  0.595912642     
GRID*   3538            0               -0.273047561    -0.148576677    *N3538  
*N3538  0.594026018     
GRID*   3539            0               -0.273991946    -0.148217006    *N3539  
*N3539  0.596481958     
GRID*   3540            0               -0.274866048    -0.147955872    *N3540  
*N3540  0.59097646      
GRID*   3541            0               -0.272133793    -0.149008249    *N3541  
*N3541  0.591570079     
GRID*   3542            0               -0.277764028    -0.147538226    *N3542  
*N3542  0.590382841     
GRID*   3543            0               -0.287286039    -0.151239321    *N3543  
*N3543  0.784030093     
GRID*   3544            0               -0.28539204     -0.149710711    *N3544  
*N3544  0.787518226     
GRID*   3545            0               -0.284971066    -0.149442841    *N3545  
*N3545  0.78402382      
GRID*   3546            0               -0.290447181    -0.156130255    *N3546  
*N3546  0.784042637     
GRID*   3547            0               -0.289709638    -0.154472321    *N3547  
*N3547  0.787488657     
GRID*   3548            0               -0.289142525    -0.153506456    *N3548  
*N3548  0.784036365     
GRID*   3549            0               -0.291124985    -0.15890513     *N3549  
*N3549  0.790905108     
GRID*   3550            0               -0.288373129    -0.152438206    *N3550  
*N3550  0.790976791     
GRID*   3551            0               -0.290191959    -0.155483201    *N3551  
*N3551  0.790940949     
GRID*   3552            0               -0.285802481    -0.149994457    *N3552  
*N3552  0.791012632     
GRID*   3553            0               -0.267901362    -0.168685909    *N3553  
*N3553  0.723664865     
GRID*   3554            0               -0.266085226    -0.165579425    *N3554  
*N3554  0.725497014     
GRID*   3555            0               -0.26703825     -0.167449491    *N3555  
*N3555  0.730468004     
GRID*   3556            0               -0.269328294    -0.170225151    *N3556  
*N3556  0.728635855     
GRID*   3557            0               -0.267451958    -0.168080159    *N3557  
*N3557  0.727066434     
GRID*   3558            0               -0.265451258    -0.163612206    *N3558  
*N3558  0.72050734      
GRID*   3559            0               -0.26518156     -0.162063432    *N3559  
*N3559  0.727347845     
GRID*   3560            0               -0.265293098    -0.162841879    *N3560  
*N3560  0.723927593     
GRID*   3561            0               -0.265099794    -0.160493479    *N3561  
*N3561  0.73418835      
GRID*   3562            0               -0.265583345    -0.164123522    *N3562  
*N3562  0.732318836     
GRID*   3563            0               -0.265117047    -0.161279687    *N3563  
*N3563  0.730768098     
GRID*   3564            0               -0.266323312    -0.166121879    *N3564  
*N3564  0.737271143     
GRID*   3565            0               -0.268299422    -0.169167172    *N3565  
*N3565  0.735420311     
GRID*   3566            0               -0.266661616    -0.166796006    *N3566  
*N3566  0.733869573     
GRID*   3567            0               -0.267183693    -0.167680373    *N3567  
*N3567  0.521966278     
GRID*   3568            0               -0.27002229     -0.170819123    *N3568  
*N3568  0.522582255     
GRID*   3569            0               -0.271194731    -0.171652379    *N3569  
*N3569  0.518409464     
GRID*   3570            0               -0.268972179    -0.169885541    *N3570  
*N3570  0.520187871     
GRID*   3571            0               -0.26897295     -0.169886305    *N3571  
*N3571  0.525738498     
GRID*   3572            0               -0.273682745    -0.172874398    *N3572  
*N3572  0.52421478      
GRID*   3573            0               -0.271166567    -0.17163456     *N3573  
*N3573  0.524976639     
GRID*   3574            0               -0.279209535    -0.173626377    *N3574  
*N3574  0.522691062     
GRID*   3575            0               -0.275058891    -0.173292913    *N3575  
*N3575  0.520041989     
GRID*   3576            0               -0.276405552    -0.173548693    *N3576  
*N3576  0.523452921     
GRID*   3577            0               -0.276506825    -0.17356207     *N3577  
*N3577  0.51485265      
GRID*   3578            0               -0.273746431    -0.17289748     *N3578  
*N3578  0.516631057     
GRID*   3579            0               -0.268250775    -0.152089185    *N3579  
*N3579  0.793556037     
GRID*   3580            0               -0.268895265    -0.15139126     *N3580  
*N3580  0.790086355     
GRID*   3581            0               -0.269509197    -0.150811801    *N3581  
*N3581  0.792851446     
GRID*   3582            0               -0.266314243    -0.155097615    *N3582  
*N3582  0.794965218     
GRID*   3583            0               -0.266817359    -0.154123109    *N3583  
*N3583  0.792492169     
GRID*   3584            0               -0.267179064    -0.153526813    *N3584  
*N3584  0.794260628     
GRID*   3585            0               -0.265843517    -0.156253102    *N3585  
*N3585  0.792424933     
GRID*   3586            0               -0.266191871    -0.155369294    *N3586  
*N3586  0.788955251     
GRID*   3587            0               -0.267317878    -0.153315676    *N3587  
*N3587  0.789022487     
GRID*   3588            0               -0.266487982    -0.154737853    *N3588  
*N3588  0.79072371      
GRID*   3589            0               -0.267785888    -0.152662893    *N3589  
*N3589  0.784556172     
GRID*   3590            0               -0.268320029    -0.15200915     *N3590  
*N3590  0.787321264     
GRID*   3591            0               -0.265099397    -0.160631272    *N3591  
*N3591  0.797603378     
GRID*   3592            0               -0.265377284    -0.157919217    *N3592  
*N3592  0.798675242     
GRID*   3593            0               -0.265155354    -0.159391554    *N3593  
*N3593  0.800530254     
GRID*   3594            0               -0.265340466    -0.163098685    *N3594  
*N3594  0.791749627     
GRID*   3595            0               -0.265114477    -0.15997161     *N3595  
*N3595  0.793925979     
GRID*   3596            0               -0.265161287    -0.161870708    *N3596  
*N3596  0.794676503     
GRID*   3597            0               -0.265209794    -0.158904678    *N3597  
*N3597  0.791353069     
GRID*   3598            0               -0.265528904    -0.157277039    *N3598  
*N3598  0.794997843     
GRID*   3599            0               -0.2653435      -0.158085791    *N3599  
*N3599  0.793175456     
GRID*   3600            0               -0.265765259    -0.156481683    *N3600  
*N3600  0.79682023      
GRID*   3601            0               -0.287222364    -0.151177711    *N3601  
*N3601  0.721351497     
GRID*   3602            0               -0.289512434    -0.154114484    *N3602  
*N3602  0.720636642     
GRID*   3603            0               -0.288718668    -0.152890103    *N3603  
*N3603  0.724862197     
GRID*   3604            0               -0.283460777    -0.148652098    *N3604  
*N3604  0.714330096     
GRID*   3605            0               -0.28686105     -0.150843342    *N3605  
*N3605  0.714131442     
GRID*   3606            0               -0.285451862    -0.149750639    *N3606  
*N3606  0.717840796     
GRID*   3607            0               -0.286735161    -0.150732609    *N3607  
*N3607  0.707427587     
GRID*   3608            0               -0.289170566    -0.15355003     *N3608  
*N3608  0.706712733     
GRID*   3609            0               -0.289260108    -0.153691776    *N3609  
*N3609  0.713416587     
GRID*   3610            0               -0.288108359    -0.152117715    *N3610  
*N3610  0.710422087     
GRID*   3611            0               -0.290667486    -0.156789557    *N3611  
*N3611  0.712185533     
GRID*   3612            0               -0.290164751    -0.155419727    *N3612  
*N3612  0.716411087     
GRID*   3613            0               -0.282796473    -0.148379365    *N3613  
*N3613  0.704657927     
GRID*   3614            0               -0.279622862    -0.147613309    *N3614  
*N3614  0.706175924     
GRID*   3615            0               -0.280579271    -0.147756507    *N3615  
*N3615  0.703273097     
GRID*   3616            0               -0.283430993    -0.148638947    *N3616  
*N3616  0.709311202     
GRID*   3617            0               -0.284869902    -0.149381776    *N3617  
*N3617  0.706042757     
GRID*   3618            0               -0.280334038    -0.14771287     *N3618  
*N3618  0.715848092     
GRID*   3619            0               -0.280301924    -0.147707511    *N3619  
*N3619  0.710829199     
GRID*   3620            0               -0.28191126     -0.148079783    *N3620  
*N3620  0.712579647     
GRID*   3621            0               -0.277691413    -0.14754067     *N3621  
*N3621  0.711981577     
GRID*   3622            0               -0.278658482    -0.147541232    *N3622  
*N3622  0.70907875      
GRID*   3623            0               -0.269596478    -0.150735285    *N3623  
*N3623  0.558118416     
GRID*   3624            0               -0.267866972    -0.152557946    *N3624  
*N3624  0.555810787     
GRID*   3625            0               -0.269607946    -0.150725332    *N3625  
*N3625  0.555328547     
GRID*   3626            0               -0.267826656    -0.152609852    *N3626  
*N3626  0.561495912     
GRID*   3627            0               -0.269585021    -0.150745251    *N3627  
*N3627  0.560908286     
GRID*   3628            0               -0.265555492    -0.157177512    *N3628  
*N3628  0.562671163     
GRID*   3629            0               -0.266488623    -0.154736576    *N3629  
*N3629  0.559188282     
GRID*   3630            0               -0.266466034    -0.154781786    *N3630  
*N3630  0.562083537     
GRID*   3631            0               -0.265591911    -0.157046029    *N3631  
*N3631  0.556775267     
GRID*   3632            0               -0.266511387    -0.154691453    *N3632  
*N3632  0.556293027     
GRID*   3633            0               -0.266070704    -0.165544042    *N3633  
*N3633  0.561642973     
GRID*   3634            0               -0.265291551    -0.162832976    *N3634  
*N3634  0.564220807     
GRID*   3635            0               -0.266091327    -0.165594203    *N3635  
*N3635  0.568348285     
GRID*   3636            0               -0.26608099     -0.165569133    *N3636  
*N3636  0.564995629     
GRID*   3637            0               -0.265277853    -0.162752499    *N3637  
*N3637  0.5577853       
GRID*   3638            0               -0.266060471    -0.165518929    *N3638  
*N3638  0.558290317     
GRID*   3639            0               -0.265116223    -0.159936326    *N3639  
*N3639  0.560363134     
GRID*   3640            0               -0.265119106    -0.159881885    *N3640  
*N3640  0.557280284     
GRID*   3641            0               -0.26511114     -0.160045242    *N3641  
*N3641  0.566528836     
GRID*   3642            0               -0.265113568    -0.159990778    *N3642  
*N3642  0.563445985     
GRID*   3643            0               -0.277148512    -0.173628222    *N3643  
*N3643  0.610201861     
GRID*   3644            0               -0.274080158    -0.173012389    *N3644  
*N3644  0.613022593     
GRID*   3645            0               -0.276685702    -0.173583733    *N3645  
*N3645  0.614974235     
GRID*   3646            0               -0.278077414    -0.17366769     *N3646  
*N3646  0.600657113     
GRID*   3647            0               -0.27462066     -0.173177502    *N3647  
*N3647  0.604223598     
GRID*   3648            0               -0.277612612    -0.17365622     *N3648  
*N3648  0.605429487     
GRID*   3649            0               -0.271907183    -0.172070955    *N3649  
*N3649  0.598991086     
GRID*   3650            0               -0.269359381    -0.170253608    *N3650  
*N3650  0.601811818     
GRID*   3651            0               -0.271731957    -0.171973575    *N3651  
*N3651  0.60704433      
GRID*   3652            0               -0.271819383    -0.172022601    *N3652  
*N3652  0.603017708     
GRID*   3653            0               -0.269481419    -0.170363558    *N3653  
*N3653  0.60911931      
GRID*   3654            0               -0.271644909    -0.17192388     *N3654  
*N3654  0.611070951     
GRID*   3655            0               -0.276967399    -0.147587209    *N3655  
*N3655  0.526972018     
GRID*   3656            0               -0.276836346    -0.147599961    *N3656  
*N3656  0.531851216     
GRID*   3657            0               -0.274595192    -0.148029708    *N3657  
*N3657  0.530125933     
GRID*   3658            0               -0.282227486    -0.148178728    *N3658  
*N3658  0.525777432     
GRID*   3659            0               -0.279380522    -0.147588434    *N3659  
*N3659  0.523818103     
GRID*   3660            0               -0.282102126    -0.14813845     *N3660  
*N3660  0.53065663      
GRID*   3661            0               -0.284873463    -0.149383904    *N3661  
*N3661  0.527736761     
GRID*   3662            0               -0.279118086    -0.14756663     *N3662  
*N3662  0.533576498     
GRID*   3663            0               -0.266310883    -0.166095142    *N3663  
*N3663  0.63996461      
GRID*   3664            0               -0.265233426    -0.162467082    *N3664  
*N3664  0.638716804     
GRID*   3665            0               -0.265550665    -0.16400465     *N3665  
*N3665  0.642315124     
GRID*   3666            0               -0.266803802    -0.167053075    *N3666  
*N3666  0.634793651     
GRID*   3667            0               -0.267414639    -0.168026414    *N3667  
*N3667  0.637614095     
GRID*   3668            0               -0.26584978     -0.164964614    *N3668  
*N3668  0.629152763     
GRID*   3669            0               -0.265431167    -0.163526093    *N3669  
*N3669  0.633545846     
GRID*   3670            0               -0.266280834    -0.166029838    *N3670  
*N3670  0.631973207     
GRID*   3671            0               -0.265160859    -0.159333684    *N3671  
*N3671  0.631520164     
GRID*   3672            0               -0.265102863    -0.160902567    *N3672  
*N3672  0.635118484     
GRID*   3673            0               -0.265101744    -0.160350377    *N3673  
*N3673  0.616575822     
GRID*   3674            0               -0.265235101    -0.158721353    *N3674  
*N3674  0.620751121     
GRID*   3675            0               -0.265267769    -0.162691214    *N3675  
*N3675  0.622864292     
GRID*   3676            0               -0.265132105    -0.16152453     *N3676  
*N3676  0.619720057     
GRID*   3677            0               -0.266381898    -0.154954159    *N3677  
*N3677  0.618536192     
GRID*   3678            0               -0.265579452    -0.157090411    *N3678  
*N3678  0.625028178     
GRID*   3679            0               -0.265933956    -0.156004736    *N3679  
*N3679  0.621782185     
GRID*   3680            0               -0.265106507    -0.161032135    *N3680  
*N3680  0.62714135      
GRID*   3681            0               -0.265321096    -0.158202893    *N3681  
*N3681  0.628274171     
GRID*   3682            0               -0.26550764     -0.163841005    *N3682  
*N3682  0.626008528     
GRID*   3683            0               -0.275338115    -0.173358056    *N3683  
*N3683  0.828638727     
GRID*   3684            0               -0.272426929    -0.17233968     *N3684  
*N3684  0.830527148     
GRID*   3685            0               -0.275765832    -0.173445438    *N3685  
*N3685  0.836234814     
GRID*   3686            0               -0.275551608    -0.173403533    *N3686  
*N3686  0.832436771     
GRID*   3687            0               -0.27289414     -0.17255683     *N3687  
*N3687  0.82259726      
GRID*   3688            0               -0.27512541     -0.173309019    *N3688  
*N3688  0.824840684     
GRID*   3689            0               -0.269012088    -0.169924893    *N3689  
*N3689  0.818110411     
GRID*   3690            0               -0.270238795    -0.170987997    *N3690  
*N3690  0.82448568      
GRID*   3691            0               -0.270834072    -0.171416447    *N3691  
*N3691  0.820353836     
GRID*   3692            0               -0.26745229     -0.168080636    *N3692  
*N3692  0.826707902     
GRID*   3693            0               -0.269124962    -0.170034387    *N3693  
*N3693  0.83274937      
GRID*   3694            0               -0.269668493    -0.170526827    *N3694  
*N3694  0.828617525     
GRID*   3695            0               -0.265123804    -0.161398926    *N3695  
*N3695  0.815005086     
GRID*   3696            0               -0.265833731    -0.164919053    *N3696  
*N3696  0.813655568     
GRID*   3697            0               -0.265175458    -0.162008229    *N3697  
*N3697  0.811428146     
GRID*   3698            0               -0.265393975    -0.163359214    *N3698  
*N3698  0.821290651     
GRID*   3699            0               -0.26510071     -0.160787873    *N3699  
*N3699  0.818582026     
GRID*   3700            0               -0.266627266    -0.166731792    *N3700  
*N3700  0.819941133     
GRID*   3701            0               -0.266188218    -0.165822336    *N3701  
*N3701  0.823999277     
GRID*   3702            0               -0.267135233    -0.167604628    *N3702  
*N3702  0.81588299      
GRID*   3703            0               -0.287929171    -0.169287904    *N3703  
*N3703  0.729327101     
GRID*   3704            0               -0.285676023    -0.171295448    *N3704  
*N3704  0.733979571     
GRID*   3705            0               -0.287684028    -0.169555761    *N3705  
*N3705  0.73722873      
GRID*   3706            0               -0.287807162    -0.169423085    *N3706  
*N3706  0.733277915     
GRID*   3707            0               -0.283688857    -0.172444226    *N3707  
*N3707  0.730934219     
GRID*   3708            0               -0.28048509     -0.173460822    *N3708  
*N3708  0.735382884     
GRID*   3709            0               -0.282699545    -0.172856913    *N3709  
*N3709  0.738428237     
GRID*   3710            0               -0.283198434    -0.172660718    *N3710  
*N3710  0.734681228     
GRID*   3711            0               -0.279078426    -0.173636203    *N3711  
*N3711  0.742673097     
GRID*   3712            0               -0.281696206    -0.173182522    *N3712  
*N3712  0.745922255     
GRID*   3713            0               -0.285084875    -0.171686957    *N3713  
*N3713  0.741677395     
GRID*   3714            0               -0.282201162    -0.173029846    *N3714  
*N3714  0.742175246     
GRID*   3715            0               -0.287443591    -0.169804573    *N3715  
*N3715  0.745130359     
GRID*   3716            0               -0.287564247    -0.169681361    *N3716  
*N3716  0.741179544     
GRID*   3717            0               -0.271131964    -0.17161253     *N3717  
*N3717  0.73377806      
GRID*   3718            0               -0.274527394    -0.173150828    *N3718  
*N3718  0.73200937      
GRID*   3719            0               -0.272405401    -0.172329129    *N3719  
*N3719  0.726867165     
GRID*   3720            0               -0.271758659    -0.171988642    *N3720  
*N3720  0.730322613     
GRID*   3721            0               -0.269946489    -0.170758244    *N3721  
*N3721  0.740688955     
GRID*   3722            0               -0.273162418    -0.172671586    *N3722  
*N3722  0.739046704     
GRID*   3723            0               -0.270527277    -0.171201969    *N3723  
*N3723  0.737233508     
GRID*   3724            0               -0.275360805    -0.173363067    *N3724  
*N3724  0.744441788     
GRID*   3725            0               -0.276774249    -0.173593532    *N3725  
*N3725  0.737278014     
GRID*   3726            0               -0.276064368    -0.173497676    *N3726  
*N3726  0.740859901     
GRID*   3727            0               -0.278204423    -0.173667947    *N3727  
*N3727  0.73011424      
GRID*   3728            0               -0.277488316    -0.173650346    *N3728  
*N3728  0.733696127     
GRID*   3729            0               -0.272005286    -0.149076048    *N3729  
*N3729  0.665799724     
GRID*   3730            0               -0.275175357    -0.14787913     *N3730  
*N3730  0.669320578     
GRID*   3731            0               -0.272309611    -0.148918416    *N3731  
*N3731  0.674134393     
GRID*   3732            0               -0.26950309     -0.150817206    *N3732  
*N3732  0.670613539     
GRID*   3733            0               -0.272156932    -0.148996234    *N3733  
*N3733  0.669967058     
GRID*   3734            0               -0.277736154    -0.147539116    *N3734  
*N3734  0.664401645     
GRID*   3735            0               -0.281562575    -0.147980763    *N3735  
*N3735  0.668027616     
GRID*   3736            0               -0.279013892    -0.147559448    *N3736  
*N3736  0.672946548     
GRID*   3737            0               -0.278375272    -0.147533654    *N3737  
*N3737  0.668674097     
GRID*   3738            0               -0.283213573    -0.148545608    *N3738  
*N3738  0.676677636     
GRID*   3739            0               -0.275969646    -0.147718126    *N3739  
*N3739  0.677760363     
GRID*   3740            0               -0.279650488    -0.147616435    *N3740  
*N3740  0.677219        
GRID*   3741            0               -0.269409837    -0.150900597    *N3741  
*N3741  0.67884309      
GRID*   3742            0               -0.272463297    -0.148842607    *N3742  
*N3742  0.678301727     
GRID*   3743            0               -0.291156954    -0.162029361    *N3743  
*N3743  0.710222744     
GRID*   3744            0               -0.290725614    -0.164214258    *N3744  
*N3744  0.705517712     
GRID*   3745            0               -0.290586984    -0.164665164    *N3745  
*N3745  0.70924135      
GRID*   3746            0               -0.290980037    -0.15802941     *N3746  
*N3746  0.708138659     
GRID*   3747            0               -0.291178714    -0.159384565    *N3747  
*N3747  0.711204138     
GRID*   3748            0               -0.291230465    -0.160242352    *N3748  
*N3748  0.703433627     
GRID*   3749            0               -0.290657101    -0.156755654    *N3749  
*N3749  0.70507318      
GRID*   3750            0               -0.290836083    -0.163805633    *N3750  
*N3750  0.701794074     
GRID*   3751            0               -0.26601939     -0.16541658     *N3751  
*N3751  0.604020617     
GRID*   3752            0               -0.267620515    -0.168316003    *N3752  
*N3752  0.606437045     
GRID*   3753            0               -0.267413888    -0.168025326    *N3753  
*N3753  0.602916217     
GRID*   3754            0               -0.265137293    -0.159605016    *N3754  
*N3754  0.606229415     
GRID*   3755            0               -0.265414154    -0.163451029    *N3755  
*N3755  0.608380008     
GRID*   3756            0               -0.265247338    -0.162561039    *N3756  
*N3756  0.605125016     
GRID*   3757            0               -0.265170524    -0.161961939    *N3757  
*N3757  0.612473563     
GRID*   3758            0               -0.266540559    -0.166565746    *N3758  
*N3758  0.610796436     
GRID*   3759            0               -0.2656422      -0.16432733     *N3759  
*N3759  0.611634999     
GRID*   3760            0               -0.267834998    -0.168600932    *N3760  
*N3760  0.609957873     
GRID*   3761            0               -0.265738929    -0.156561839    *N3761  
*N3761  0.614489702     
GRID*   3762            0               -0.267382762    -0.153219954    *N3762  
*N3762  0.612459352     
GRID*   3763            0               -0.266849067    -0.154067859    *N3763  
*N3763  0.615497772     
GRID*   3764            0               -0.265336114    -0.158123762    *N3764  
*N3764  0.610387443     
GRID*   3765            0               -0.265171156    -0.159232041    *N3765  
*N3765  0.613481633     
GRID*   3766            0               -0.26655571     -0.154604817    *N3766  
*N3766  0.608357093     
GRID*   3767            0               -0.265595405    -0.157033688    *N3767  
*N3767  0.607293254     
GRID*   3768            0               -0.267979848    -0.152415428    *N3768  
*N3768  0.609420932     
GRID*   3769            0               -0.287771852    -0.16946151     *N3769  
*N3769  0.801513111     
GRID*   3770            0               -0.286035405    -0.171033911    *N3770  
*N3770  0.805783204     
GRID*   3771            0               -0.287955413    -0.169258328    *N3771  
*N3771  0.805654186     
GRID*   3772            0               -0.287416488    -0.169831806    *N3772  
*N3772  0.793230963     
GRID*   3773            0               -0.285161408    -0.171638836    *N3773  
*N3773  0.797324341     
GRID*   3774            0               -0.287595154    -0.169649271    *N3774  
*N3774  0.797372037     
GRID*   3775            0               -0.281585087    -0.173213158    *N3775  
*N3775  0.792958855     
GRID*   3776            0               -0.283078166    -0.172710186    *N3776  
*N3776  0.801594433     
GRID*   3777            0               -0.282339213    -0.172984194    *N3777  
*N3777  0.797276644     
GRID*   3778            0               -0.283815807    -0.172384212    *N3778  
*N3778  0.805912222     
GRID*   3779            0               -0.265268047    -0.162692928    *N3779  
*N3779  0.73894083      
GRID*   3780            0               -0.265812566    -0.164858133    *N3780  
*N3780  0.742972421     
GRID*   3781            0               -0.267436114    -0.168057412    *N3781  
*N3781  0.741302734     
GRID*   3782            0               -0.266051451    -0.16549667     *N3782  
*N3782  0.740121782     
GRID*   3783            0               -0.265188111    -0.159079561    *N3783  
*N3783  0.741331406     
GRID*   3784            0               -0.265124778    -0.159785322    *N3784  
*N3784  0.737759878     
GRID*   3785            0               -0.265428964    -0.157683511    *N3785  
*N3785  0.748474462     
GRID*   3786            0               -0.265118722    -0.161311108    *N3786  
*N3786  0.745362997     
GRID*   3787            0               -0.265289606    -0.15837827     *N3787  
*N3787  0.744902934     
GRID*   3788            0               -0.265436234    -0.163548061    *N3788  
*N3788  0.748673699     
GRID*   3789            0               -0.26673067     -0.16692256     *N3789  
*N3789  0.746283123     
GRID*   3790            0               -0.265607308    -0.164208007    *N3790  
*N3790  0.74582306      
GRID*   3791            0               -0.291093416    -0.158679143    *N3791  
*N3791  0.681961819     
GRID*   3792            0               -0.291104733    -0.158756906    *N3792  
*N3792  0.678444574     
GRID*   3793            0               -0.291200464    -0.161554362    *N3793  
*N3793  0.68009039      
GRID*   3794            0               -0.289271754    -0.153710512    *N3794  
*N3794  0.682239747     
GRID*   3795            0               -0.290340768    -0.155848079    *N3795  
*N3795  0.683833248     
GRID*   3796            0               -0.285966524    -0.150114502    *N3796  
*N3796  0.679052744     
GRID*   3797            0               -0.289312982    -0.15377741     *N3797  
*N3797  0.678722501     
GRID*   3798            0               -0.287788636    -0.151756716    *N3798  
*N3798  0.680646245     
GRID*   3799            0               -0.289107125    -0.153451982    *N3799  
*N3799  0.67515294      
GRID*   3800            0               -0.290397036    -0.155994825    *N3800  
*N3800  0.676798757     
GRID*   3801            0               -0.270277687    -0.171017566    *N3801  
*N3801  0.722513445     
GRID*   3802            0               -0.268753798    -0.169664076    *N3802  
*N3802  0.717558561     
GRID*   3803            0               -0.266768931    -0.166991278    *N3803  
*N3803  0.718709981     
GRID*   3804            0               -0.268315433    -0.169185578    *N3804  
*N3804  0.720611713     
GRID*   3805            0               -0.271095195    -0.171588954    *N3805  
*N3805  0.717053081     
GRID*   3806            0               -0.267633879    -0.168334236    *N3806  
*N3806  0.711957738     
GRID*   3807            0               -0.269215377    -0.170120222    *N3807  
*N3807  0.714505409     
GRID*   3808            0               -0.265564951    -0.164057153    *N3808  
*N3808  0.706862394     
GRID*   3809            0               -0.266021384    -0.165421607    *N3809  
*N3809  0.713109157     
GRID*   3810            0               -0.266403401    -0.166290511    *N3810  
*N3810  0.709410066     
GRID*   3811            0               -0.265163935    -0.161897522    *N3811  
*N3811  0.714906517     
GRID*   3812            0               -0.265703443    -0.164527266    *N3812  
*N3812  0.716808249     
GRID*   3813            0               -0.267038552    -0.153750017    *N3813  
*N3813  0.707490386     
GRID*   3814            0               -0.265528576    -0.15727829     *N3814  
*N3814  0.704832897     
GRID*   3815            0               -0.266618673    -0.154484408    *N3815  
*N3815  0.700145911     
GRID*   3816            0               -0.266822669    -0.154113814    *N3816  
*N3816  0.703818149     
GRID*   3817            0               -0.265919952    -0.15604219     *N3817  
*N3817  0.712410588     
GRID*   3818            0               -0.267266098    -0.153393397    *N3818  
*N3818  0.711162624     
GRID*   3819            0               -0.265124081    -0.159796565    *N3819  
*N3819  0.709753099     
GRID*   3820            0               -0.265206944    -0.158926603    *N3820  
*N3820  0.713658552     
GRID*   3821            0               -0.265133454    -0.161543363    *N3821  
*N3821  0.701942192     
GRID*   3822            0               -0.265099548    -0.160670121    *N3822  
*N3822  0.705847646     
GRID*   3823            0               -0.275775632    -0.147752733    *N3823  
*N3823  0.71950169      
GRID*   3824            0               -0.276833009    -0.147600303    *N3824  
*N3824  0.715417865     
GRID*   3825            0               -0.278053083    -0.1475325      *N3825  
*N3825  0.717674891     
GRID*   3826            0               -0.272636674    -0.148760062    *N3826  
*N3826  0.718423925     
GRID*   3827            0               -0.273571502    -0.148366819    *N3827  
*N3827  0.721328489     
GRID*   3828            0               -0.27362226     -0.14834787     *N3828  
*N3828  0.7143401       
GRID*   3829            0               -0.271735157    -0.149224615    *N3829  
*N3829  0.715519361     
GRID*   3830            0               -0.275624601    -0.147781771    *N3830  
*N3830  0.713160838     
GRID*   3831            0               -0.274781713    -0.147978193    *N3831  
*N3831  0.661781807     
GRID*   3832            0               -0.277391574    -0.147555048    *N3832  
*N3832  0.658283641     
GRID*   3833            0               -0.280373925    -0.147719639    *N3833  
*N3833  0.66090348      
GRID*   3834            0               -0.277563811    -0.147545945    *N3834  
*N3834  0.661342643     
GRID*   3835            0               -0.269810825    -0.150553062    *N3835  
*N3835  0.662660134     
GRID*   3836            0               -0.272309285    -0.14891858     *N3836  
*N3836  0.658642217     
GRID*   3837            0               -0.27215677     -0.148996318    *N3837  
*N3837  0.66222097      
GRID*   3838            0               -0.270349533    -0.150128409    *N3838  
*N3838  0.654982875     
GRID*   3839            0               -0.272617304    -0.148769129    *N3839  
*N3839  0.651484709     
GRID*   3840            0               -0.274780464    -0.147978528    *N3840  
*N3840  0.655144051     
GRID*   3841            0               -0.272462805    -0.148842846    *N3841  
*N3841  0.655063463     
GRID*   3842            0               -0.277047535    -0.147580069    *N3842  
*N3842  0.652165638     
GRID*   3843            0               -0.279692441    -0.147621296    *N3843  
*N3843  0.655305228     
GRID*   3844            0               -0.277219472    -0.147566423    *N3844  
*N3844  0.655224639     
GRID*   3845            0               -0.265953637    -0.155952677    *N3845  
*N3845  0.654241043     
GRID*   3846            0               -0.265157589    -0.159367729    *N3846  
*N3846  0.658464521     
GRID*   3847            0               -0.265141816    -0.159547463    *N3847  
*N3847  0.653870128     
GRID*   3848            0               -0.267636154    -0.152862666    *N3848  
*N3848  0.65870251      
GRID*   3849            0               -0.267736815    -0.152727493    *N3849  
*N3849  0.654611959     
GRID*   3850            0               -0.267440105    -0.153136849    *N3850  
*N3850  0.666883612     
GRID*   3851            0               -0.265957871    -0.155941567    *N3851  
*N3851  0.662925988     
GRID*   3852            0               -0.267537246    -0.152999125    *N3852  
*N3852  0.662793061     
GRID*   3853            0               -0.265196572    -0.159009       *N3853  
*N3853  0.667653309     
GRID*   3854            0               -0.265175842    -0.15918823     *N3854  
*N3854  0.663058915     
GRID*   3855            0               -0.28796105     -0.169251951    *N3855  
*N3855  0.471127105     
GRID*   3856            0               -0.285802011    -0.171205881    *N3856  
*N3856  0.477037264     
GRID*   3857            0               -0.287756719    -0.169477883    *N3857  
*N3857  0.47911252      
GRID*   3858            0               -0.287859293    -0.169365789    *N3858  
*N3858  0.475119812     
GRID*   3859            0               -0.283819171    -0.1723826      *N3859  
*N3859  0.475082028     
GRID*   3860            0               -0.280783441    -0.173403466    *N3860  
*N3860  0.480872168     
GRID*   3861            0               -0.282992953    -0.172744393    *N3861  
*N3861  0.482827404     
GRID*   3862            0               -0.283409185    -0.172570626    *N3862  
*N3862  0.478954716     
GRID*   3863            0               -0.279603321    -0.173588866    *N3863  
*N3863  0.488497524     
GRID*   3864            0               -0.282154947    -0.173044749    *N3864  
*N3864  0.490572779     
GRID*   3865            0               -0.28530927     -0.171543753    *N3865  
*N3865  0.484902659     
GRID*   3866            0               -0.282576508    -0.172901708    *N3866  
*N3866  0.486700092     
GRID*   3867            0               -0.287555361    -0.169690548    *N3867  
*N3867  0.487097934     
GRID*   3868            0               -0.287656373    -0.169585057    *N3868  
*N3868  0.483105227     
GRID*   3869            0               -0.272801265    -0.172515438    *N3869  
*N3869  0.471924773     
GRID*   3870            0               -0.273470473    -0.172794748    *N3870  
*N3870  0.477177641     
GRID*   3871            0               -0.276722441    -0.173587873    *N3871  
*N3871  0.47639847      
GRID*   3872            0               -0.276004232    -0.173487727    *N3872  
*N3872  0.471145603     
GRID*   3873            0               -0.274719896    -0.173205063    *N3873  
*N3873  0.474161622     
GRID*   3874            0               -0.270143491    -0.17091456     *N3874  
*N3874  0.477425705     
GRID*   3875            0               -0.274612348    -0.173175155    *N3875  
*N3875  0.482961614     
GRID*   3876            0               -0.272268615    -0.172260936    *N3876  
*N3876  0.48019366      
GRID*   3877            0               -0.277923493    -0.173665724    *N3877  
*N3877  0.482182444     
GRID*   3878            0               -0.27708783     -0.173623334    *N3878  
*N3878  0.485729569     
GRID*   3879            0               -0.279594388    -0.17358985     *N3879  
*N3879  0.475088194     
GRID*   3880            0               -0.278760156    -0.173654548    *N3880  
*N3880  0.478635319     
GRID*   3881            0               -0.290667573    -0.164410157    *N3881  
*N3881  0.485995849     
GRID*   3882            0               -0.291188449    -0.159493722    *N3882  
*N3882  0.484507978     
GRID*   3883            0               -0.291228075    -0.160163729    *N3883  
*N3883  0.481719647     
GRID*   3884            0               -0.291122281    -0.162315409    *N3884  
*N3884  0.483857748     
GRID*   3885            0               -0.29106925     -0.158523018    *N3885  
*N3885  0.487266522     
GRID*   3886            0               -0.289495666    -0.154085239    *N3886  
*N3886  0.48580844      
GRID*   3887            0               -0.289951158    -0.154950689    *N3887  
*N3887  0.483049897     
GRID*   3888            0               -0.290638775    -0.156696612    *N3888  
*N3888  0.485158209     
GRID*   3889            0               -0.287355948    -0.151307935    *N3889  
*N3889  0.481621604     
GRID*   3890            0               -0.287820915    -0.151791964    *N3890  
*N3890  0.478833272     
GRID*   3891            0               -0.290225671    -0.15556316     *N3891  
*N3891  0.480261565     
GRID*   3892            0               -0.289001769    -0.153293277    *N3892  
*N3892  0.480941584     
GRID*   3893            0               -0.290361373    -0.155901206    *N3893  
*N3893  0.477443445     
GRID*   3894            0               -0.290973319    -0.157996153    *N3894  
*N3894  0.479581546     
GRID*   3895            0               -0.266075091    -0.155645238    *N3895  
*N3895  0.839586512     
GRID*   3896            0               -0.265102888    -0.160296361    *N3896  
*N3896  0.842403709     
GRID*   3897            0               -0.265193494    -0.162165707    *N3897  
*N3897  0.837670494     
GRID*   3898            0               -0.26521719     -0.158849078    *N3898  
*N3898  0.838628503     
GRID*   3899            0               -0.265281692    -0.15842464     *N3899  
*N3899  0.846488509     
GRID*   3900            0               -0.265357433    -0.163184259    *N3900  
*N3900  0.849954121     
GRID*   3901            0               -0.26586089     -0.164995843    *N3901  
*N3901  0.845869321     
GRID*   3902            0               -0.265149828    -0.16174739     *N3902  
*N3902  0.846178915     
GRID*   3903            0               -0.268257514    -0.169118661    *N3903  
*N3903  0.849983347     
GRID*   3904            0               -0.269576016    -0.1704469      *N3904  
*N3904  0.845250132     
GRID*   3905            0               -0.266615034    -0.166708716    *N3905  
*N3905  0.841136106     
GRID*   3906            0               -0.267368834    -0.167959651    *N3906  
*N3906  0.845559727     
GRID*   3907            0               -0.26760099     -0.168289243    *N3907  
*N3907  0.835754476     
GRID*   3908            0               -0.26600553     -0.165381478    *N3908  
*N3908  0.836712485     
GRID*   3909            0               -0.27053645     -0.149991426    *N3909  
*N3909  0.84528415      
GRID*   3910            0               -0.269362848    -0.150943231    *N3910  
*N3910  0.841268981     
GRID*   3911            0               -0.272930654    -0.148627133    *N3911  
*N3911  0.83893628      
GRID*   3912            0               -0.271697491    -0.149245995    *N3912  
*N3912  0.842110215     
GRID*   3913            0               -0.268481559    -0.151827436    *N3913  
*N3913  0.85163202      
GRID*   3914            0               -0.26750743     -0.153040997    *N3914  
*N3914  0.84780156      
GRID*   3915            0               -0.269460475    -0.150855115    *N3915  
*N3915  0.848458085     
GRID*   3916            0               -0.26561895     -0.156951708    *N3916  
*N3916  0.850503678     
GRID*   3917            0               -0.266706109    -0.154322074    *N3917  
*N3917  0.84378639      
GRID*   3918            0               -0.266090742    -0.155607212    *N3918  
*N3918  0.847145034     
GRID*   3919            0               -0.268336683    -0.151990098    *N3919  
*N3919  0.837069102     
GRID*   3920            0               -0.267457734    -0.153111573    *N3920  
*N3920  0.840427746     
GRID*   3921            0               -0.271809337    -0.149182988    *N3921  
*N3921  0.873270396     
GRID*   3922            0               -0.275016612    -0.147917515    *N3922  
*N3922  0.870841383     
GRID*   3923            0               -0.27485143     -0.147959698    *N3923  
*N3923  0.873820028     
GRID*   3924            0               -0.267131387    -0.153601434    *N3924  
*N3924  0.871798571     
GRID*   3925            0               -0.269504048    -0.150816358    *N3925  
*N3925  0.869795152     
GRID*   3926            0               -0.2691955      -0.151098507    *N3926  
*N3926  0.872526814     
GRID*   3927            0               -0.267750538    -0.152709345    *N3927  
*N3927  0.866552995     
GRID*   3928            0               -0.272334401    -0.148906018    *N3928  
*N3928  0.867558645     
GRID*   3929            0               -0.269822891    -0.150543039    *N3929  
*N3929  0.86705582      
GRID*   3930            0               -0.275169181    -0.147880584    *N3930  
*N3930  0.867965217     
GRID*   3931            0               -0.265245955    -0.162551902    *N3931  
*N3931  0.868579624     
GRID*   3932            0               -0.265115145    -0.159957875    *N3932  
*N3932  0.871050317     
GRID*   3933            0               -0.265385954    -0.163321818    *N3933  
*N3933  0.871205127     
GRID*   3934            0               -0.265106019    -0.161017127    *N3934  
*N3934  0.863136564     
GRID*   3935            0               -0.265257024    -0.158576181    *N3935  
*N3935  0.865950846     
GRID*   3936            0               -0.265153342    -0.161786579    *N3936  
*N3936  0.865858094     
GRID*   3937            0               -0.26639606     -0.154924691    *N3937  
*N3937  0.863665659     
GRID*   3938            0               -0.265912026    -0.156063545    *N3938  
*N3938  0.868838182     
GRID*   3939            0               -0.266140556    -0.155488385    *N3939  
*N3939  0.866251921     
GRID*   3940            0               -0.265714292    -0.15663847     *N3940  
*N3940  0.871327597     
GRID*   3941            0               -0.2684691      -0.169358789    *N3941  
*N3941  0.470185063     
GRID*   3942            0               -0.269554965    -0.170428493    *N3942  
*N3942  0.473628726     
GRID*   3943            0               -0.270471595    -0.171161621    *N3943  
*N3943  0.471054918     
GRID*   3944            0               -0.266676793    -0.166824106    *N3944  
*N3944  0.471535701     
GRID*   3945            0               -0.266878915    -0.167183589    *N3945  
*N3945  0.469315208     
GRID*   3946            0               -0.267479705    -0.168119752    *N3946  
*N3946  0.474979364     
GRID*   3947            0               -0.266486114    -0.166458424    *N3947  
*N3947  0.473756194     
GRID*   3948            0               -0.268707814    -0.169616075    *N3948  
*N3948  0.476202534     
GRID*   3949            0               -0.287375855    -0.169872338    *N3949  
*N3949  0.591533376     
GRID*   3950            0               -0.285329036    -0.171530829    *N3950  
*N3950  0.596249477     
GRID*   3951            0               -0.287662669    -0.169578403    *N3951  
*N3951  0.595516676     
GRID*   3952            0               -0.283974086    -0.17230703     *N3952  
*N3952  0.588421712     
GRID*   3953            0               -0.287109311    -0.170129645    *N3953  
*N3953  0.587550077     
GRID*   3954            0               -0.276612923    -0.173575221    *N3954  
*N3954  0.590164984     
GRID*   3955            0               -0.281508077    -0.173233774    *N3955  
*N3955  0.593137813     
GRID*   3956            0               -0.280386046    -0.173478278    *N3956  
*N3956  0.589293348     
GRID*   3957            0               -0.279730405    -0.173574186    *N3957  
*N3957  0.597715079     
GRID*   3958            0               -0.282647764    -0.172875936    *N3958  
*N3958  0.596982278     
GRID*   3959            0               -0.265549185    -0.163999161    *N3959  
*N3959  0.525760685     
GRID*   3960            0               -0.266982526    -0.167358115    *N3960  
*N3960  0.526018149     
GRID*   3961            0               -0.266223761    -0.165903118    *N3961  
*N3961  0.523863481     
GRID*   3962            0               -0.26511337     -0.159995038    *N3962  
*N3962  0.529555092     
GRID*   3963            0               -0.265564449    -0.164055325    *N3963  
*N3963  0.530349672     
GRID*   3964            0               -0.265176084    -0.162013991    *N3964  
*N3964  0.527657888     
GRID*   3965            0               -0.265704735    -0.164531362    *N3965  
*N3965  0.535475774     
GRID*   3966            0               -0.267012736    -0.167407862    *N3966  
*N3966  0.530607136     
GRID*   3967            0               -0.266271471    -0.166009293    *N3967  
*N3967  0.533041455     
GRID*   3968            0               -0.267917654    -0.168706551    *N3968  
*N3968  0.528172817     
GRID*   3969            0               -0.266751798    -0.154239373    *N3969  
*N3969  0.535900875     
GRID*   3970            0               -0.266360577    -0.154998882    *N3970  
*N3970  0.531952782     
GRID*   3971            0               -0.267695578    -0.152782429    *N3971  
*N3971  0.533151627     
GRID*   3972            0               -0.265243023    -0.158667605    *N3972  
*N3972  0.537592007     
GRID*   3973            0               -0.266009454    -0.155808554    *N3973  
*N3973  0.538650124     
GRID*   3974            0               -0.265144377    -0.159516237    *N3974  
*N3974  0.533643914     
GRID*   3975            0               -0.265139683    -0.161625798    *N3975  
*N3975  0.536533891     
GRID*   3976            0               -0.265488445    -0.157434919    *N3976  
*N3976  0.530753937     
GRID*   3977            0               -0.270956355    -0.14970165     *N3977  
*N3977  0.830016448     
GRID*   3978            0               -0.271832247    -0.14917026     *N3978  
*N3978  0.834699165     
GRID*   3979            0               -0.269570036    -0.150758321    *N3979  
*N3979  0.833542775     
GRID*   3980            0               -0.274877035    -0.147953009    *N3980  
*N3980  0.828092112     
GRID*   3981            0               -0.272470975    -0.148838885    *N3981  
*N3981  0.82649012      
GRID*   3982            0               -0.275877859    -0.147734122    *N3982  
*N3982  0.832774829     
GRID*   3983            0               -0.277409755    -0.147553979    *N3983  
*N3983  0.829694104     
GRID*   3984            0               -0.274377859    -0.148093509    *N3984  
*N3984  0.835855554     
GRID*   3985            0               -0.26574154     -0.156553814    *N3985  
*N3985  0.786330632     
GRID*   3986            0               -0.265269526    -0.158497977    *N3986  
*N3986  0.783082656     
GRID*   3987            0               -0.266695985    -0.154340593    *N3987  
*N3987  0.781308196     
GRID*   3988            0               -0.266167628    -0.155425152    *N3988  
*N3988  0.783819414     
GRID*   3989            0               -0.265106512    -0.160167699    *N3989  
*N3989  0.788728451     
GRID*   3990            0               -0.265421352    -0.157716961    *N3990  
*N3990  0.788841851     
GRID*   3991            0               -0.265872198    -0.165027371    *N3991  
*N3991  0.788501651     
GRID*   3992            0               -0.265193583    -0.162166445    *N3992  
*N3992  0.785480474     
GRID*   3993            0               -0.265258606    -0.162633891    *N3993  
*N3993  0.788615051     
GRID*   3994            0               -0.265802939    -0.164830099    *N3994  
*N3994  0.78160914      
GRID*   3995            0               -0.265114364    -0.161226034    *N3995  
*N3995  0.779211322     
GRID*   3996            0               -0.265145481    -0.161696955    *N3996  
*N3996  0.782345898     
GRID*   3997            0               -0.275216549    -0.147869511    *N3997  
*N3997  0.644558359     
GRID*   3998            0               -0.276462697    -0.14764366     *N3998  
*N3998  0.648542295     
GRID*   3999            0               -0.273893192    -0.148250744    *N3999  
*N3999  0.648021534     
GRID*   4000            0               -0.279887063    -0.147645648    *N4000  
*N4000  0.64197654      
GRID*   4001            0               -0.276572678    -0.147629664    *N4001  
*N4001  0.641095184     
GRID*   4002            0               -0.285977868    -0.15012295     *N4002  
*N4002  0.643739251     
GRID*   4003            0               -0.281132948    -0.147872946    *N4003  
*N4003  0.645960476     
GRID*   4004            0               -0.283090823    -0.148494954    *N4004  
*N4004  0.642857895     
GRID*   4005            0               -0.281702734    -0.14801931     *N4005  
*N4005  0.649583818     
GRID*   4006            0               -0.279101787    -0.147565451    *N4006  
*N4006  0.649063057     
GRID*   4007            0               -0.290988815    -0.16312644     *N4007  
*N4007  0.790109703     
GRID*   4008            0               -0.290527728    -0.164841924    *N4008  
*N4008  0.785814655     
GRID*   4009            0               -0.290402513    -0.165190605    *N4009  
*N4009  0.789712001     
GRID*   4010            0               -0.291218373    -0.15993391     *N4010  
*N4010  0.7869208       
GRID*   4011            0               -0.291228566    -0.161021323    *N4011  
*N4011  0.790507405     
GRID*   4012            0               -0.291188131    -0.161710022    *N4012  
*N4012  0.782625751     
GRID*   4013            0               -0.291121642    -0.158879771    *N4013  
*N4013  0.783334194     
GRID*   4014            0               -0.290635478    -0.164513904    *N4014  
*N4014  0.781917308     
GRID*   4015            0               -0.273838416    -0.172930161    *N4015  
*N4015  0.859065612     
GRID*   4016            0               -0.269891267    -0.170713304    *N4016  
*N4016  0.856133736     
GRID*   4017            0               -0.268271723    -0.169135163    *N4017  
*N4017  0.85935225      
GRID*   4018            0               -0.270806302    -0.171397567    *N4018  
*N4018  0.859208931     
GRID*   4019            0               -0.271718973    -0.171966219    *N4019  
*N4019  0.853020511     
GRID*   4020            0               -0.26696069     -0.167321843    *N4020  
*N4020  0.853096573     
GRID*   4021            0               -0.269039501    -0.169951728    *N4021  
*N4021  0.853058542     
GRID*   4022            0               -0.265103712    -0.160937243    *N4022  
*N4022  0.853172635     
GRID*   4023            0               -0.265969681    -0.16528927     *N4023  
*N4023  0.856315087     
GRID*   4024            0               -0.265619338    -0.164249626    *N4024  
*N4024  0.853134604     
GRID*   4025            0               -0.265335216    -0.163071583    *N4025  
*N4025  0.859638889     
GRID*   4026            0               -0.266405993    -0.166295865    *N4026  
*N4026  0.85949557      
GRID*   4027            0               -0.267327616    -0.153301193    *N4027  
*N4027  0.857648839     
GRID*   4028            0               -0.266312274    -0.155101859    *N4028  
*N4028  0.854151165     
GRID*   4029            0               -0.267878167    -0.152543627    *N4029  
*N4029  0.85464043      
GRID*   4030            0               -0.265622319    -0.156940138    *N4030  
*N4030  0.860317796     
GRID*   4031            0               -0.266832734    -0.154096241    *N4031  
*N4031  0.860657249     
GRID*   4032            0               -0.265202147    -0.158964188    *N4032  
*N4032  0.856820121     
GRID*   4033            0               -0.265113662    -0.159988765    *N4033  
*N4033  0.859978342     
GRID*   4034            0               -0.265370925    -0.157949741    *N4034  
*N4034  0.8536619       
GRID*   4035            0               -0.286247493    -0.170870544    *N4035  
*N4035  0.717225504     
GRID*   4036            0               -0.288005799    -0.169201031    *N4036  
*N4036  0.720972665     
GRID*   4037            0               -0.288044309    -0.169156781    *N4037  
*N4037  0.716795447     
GRID*   4038            0               -0.281855517    -0.173136751    *N4038  
*N4038  0.718085618     
GRID*   4039            0               -0.284003257    -0.172292516    *N4039  
*N4039  0.72208178      
GRID*   4040            0               -0.284159612    -0.172213162    *N4040  
*N4040  0.717655561     
GRID*   4041            0               -0.281405707    -0.1732604      *N4041  
*N4041  0.727187058     
GRID*   4042            0               -0.286062889    -0.171013128    *N4042  
*N4042  0.725828941     
GRID*   4043            0               -0.283846564    -0.172369421    *N4043  
*N4043  0.726507999     
GRID*   4044            0               -0.287967548    -0.16924459     *N4044  
*N4044  0.725149883     
GRID*   4045            0               -0.2731937      -0.172684508    *N4045  
*N4045  0.720496532     
GRID*   4046            0               -0.276306769    -0.173534869    *N4046  
*N4046  0.71756935      
GRID*   4047            0               -0.273596236    -0.172842445    *N4047  
*N4047  0.717311215     
GRID*   4048            0               -0.275585445    -0.1734104      *N4048  
*N4048  0.724850252     
GRID*   4049            0               -0.27279661     -0.17251334     *N4049  
*N4049  0.723681848     
GRID*   4050            0               -0.278803472    -0.173652509    *N4050  
*N4050  0.721923069     
GRID*   4051            0               -0.278504036    -0.173663662    *N4051  
*N4051  0.726018655     
GRID*   4052            0               -0.279102573    -0.173634493    *N4052  
*N4052  0.717827484     
GRID*   4053            0               -0.267675047    -0.152810006    *N4053  
*N4053  0.581579892     
GRID*   4054            0               -0.266881723    -0.154011599    *N4054  
*N4054  0.577746279     
GRID*   4055            0               -0.268333113    -0.151994176    *N4055  
*N4055  0.578207367     
GRID*   4056            0               -0.265704362    -0.156669821    *N4056  
*N4056  0.583773856     
GRID*   4057            0               -0.267084482    -0.153675952    *N4057  
*N4057  0.584952417     
GRID*   4058            0               -0.265360915    -0.163201463    *N4058  
*N4058  0.581416734     
GRID*   4059            0               -0.265347635    -0.15806479     *N4059  
*N4059  0.579940243     
GRID*   4060            0               -0.265117388    -0.159913808    *N4060  
*N4060  0.582595295     
GRID*   4061            0               -0.265241216    -0.158679733    *N4061  
*N4061  0.576824103     
GRID*   4062            0               -0.265838513    -0.156267313    *N4062  
*N4062  0.577285191     
GRID*   4063            0               -0.2722497      -0.148948651    *N4063  
*N4063  0.746370563     
GRID*   4064            0               -0.271054106    -0.149637599    *N4064  
*N4064  0.750504607     
GRID*   4065            0               -0.267462747    -0.153104409    *N4065  
*N4065  0.750241726     
GRID*   4066            0               -0.269600414    -0.150731867    *N4066  
*N4066  0.748306145     
GRID*   4067            0               -0.278429163    -0.147534623    *N4067  
*N4067  0.742499399     
GRID*   4068            0               -0.276526603    -0.147635412    *N4068  
*N4068  0.747296602     
GRID*   4069            0               -0.275252391    -0.147861257    *N4069  
*N4069  0.744434981     
GRID*   4070            0               -0.280479756    -0.147738218    *N4070  
*N4070  0.748885799     
GRID*   4071            0               -0.279110645    -0.147566089    *N4071  
*N4071  0.753019843     
GRID*   4072            0               -0.27516869     -0.1478807      *N4072  
*N4072  0.751430645     
GRID*   4073            0               -0.277816906    -0.1475367      *N4073  
*N4073  0.750158222     
GRID*   4074            0               -0.274344333    -0.148103717    *N4074  
*N4074  0.75490153      
GRID*   4075            0               -0.270353287    -0.150125608    *N4075  
*N4075  0.753975492     
GRID*   4076            0               -0.272645697    -0.148755851    *N4076  
*N4076  0.752703068     
GRID*   4077            0               -0.280111491    -0.173522576    *N4077  
*N4077  0.471386578     
GRID*   4078            0               -0.280269023    -0.173497893    *N4078  
*N4078  0.467932104     
GRID*   4079            0               -0.276161645    -0.173513161    *N4079  
*N4079  0.467691128     
GRID*   4080            0               -0.27813621     -0.173667963    *N4080  
*N4080  0.469538853     
GRID*   4081            0               -0.284284746    -0.172147736    *N4081  
*N4081  0.471380412     
GRID*   4082            0               -0.282007864    -0.173090923    *N4082  
*N4082  0.473234303     
GRID*   4083            0               -0.288065889    -0.169131807    *N4083  
*N4083  0.46767263      
GRID*   4084            0               -0.284425193    -0.172072234    *N4084  
*N4084  0.467925938     
GRID*   4085            0               -0.286320594    -0.17081261     *N4085  
*N4085  0.469526521     
GRID*   4086            0               -0.284246602    -0.172167862    *N4086  
*N4086  0.464718605     
GRID*   4087            0               -0.280068832    -0.173528922    *N4087  
*N4087  0.464724771     
GRID*   4088            0               -0.282311519    -0.172993489    *N4088  
*N4088  0.466325354     
GRID*   4089            0               -0.286874118    -0.170344998    *N4089  
*N4089  0.768775043     
GRID*   4090            0               -0.284072152    -0.172257875    *N4090  
*N4090  0.772319961     
GRID*   4091            0               -0.287421213    -0.16982707     *N4091  
*N4091  0.776648348     
GRID*   4092            0               -0.287149151    -0.170092105    *N4092  
*N4092  0.772711696     
GRID*   4093            0               -0.286368164    -0.17077445     *N4093  
*N4093  0.760901738     
GRID*   4094            0               -0.282775681    -0.172828491    *N4094  
*N4094  0.764678785     
GRID*   4095            0               -0.286621705    -0.170564771    *N4095  
*N4095  0.76483839      
GRID*   4096            0               -0.277394273    -0.173645113    *N4096  
*N4096  0.760814656     
GRID*   4097            0               -0.274062267    -0.173006484    *N4097  
*N4097  0.764359573     
GRID*   4098            0               -0.279472536    -0.173602659    *N4098  
*N4098  0.768223703     
GRID*   4099            0               -0.27843425     -0.173665274    *N4099  
*N4099  0.764519179     
GRID*   4100            0               -0.276828286    -0.173599212    *N4100  
*N4100  0.771536491     
GRID*   4101            0               -0.281604454    -0.173207895    *N4101  
*N4101  0.775632749     
GRID*   4102            0               -0.280546696    -0.173449567    *N4102  
*N4102  0.771928226     
GRID*   4103            0               -0.284112919    -0.172237137    *N4103  
*N4103  0.749359279     
GRID*   4104            0               -0.286884558    -0.17033566     *N4104  
*N4104  0.753016048     
GRID*   4105            0               -0.287165655    -0.17007646     *N4105  
*N4105  0.749073203     
GRID*   4106            0               -0.276923014    -0.173608621    *N4106  
*N4106  0.749931431     
GRID*   4107            0               -0.279518037    -0.173598011    *N4107  
*N4107  0.753368456     
GRID*   4108            0               -0.28061595     -0.17343655     *N4108  
*N4108  0.749645355     
GRID*   4109            0               -0.274092405    -0.173016415    *N4109  
*N4109  0.757157887     
GRID*   4110            0               -0.282788786    -0.172823545    *N4110  
*N4110  0.757025224     
GRID*   4111            0               -0.278457114    -0.173664787    *N4111  
*N4111  0.757091556     
GRID*   4112            0               -0.286626956    -0.170560314    *N4112  
*N4112  0.756958893     
GRID*   4113            0               -0.269383989    -0.170276002    *N4113  
*N4113  0.690556816     
GRID*   4114            0               -0.268418203    -0.169302101    *N4114  
*N4114  0.695227241     
GRID*   4115            0               -0.270520558    -0.171197124    *N4115  
*N4115  0.693760206     
GRID*   4116            0               -0.267453955    -0.16808302     *N4116  
*N4116  0.684150036     
GRID*   4117            0               -0.26696714     -0.167332585    *N4117  
*N4117  0.687836706     
GRID*   4118            0               -0.2683575      -0.169233613    *N4118  
*N4118  0.687353426     
GRID*   4119            0               -0.265627596    -0.164277902    *N4119  
*N4119  0.684132842     
GRID*   4120            0               -0.265311176    -0.162943322    *N4120  
*N4120  0.688803267     
GRID*   4121            0               -0.266323173    -0.166121581    *N4121  
*N4121  0.692507131     
GRID*   4122            0               -0.265940584    -0.165212871    *N4122  
*N4122  0.688319986     
GRID*   4123            0               -0.265662672    -0.164395445    *N4123  
*N4123  0.698161311     
GRID*   4124            0               -0.266773185    -0.16699886     *N4124  
*N4124  0.696694276     
GRID*   4125            0               -0.266958591    -0.153881658    *N4125  
*N4125  0.691697686     
GRID*   4126            0               -0.265752646    -0.156519865    *N4126  
*N4126  0.687916804     
GRID*   4127            0               -0.267329938    -0.153297746    *N4127  
*N4127  0.68324946      
GRID*   4128            0               -0.267140399    -0.153587243    *N4128  
*N4128  0.687473573     
GRID*   4129            0               -0.265486744    -0.15744174     *N4129  
*N4129  0.696668303     
GRID*   4130            0               -0.266784642    -0.154180783    *N4130  
*N4130  0.695921798     
GRID*   4131            0               -0.265102426    -0.160316934    *N4131  
*N4131  0.692887421     
GRID*   4132            0               -0.26510354     -0.160930513    *N4132  
*N4132  0.697414807     
GRID*   4133            0               -0.265186544    -0.159092999    *N4133  
*N4133  0.68383265      
GRID*   4134            0               -0.265130114    -0.159703979    *N4134  
*N4134  0.688360035     
GRID*   4135            0               -0.288082028    -0.169113048    *N4135  
*N4135  0.856288369     
GRID*   4136            0               -0.283337238    -0.172601874    *N4136  
*N4136  0.85478545      
GRID*   4137            0               -0.281636784    -0.173199036    *N4137  
*N4137  0.85767699      
GRID*   4138            0               -0.286816463    -0.170396205    *N4138  
*N4138  0.859179909     
GRID*   4139            0               -0.285178328    -0.171628098    *N4139  
*N4139  0.856982679     
GRID*   4140            0               -0.28431222     -0.17213314     *N4140  
*N4140  0.852444124     
GRID*   4141            0               -0.279165165    -0.173629851    *N4141  
*N4141  0.850390991     
GRID*   4142            0               -0.278084024    -0.173667734    *N4142  
*N4142  0.852732317     
GRID*   4143            0               -0.281293742    -0.173288513    *N4143  
*N4143  0.852588221     
GRID*   4144            0               -0.273344129    -0.172745331    *N4144  
*N4144  0.850128971     
GRID*   4145            0               -0.276286881    -0.173531992    *N4145  
*N4145  0.855623857     
GRID*   4146            0               -0.274792506    -0.173224697    *N4146  
*N4146  0.852876414     
GRID*   4147            0               -0.279152682    -0.173630801    *N4147  
*N4147  0.861118744     
GRID*   4148            0               -0.277717063    -0.17366024     *N4148  
*N4148  0.858371301     
GRID*   4149            0               -0.290571088    -0.156486588    *N4149  
*N4149  0.491100997     
GRID*   4150            0               -0.290082338    -0.155232887    *N4150  
*N4150  0.496950029     
GRID*   4151            0               -0.288040799    -0.152039169    *N4151  
*N4151  0.496168514     
GRID*   4152            0               -0.28886879     -0.153099865    *N4152  
*N4152  0.490319481     
GRID*   4153            0               -0.289525746    -0.154137826    *N4153  
*N4153  0.493634755     
GRID*   4154            0               -0.291010103    -0.158184103    *N4154  
*N4154  0.497499273     
GRID*   4155            0               -0.290875693    -0.157555185    *N4155  
*N4155  0.503580578     
GRID*   4156            0               -0.289803856    -0.154653188    *N4156  
*N4156  0.503031335     
GRID*   4157            0               -0.29053365     -0.156375371    *N4157  
*N4157  0.500265304     
GRID*   4158            0               -0.289830959    -0.154706523    *N4158  
*N4158  0.509344912     
GRID*   4159            0               -0.287648933    -0.151607092    *N4159  
*N4159  0.508563396     
GRID*   4160            0               -0.287607663    -0.151563778    *N4160  
*N4160  0.502249819     
GRID*   4161            0               -0.288835672    -0.153052833    *N4161  
*N4161  0.505797365     
GRID*   4162            0               -0.28399677     -0.148904249    *N4162  
*N4162  0.501236032     
GRID*   4163            0               -0.284565124    -0.14920521     *N4163  
*N4163  0.495154727     
GRID*   4164            0               -0.28617372     -0.150271843    *N4164  
*N4164  0.498702273     
GRID*   4165            0               -0.288020683    -0.169183977    *N4165  
*N4165  0.460442942     
GRID*   4166            0               -0.286245042    -0.170872472    *N4166  
*N4166  0.463018647     
GRID*   4167            0               -0.288043309    -0.169157935    *N4167  
*N4167  0.464057786     
GRID*   4168            0               -0.286136336    -0.170957029    *N4168  
*N4168  0.456664704     
GRID*   4169            0               -0.287993664    -0.169214892    *N4169  
*N4169  0.456763611     
GRID*   4170            0               -0.281664991    -0.173191235    *N4170  
*N4170  0.456855902     
GRID*   4171            0               -0.28408803     -0.172249819    *N4171  
*N4171  0.45941307      
GRID*   4172            0               -0.284004204    -0.172292043    *N4172  
*N4172  0.456740475     
GRID*   4173            0               -0.281875443    -0.173130872    *N4173  
*N4173  0.461113029     
GRID*   4174            0               -0.284167456    -0.172209111    *N4174  
*N4174  0.462065838     
GRID*   4175            0               -0.276917315    -0.173608075    *N4175  
*N4175  0.45848559      
GRID*   4176            0               -0.279563717    -0.173593183    *N4176  
*N4176  0.460022088     
GRID*   4177            0               -0.279316234    -0.1736174      *N4177  
*N4177  0.457696554     
GRID*   4178            0               -0.27506685     -0.17329486     *N4178  
*N4178  0.461923432     
GRID*   4179            0               -0.274532671    -0.173152357    *N4179  
*N4179  0.459098089     
GRID*   4180            0               -0.277714988    -0.173660168    *N4180  
*N4180  0.46363383      
GRID*   4181            0               -0.275611916    -0.173415706    *N4181  
*N4181  0.46480728      
GRID*   4182            0               -0.279816588    -0.173563513    *N4182  
*N4182  0.462373429     
GRID*   4183            0               -0.27110328     -0.171594153    *N4183  
*N4183  0.84143917      
GRID*   4184            0               -0.273155846    -0.172668859    *N4184  
*N4184  0.838434064     
GRID*   4185            0               -0.270076447    -0.170862054    *N4185  
*N4185  0.83709427      
GRID*   4186            0               -0.275166205    -0.173318714    *N4186  
*N4186  0.846318009     
GRID*   4187            0               -0.272195899    -0.172223867    *N4187  
*N4187  0.845784071     
GRID*   4188            0               -0.281450522    -0.173248852    *N4188  
*N4188  0.847385885     
GRID*   4189            0               -0.277459468    -0.173648813    *N4189  
*N4189  0.843312903     
GRID*   4190            0               -0.278312626    -0.173667193    *N4190  
*N4190  0.846851947     
GRID*   4191            0               -0.280179108    -0.173512223    *N4191  
*N4191  0.841113652     
GRID*   4192            0               -0.276609328    -0.173574789    *N4192  
*N4192  0.839773858     
GRID*   4193            0               -0.287863025    -0.169361661    *N4193  
*N4193  0.848641235     
GRID*   4194            0               -0.286076699    -0.171002643    *N4194  
*N4194  0.85077183      
GRID*   4195            0               -0.28797304     -0.169238359    *N4195  
*N4195  0.852464802     
GRID*   4196            0               -0.285550142    -0.171382725    *N4196  
*N4196  0.843582996     
GRID*   4197            0               -0.287755365    -0.169479346    *N4197  
*N4197  0.844817668     
GRID*   4198            0               -0.283430134    -0.172561431    *N4198  
*N4198  0.845713591     
GRID*   4199            0               -0.282983789    -0.17274803     *N4199  
*N4199  0.842348324     
GRID*   4200            0               -0.283875196    -0.172355562    *N4200  
*N4200  0.849078857     
GRID*   4201            0               -0.29061844     -0.164567774    *N4201  
*N4201  0.544036786     
GRID*   4202            0               -0.291189286    -0.161696386    *N4202  
*N4202  0.542020303     
GRID*   4203            0               -0.290636958    -0.164509186    *N4203  
*N4203  0.540033069     
GRID*   4204            0               -0.291166188    -0.161942787    *N4204  
*N4204  0.549929735     
GRID*   4205            0               -0.290599383    -0.164627086    *N4205  
*N4205  0.548040502     
GRID*   4206            0               -0.291138923    -0.159015331    *N4206  
*N4206  0.547913253     
GRID*   4207            0               -0.291160174    -0.159200215    *N4207  
*N4207  0.551818968     
GRID*   4208            0               -0.291115173    -0.158831737    *N4208  
*N4208  0.544007538     
GRID*   4209            0               -0.285117722    -0.171666395    *N4209  
*N4209  0.518210297     
GRID*   4210            0               -0.281289372    -0.173289589    *N4210  
*N4210  0.516498096     
GRID*   4211            0               -0.282282034    -0.173003309    *N4211  
*N4211  0.52045068      
GRID*   4212            0               -0.287327401    -0.169920207    *N4212  
*N4212  0.511950575     
GRID*   4213            0               -0.287576465    -0.169668703    *N4213  
*N4213  0.515969915     
GRID*   4214            0               -0.286858995    -0.170358489    *N4214  
*N4214  0.503911896     
GRID*   4215            0               -0.283935745    -0.172325969    *N4215  
*N4215  0.510238374     
GRID*   4216            0               -0.287094217    -0.170143786    *N4216  
*N4216  0.507931236     
GRID*   4217            0               -0.279322647    -0.173616833    *N4217  
*N4217  0.508592928     
GRID*   4218            0               -0.280312259    -0.173490773    *N4218  
*N4218  0.512545512     
GRID*   4219            0               -0.284631166    -0.171957457    *N4219  
*N4219  0.493189621     
GRID*   4220            0               -0.287199609    -0.170044104    *N4220  
*N4220  0.495504915     
GRID*   4221            0               -0.287378288    -0.169869921    *N4221  
*N4221  0.491301425     
GRID*   4222            0               -0.280736011    -0.173413066    *N4222  
*N4222  0.499582854     
GRID*   4223            0               -0.281450648    -0.17324882     *N4223  
*N4223  0.495077817     
GRID*   4224            0               -0.2837755      -0.172403448    *N4224  
*N4224  0.501898148     
GRID*   4225            0               -0.280032114    -0.173534269    *N4225  
*N4225  0.504087891     
GRID*   4226            0               -0.287029798    -0.170203635    *N4226  
*N4226  0.499708406     
GRID*   4227            0               -0.291235285    -0.160555849    *N4227  
*N4227  0.63164882      
GRID*   4228            0               -0.290567877    -0.15647692     *N4228  
*N4228  0.634038479     
GRID*   4229            0               -0.290777654    -0.157171722    *N4229  
*N4229  0.629817707     
GRID*   4230            0               -0.290857312    -0.163720534    *N4230  
*N4230  0.637588669     
GRID*   4231            0               -0.290796089    -0.163959733    *N4231  
*N4231  0.633479933     
GRID*   4232            0               -0.290959106    -0.1632728      *N4232  
*N4232  0.645806141     
GRID*   4233            0               -0.291197146    -0.159601359    *N4233  
*N4233  0.639978329     
GRID*   4234            0               -0.29091044     -0.163495952    *N4234  
*N4234  0.641697405     
GRID*   4235            0               -0.290049826    -0.155161286    *N4235  
*N4235  0.642480025     
GRID*   4236            0               -0.290326659    -0.155812091    *N4236  
*N4236  0.638259252     
GRID*   4237            0               -0.29122615     -0.160109483    *N4237  
*N4237  0.65672044      
GRID*   4238            0               -0.290890569    -0.16358204     *N4238  
*N4238  0.65405131      
GRID*   4239            0               -0.290851486    -0.163744132    *N4239  
*N4239  0.658173895     
GRID*   4240            0               -0.288972602    -0.153250214    *N4240  
*N4240  0.65381353      
GRID*   4241            0               -0.290419799    -0.156055734    *N4241  
*N4241  0.651004665     
GRID*   4242            0               -0.290582488    -0.156521127    *N4242  
*N4242  0.655266985     
GRID*   4243            0               -0.288187416    -0.152211252    *N4243  
*N4243  0.645149155     
GRID*   4244            0               -0.291185488    -0.159459407    *N4244  
*N4244  0.648335535     
GRID*   4245            0               -0.290243097    -0.155605083    *N4245  
*N4245  0.646742345     
GRID*   4246            0               -0.290925899    -0.163427065    *N4246  
*N4246  0.649928725     
GRID*   4247            0               -0.271816634    -0.172021073    *N4247  
*N4247  0.768743776     
GRID*   4248            0               -0.269621766    -0.17048663     *N4248  
*N4248  0.773091719     
GRID*   4249            0               -0.274206471    -0.173053272    *N4249  
*N4249  0.775884434     
GRID*   4250            0               -0.272985786    -0.17259683     *N4250  
*N4250  0.772314105     
GRID*   4251            0               -0.269678813    -0.170535653    *N4251  
*N4251  0.761603118     
GRID*   4252            0               -0.267971991    -0.168774783    *N4252  
*N4252  0.765987321     
GRID*   4253            0               -0.270710643    -0.171331729    *N4253  
*N4253  0.765173447     
GRID*   4254            0               -0.265705359    -0.16453334     *N4254  
*N4254  0.763267126     
GRID*   4255            0               -0.265165219    -0.161910325    *N4255  
*N4255  0.767615068     
GRID*   4256            0               -0.266519622    -0.166524764    *N4256  
*N4256  0.770335263     
GRID*   4257            0               -0.266071438    -0.165545838    *N4257  
*N4257  0.766801195     
GRID*   4258            0               -0.265498864    -0.163806529    *N4258  
*N4258  0.774646946     
GRID*   4259            0               -0.267649597    -0.168355598    *N4259  
*N4259  0.777403401     
GRID*   4260            0               -0.267046868    -0.167463475    *N4260  
*N4260  0.773869332     
GRID*   4261            0               -0.289143183    -0.153507473    *N4261  
*N4261  0.461165804     
GRID*   4262            0               -0.28821697     -0.15224668     *N4262  
*N4262  0.458727343     
GRID*   4263            0               -0.289545828    -0.154173253    *N4263  
*N4263  0.458268412     
GRID*   4264            0               -0.288230313    -0.152262758    *N4264  
*N4264  0.467012203     
GRID*   4265            0               -0.287453306    -0.151405229    *N4265  
*N4265  0.464359088     
GRID*   4266            0               -0.288705142    -0.152871625    *N4266  
*N4266  0.464089003     
GRID*   4267            0               -0.285704591    -0.149924666    *N4267  
*N4267  0.467337718     
GRID*   4268            0               -0.286266882    -0.15034474     *N4268  
*N4268  0.461746727     
GRID*   4269            0               -0.285988557    -0.150130927    *N4269  
*N4269  0.464542223     
GRID*   4270            0               -0.286543541    -0.150569436    *N4270  
*N4270  0.459009736     
GRID*   4271            0               -0.288793424    -0.152993465    *N4271  
*N4271  0.475397509     
GRID*   4272            0               -0.289443561    -0.153995462    *N4272  
*N4272  0.472227824     
GRID*   4273            0               -0.289941089    -0.154929733    *N4273  
*N4273  0.474835634     
GRID*   4274            0               -0.285595773    -0.14984866     *N4274  
*N4274  0.476521258     
GRID*   4275            0               -0.286813312    -0.150801014    *N4275  
*N4275  0.473085495     
GRID*   4276            0               -0.287330519    -0.151282858    *N4276  
*N4276  0.475959383     
GRID*   4277            0               -0.284698385    -0.149281063    *N4277  
*N4277  0.470507403     
GRID*   4278            0               -0.287671903    -0.151631373    *N4278  
*N4278  0.46991581      
GRID*   4279            0               -0.286270807    -0.150347841    *N4279  
*N4279  0.470211607     
GRID*   4280            0               -0.288872052    -0.153104522    *N4280  
*N4280  0.469620013     
GRID*   4281            0               -0.275028764    -0.173285497    *N4281  
*N4281  0.593188914     
GRID*   4282            0               -0.273450009    -0.172786846    *N4282  
*N4282  0.596130948     
GRID*   4283            0               -0.276541817    -0.173566504    *N4283  
*N4283  0.596923014     
GRID*   4284            0               -0.272153616    -0.172202048    *N4284  
*N4284  0.585720714     
GRID*   4285            0               -0.27077222     -0.171374253    *N4285  
*N4285  0.588744644     
GRID*   4286            0               -0.273559237    -0.172828566    *N4286  
*N4286  0.589454814     
GRID*   4287            0               -0.267484467    -0.168126515    *N4287  
*N4287  0.584382271     
GRID*   4288            0               -0.269469282    -0.170352747    *N4288  
*N4288  0.591686679     
GRID*   4289            0               -0.268413154    -0.169296441    *N4289  
*N4289  0.588034475     
GRID*   4290            0               -0.270639053    -0.17128163     *N4290  
*N4290  0.595338882     
GRID*   4291            0               -0.272551902    -0.172399969    *N4291  
*N4291  0.575024777     
GRID*   4292            0               -0.27476322     -0.173216832    *N4292  
*N4292  0.579307758     
GRID*   4293            0               -0.276134462    -0.17350891     *N4293  
*N4293  0.57610128      
GRID*   4294            0               -0.267031179    -0.16743799     *N4294  
*N4294  0.57287177      
GRID*   4295            0               -0.268728471    -0.169637699    *N4295  
*N4295  0.577426273     
GRID*   4296            0               -0.26943182     -0.170319207    *N4296  
*N4296  0.573948273     
GRID*   4297            0               -0.266306092    -0.166084793    *N4297  
*N4297  0.580099289     
GRID*   4298            0               -0.270505737    -0.171186414    *N4298  
*N4298  0.581709254     
GRID*   4299            0               -0.268078136    -0.168905431    *N4299  
*N4299  0.580904272     
GRID*   4300            0               -0.273431161    -0.172779534    *N4300  
*N4300  0.582514236     
GRID*   4301            0               -0.286867909    -0.150849458    *N4301  
*N4301  0.651637095     
GRID*   4302            0               -0.284379403    -0.149102907    *N4302  
*N4302  0.650227191     
GRID*   4303            0               -0.286430877    -0.150476418    *N4303  
*N4303  0.647688173     
GRID*   4304            0               -0.287690699    -0.151651334    *N4304  
*N4304  0.65953494      
GRID*   4305            0               -0.28523656     -0.149609139    *N4305  
*N4305  0.657358505     
GRID*   4306            0               -0.287288121    -0.15124135     *N4306  
*N4306  0.655586018     
GRID*   4307            0               -0.283290461    -0.148578084    *N4307  
*N4307  0.662313384     
GRID*   4308            0               -0.282505603    -0.148273108    *N4308  
*N4308  0.655948601     
GRID*   4309            0               -0.282900489    -0.148419273    *N4309  
*N4309  0.659130992     
GRID*   4310            0               -0.282106213    -0.148139741    *N4310  
*N4310  0.65276621      
GRID*   4311            0               -0.284674001    -0.149267028    *N4311  
*N4311  0.670683064     
GRID*   4312            0               -0.287210387    -0.151166216    *N4312  
*N4312  0.673058172     
GRID*   4313            0               -0.285332802    -0.14967164     *N4313  
*N4313  0.674867904     
GRID*   4314            0               -0.286191929    -0.150285985    *N4314  
*N4314  0.664968832     
GRID*   4315            0               -0.283992425    -0.148902084    *N4315  
*N4315  0.666498224     
GRID*   4316            0               -0.288438448    -0.152520559    *N4316  
*N4316  0.66734394      
GRID*   4317            0               -0.288074111    -0.152077741    *N4317  
*N4317  0.66343944      
GRID*   4318            0               -0.288783007    -0.152978933    *N4318  
*N4318  0.67124844      
GRID*   4319            0               -0.265125747    -0.161430035    *N4319  
*N4319  0.576199954     
GRID*   4320            0               -0.265158249    -0.159360779    *N4320  
*N4320  0.571676469     
GRID*   4321            0               -0.265195262    -0.159019712    *N4321  
*N4321  0.574250286     
GRID*   4322            0               -0.265668731    -0.164415352    *N4322  
*N4322  0.57488251      
GRID*   4323            0               -0.265500274    -0.163812097    *N4323  
*N4323  0.578149622     
GRID*   4324            0               -0.26522314     -0.162394381    *N4324  
*N4324  0.570359025     
GRID*   4325            0               -0.2658659      -0.165009843    *N4325  
*N4325  0.571615398     
GRID*   4326            0               -0.265130202    -0.159702701    *N4326  
*N4326  0.569102652     
GRID*   4327            0               -0.289915145    -0.154876175    *N4327  
*N4327  0.755805711     
GRID*   4328            0               -0.288019417    -0.152014571    *N4328  
*N4328  0.752959257     
GRID*   4329            0               -0.290213999    -0.155535309    *N4329  
*N4329  0.747565493     
GRID*   4330            0               -0.290069136    -0.155203673    *N4330  
*N4330  0.751685602     
GRID*   4331            0               -0.287784262    -0.15175196     *N4331  
*N4331  0.760737782     
GRID*   4332            0               -0.289752144    -0.154553067    *N4332  
*N4332  0.75992582      
GRID*   4333            0               -0.28204903     -0.148121809    *N4333  
*N4333  0.762361705     
GRID*   4334            0               -0.285148516    -0.149553006    *N4334  
*N4334  0.757891328     
GRID*   4335            0               -0.285156448    -0.149558023    *N4335  
*N4335  0.761549744     
GRID*   4336            0               -0.281674896    -0.148011521    *N4336  
*N4336  0.755506568     
GRID*   4337            0               -0.285132639    -0.149542988    *N4337  
*N4337  0.750574497     
GRID*   4338            0               -0.285140579    -0.149547994    *N4338  
*N4338  0.754232912     
GRID*   4339            0               -0.27085788     -0.149767451    *N4339  
*N4339  0.763662923     
GRID*   4340            0               -0.273741719    -0.148304215    *N4340  
*N4340  0.760525589     
GRID*   4341            0               -0.276266175    -0.147671036    *N4341  
*N4341  0.763012314     
GRID*   4342            0               -0.273444244    -0.148415387    *N4342  
*N4342  0.763337619     
GRID*   4343            0               -0.271687326    -0.149251794    *N4343  
*N4343  0.758449224     
GRID*   4344            0               -0.276556923    -0.147631611    *N4344  
*N4344  0.756977896     
GRID*   4345            0               -0.274041808    -0.148200305    *N4345  
*N4345  0.75771356      
GRID*   4346            0               -0.279158837    -0.147569666    *N4346  
*N4346  0.759464621     
GRID*   4347            0               -0.279134743    -0.147567855    *N4347  
*N4347  0.756242232     
GRID*   4348            0               -0.279182928    -0.147571522    *N4348  
*N4348  0.76268701      
GRID*   4349            0               -0.26515561     -0.159388805    *N4349  
*N4349  0.760168058     
GRID*   4350            0               -0.266197585    -0.15535623     *N4350  
*N4350  0.757441758     
GRID*   4351            0               -0.266925442    -0.153937274    *N4351  
*N4351  0.761915491     
GRID*   4352            0               -0.26540003     -0.157812902    *N4352  
*N4352  0.76464179      
GRID*   4353            0               -0.265737963    -0.156564813    *N4353  
*N4353  0.761041774     
GRID*   4354            0               -0.26581239     -0.156342376    *N4354  
*N4354  0.752305915     
GRID*   4355            0               -0.268104635    -0.152262483    *N4355  
*N4355  0.755377569     
GRID*   4356            0               -0.266774395    -0.154198985    *N4356  
*N4356  0.753841742     
GRID*   4357            0               -0.269195132    -0.151098855    *N4357  
*N4357  0.759851302     
GRID*   4358            0               -0.269760114    -0.150595459    *N4358  
*N4358  0.756913397     
GRID*   4359            0               -0.268157214    -0.152199428    *N4359  
*N4359  0.765727112     
GRID*   4360            0               -0.268660234    -0.15163411     *N4360  
*N4360  0.762789207     
GRID*   4361            0               -0.287265239    -0.151219104    *N4361  
*N4361  0.74582284      
GRID*   4362            0               -0.288869216    -0.153100473    *N4362  
*N4362  0.741017229     
GRID*   4363            0               -0.289606574    -0.15428201     *N4363  
*N4363  0.744291361     
GRID*   4364            0               -0.283085167    -0.148492655    *N4364  
*N4364  0.744134142     
GRID*   4365            0               -0.284132068    -0.148972667    *N4365  
*N4365  0.74735432      
GRID*   4366            0               -0.285277449    -0.149635546    *N4366  
*N4366  0.739328531     
GRID*   4367            0               -0.28200007     -0.148106684    *N4367  
*N4367  0.740913965     
GRID*   4368            0               -0.288010301    -0.152004121    *N4368  
*N4368  0.737743097     
GRID*   4369            0               -0.290644023    -0.164486578    *N4369  
*N4369  0.508873297     
GRID*   4370            0               -0.291104974    -0.162441404    *N4370  
*N4370  0.504602338     
GRID*   4371            0               -0.290383803    -0.165240166    *N4371  
*N4371  0.501353138     
GRID*   4372            0               -0.290520415    -0.164863174    *N4372  
*N4372  0.505113218     
GRID*   4373            0               -0.291231268    -0.160926992    *N4373  
*N4373  0.511537222     
GRID*   4374            0               -0.290747439    -0.164137545    *N4374  
*N4374  0.512633377     
GRID*   4375            0               -0.291115443    -0.158833718    *N4375  
*N4375  0.507266262     
GRID*   4376            0               -0.290916319    -0.157730043    *N4376  
*N4376  0.510441067     
GRID*   4377            0               -0.291223947    -0.161146038    *N4377  
*N4377  0.500916653     
GRID*   4378            0               -0.291220996    -0.159987471    *N4378  
*N4378  0.504091458     
GRID*   4379            0               -0.282626259    -0.148316237    *N4379  
*N4379  0.511908893     
GRID*   4380            0               -0.283405057    -0.148627567    *N4380  
*N4380  0.506655022     
GRID*   4381            0               -0.285329177    -0.149669264    *N4381  
*N4381  0.510236145     
GRID*   4382            0               -0.277683351    -0.147540966    *N4382  
*N4382  0.510165637     
GRID*   4383            0               -0.279684787    -0.147620399    *N4383  
*N4383  0.513581642     
GRID*   4384            0               -0.278522062    -0.147536815    *N4384  
*N4384  0.504911766     
GRID*   4385            0               -0.275693287    -0.147768337    *N4385  
*N4385  0.506749633     
GRID*   4386            0               -0.281334106    -0.147921501    *N4386  
*N4386  0.503073899     
GRID*   4387            0               -0.266845674    -0.167126259    *N4387  
*N4387  0.673830702     
GRID*   4388            0               -0.268052862    -0.168874634    *N4388  
*N4388  0.677860821     
GRID*   4389            0               -0.26837443     -0.169252812    *N4389  
*N4389  0.674716214     
GRID*   4390            0               -0.265195555    -0.162182689    *N4390  
*N4390  0.672059679     
GRID*   4391            0               -0.265721763    -0.164584941    *N4391  
*N4391  0.676674408     
GRID*   4392            0               -0.265771669    -0.16473757     *N4392  
*N4392  0.672945191     
GRID*   4393            0               -0.265197343    -0.162197277    *N4393  
*N4393  0.680102723     
GRID*   4394            0               -0.266531996    -0.166549029    *N4394  
*N4394  0.680704527     
GRID*   4395            0               -0.265673737    -0.164431711    *N4395  
*N4395  0.680403625     
GRID*   4396            0               -0.26774589     -0.168484516    *N4396  
*N4396  0.681005429     
GRID*   4397            0               -0.265144892    -0.159510069    *N4397  
*N4397  0.771926556     
GRID*   4398            0               -0.265620936    -0.156944883    *N4398  
*N4398  0.776490932     
GRID*   4399            0               -0.265101427    -0.16036755     *N4399  
*N4399  0.775568939     
GRID*   4400            0               -0.26612518     -0.155524714    *N4400  
*N4400  0.768953278     
GRID*   4401            0               -0.265244569    -0.158657292    *N4401  
*N4401  0.768284173     
GRID*   4402            0               -0.267373376    -0.153233689    *N4402  
*N4402  0.773517654     
GRID*   4403            0               -0.267752449    -0.152706822    *N4403  
*N4403  0.769622383     
GRID*   4404            0               -0.267020932    -0.153778727    *N4404  
*N4404  0.777412925     
GRID*   4405            0               -0.269201094    -0.151093229    *N4405  
*N4405  0.470307368     
GRID*   4406            0               -0.267080758    -0.153681915    *N4406  
*N4406  0.472839985     
GRID*   4407            0               -0.267392575    -0.153205635    *N4407  
*N4407  0.469741279     
GRID*   4408            0               -0.273935897    -0.148236047    *N4408  
*N4408  0.471439545     
GRID*   4409            0               -0.271147924    -0.149577289    *N4409  
*N4409  0.474525849     
GRID*   4410            0               -0.271415628    -0.149411312    *N4410  
*N4410  0.470873456     
GRID*   4411            0               -0.273582281    -0.148362775    *N4411  
*N4411  0.479298017     
GRID*   4412            0               -0.268578785    -0.151721269    *N4412  
*N4412  0.477058466     
GRID*   4413            0               -0.270884298    -0.149749671    *N4413  
*N4413  0.478178242     
GRID*   4414            0               -0.266789981    -0.154171324    *N4414  
*N4414  0.475938691     
GRID*   4415            0               -0.283144378    -0.148516875    *N4415  
*N4415  0.480452952     
GRID*   4416            0               -0.279771448    -0.147630824    *N4416  
*N4416  0.477909638     
GRID*   4417            0               -0.28248778     -0.14826685     *N4417  
*N4417  0.473977943     
GRID*   4418            0               -0.28281776     -0.148387449    *N4418  
*N4418  0.477215448     
GRID*   4419            0               -0.276624543    -0.147623393    *N4419  
*N4419  0.482302487     
GRID*   4420            0               -0.27664064     -0.147621489    *N4420  
*N4420  0.474905169     
GRID*   4421            0               -0.276632591    -0.147622438    *N4421  
*N4421  0.478603828     
GRID*   4422            0               -0.279430297    -0.147593171    *N4422  
*N4422  0.470973474     
GRID*   4423            0               -0.27664869     -0.147620544    *N4423  
*N4423  0.47120651      
GRID*   4424            0               -0.282154678    -0.148155165    *N4424  
*N4424  0.470740439     
GRID*   4425            0               -0.28539124     -0.14971018     *N4425  
*N4425  0.489897258     
GRID*   4426            0               -0.286334635    -0.150398616    *N4426  
*N4426  0.485386217     
GRID*   4427            0               -0.2876979      -0.151659003    *N4427  
*N4427  0.487852849     
GRID*   4428            0               -0.280720429    -0.14778382     *N4428  
*N4428  0.488728607     
GRID*   4429            0               -0.282698854    -0.148342831    *N4429  
*N4429  0.491941667     
GRID*   4430            0               -0.281854462    -0.148062939    *N4430  
*N4430  0.484217566     
GRID*   4431            0               -0.278678816    -0.147542013    *N4431  
*N4431  0.485515547     
GRID*   4432            0               -0.284806512    -0.149344145    *N4432  
*N4432  0.482919585     
GRID*   4433            0               -0.28712292     -0.170116857    *N4433  
*N4433  0.867226949     
GRID*   4434            0               -0.284395579    -0.172088338    *N4434  
*N4434  0.872132296     
GRID*   4435            0               -0.287281026    -0.16996556     *N4435  
*N4435  0.871242819     
GRID*   4436            0               -0.283628246    -0.172472293    *N4436  
*N4436  0.86414365      
GRID*   4437            0               -0.286970062    -0.170258418    *N4437  
*N4437  0.863203429     
GRID*   4438            0               -0.280382991    -0.173478804    *N4438  
*N4438  0.868856317     
GRID*   4439            0               -0.27976964     -0.173569399    *N4439  
*N4439  0.86498753      
GRID*   4440            0               -0.281018474    -0.173353187    *N4440  
*N4440  0.872827566     
GRID*   4441            0               -0.268679564    -0.169586343    *N4441  
*N4441  0.746230861     
GRID*   4442            0               -0.271567536    -0.17187896     *N4442  
*N4442  0.745617083     
GRID*   4443            0               -0.26929366     -0.170193231    *N4443  
*N4443  0.743459908     
GRID*   4444            0               -0.267578116    -0.168257712    *N4444  
*N4444  0.751772767     
GRID*   4445            0               -0.2698345      -0.170666582    *N4445  
*N4445  0.751720505     
GRID*   4446            0               -0.268106883    -0.16894023     *N4446  
*N4446  0.749001814     
GRID*   4447            0               -0.270786181    -0.171383823    *N4447  
*N4447  0.757771665     
GRID*   4448            0               -0.272978253    -0.172593573    *N4448  
*N4448  0.751106726     
GRID*   4449            0               -0.271853178    -0.172041317    *N4449  
*N4449  0.754439196     
GRID*   4450            0               -0.274151058    -0.173035511    *N4450  
*N4450  0.747774257     
GRID*   4451            0               -0.265109985    -0.161126873    *N4451  
*N4451  0.755870794     
GRID*   4452            0               -0.265240526    -0.162515619    *N4452  
*N4452  0.752039341     
GRID*   4453            0               -0.265155072    -0.159394594    *N4453  
*N4453  0.752172628     
GRID*   4454            0               -0.266337821    -0.166152894    *N4454  
*N4454  0.758969862     
GRID*   4455            0               -0.265294496    -0.162849887    *N4455  
*N4455  0.75956896      
GRID*   4456            0               -0.266997076    -0.167382137    *N4456  
*N4456  0.755138409     
GRID*   4457            0               -0.268212282    -0.169065758    *N4457  
*N4457  0.758370764     
GRID*   4458            0               -0.266063874    -0.165527296    *N4458  
*N4458  0.751906054     
GRID*   4459            0               -0.291051424    -0.162784835    *N4459  
*N4459  0.497508968     
GRID*   4460            0               -0.290536245    -0.164817026    *N4460  
*N4460  0.493674493     
GRID*   4461            0               -0.290462076    -0.165028608    *N4461  
*N4461  0.497513816     
GRID*   4462            0               -0.291212033    -0.159819536    *N4462  
*N4462  0.494091587     
GRID*   4463            0               -0.291234833    -0.160482636    *N4463  
*N4463  0.49750412      
GRID*   4464            0               -0.291168971    -0.161915569    *N4464  
*N4464  0.490257113     
GRID*   4465            0               -0.291156828    -0.159169494    *N4465  
*N4465  0.490679055     
GRID*   4466            0               -0.290603798    -0.164613431    *N4466  
*N4466  0.489835171     
GRID*   4467            0               -0.265947561    -0.155968678    *N4467  
*N4467  0.671336609     
GRID*   4468            0               -0.26519149     -0.159050991    *N4468  
*N4468  0.675742979     
GRID*   4469            0               -0.265194014    -0.159029994    *N4469  
*N4469  0.671698144     
GRID*   4470            0               -0.267384721    -0.153217092    *N4470  
*N4470  0.675066536     
GRID*   4471            0               -0.267412338    -0.153176919    *N4471  
*N4471  0.670975074     
GRID*   4472            0               -0.265922964    -0.156034106    *N4472  
*N4472  0.679472906     
GRID*   4473            0               -0.267357255    -0.153257368    *N4473  
*N4473  0.679157998     
GRID*   4474            0               -0.265189       -0.159071993    *N4474  
*N4474  0.679787814     
GRID*   4475            0               -0.28741885     -0.169829439    *N4475  
*N4475  0.784939655     
GRID*   4476            0               -0.284725456    -0.171903274    *N4476  
*N4476  0.788856319     
GRID*   4477            0               -0.287417669    -0.169830623    *N4477  
*N4477  0.789085309     
GRID*   4478            0               -0.284731242    -0.171899915    *N4478  
*N4478  0.780379139     
GRID*   4479            0               -0.287420032    -0.169828255    *N4479  
*N4479  0.780794002     
GRID*   4480            0               -0.278236423    -0.173667818    *N4480  
*N4480  0.779549413     
GRID*   4481            0               -0.281594771    -0.17321053     *N4481  
*N4481  0.784295802     
GRID*   4482            0               -0.281599613    -0.173209213    *N4482  
*N4482  0.779964276     
GRID*   4483            0               -0.278223043    -0.173667881    *N4483  
*N4483  0.788398339     
GRID*   4484            0               -0.281589929    -0.173211845    *N4484  
*N4484  0.788627329     
GRID*   4485            0               -0.267741398    -0.168478575    *N4485  
*N4485  0.784785015     
GRID*   4486            0               -0.270596345    -0.171251402    *N4486  
*N4486  0.780579276     
GRID*   4487            0               -0.267695317    -0.168417221    *N4487  
*N4487  0.781094208     
GRID*   4488            0               -0.270676311    -0.171307792    *N4488  
*N4488  0.788449995     
GRID*   4489            0               -0.267787839    -0.168539658    *N4489  
*N4489  0.788475823     
GRID*   4490            0               -0.27424674     -0.173066008    *N4490  
*N4490  0.784244256     
GRID*   4491            0               -0.274266889    -0.173072328    *N4491  
*N4491  0.788424167     
GRID*   4492            0               -0.2742266      -0.173059656    *N4492  
*N4492  0.780064345     
GRID*   4493            0               -0.262587512    -0.166847018    *N4493  
*N4493  0.411319934     
GRID*   4494            0               -0.280547207    -0.177216053    *N4494  
*N4494  0.411319934     
GRID*   4495            0               -0.276057284    -0.174623794    *N4495  
*N4495  0.407459967     
GRID*   4496            0               -0.282776571    -0.178503177    *N4496  
*N4496  0.409980943     
GRID*   4497            0               -0.260358148    -0.165559894    *N4497  
*N4497  0.409980943     
GRID*   4498            0               -0.267077436    -0.169439277    *N4498  
*N4498  0.407459967     
GRID*   4499            0               -0.281861673    -0.17797496     *N4499  
*N4499  0.413957635     
GRID*   4500            0               -0.288243785    -0.181659674    *N4500  
*N4500  0.419218644     
GRID*   4501            0               -0.285962823    -0.18034276     *N4501  
*N4501  0.414220052     
GRID*   4502            0               -0.254890934    -0.162403396    *N4502  
*N4502  0.419218644     
GRID*   4503            0               -0.261273046    -0.166088111    *N4503  
*N4503  0.413957635     
GRID*   4504            0               -0.257171897    -0.163720311    *N4504  
*N4504  0.414220052     
GRID*   4505            0               -0.27156736     -0.172031535    *N4505  
*N4505  0.407321472     
GRID*   4506            0               -0.276953635    -0.175141303    *N4506  
*N4506  0.409972965     
GRID*   4507            0               -0.266181085    -0.168921768    *N4507  
*N4507  0.409972965     
GRID*   4508            0               -0.290648042    -0.183047773    *N4508  
*N4508  0.434079024     
GRID*   4509            0               -0.284091037    -0.179262084    *N4509  
*N4509  0.447381356     
GRID*   4510            0               -0.288399466    -0.181749557    *N4510  
*N4510  0.441386041     
GRID*   4511            0               -0.290582695    -0.183010045    *N4511  
*N4511  0.426372724     
GRID*   4512            0               -0.252486677    -0.161015298    *N4512  
*N4512  0.434079024     
GRID*   4513            0               -0.252552024    -0.161053026    *N4513  
*N4513  0.426372724     
GRID*   4514            0               -0.259043682    -0.164800987    *N4514  
*N4514  0.447381356     
GRID*   4515            0               -0.254735253    -0.162313514    *N4515  
*N4515  0.441386041     
GRID*   4516            0               -0.27156736     -0.172031535    *N4516  
*N4516  0.452678528     
GRID*   4517            0               -0.278241211    -0.175884685    *N4517  
*N4517  0.451310964     
GRID*   4518            0               -0.264893508    -0.168178385    *N4518  
*N4518  0.451310964     
GRID*   4519            0               -0.279097799    -0.176379237    *N4519  
*N4519  0.40764915      
GRID*   4520            0               -0.26403692     -0.167683834    *N4520  
*N4520  0.40764915      
GRID*   4521            0               -0.28120444     -0.177595506    *N4521  
*N4521  0.412638785     
GRID*   4522            0               -0.283912248    -0.17915886     *N4522  
*N4522  0.414088844     
GRID*   4523            0               -0.284369697    -0.179422968    *N4523  
*N4523  0.412100497     
GRID*   4524            0               -0.281661889    -0.177859615    *N4524  
*N4524  0.410650438     
GRID*   4525            0               -0.282787069    -0.178509237    *N4525  
*N4525  0.412369641     
GRID*   4526            0               -0.282518906    -0.178354413    *N4526  
*N4526  0.415276486     
GRID*   4527            0               -0.285709962    -0.180196771    *N4527  
*N4527  0.41790699      
GRID*   4528            0               -0.287103304    -0.181001217    *N4528  
*N4528  0.416719348     
GRID*   4529            0               -0.284811105    -0.179677815    *N4529  
*N4529  0.415997917     
GRID*   4530            0               -0.290777609    -0.183122578    *N4530  
*N4530  0.420530298     
GRID*   4531            0               -0.288013398    -0.18152666     *N4531  
*N4531  0.414351261     
GRID*   4532            0               -0.289520904    -0.182397019    *N4532  
*N4532  0.417366999     
GRID*   4533            0               -0.283891253    -0.179146739    *N4533  
*N4533  0.409311447     
GRID*   4534            0               -0.286051845    -0.180394157    *N4534  
*N4534  0.411716439     
GRID*   4535            0               -0.26147283     -0.166203456    *N4535  
*N4535  0.410650438     
GRID*   4536            0               -0.258765022    -0.164640102    *N4536  
*N4536  0.412100497     
GRID*   4537            0               -0.259222471    -0.164904211    *N4537  
*N4537  0.414088844     
GRID*   4538            0               -0.261930279    -0.166467564    *N4538  
*N4538  0.412638785     
GRID*   4539            0               -0.260347651    -0.165553833    *N4539  
*N4539  0.412369641     
GRID*   4540            0               -0.259243466    -0.164916332    *N4540  
*N4540  0.409311447     
GRID*   4541            0               -0.255121322    -0.162536411    *N4541  
*N4541  0.414351261     
GRID*   4542            0               -0.257082875    -0.163668914    *N4542  
*N4542  0.411716439     
GRID*   4543            0               -0.252357111    -0.160940493    *N4543  
*N4543  0.420530298     
GRID*   4544            0               -0.256031415    -0.163061854    *N4544  
*N4544  0.416719348     
GRID*   4545            0               -0.253613815    -0.161666051    *N4545  
*N4545  0.417366999     
GRID*   4546            0               -0.257424757    -0.1638663      *N4546  
*N4546  0.41790699      
GRID*   4547            0               -0.260615814    -0.165708657    *N4547  
*N4547  0.415276486     
GRID*   4548            0               -0.258323614    -0.164385255    *N4548  
*N4548  0.415997917     
GRID*   4549            0               -0.27156736     -0.172031535    *N4549  
*N4549  0.405460736     
GRID*   4550            0               -0.274260497    -0.173586419    *N4550  
*N4550  0.408647218     
GRID*   4551            0               -0.276505459    -0.174882548    *N4551  
*N4551  0.408716466     
GRID*   4552            0               -0.273812322    -0.173327665    *N4552  
*N4552  0.405529983     
GRID*   4553            0               -0.274036409    -0.173457042    *N4553  
*N4553  0.407088601     
GRID*   4554            0               -0.27156736     -0.172031535    *N4554  
*N4554  0.409182207     
GRID*   4555            0               -0.27740181     -0.175400057    *N4555  
*N4555  0.411229464     
GRID*   4556            0               -0.274515356    -0.173733562    *N4556  
*N4556  0.410027208     
GRID*   4557            0               -0.279407654    -0.176558131    *N4557  
*N4557  0.4119653       
GRID*   4558            0               -0.280047986    -0.176927827    *N4558  
*N4558  0.413101542     
GRID*   4559            0               -0.278302245    -0.175919923    *N4559  
*N4559  0.40938995      
GRID*   4560            0               -0.27885495     -0.176239027    *N4560  
*N4560  0.410677625     
GRID*   4561            0               -0.269322398    -0.170735406    *N4561  
*N4561  0.405529983     
GRID*   4562            0               -0.26662926     -0.169180522    *N4562  
*N4562  0.408716466     
GRID*   4563            0               -0.268874222    -0.170476652    *N4563  
*N4563  0.408647218     
GRID*   4564            0               -0.26909831     -0.170606029    *N4564  
*N4564  0.407088601     
GRID*   4565            0               -0.264832474    -0.168143147    *N4565  
*N4565  0.40938995      
GRID*   4566            0               -0.263727066    -0.167504939    *N4566  
*N4566  0.4119653       
GRID*   4567            0               -0.26427977     -0.167824043    *N4567  
*N4567  0.410677625     
GRID*   4568            0               -0.265732909    -0.168663014    *N4568  
*N4568  0.411229464     
GRID*   4569            0               -0.263086733    -0.167135243    *N4569  
*N4569  0.413101542     
GRID*   4570            0               -0.268619364    -0.170329509    *N4570  
*N4570  0.410027208     
GRID*   4571            0               -0.289231719    -0.182230058    *N4571  
*N4571  0.443451786     
GRID*   4572            0               -0.286245252    -0.18050582     *N4572  
*N4572  0.444383699     
GRID*   4573            0               -0.284548486    -0.179526192    *N4573  
*N4573  0.449369702     
GRID*   4574            0               -0.286989622    -0.180935583    *N4574  
*N4574  0.446525659     
GRID*   4575            0               -0.291979737    -0.183816627    *N4575  
*N4575  0.436118536     
GRID*   4576            0               -0.289523754    -0.182398665    *N4576  
*N4576  0.437732533     
GRID*   4577            0               -0.29073113     -0.183095743    *N4577  
*N4577  0.439858941     
GRID*   4578            0               -0.289316347    -0.182278918    *N4578  
*N4578  0.432039512     
GRID*   4579            0               -0.287567213    -0.181269055    *N4579  
*N4579  0.439320296     
GRID*   4580            0               -0.288596477    -0.181863301    *N4580  
*N4580  0.435715436     
GRID*   4581            0               -0.283633588    -0.178997975    *N4581  
*N4581  0.44539301      
GRID*   4582            0               -0.285731546    -0.180209232    *N4582  
*N4582  0.442457837     
GRID*   4583            0               -0.292506563    -0.18412079     *N4583  
*N4583  0.428186362     
GRID*   4584            0               -0.290615369    -0.183028909    *N4584  
*N4584  0.430225874     
GRID*   4585            0               -0.292382158    -0.184048965    *N4585  
*N4585  0.432177872     
GRID*   4586            0               -0.28941324     -0.182334859    *N4586  
*N4586  0.422795684     
GRID*   4587            0               -0.291781094    -0.18370194     *N4587  
*N4587  0.424332907     
GRID*   4588            0               -0.288658828    -0.181899299    *N4588  
*N4588  0.424559086     
GRID*   4589            0               -0.28731554     -0.181123751    *N4589  
*N4589  0.421131854     
GRID*   4590            0               -0.289142284    -0.182178422    *N4590  
*N4590  0.428263768     
GRID*   4591            0               -0.251154982    -0.160246444    *N4591  
*N4591  0.436118536     
GRID*   4592            0               -0.252519351    -0.161034162    *N4592  
*N4592  0.430225874     
GRID*   4593            0               -0.250628157    -0.159942281    *N4593  
*N4593  0.428186362     
GRID*   4594            0               -0.250752561    -0.160014106    *N4594  
*N4594  0.432177872     
GRID*   4595            0               -0.253818372    -0.161784153    *N4595  
*N4595  0.432039512     
GRID*   4596            0               -0.254475891    -0.162163772    *N4596  
*N4596  0.424559086     
GRID*   4597            0               -0.253992436    -0.161884648    *N4597  
*N4597  0.428263768     
GRID*   4598            0               -0.253721479    -0.161728211    *N4598  
*N4598  0.422795684     
GRID*   4599            0               -0.255819179    -0.162939319    *N4599  
*N4599  0.421131854     
GRID*   4600            0               -0.251353625    -0.16036113     *N4600  
*N4600  0.424332907     
GRID*   4601            0               -0.258586233    -0.164536878    *N4601  
*N4601  0.449369702     
GRID*   4602            0               -0.256889468    -0.16355725     *N4602  
*N4602  0.444383699     
GRID*   4603            0               -0.253903       -0.161833012    *N4603  
*N4603  0.443451786     
GRID*   4604            0               -0.256145098    -0.163127488    *N4604  
*N4604  0.446525659     
GRID*   4605            0               -0.259501132    -0.165065095    *N4605  
*N4605  0.44539301      
GRID*   4606            0               -0.255567506    -0.162794015    *N4606  
*N4606  0.439320296     
GRID*   4607            0               -0.257403174    -0.163853839    *N4607  
*N4607  0.442457837     
GRID*   4608            0               -0.253610965    -0.161664406    *N4608  
*N4608  0.437732533     
GRID*   4609            0               -0.254538243    -0.16219977     *N4609  
*N4609  0.435715436     
GRID*   4610            0               -0.25240359     -0.160967328    *N4610  
*N4610  0.439858941     
GRID*   4611            0               -0.278045598    -0.175771748    *N4611  
*N4611  0.449412501     
GRID*   4612            0               -0.281166124    -0.177573385    *N4612  
*N4612  0.44934616      
GRID*   4613            0               -0.280927222    -0.177435454    *N4613  
*N4613  0.447554188     
GRID*   4614            0               -0.27156736     -0.172031535    *N4614  
*N4614  0.450817793     
GRID*   4615            0               -0.274904286    -0.17395811     *N4615  
*N4615  0.451994746     
GRID*   4616            0               -0.27483725     -0.173919407    *N4616  
*N4616  0.450293774     
GRID*   4617            0               -0.27156736     -0.172031535    *N4617  
*N4617  0.454539264     
GRID*   4618            0               -0.278436824    -0.175997623    *N4618  
*N4618  0.453209428     
GRID*   4619            0               -0.275024109    -0.17402729     *N4619  
*N4619  0.454034859     
GRID*   4620            0               -0.28155655     -0.177798797    *N4620  
*N4620  0.451434366     
GRID*   4621            0               -0.268230434    -0.17010496     *N4621  
*N4621  0.451994746     
GRID*   4622            0               -0.264697895    -0.168065448    *N4622  
*N4622  0.453209428     
GRID*   4623            0               -0.268110611    -0.17003578     *N4623  
*N4623  0.454034859     
GRID*   4624            0               -0.265089121    -0.168291322    *N4624  
*N4624  0.449412501     
GRID*   4625            0               -0.268297469    -0.170143663    *N4625  
*N4625  0.450293774     
GRID*   4626            0               -0.261968595    -0.166489686    *N4626  
*N4626  0.44934616      
GRID*   4627            0               -0.262207498    -0.166627617    *N4627  
*N4627  0.447554188     
GRID*   4628            0               -0.261578169    -0.166264273    *N4628  
*N4628  0.451434366     
GRID*   4629            0               -0.278865118    -0.176244898    *N4629  
*N4629  0.406270629     
GRID*   4630            0               -0.280937185    -0.177441207    *N4630  
*N4630  0.408815047     
GRID*   4631            0               -0.281442081    -0.177732708    *N4631  
*N4631  0.407646237     
GRID*   4632            0               -0.277577541    -0.175501515    *N4632  
*N4632  0.407554559     
GRID*   4633            0               -0.276360737    -0.174798993    *N4633  
*N4633  0.405739793     
GRID*   4634            0               -0.279619715    -0.176680565    *N4634  
*N4634  0.409102498     
GRID*   4635            0               -0.264269601    -0.167818173    *N4635  
*N4635  0.406270629     
GRID*   4636            0               -0.265557178    -0.168561555    *N4636  
*N4636  0.407554559     
GRID*   4637            0               -0.266773983    -0.169264078    *N4637  
*N4637  0.405739793     
GRID*   4638            0               -0.262197534    -0.166621864    *N4638  
*N4638  0.408815047     
GRID*   4639            0               -0.261692638    -0.166330362    *N4639  
*N4639  0.407646237     
GRID*   4640            0               -0.263515004    -0.167382506    *N4640  
*N4640  0.409102498     
GRID*   4641            0               -0.278146948    -0.14238537     *N4641  
*N4641  0.880890127     
GRID*   4642            0               -0.277946769    -0.135838081    *N4642  
*N4642  0.909154637     
GRID*   4643            0               -0.278127193    -0.135267277    *N4643  
*N4643  0.892569445     
GRID*   4644            0               -0.278163395    -0.185420348    *N4644  
*N4644  0.908995016     
GRID*   4645            0               -0.278135038    -0.171228482    *N4645  
*N4645  0.924165996     
GRID*   4646            0               -0.278175896    -0.185601182    *N4646  
*N4646  0.89152056      
GRID*   4647            0               -0.276883984    -0.149898109    *N4647  
*N4647  0.924133577     
GRID*   4648            0               -0.29042597     -0.171825901    *N4648  
*N4648  0.876105667     
GRID*   4649            0               -0.29042597     -0.163892711    *N4649  
*N4649  0.873806145     
GRID*   4650            0               -0.284794949    -0.174914545    *N4650  
*N4650  0.877817714     
GRID*   4651            0               -0.265935874    -0.171869374    *N4651  
*N4651  0.87612614      
GRID*   4652            0               -0.265935874    -0.163940383    *N4652  
*N4652  0.873812181     
GRID*   4653            0               -0.271594949    -0.174914545    *N4653  
*N4653  0.877817714     
GRID*   4654            0               -0.265908749    -0.157307288    *N4654  
*N4654  0.873806145     
GRID*   4655            0               -0.265908749    -0.149374099    *N4655  
*N4655  0.876105667     
GRID*   4656            0               -0.290398845    -0.157259617    *N4656  
*N4656  0.873812181     
GRID*   4657            0               -0.290398845    -0.149330626    *N4657  
*N4657  0.87612614      
GRID*   4658            0               -0.278036981    -0.134215621    *N4658  
*N4658  0.900908058     
GRID*   4659            0               -0.284747276    -0.13537707     *N4659  
*N4659  0.892204888     
GRID*   4660            0               -0.284657064    -0.135660116    *N4660  
*N4660  0.908658071     
GRID*   4661            0               -0.28470217     -0.134203906    *N4661  
*N4661  0.900454096     
GRID*   4662            0               -0.271457064    -0.135660116    *N4662  
*N4662  0.908658071     
GRID*   4663            0               -0.271547276    -0.13537707     *N4663  
*N4663  0.892204888     
GRID*   4664            0               -0.27150217     -0.134203906    *N4664  
*N4664  0.900454096     
GRID*   4665            0               -0.27813707     -0.138056828    *N4665  
*N4665  0.886260808     
GRID*   4666            0               -0.284757154    -0.143696502    *N4666  
*N4666  0.87972115      
GRID*   4667            0               -0.284752215    -0.138631388    *N4667  
*N4667  0.885359642     
GRID*   4668            0               -0.278129564    -0.144842013    *N4668  
*N4668  0.878818738     
GRID*   4669            0               -0.284724354    -0.1463744      *N4669  
*N4669  0.877760569     
GRID*   4670            0               -0.271557154    -0.143696502    *N4670  
*N4670  0.87972115      
GRID*   4671            0               -0.271552215    -0.138631388    *N4671  
*N4671  0.885359642     
GRID*   4672            0               -0.271554406    -0.146399211    *N4672  
*N4672  0.877744718     
GRID*   4673            0               -0.278151199    -0.166030364    *N4673  
*N4673  0.925835463     
GRID*   4674            0               -0.271551199    -0.17374818     *N4674  
*N4674  0.922892911     
GRID*   4675            0               -0.271559279    -0.167422705    *N4675  
*N4675  0.925503151     
GRID*   4676            0               -0.284765378    -0.185567627    *N4676  
*N4676  0.908577737     
GRID*   4677            0               -0.278149217    -0.179879382    *N4677  
*N4677  0.918035117     
GRID*   4678            0               -0.284751199    -0.17374818     *N4678  
*N4678  0.922892911     
GRID*   4679            0               -0.284758288    -0.18095767     *N4679  
*N4679  0.916808488     
GRID*   4680            0               -0.271565378    -0.185567627    *N4680  
*N4680  0.908577737     
GRID*   4681            0               -0.271558288    -0.18095767     *N4681  
*N4681  0.916808488     
GRID*   4682            0               -0.284759279    -0.167422705    *N4682  
*N4682  0.925503151     
GRID*   4683            0               -0.284771628    -0.185655052    *N4683  
*N4683  0.891681084     
GRID*   4684            0               -0.278169645    -0.186998587    *N4684  
*N4684  0.900273185     
GRID*   4685            0               -0.284768503    -0.186999647    *N4685  
*N4685  0.900136594     
GRID*   4686            0               -0.271571628    -0.185655052    *N4686  
*N4686  0.891681084     
GRID*   4687            0               -0.271568503    -0.186999647    *N4687  
*N4687  0.900136594     
GRID*   4688            0               -0.278199217    -0.180961287    *N4688  
*N4688  0.883195893     
GRID*   4689            0               -0.284783289    -0.181469584    *N4689  
*N4689  0.883831498     
GRID*   4690            0               -0.271583289    -0.181469584    *N4690  
*N4690  0.883831498     
GRID*   4691            0               -0.270925672    -0.147417041    *N4691  
*N4691  0.922872901     
GRID*   4692            0               -0.277525672    -0.155130376    *N4692  
*N4692  0.92582718      
GRID*   4693            0               -0.271246516    -0.153758392    *N4693  
*N4693  0.925498086     
GRID*   4694            0               -0.277415376    -0.141351296    *N4694  
*N4694  0.918067855     
GRID*   4695            0               -0.271191368    -0.14025662     *N4695  
*N4695  0.91682578      
GRID*   4696            0               -0.284125672    -0.147417041    *N4696  
*N4696  0.922872901     
GRID*   4697            0               -0.284391368    -0.14025662     *N4697  
*N4697  0.91682578      
GRID*   4698            0               -0.284446516    -0.153758392    *N4698  
*N4698  0.925498086     
GRID*   4699            0               -0.290739766    -0.168220091    *N4699  
*N4699  0.874723643     
GRID*   4700            0               -0.286512868    -0.172672177    *N4700  
*N4700  0.876521871     
GRID*   4701            0               -0.265613036    -0.168250757    *N4701  
*N4701  0.874732909     
GRID*   4702            0               -0.269878352    -0.172702315    *N4702  
*N4702  0.876537392     
GRID*   4703            0               -0.265944329    -0.160632763    *N4703  
*N4703  0.87360002      
GRID*   4704            0               -0.265594953    -0.152979909    *N4704  
*N4704  0.874723643     
GRID*   4705            0               -0.290390387    -0.160566424    *N4705  
*N4705  0.873600021     
GRID*   4706            0               -0.290721683    -0.152949243    *N4706  
*N4706  0.874732909     
GRID*   4707            0               -0.277991875    -0.134696575    *N4707  
*N4707  0.905096327     
GRID*   4708            0               -0.281369576    -0.134208787    *N4708  
*N4708  0.900681102     
GRID*   4709            0               -0.284679617    -0.134606309    *N4709  
*N4709  0.904613896     
GRID*   4710            0               -0.281301917    -0.135747859    *N4710  
*N4710  0.908906799     
GRID*   4711            0               -0.281335746    -0.134650321    *N4711  
*N4711  0.904855322     
GRID*   4712            0               -0.278082087    -0.134407486    *N4712  
*N4712  0.896696633     
GRID*   4713            0               -0.281437234    -0.135321516    *N4713  
*N4713  0.892386968     
GRID*   4714            0               -0.284724723    -0.13446299     *N4714  
*N4714  0.896282917     
GRID*   4715            0               -0.281403405    -0.134434421    *N4715  
*N4715  0.896489665     
GRID*   4716            0               -0.288057318    -0.135433934    *N4716  
*N4716  0.892023212     
GRID*   4717            0               -0.288034765    -0.134200976    *N4717  
*N4717  0.900227057     
GRID*   4718            0               -0.288046041    -0.134493193    *N4718  
*N4718  0.896076401     
GRID*   4719            0               -0.288012212    -0.135574863    *N4719  
*N4719  0.90840848      
GRID*   4720            0               -0.288023489    -0.134564544    *N4720  
*N4720  0.904372072     
GRID*   4721            0               -0.274701917    -0.135747859    *N4721  
*N4721  0.908906799     
GRID*   4722            0               -0.271479617    -0.134606309    *N4722  
*N4722  0.904613896     
GRID*   4723            0               -0.274769576    -0.134208787    *N4723  
*N4723  0.900681102     
GRID*   4724            0               -0.274735746    -0.134650321    *N4724  
*N4724  0.904855322     
GRID*   4725            0               -0.268212212    -0.135574863    *N4725  
*N4725  0.90840848      
GRID*   4726            0               -0.268234765    -0.134200976    *N4726  
*N4726  0.900227057     
GRID*   4727            0               -0.268223489    -0.134564544    *N4727  
*N4727  0.904372072     
GRID*   4728            0               -0.268257318    -0.135433934    *N4728  
*N4728  0.892023212     
GRID*   4729            0               -0.271524723    -0.13446299     *N4729  
*N4729  0.896282917     
GRID*   4730            0               -0.268246041    -0.134493193    *N4730  
*N4730  0.896076401     
GRID*   4731            0               -0.274837234    -0.135321516    *N4731  
*N4731  0.892386968     
GRID*   4732            0               -0.274803405    -0.134434421    *N4732  
*N4732  0.896489665     
GRID*   4733            0               -0.278132131    -0.136455124    *N4733  
*N4733  0.889323627     
GRID*   4734            0               -0.281444643    -0.138339547    *N4734  
*N4734  0.885807317     
GRID*   4735            0               -0.284749746    -0.136757291    *N4735  
*N4735  0.888664867     
GRID*   4736            0               -0.281440938    -0.136603947    *N4736  
*N4736  0.88899321      
GRID*   4737            0               -0.278142009    -0.140044936    *N4737  
*N4737  0.883433487     
GRID*   4738            0               -0.281452051    -0.143031211    *N4738  
*N4738  0.88029473      
GRID*   4739            0               -0.284754684    -0.14096054     *N4739  
*N4739  0.882357675     
GRID*   4740            0               -0.281448347    -0.140495541    *N4740  
*N4740  0.882889456     
GRID*   4741            0               -0.288062257    -0.144380507    *N4741  
*N4741  0.87917002      
GRID*   4742            0               -0.288059787    -0.13893223     *N4742  
*N4742  0.884917966     
GRID*   4743            0               -0.288061022    -0.141439601    *N4743  
*N4743  0.881838526     
GRID*   4744            0               -0.288058553    -0.136915128    *N4744  
*N4744  0.88833866      
GRID*   4745            0               -0.289914588    -0.151612398    *N4745  
*N4745  0.875176966     
GRID*   4746            0               -0.2875616      -0.147826345    *N4746  
*N4746  0.876896024     
GRID*   4747            0               -0.284707955    -0.147800451    *N4747  
*N4747  0.876910358     
GRID*   4748            0               -0.28746268     -0.149541681    *N4748  
*N4748  0.87602765      
GRID*   4749            0               -0.290883102    -0.147147606    *N4749  
*N4749  0.877284518     
GRID*   4750            0               -0.284740754    -0.145004611    *N4750  
*N4750  0.878698736     
GRID*   4751            0               -0.287811928    -0.146058906    *N4751  
*N4751  0.877965559     
GRID*   4752            0               -0.278138256    -0.143582146    *N4752  
*N4752  0.879817021     
GRID*   4753            0               -0.281426959    -0.145598873    *N4753  
*N4753  0.878276138     
GRID*   4754            0               -0.281439505    -0.144283795    *N4754  
*N4754  0.879245688     
GRID*   4755            0               -0.278120872    -0.146160299    *N4755  
*N4755  0.877898981     
GRID*   4756            0               -0.281485022    -0.146767876    *N4756  
*N4756  0.87751373      
GRID*   4757            0               -0.271549746    -0.136757291    *N4757  
*N4757  0.888664867     
GRID*   4758            0               -0.274844643    -0.138339547    *N4758  
*N4758  0.885807317     
GRID*   4759            0               -0.274840938    -0.136603947    *N4759  
*N4759  0.88899321      
GRID*   4760            0               -0.268259787    -0.13893223     *N4760  
*N4760  0.884917966     
GRID*   4761            0               -0.268258553    -0.136915128    *N4761  
*N4761  0.88833866      
GRID*   4762            0               -0.268262257    -0.144380507    *N4762  
*N4762  0.87917002      
GRID*   4763            0               -0.271554684    -0.14096054     *N4763  
*N4763  0.882357675     
GRID*   4764            0               -0.268261022    -0.141439601    *N4764  
*N4764  0.881838526     
GRID*   4765            0               -0.274852051    -0.143031211    *N4765  
*N4765  0.88029473      
GRID*   4766            0               -0.274848347    -0.140495541    *N4766  
*N4766  0.882889456     
GRID*   4767            0               -0.271553032    -0.147839094    *N4767  
*N4767  0.876888979     
GRID*   4768            0               -0.268731578    -0.147860268    *N4768  
*N4768  0.8768773       
GRID*   4769            0               -0.266379444    -0.151680204    *N4769  
*N4769  0.87515252      
GRID*   4770            0               -0.268813856    -0.149595518    *N4770  
*N4770  0.876002888     
GRID*   4771            0               -0.274841985    -0.145610989    *N4771  
*N4771  0.878267776     
GRID*   4772            0               -0.274764399    -0.146787964    *N4772  
*N4772  0.877501385     
GRID*   4773            0               -0.27155578     -0.145016491    *N4773  
*N4773  0.878690043     
GRID*   4774            0               -0.274847018    -0.144289582    *N4774  
*N4774  0.87924114      
GRID*   4775            0               -0.265438055    -0.147168285    *N4775  
*N4775  0.877272285     
GRID*   4776            0               -0.268496917    -0.14607508     *N4776  
*N4776  0.877954894     
GRID*   4777            0               -0.278159279    -0.163329815    *N4777  
*N4777  0.926258486     
GRID*   4778            0               -0.274855239    -0.166728787    *N4778  
*N4778  0.925678745     
GRID*   4779            0               -0.271563319    -0.164040699    *N4779  
*N4779  0.926174827     
GRID*   4780            0               -0.274861299    -0.163686104    *N4780  
*N4780  0.926219        
GRID*   4781            0               -0.278143119    -0.168672696    *N4781  
*N4781  0.925135465     
GRID*   4782            0               -0.274843119    -0.17250536     *N4782  
*N4782  0.923563158     
GRID*   4783            0               -0.271555239    -0.170670372    *N4783  
*N4783  0.924403844     
GRID*   4784            0               -0.274849179    -0.169678907    *N4784  
*N4784  0.924789785     
GRID*   4785            0               -0.268259279    -0.174953386    *N4785  
*N4785  0.922157173     
GRID*   4786            0               -0.268263319    -0.168092984    *N4786  
*N4786  0.925314328     
GRID*   4787            0               -0.268261299    -0.17163666     *N4787  
*N4787  0.923982329     
GRID*   4788            0               -0.26826534     -0.164386265    *N4788  
*N4788  0.926127078     
GRID*   4789            0               -0.288066369    -0.185638639    *N4789  
*N4789  0.908368187     
GRID*   4790            0               -0.284761833    -0.18363328     *N4790  
*N4790  0.912900699     
GRID*   4791            0               -0.288062824    -0.181467845    *N4791  
*N4791  0.916170747     
GRID*   4792            0               -0.288064596    -0.183882425    *N4792  
*N4792  0.912445429     
GRID*   4793            0               -0.281464386    -0.185494862    *N4793  
*N4793  0.908786685     
GRID*   4794            0               -0.278156306    -0.183108385    *N4794  
*N4794  0.913796108     
GRID*   4795            0               -0.281453752    -0.180428014    *N4795  
*N4795  0.917430143     
GRID*   4796            0               -0.281459069    -0.183375233    *N4796  
*N4796  0.913350983     
GRID*   4797            0               -0.278142127    -0.175864894    *N4797  
*N4797  0.921539336     
GRID*   4798            0               -0.281443119    -0.17250536     *N4798  
*N4798  0.923563158     
GRID*   4799            0               -0.284754744    -0.177626907    *N4799  
*N4799  0.920175342     
GRID*   4800            0               -0.281448436    -0.176760298    *N4800  
*N4800  0.920875938     
GRID*   4801            0               -0.288059279    -0.174953386    *N4801  
*N4801  0.922157173     
GRID*   4802            0               -0.288061052    -0.178463177    *N4802  
*N4802  0.919438799     
GRID*   4803            0               -0.268262824    -0.181467845    *N4803  
*N4803  0.916170747     
GRID*   4804            0               -0.271561833    -0.18363328     *N4804  
*N4804  0.912900699     
GRID*   4805            0               -0.268266369    -0.185638639    *N4805  
*N4805  0.908368187     
GRID*   4806            0               -0.268264596    -0.183882425    *N4806  
*N4806  0.912445429     
GRID*   4807            0               -0.271554744    -0.177626907    *N4807  
*N4807  0.920175342     
GRID*   4808            0               -0.268261052    -0.178463177    *N4808  
*N4808  0.919438799     
GRID*   4809            0               -0.274853752    -0.180428014    *N4809  
*N4809  0.917430143     
GRID*   4810            0               -0.274848436    -0.176760298    *N4810  
*N4810  0.920875938     
GRID*   4811            0               -0.274864386    -0.185494862    *N4811  
*N4811  0.908786685     
GRID*   4812            0               -0.274859069    -0.183375233    *N4812  
*N4812  0.913350983     
GRID*   4813            0               -0.284763319    -0.164040699    *N4813  
*N4813  0.926174827     
GRID*   4814            0               -0.281455239    -0.166728787    *N4814  
*N4814  0.925678745     
GRID*   4815            0               -0.281461299    -0.163686104    *N4815  
*N4815  0.926219        
GRID*   4816            0               -0.288063319    -0.168092984    *N4816  
*N4816  0.925314328     
GRID*   4817            0               -0.28806534     -0.164386265    *N4817  
*N4817  0.926127078     
GRID*   4818            0               -0.284755239    -0.170670372    *N4818  
*N4818  0.924403844     
GRID*   4819            0               -0.288061299    -0.17163666     *N4819  
*N4819  0.923982329     
GRID*   4820            0               -0.281449179    -0.169678907    *N4820  
*N4820  0.924789785     
GRID*   4821            0               -0.288069494    -0.185681601    *N4821  
*N4821  0.891761475     
GRID*   4822            0               -0.284770065    -0.186672407    *N4822  
*N4822  0.895853968     
GRID*   4823            0               -0.288067931    -0.186999912    *N4823  
*N4823  0.900068297     
GRID*   4824            0               -0.288068712    -0.186673691    *N4824  
*N4824  0.895862049     
GRID*   4825            0               -0.281473762    -0.185628246    *N4825  
*N4825  0.891600779     
GRID*   4826            0               -0.278172771    -0.186669832    *N4826  
*N4826  0.895837808     
GRID*   4827            0               -0.281469074    -0.186999205    *N4827  
*N4827  0.90020489      
GRID*   4828            0               -0.281471418    -0.186671121    *N4828  
*N4828  0.895845888     
GRID*   4829            0               -0.27816652     -0.186578114    *N4829  
*N4829  0.904700808     
GRID*   4830            0               -0.28476694     -0.186628109    *N4830  
*N4830  0.904415605     
GRID*   4831            0               -0.28146673     -0.186603502    *N4831  
*N4831  0.904558275     
GRID*   4832            0               -0.28806715     -0.186651932    *N4832  
*N4832  0.904272801     
GRID*   4833            0               -0.268267931    -0.186999912    *N4833  
*N4833  0.900068297     
GRID*   4834            0               -0.271570065    -0.186672407    *N4834  
*N4834  0.895853968     
GRID*   4835            0               -0.268269494    -0.185681601    *N4835  
*N4835  0.891761475     
GRID*   4836            0               -0.268268712    -0.186673691    *N4836  
*N4836  0.895862049     
GRID*   4837            0               -0.27156694     -0.186628109    *N4837  
*N4837  0.904415605     
GRID*   4838            0               -0.26826715     -0.186651932    *N4838  
*N4838  0.904272801     
GRID*   4839            0               -0.274869074    -0.186999205    *N4839  
*N4839  0.90020489      
GRID*   4840            0               -0.27486673     -0.186603502    *N4840  
*N4840  0.904558275     
GRID*   4841            0               -0.274873762    -0.185628246    *N4841  
*N4841  0.891600779     
GRID*   4842            0               -0.274871418    -0.186671121    *N4842  
*N4842  0.895845888     
GRID*   4843            0               -0.288075324    -0.181716325    *N4843  
*N4843  0.884155101     
GRID*   4844            0               -0.284777458    -0.183895323    *N4844  
*N4844  0.887578731     
GRID*   4845            0               -0.288072409    -0.184009962    *N4845  
*N4845  0.887796162     
GRID*   4846            0               -0.288081155    -0.17552173     *N4846  
*N4846  0.878221525     
GRID*   4847            0               -0.284789119    -0.178447189    *N4847  
*N4847  0.880546521     
GRID*   4848            0               -0.288078239    -0.178861632    *N4848  
*N4848  0.880935037     
GRID*   4849            0               -0.281508744    -0.174296439    *N4849  
*N4849  0.877430827     
GRID*   4850            0               -0.278210878    -0.177593708    *N4850  
*N4850  0.879796686     
GRID*   4851            0               -0.281491253    -0.181217885    *N4851  
*N4851  0.883511737     
GRID*   4852            0               -0.281499999    -0.178024482    *N4852  
*N4852  0.880167012     
GRID*   4853            0               -0.278187556    -0.183659996    *N4853  
*N4853  0.887147117     
GRID*   4854            0               -0.281482507    -0.183778664    *N4854  
*N4854  0.887362376     
GRID*   4855            0               -0.271577458    -0.183895323    *N4855  
*N4855  0.887578731     
GRID*   4856            0               -0.268275324    -0.181716325    *N4856  
*N4856  0.884155101     
GRID*   4857            0               -0.268272409    -0.184009962    *N4857  
*N4857  0.887796162     
GRID*   4858            0               -0.274891253    -0.181217885    *N4858  
*N4858  0.883511737     
GRID*   4859            0               -0.274882507    -0.183778664    *N4859  
*N4859  0.887362376     
GRID*   4860            0               -0.274908744    -0.174296439    *N4860  
*N4860  0.877430827     
GRID*   4861            0               -0.271589119    -0.178447189    *N4861  
*N4861  0.880546521     
GRID*   4862            0               -0.274899999    -0.178024482    *N4862  
*N4862  0.880167012     
GRID*   4863            0               -0.268281155    -0.17552173     *N4863  
*N4863  0.878221525     
GRID*   4864            0               -0.268278239    -0.178861632    *N4864  
*N4864  0.880935037     
GRID*   4865            0               -0.271406938    -0.1571496      *N4865  
*N4865  0.92617355      
GRID*   4866            0               -0.274386094    -0.154442185    *N4866  
*N4866  0.9256718       
GRID*   4867            0               -0.277846516    -0.157850231    *N4867  
*N4867  0.926256404     
GRID*   4868            0               -0.274626727    -0.157499089    *N4868  
*N4868  0.926217253     
GRID*   4869            0               -0.268106938    -0.153097635    *N4869  
*N4869  0.925311549     
GRID*   4870            0               -0.268187149    -0.15680891     *N4870  
*N4870  0.926126378     
GRID*   4871            0               -0.267946516    -0.14622978     *N4871  
*N4871  0.922146259     
GRID*   4872            0               -0.271086094    -0.150502044    *N4872  
*N4872  0.924392443     
GRID*   4873            0               -0.268026727    -0.149549785    *N4873  
*N4873  0.923976087     
GRID*   4874            0               -0.273904828    -0.148640952    *N4874  
*N4874  0.923535955     
GRID*   4875            0               -0.277204828    -0.152470022    *N4875  
*N4875  0.925116995     
GRID*   4876            0               -0.274145461    -0.151478836    *N4876  
*N4876  0.924774268     
GRID*   4877            0               -0.271324216    -0.137593015    *N4877  
*N4877  0.912947534     
GRID*   4878            0               -0.268079364    -0.139739027    *N4878  
*N4878  0.916179611     
GRID*   4879            0               -0.268145788    -0.137330248    *N4879  
*N4879  0.912469107     
GRID*   4880            0               -0.277681073    -0.138147938    *N4880  
*N4880  0.913887581     
GRID*   4881            0               -0.274303372    -0.140794219    *N4881  
*N4881  0.917455401     
GRID*   4882            0               -0.274502645    -0.137865617    *N4882  
*N4882  0.913420426     
GRID*   4883            0               -0.27714968     -0.145320675    *N4883  
*N4883  0.921529102     
GRID*   4884            0               -0.27105852     -0.143566334    *N4884  
*N4884  0.920169636     
GRID*   4885            0               -0.2741041      -0.144429212    *N4885  
*N4885  0.920867813     
GRID*   4886            0               -0.26801294     -0.142733566    *N4886  
*N4886  0.919435806     
GRID*   4887            0               -0.287879364    -0.139739027    *N4887  
*N4887  0.916179611     
GRID*   4888            0               -0.284524216    -0.137593015    *N4888  
*N4888  0.912947534     
GRID*   4889            0               -0.287945788    -0.137330248    *N4889  
*N4889  0.912469107     
GRID*   4890            0               -0.287746516    -0.14622978     *N4890  
*N4890  0.922146259     
GRID*   4891            0               -0.28425852     -0.143566334    *N4891  
*N4891  0.920169636     
GRID*   4892            0               -0.28781294     -0.142733566    *N4892  
*N4892  0.919435806     
GRID*   4893            0               -0.280504828    -0.148640952    *N4893  
*N4893  0.923535955     
GRID*   4894            0               -0.280903372    -0.140794219    *N4894  
*N4894  0.917455401     
GRID*   4895            0               -0.2807041      -0.144429212    *N4895  
*N4895  0.920867813     
GRID*   4896            0               -0.281102645    -0.137865617    *N4896  
*N4896  0.913420426     
GRID*   4897            0               -0.284286094    -0.150502044    *N4897  
*N4897  0.924392443     
GRID*   4898            0               -0.280986094    -0.154442185    *N4898  
*N4898  0.9256718       
GRID*   4899            0               -0.280745461    -0.151478836    *N4899  
*N4899  0.924774268     
GRID*   4900            0               -0.287906938    -0.153097635    *N4900  
*N4900  0.925311549     
GRID*   4901            0               -0.287826727    -0.149549785    *N4901  
*N4901  0.923976087     
GRID*   4902            0               -0.284606938    -0.1571496      *N4902  
*N4902  0.92617355      
GRID*   4903            0               -0.287987149    -0.15680891     *N4903  
*N4903  0.926126378     
GRID*   4904            0               -0.281226727    -0.157499089    *N4904  
*N4904  0.926217253     
GRID*   4905            0               -0.289955275    -0.169519795    *N4905  
*N4905  0.87515252      
GRID*   4906            0               -0.290582868    -0.170048299    *N4906  
*N4906  0.875348638     
GRID*   4907            0               -0.290582868    -0.166075652    *N4907  
*N4907  0.874174098     
GRID*   4908            0               -0.289955275    -0.165522975    *N4908  
*N4908  0.87406307      
GRID*   4909            0               -0.290269071    -0.16781433     *N4909  
*N4909  0.874604854     
GRID*   4910            0               -0.290896665    -0.174031715    *N4910  
*N4910  0.877272285     
GRID*   4911            0               -0.291053563    -0.16848952     *N4911  
*N4911  0.87480644      
GRID*   4912            0               -0.290975114    -0.171331675    *N4912  
*N4912  0.875879653     
GRID*   4913            0               -0.290896665    -0.162249579    *N4913  
*N4913  0.873651587     
GRID*   4914            0               -0.290975114    -0.165404375    *N4914  
*N4914  0.87404084      
GRID*   4915            0               -0.288469419    -0.172250898    *N4915  
*N4915  0.87630999      
GRID*   4916            0               -0.285653909    -0.173809261    *N4916  
*N4916  0.877142279     
GRID*   4917            0               -0.288275287    -0.173920647    *N4917  
*N4917  0.877207011     
GRID*   4918            0               -0.285647338    -0.172272957    *N4918  
*N4918  0.876320851     
GRID*   4919            0               -0.287953718    -0.171043779    *N4919  
*N4919  0.875753609     
GRID*   4920            0               -0.28365043     -0.173503889    *N4920  
*N4920  0.876968508     
GRID*   4921            0               -0.265451617    -0.174052394    *N4921  
*N4921  0.877284518     
GRID*   4922            0               -0.265774455    -0.17008568     *N4922  
*N4922  0.875362998     
GRID*   4923            0               -0.265290198    -0.168504804    *N4923  
*N4923  0.874811231     
GRID*   4924            0               -0.265370907    -0.171349966    *N4924  
*N4924  0.875887799     
GRID*   4925            0               -0.266420131    -0.169587602    *N4925  
*N4925  0.875176966     
GRID*   4926            0               -0.266420131    -0.165593772    *N4926  
*N4926  0.874076608     
GRID*   4927            0               -0.265774455    -0.166114819    *N4927  
*N4927  0.874182433     
GRID*   4928            0               -0.266097293    -0.167868241    *N4928  
*N4928  0.874620231     
GRID*   4929            0               -0.265451617    -0.162273558    *N4929  
*N4929  0.873653099     
GRID*   4930            0               -0.265370907    -0.165424062    *N4930  
*N4930  0.874044491     
GRID*   4931            0               -0.267907113    -0.172287654    *N4931  
*N4931  0.876328102     
GRID*   4932            0               -0.270761676    -0.172314709    *N4932  
*N4932  0.87634148      
GRID*   4933            0               -0.268439512    -0.171099382    *N4933  
*N4933  0.875777635     
GRID*   4934            0               -0.270736651    -0.173823934    *N4934  
*N4934  0.877150765     
GRID*   4935            0               -0.268094134    -0.173938332    *N4935  
*N4935  0.877217355     
GRID*   4936            0               -0.272764395    -0.173525362    *N4936  
*N4936  0.876980551     
GRID*   4937            0               -0.266379444    -0.155677024    *N4937  
*N4937  0.874063071     
GRID*   4938            0               -0.265926539    -0.158966771    *N4938  
*N4938  0.873650568     
GRID*   4939            0               -0.265521897    -0.160642594    *N4939  
*N4939  0.873600034     
GRID*   4940            0               -0.265735026    -0.158092989    *N4940  
*N4940  0.873719306     
GRID*   4941            0               -0.265438055    -0.158950421    *N4941  
*N4941  0.873651587     
GRID*   4942            0               -0.265940101    -0.162289906    *N4942  
*N4942  0.873654142     
GRID*   4943            0               -0.265689078    -0.160620204    *N4943  
*N4943  0.873600008     
GRID*   4944            0               -0.265755944    -0.163187445    *N4944  
*N4944  0.873727103     
GRID*   4945            0               -0.265751851    -0.155124348    *N4945  
*N4945  0.874174098     
GRID*   4946            0               -0.265281156    -0.15271048     *N4946  
*N4946  0.87480644      
GRID*   4947            0               -0.265359605    -0.155795625    *N4947  
*N4947  0.87404084      
GRID*   4948            0               -0.265751851    -0.151151701    *N4948  
*N4948  0.875348638     
GRID*   4949            0               -0.266065648    -0.15338567     *N4949  
*N4949  0.874604854     
GRID*   4950            0               -0.265359605    -0.149868324    *N4950  
*N4950  0.875879653     
GRID*   4951            0               -0.290883102    -0.158926442    *N4951  
*N4951  0.873653099     
GRID*   4952            0               -0.290394616    -0.158909688    *N4952  
*N4952  0.873654168     
GRID*   4953            0               -0.290408178    -0.162232823    *N4953  
*N4953  0.873650543     
GRID*   4954            0               -0.29064564     -0.160579593    *N4954  
*N4954  0.873600008     
GRID*   4955            0               -0.289914588    -0.155606228    *N4955  
*N4955  0.874076608     
GRID*   4956            0               -0.29081281     -0.160554562    *N4956  
*N4956  0.873600039     
GRID*   4957            0               -0.290578531    -0.158011466    *N4957  
*N4957  0.87372721      
GRID*   4958            0               -0.290599912    -0.163105986    *N4958  
*N4958  0.873719208     
GRID*   4959            0               -0.290560264    -0.155085181    *N4959  
*N4959  0.874182433     
GRID*   4960            0               -0.290560264    -0.15111432     *N4960  
*N4960  0.875362998     
GRID*   4961            0               -0.290237426    -0.153331759    *N4961  
*N4961  0.874620231     
GRID*   4962            0               -0.291044522    -0.152695196    *N4962  
*N4962  0.874811231     
GRID*   4963            0               -0.290963812    -0.155775938    *N4963  
*N4963  0.874044491     
GRID*   4964            0               -0.290963812    -0.149850034    *N4964  
*N4964  0.875887799     
GRID*   4965            0               -0.26496736     -0.16998073     *N4965  
*N4965  0.909544239     
GRID*   4966            0               -0.26496736     -0.148550085    *N4966  
*N4966  0.896858019     
GRID*   4967            0               -0.26496736     -0.15121916     *N4967  
*N4967  0.909544915     
GRID*   4968            0               -0.26496736     -0.172649852    *N4968  
*N4968  0.896857778     
GRID*   4969            0               -0.26496736     -0.176189062    *N4969  
*N4969  0.904701663     
GRID*   4970            0               -0.26496736     -0.145010869    *N4970  
*N4970  0.904702039     
GRID*   4971            0               -0.26496736     -0.160599998    *N4971  
*N4971  0.912204724     
GRID*   4972            0               -0.26496736     -0.160599984    *N4972  
*N4972  0.88973852      
GRID*   4973            0               -0.26496736     -0.148150815    *N4973  
*N4973  0.915451482     
GRID*   4974            0               -0.26496736     -0.160599999    *N4974  
*N4974  0.919302362     
GRID*   4975            0               -0.26496736     -0.155909579    *N4975  
*N4975  0.910874819     
GRID*   4976            0               -0.26496736     -0.154175765    *N4976  
*N4976  0.917991356     
GRID*   4977            0               -0.26496736     -0.160599999    *N4977  
*N4977  0.909402362     
GRID*   4978            0               -0.26496736     -0.15260958     *N4978  
*N4978  0.904772457     
GRID*   4979            0               -0.26496736     -0.155921337    *N4979  
*N4979  0.907770862     
GRID*   4980            0               -0.26496736     -0.160599992    *N4980  
*N4980  0.89156926      
GRID*   4981            0               -0.26496736     -0.169924926    *N4981  
*N4981  0.898428889     
GRID*   4982            0               -0.26496736     -0.166624918    *N4982  
*N4982  0.893298149     
GRID*   4983            0               -0.26496736     -0.165945911    *N4983  
*N4983  0.894315622     
GRID*   4984            0               -0.26496736     -0.179178872    *N4984  
*N4984  0.894349864     
GRID*   4985            0               -0.26496736     -0.168358757    *N4985  
*N4985  0.884190236     
GRID*   4986            0               -0.26496736     -0.174291483    *N4986  
*N4986  0.888890309     
GRID*   4987            0               -0.26496736     -0.152841227    *N4987  
*N4987  0.884190236     
GRID*   4988            0               -0.26496736     -0.160599996    *N4988  
*N4988  0.878926738     
GRID*   4989            0               -0.26496736     -0.142021097    *N4989  
*N4989  0.894349985     
GRID*   4990            0               -0.26496736     -0.140251488    *N4990  
*N4990  0.906430044     
GRID*   4991            0               -0.26496736     -0.146780477    *N4991  
*N4991  0.900780029     
GRID*   4992            0               -0.26496736     -0.140490238    *N4992  
*N4992  0.900390015     
GRID*   4993            0               -0.26496736     -0.174419457    *N4993  
*N4993  0.90077972      
GRID*   4994            0               -0.26496736     -0.180948477    *N4994  
*N4994  0.906429856     
GRID*   4995            0               -0.26496736     -0.180709728    *N4995  
*N4995  0.90038986      
GRID*   4996            0               -0.26496736     -0.168590365    *N4996  
*N4996  0.904772119     
GRID*   4997            0               -0.26496736     -0.173084896    *N4997  
*N4997  0.907122951     
GRID*   4998            0               -0.26496736     -0.171504911    *N4998  
*N4998  0.90277592      
GRID*   4999            0               -0.26496736     -0.148115014    *N4999  
*N4999  0.907123477     
GRID*   5000            0               -0.26496736     -0.151275043    *N5000  
*N5000  0.898429009     
GRID*   5001            0               -0.26496736     -0.149695029    *N5001  
*N5001  0.902776243     
GRID*   5002            0               -0.26496736     -0.154575035    *N5002  
*N5002  0.893298269     
GRID*   5003            0               -0.26496736     -0.155254065    *N5003  
*N5003  0.894315682     
GRID*   5004            0               -0.26496736     -0.165290364    *N5004  
*N5004  0.910874481     
GRID*   5005            0               -0.26496736     -0.165278634    *N5005  
*N5005  0.907770693     
GRID*   5006            0               -0.26496736     -0.143678483    *N5006  
*N5006  0.911320504     
GRID*   5007            0               -0.26496736     -0.17304913     *N5007  
*N5007  0.915451144     
GRID*   5008            0               -0.26496736     -0.177521472    *N5008  
*N5008  0.911320241     
GRID*   5009            0               -0.26496736     -0.167024206    *N5009  
*N5009  0.917991187     
GRID*   5010            0               -0.26496736     -0.146908493    *N5010  
*N5010  0.888890369     
GRID*   5011            0               -0.26496736     -0.149684988    *N5011  
*N5011  0.912498198     
GRID*   5012            0               -0.26496736     -0.15116329     *N5012  
*N5012  0.916721419     
GRID*   5013            0               -0.26496736     -0.155042672    *N5013  
*N5013  0.914433087     
GRID*   5014            0               -0.26496736     -0.15356437     *N5014  
*N5014  0.910209867     
GRID*   5015            0               -0.26496736     -0.15236383     *N5015  
*N5015  0.913465643     
GRID*   5016            0               -0.26496736     -0.146616642    *N5016  
*N5016  0.918404765     
GRID*   5017            0               -0.26496736     -0.153308858    *N5017  
*N5017  0.921549624     
GRID*   5018            0               -0.26496736     -0.14988897     *N5018  
*N5018  0.920121995     
GRID*   5019            0               -0.26496736     -0.160599999    *N5019  
*N5019  0.922851181     
GRID*   5020            0               -0.26496736     -0.157387882    *N5020  
*N5020  0.918646859     
GRID*   5021            0               -0.26496736     -0.156929006    *N5021  
*N5021  0.922360915     
GRID*   5022            0               -0.26496736     -0.160599998    *N5022  
*N5022  0.915753543     
GRID*   5023            0               -0.26496736     -0.158254788    *N5023  
*N5023  0.911539771     
GRID*   5024            0               -0.26496736     -0.157821335    *N5024  
*N5024  0.915093315     
GRID*   5025            0               -0.26496736     -0.160599998    *N5025  
*N5025  0.910803543     
GRID*   5026            0               -0.26496736     -0.158260668    *N5026  
*N5026  0.908586612     
GRID*   5027            0               -0.26496736     -0.155915458    *N5027  
*N5027  0.909322841     
GRID*   5028            0               -0.26496736     -0.158257728    *N5028  
*N5028  0.910063192     
GRID*   5029            0               -0.26496736     -0.160599999    *N5029  
*N5029  0.908001181     
GRID*   5030            0               -0.26496736     -0.155927216    *N5030  
*N5030  0.906218883     
GRID*   5031            0               -0.26496736     -0.158167479    *N5031  
*N5031  0.907342108     
GRID*   5032            0               -0.26496736     -0.15330479     *N5032  
*N5032  0.902386229     
GRID*   5033            0               -0.26496736     -0.154265459    *N5033  
*N5033  0.90627166      
GRID*   5034            0               -0.26496736     -0.154383927    *N5034  
*N5034  0.904398685     
GRID*   5035            0               -0.26496736     -0.15191437     *N5035  
*N5035  0.907158686     
GRID*   5036            0               -0.26496736     -0.153914914    *N5036  
*N5036  0.908240763     
GRID*   5037            0               -0.26496736     -0.160599988    *N5037  
*N5037  0.89065389      
GRID*   5038            0               -0.26496736     -0.163272952    *N5038  
*N5038  0.892942441     
GRID*   5039            0               -0.26496736     -0.166285415    *N5039  
*N5039  0.893806885     
GRID*   5040            0               -0.26496736     -0.163612451    *N5040  
*N5040  0.891518334     
GRID*   5041            0               -0.26496736     -0.163442701    *N5041  
*N5041  0.892230388     
GRID*   5042            0               -0.26496736     -0.160599996    *N5042  
*N5042  0.89248463      
GRID*   5043            0               -0.26496736     -0.165606408    *N5043  
*N5043  0.894824359     
GRID*   5044            0               -0.26496736     -0.163199331    *N5044  
*N5044  0.893422418     
GRID*   5045            0               -0.26496736     -0.168562463    *N5045  
*N5045  0.899214444     
GRID*   5046            0               -0.26496736     -0.167935419    *N5046  
*N5046  0.896372255     
GRID*   5047            0               -0.26496736     -0.167316512    *N5047  
*N5047  0.896923272     
GRID*   5048            0               -0.26496736     -0.171287389    *N5048  
*N5048  0.897643333     
GRID*   5049            0               -0.26496736     -0.169637385    *N5049  
*N5049  0.895077963     
GRID*   5050            0               -0.26496736     -0.168786402    *N5050  
*N5050  0.895725109     
GRID*   5051            0               -0.26496736     -0.170458201    *N5051  
*N5051  0.891094229     
GRID*   5052            0               -0.26496736     -0.17132512     *N5052  
*N5052  0.886540272     
GRID*   5053            0               -0.26496736     -0.164479371    *N5053  
*N5053  0.886964378     
GRID*   5054            0               -0.26496736     -0.167468786    *N5054  
*N5054  0.889029303     
GRID*   5055            0               -0.26496736     -0.175914362    *N5055  
*N5055  0.895603821     
GRID*   5056            0               -0.26496736     -0.176735178    *N5056  
*N5056  0.891620087     
GRID*   5057            0               -0.26496736     -0.173186281    *N5057  
*N5057  0.893349025     
GRID*   5058            0               -0.26496736     -0.182443382    *N5058  
*N5058  0.893095908     
GRID*   5059            0               -0.26496736     -0.178124766    *N5059  
*N5059  0.886686389     
GRID*   5060            0               -0.26496736     -0.180428875    *N5060  
*N5060  0.889817369     
GRID*   5061            0               -0.26496736     -0.172238144    *N5061  
*N5061  0.881416094     
GRID*   5062            0               -0.26496736     -0.17529637     *N5062  
*N5062  0.883936327     
GRID*   5063            0               -0.26496736     -0.164679022    *N5063  
*N5063  0.876909423     
GRID*   5064            0               -0.26496736     -0.164479377    *N5064  
*N5064  0.881558487     
GRID*   5065            0               -0.26496736     -0.168532363    *N5065  
*N5065  0.879017957     
GRID*   5066            0               -0.26496736     -0.156520974    *N5066  
*N5066  0.876909423     
GRID*   5067            0               -0.26496736     -0.160599999    *N5067  
*N5067  0.875256712     
GRID*   5068            0               -0.26496736     -0.148961848    *N5068  
*N5068  0.881416094     
GRID*   5069            0               -0.26496736     -0.156720611    *N5069  
*N5069  0.881558487     
GRID*   5070            0               -0.26496736     -0.152667631    *N5070  
*N5070  0.879017957     
GRID*   5071            0               -0.26496736     -0.156720606    *N5071  
*N5071  0.886964378     
GRID*   5072            0               -0.26496736     -0.160599991    *N5072  
*N5072  0.884261432     
GRID*   5073            0               -0.26496736     -0.145285591    *N5073  
*N5073  0.895604002     
GRID*   5074            0               -0.26496736     -0.141255668    *N5074  
*N5074  0.89737         
GRID*   5075            0               -0.26496736     -0.143635358    *N5075  
*N5075  0.900585022     
GRID*   5076            0               -0.26496736     -0.147665281    *N5076  
*N5076  0.898819024     
GRID*   5077            0               -0.26496736     -0.144460474    *N5077  
*N5077  0.898094512     
GRID*   5078            0               -0.26496736     -0.138756602    *N5078  
*N5078  0.893095968     
GRID*   5079            0               -0.26496736     -0.137345119    *N5079  
*N5079  0.900195007     
GRID*   5080            0               -0.26496736     -0.137890348    *N5080  
*N5080  0.896620065     
GRID*   5081            0               -0.26496736     -0.137871798    *N5081  
*N5081  0.907294046     
GRID*   5082            0               -0.26496736     -0.140370863    *N5082  
*N5082  0.903410029     
GRID*   5083            0               -0.26496736     -0.137447946    *N5083  
*N5083  0.90376995      
GRID*   5084            0               -0.26496736     -0.142631178    *N5084  
*N5084  0.905566042     
GRID*   5085            0               -0.26496736     -0.145895673    *N5085  
*N5085  0.902741034     
GRID*   5086            0               -0.26496736     -0.143133268    *N5086  
*N5086  0.903075532     
GRID*   5087            0               -0.26496736     -0.173534654    *N5087  
*N5087  0.898818749     
GRID*   5088            0               -0.26496736     -0.177564593    *N5088  
*N5088  0.90058479      
GRID*   5089            0               -0.26496736     -0.1799443      *N5089  
*N5089  0.897369862     
GRID*   5090            0               -0.26496736     -0.176739477    *N5090  
*N5090  0.898094306     
GRID*   5091            0               -0.26496736     -0.175304259    *N5091  
*N5091  0.902740691     
GRID*   5092            0               -0.26496736     -0.178568769    *N5092  
*N5092  0.905565759     
GRID*   5093            0               -0.26496736     -0.180829103    *N5093  
*N5093  0.903409858     
GRID*   5094            0               -0.26496736     -0.178066681    *N5094  
*N5094  0.903075275     
GRID*   5095            0               -0.26496736     -0.183328184    *N5095  
*N5095  0.907293952     
GRID*   5096            0               -0.26496736     -0.183854864    *N5096  
*N5096  0.90019493      
GRID*   5097            0               -0.26496736     -0.183752037    *N5097  
*N5097  0.903769864     
GRID*   5098            0               -0.26496736     -0.183309636    *N5098  
*N5098  0.896619996     
GRID*   5099            0               -0.26496736     -0.170714918    *N5099  
*N5099  0.900602404     
GRID*   5100            0               -0.26496736     -0.172962184    *N5100  
*N5100  0.90177782      
GRID*   5101            0               -0.26496736     -0.172124786    *N5101  
*N5101  0.899710577     
GRID*   5102            0               -0.26496736     -0.167895182    *N5102  
*N5102  0.90238606      
GRID*   5103            0               -0.26496736     -0.170047638    *N5103  
*N5103  0.90377402      
GRID*   5104            0               -0.26496736     -0.16930505     *N5104  
*N5104  0.901494232     
GRID*   5105            0               -0.26496736     -0.169285547    *N5105  
*N5105  0.907158179     
GRID*   5106            0               -0.26496736     -0.171532813    *N5106  
*N5106  0.908333595     
GRID*   5107            0               -0.26496736     -0.172294903    *N5107  
*N5107  0.904949435     
GRID*   5108            0               -0.26496736     -0.170790225    *N5108  
*N5108  0.906053807     
GRID*   5109            0               -0.26496736     -0.174636979    *N5109  
*N5109  0.905912307     
GRID*   5110            0               -0.26496736     -0.173799581    *N5110  
*N5110  0.903845063     
GRID*   5111            0               -0.26496736     -0.148237753    *N5111  
*N5111  0.901778136     
GRID*   5112            0               -0.26496736     -0.150485036    *N5112  
*N5112  0.900602626     
GRID*   5113            0               -0.26496736     -0.149912564    *N5113  
*N5113  0.897643514     
GRID*   5114            0               -0.26496736     -0.149075158    *N5114  
*N5114  0.899710825     
GRID*   5115            0               -0.26496736     -0.146562942    *N5115  
*N5115  0.905912758     
GRID*   5116            0               -0.26496736     -0.148905022    *N5116  
*N5116  0.90494986      
GRID*   5117            0               -0.26496736     -0.147400347    *N5117  
*N5117  0.903845447     
GRID*   5118            0               -0.26496736     -0.149667087    *N5118  
*N5118  0.908334196     
GRID*   5119            0               -0.26496736     -0.151152304    *N5119  
*N5119  0.90377435      
GRID*   5120            0               -0.26496736     -0.150409696    *N5120  
*N5120  0.906054273     
GRID*   5121            0               -0.26496736     -0.152637521    *N5121  
*N5121  0.899214505     
GRID*   5122            0               -0.26496736     -0.151894913    *N5122  
*N5122  0.901494427     
GRID*   5123            0               -0.26496736     -0.15559358     *N5123  
*N5123  0.894824389     
GRID*   5124            0               -0.26496736     -0.153264554    *N5124  
*N5124  0.896372346     
GRID*   5125            0               -0.26496736     -0.153883474    *N5125  
*N5125  0.896923318     
GRID*   5126            0               -0.26496736     -0.157927029    *N5126  
*N5126  0.892942471     
GRID*   5127            0               -0.26496736     -0.158000659    *N5127  
*N5127  0.893422433     
GRID*   5128            0               -0.26496736     -0.15758751     *N5128  
*N5128  0.891518395     
GRID*   5129            0               -0.26496736     -0.15491455     *N5129  
*N5129  0.893806976     
GRID*   5130            0               -0.26496736     -0.157757269    *N5130  
*N5130  0.892230433     
GRID*   5131            0               -0.26496736     -0.15156256     *N5131  
*N5131  0.895078144     
GRID*   5132            0               -0.26496736     -0.152413557    *N5132  
*N5132  0.895725245     
GRID*   5133            0               -0.26496736     -0.165272769    *N5133  
*N5133  0.906218799     
GRID*   5134            0               -0.26496736     -0.1669345      *N5134  
*N5134  0.906271406     
GRID*   5135            0               -0.26496736     -0.166816052    *N5135  
*N5135  0.904398558     
GRID*   5136            0               -0.26496736     -0.162939317    *N5136  
*N5136  0.908586527     
GRID*   5137            0               -0.26496736     -0.163032514    *N5137  
*N5137  0.907342066     
GRID*   5138            0               -0.26496736     -0.162945181    *N5138  
*N5138  0.911539603     
GRID*   5139            0               -0.26496736     -0.165284499    *N5139  
*N5139  0.909322587     
GRID*   5140            0               -0.26496736     -0.162942249    *N5140  
*N5140  0.910063065     
GRID*   5141            0               -0.26496736     -0.167635547    *N5141  
*N5141  0.91020936      
GRID*   5142            0               -0.26496736     -0.167285023    *N5142  
*N5142  0.908240383     
GRID*   5143            0               -0.26496736     -0.145914649    *N5143  
*N5143  0.913385993     
GRID*   5144            0               -0.26496736     -0.141460217    *N5144  
*N5144  0.913419017     
GRID*   5145            0               -0.26496736     -0.143923515    *N5145  
*N5145  0.916026806     
GRID*   5146            0               -0.26496736     -0.145896749    *N5146  
*N5146  0.90922199      
GRID*   5147            0               -0.26496736     -0.147790868    *N5147  
*N5147  0.910860094     
GRID*   5148            0               -0.26496736     -0.141964986    *N5148  
*N5148  0.908875274     
GRID*   5149            0               -0.26496736     -0.144263964    *N5149  
*N5149  0.907394016     
GRID*   5150            0               -0.26496736     -0.139521207    *N5150  
*N5150  0.910430312     
GRID*   5151            0               -0.26496736     -0.17973976     *N5151  
*N5151  0.913418886     
GRID*   5152            0               -0.26496736     -0.175285301    *N5152  
*N5152  0.913385692     
GRID*   5153            0               -0.26496736     -0.17458333     *N5153  
*N5153  0.918404596     
GRID*   5154            0               -0.26496736     -0.17727646     *N5154  
*N5154  0.916026656     
GRID*   5155            0               -0.26496736     -0.179234975    *N5155  
*N5155  0.908875048     
GRID*   5156            0               -0.26496736     -0.181678773    *N5156  
*N5156  0.910430199     
GRID*   5157            0               -0.26496736     -0.175303184    *N5157  
*N5157  0.909221596     
GRID*   5158            0               -0.26496736     -0.176935977    *N5158  
*N5158  0.907393677     
GRID*   5159            0               -0.26496736     -0.17151493     *N5159  
*N5159  0.912497691     
GRID*   5160            0               -0.26496736     -0.173409057    *N5160  
*N5160  0.910859644     
GRID*   5161            0               -0.26496736     -0.167891127    *N5161  
*N5161  0.921549539     
GRID*   5162            0               -0.26496736     -0.163812103    *N5162  
*N5162  0.918646774     
GRID*   5163            0               -0.26496736     -0.164270986    *N5163  
*N5163  0.922360873     
GRID*   5164            0               -0.26496736     -0.170036668    *N5164  
*N5164  0.916721165     
GRID*   5165            0               -0.26496736     -0.171311009    *N5165  
*N5165  0.920121869     
GRID*   5166            0               -0.26496736     -0.166157285    *N5166  
*N5166  0.914432834     
GRID*   5167            0               -0.26496736     -0.168836107    *N5167  
*N5167  0.913465263     
GRID*   5168            0               -0.26496736     -0.163378642    *N5168  
*N5168  0.915093188     
GRID*   5169            0               -0.26496736     -0.144464795    *N5169  
*N5169  0.891620177     
GRID*   5170            0               -0.26496736     -0.143075222    *N5170  
*N5170  0.886686419     
GRID*   5171            0               -0.26496736     -0.140771111    *N5171  
*N5171  0.889817414     
GRID*   5172            0               -0.26496736     -0.150741764    *N5172  
*N5172  0.891094319     
GRID*   5173            0               -0.26496736     -0.148013678    *N5173  
*N5173  0.893349161     
GRID*   5174            0               -0.26496736     -0.14987486     *N5174  
*N5174  0.886540303     
GRID*   5175            0               -0.26496736     -0.153731185    *N5175  
*N5175  0.889029349     
GRID*   5176            0               -0.26496736     -0.14590362     *N5176  
*N5176  0.883936342     
GRID*   5177            0               -0.29136736     -0.16998073     *N5177  
*N5177  0.909544239     
GRID*   5178            0               -0.29136736     -0.148550085    *N5178  
*N5178  0.896858019     
GRID*   5179            0               -0.29136736     -0.15121916     *N5179  
*N5179  0.909544915     
GRID*   5180            0               -0.29136736     -0.172649852    *N5180  
*N5180  0.896857778     
GRID*   5181            0               -0.29136736     -0.176189062    *N5181  
*N5181  0.904701663     
GRID*   5182            0               -0.29136736     -0.145010869    *N5182  
*N5182  0.904702039     
GRID*   5183            0               -0.29136736     -0.160599998    *N5183  
*N5183  0.912204724     
GRID*   5184            0               -0.29136736     -0.160599984    *N5184  
*N5184  0.88973852      
GRID*   5185            0               -0.29136736     -0.155909579    *N5185  
*N5185  0.910874819     
GRID*   5186            0               -0.29136736     -0.160599999    *N5186  
*N5186  0.919302362     
GRID*   5187            0               -0.29136736     -0.148150815    *N5187  
*N5187  0.915451482     
GRID*   5188            0               -0.29136736     -0.154175765    *N5188  
*N5188  0.917991356     
GRID*   5189            0               -0.29136736     -0.15260958     *N5189  
*N5189  0.904772457     
GRID*   5190            0               -0.29136736     -0.160599999    *N5190  
*N5190  0.909402362     
GRID*   5191            0               -0.29136736     -0.155921337    *N5191  
*N5191  0.907770862     
GRID*   5192            0               -0.29136736     -0.166624918    *N5192  
*N5192  0.893298149     
GRID*   5193            0               -0.29136736     -0.169924926    *N5193  
*N5193  0.898428889     
GRID*   5194            0               -0.29136736     -0.160599992    *N5194  
*N5194  0.89156926      
GRID*   5195            0               -0.29136736     -0.165945911    *N5195  
*N5195  0.894315622     
GRID*   5196            0               -0.29136736     -0.168358757    *N5196  
*N5196  0.884190236     
GRID*   5197            0               -0.29136736     -0.179178872    *N5197  
*N5197  0.894349864     
GRID*   5198            0               -0.29136736     -0.174291483    *N5198  
*N5198  0.888890309     
GRID*   5199            0               -0.29136736     -0.152841227    *N5199  
*N5199  0.884190236     
GRID*   5200            0               -0.29136736     -0.160599996    *N5200  
*N5200  0.878926738     
GRID*   5201            0               -0.29136736     -0.146780477    *N5201  
*N5201  0.900780029     
GRID*   5202            0               -0.29136736     -0.140251488    *N5202  
*N5202  0.906430044     
GRID*   5203            0               -0.29136736     -0.142021097    *N5203  
*N5203  0.894349985     
GRID*   5204            0               -0.29136736     -0.140490238    *N5204  
*N5204  0.900390015     
GRID*   5205            0               -0.29136736     -0.180948477    *N5205  
*N5205  0.906429856     
GRID*   5206            0               -0.29136736     -0.174419457    *N5206  
*N5206  0.90077972      
GRID*   5207            0               -0.29136736     -0.180709728    *N5207  
*N5207  0.90038986      
GRID*   5208            0               -0.29136736     -0.173084896    *N5208  
*N5208  0.907122951     
GRID*   5209            0               -0.29136736     -0.168590365    *N5209  
*N5209  0.904772119     
GRID*   5210            0               -0.29136736     -0.171504911    *N5210  
*N5210  0.90277592      
GRID*   5211            0               -0.29136736     -0.151275043    *N5211  
*N5211  0.898429009     
GRID*   5212            0               -0.29136736     -0.148115014    *N5212  
*N5212  0.907123477     
GRID*   5213            0               -0.29136736     -0.149695029    *N5213  
*N5213  0.902776243     
GRID*   5214            0               -0.29136736     -0.154575035    *N5214  
*N5214  0.893298269     
GRID*   5215            0               -0.29136736     -0.155254065    *N5215  
*N5215  0.894315682     
GRID*   5216            0               -0.29136736     -0.165290364    *N5216  
*N5216  0.910874481     
GRID*   5217            0               -0.29136736     -0.165278634    *N5217  
*N5217  0.907770693     
GRID*   5218            0               -0.29136736     -0.143678483    *N5218  
*N5218  0.911320504     
GRID*   5219            0               -0.29136736     -0.17304913     *N5219  
*N5219  0.915451144     
GRID*   5220            0               -0.29136736     -0.177521472    *N5220  
*N5220  0.911320241     
GRID*   5221            0               -0.29136736     -0.167024206    *N5221  
*N5221  0.917991187     
GRID*   5222            0               -0.29136736     -0.146908493    *N5222  
*N5222  0.888890369     
GRID*   5223            0               -0.29136736     -0.15356437     *N5223  
*N5223  0.910209867     
GRID*   5224            0               -0.29136736     -0.155042672    *N5224  
*N5224  0.914433087     
GRID*   5225            0               -0.29136736     -0.15116329     *N5225  
*N5225  0.916721419     
GRID*   5226            0               -0.29136736     -0.149684988    *N5226  
*N5226  0.912498198     
GRID*   5227            0               -0.29136736     -0.15236383     *N5227  
*N5227  0.913465643     
GRID*   5228            0               -0.29136736     -0.158254788    *N5228  
*N5228  0.911539771     
GRID*   5229            0               -0.29136736     -0.160599998    *N5229  
*N5229  0.915753543     
GRID*   5230            0               -0.29136736     -0.157387882    *N5230  
*N5230  0.918646859     
GRID*   5231            0               -0.29136736     -0.157821335    *N5231  
*N5231  0.915093315     
GRID*   5232            0               -0.29136736     -0.160599999    *N5232  
*N5232  0.922851181     
GRID*   5233            0               -0.29136736     -0.153308858    *N5233  
*N5233  0.921549624     
GRID*   5234            0               -0.29136736     -0.156929006    *N5234  
*N5234  0.922360915     
GRID*   5235            0               -0.29136736     -0.146616642    *N5235  
*N5235  0.918404765     
GRID*   5236            0               -0.29136736     -0.14988897     *N5236  
*N5236  0.920121995     
GRID*   5237            0               -0.29136736     -0.155915458    *N5237  
*N5237  0.909322841     
GRID*   5238            0               -0.29136736     -0.158260668    *N5238  
*N5238  0.908586612     
GRID*   5239            0               -0.29136736     -0.160599998    *N5239  
*N5239  0.910803543     
GRID*   5240            0               -0.29136736     -0.158257728    *N5240  
*N5240  0.910063192     
GRID*   5241            0               -0.29136736     -0.15191437     *N5241  
*N5241  0.907158686     
GRID*   5242            0               -0.29136736     -0.154265459    *N5242  
*N5242  0.90627166      
GRID*   5243            0               -0.29136736     -0.153914914    *N5243  
*N5243  0.908240763     
GRID*   5244            0               -0.29136736     -0.15330479     *N5244  
*N5244  0.902386229     
GRID*   5245            0               -0.29136736     -0.155927216    *N5245  
*N5245  0.906218883     
GRID*   5246            0               -0.29136736     -0.154383927    *N5246  
*N5246  0.904398685     
GRID*   5247            0               -0.29136736     -0.160599999    *N5247  
*N5247  0.908001181     
GRID*   5248            0               -0.29136736     -0.158167479    *N5248  
*N5248  0.907342108     
GRID*   5249            0               -0.29136736     -0.163612451    *N5249  
*N5249  0.891518334     
GRID*   5250            0               -0.29136736     -0.166285415    *N5250  
*N5250  0.893806885     
GRID*   5251            0               -0.29136736     -0.163272952    *N5251  
*N5251  0.892942441     
GRID*   5252            0               -0.29136736     -0.160599988    *N5252  
*N5252  0.89065389      
GRID*   5253            0               -0.29136736     -0.163442701    *N5253  
*N5253  0.892230388     
GRID*   5254            0               -0.29136736     -0.169637385    *N5254  
*N5254  0.895077963     
GRID*   5255            0               -0.29136736     -0.171287389    *N5255  
*N5255  0.897643333     
GRID*   5256            0               -0.29136736     -0.167935419    *N5256  
*N5256  0.896372255     
GRID*   5257            0               -0.29136736     -0.168786402    *N5257  
*N5257  0.895725109     
GRID*   5258            0               -0.29136736     -0.168562463    *N5258  
*N5258  0.899214444     
GRID*   5259            0               -0.29136736     -0.165606408    *N5259  
*N5259  0.894824359     
GRID*   5260            0               -0.29136736     -0.167316512    *N5260  
*N5260  0.896923272     
GRID*   5261            0               -0.29136736     -0.160599996    *N5261  
*N5261  0.89248463      
GRID*   5262            0               -0.29136736     -0.163199331    *N5262  
*N5262  0.893422418     
GRID*   5263            0               -0.29136736     -0.164479371    *N5263  
*N5263  0.886964378     
GRID*   5264            0               -0.29136736     -0.17132512     *N5264  
*N5264  0.886540272     
GRID*   5265            0               -0.29136736     -0.170458201    *N5265  
*N5265  0.891094229     
GRID*   5266            0               -0.29136736     -0.167468786    *N5266  
*N5266  0.889029303     
GRID*   5267            0               -0.29136736     -0.172238144    *N5267  
*N5267  0.881416094     
GRID*   5268            0               -0.29136736     -0.178124766    *N5268  
*N5268  0.886686389     
GRID*   5269            0               -0.29136736     -0.17529637     *N5269  
*N5269  0.883936327     
GRID*   5270            0               -0.29136736     -0.182443382    *N5270  
*N5270  0.893095908     
GRID*   5271            0               -0.29136736     -0.176735178    *N5271  
*N5271  0.891620087     
GRID*   5272            0               -0.29136736     -0.180428875    *N5272  
*N5272  0.889817369     
GRID*   5273            0               -0.29136736     -0.175914362    *N5273  
*N5273  0.895603821     
GRID*   5274            0               -0.29136736     -0.173186281    *N5274  
*N5274  0.893349025     
GRID*   5275            0               -0.29136736     -0.164479377    *N5275  
*N5275  0.881558487     
GRID*   5276            0               -0.29136736     -0.164679022    *N5276  
*N5276  0.876909423     
GRID*   5277            0               -0.29136736     -0.168532363    *N5277  
*N5277  0.879017957     
GRID*   5278            0               -0.29136736     -0.156720606    *N5278  
*N5278  0.886964378     
GRID*   5279            0               -0.29136736     -0.156720611    *N5279  
*N5279  0.881558487     
GRID*   5280            0               -0.29136736     -0.160599991    *N5280  
*N5280  0.884261432     
GRID*   5281            0               -0.29136736     -0.148961848    *N5281  
*N5281  0.881416094     
GRID*   5282            0               -0.29136736     -0.156520974    *N5282  
*N5282  0.876909423     
GRID*   5283            0               -0.29136736     -0.152667631    *N5283  
*N5283  0.879017957     
GRID*   5284            0               -0.29136736     -0.160599999    *N5284  
*N5284  0.875256712     
GRID*   5285            0               -0.29136736     -0.147665281    *N5285  
*N5285  0.898819024     
GRID*   5286            0               -0.29136736     -0.143635358    *N5286  
*N5286  0.900585022     
GRID*   5287            0               -0.29136736     -0.141255668    *N5287  
*N5287  0.89737         
GRID*   5288            0               -0.29136736     -0.145285591    *N5288  
*N5288  0.895604002     
GRID*   5289            0               -0.29136736     -0.144460474    *N5289  
*N5289  0.898094512     
GRID*   5290            0               -0.29136736     -0.145895673    *N5290  
*N5290  0.902741034     
GRID*   5291            0               -0.29136736     -0.142631178    *N5291  
*N5291  0.905566042     
GRID*   5292            0               -0.29136736     -0.140370863    *N5292  
*N5292  0.903410029     
GRID*   5293            0               -0.29136736     -0.143133268    *N5293  
*N5293  0.903075532     
GRID*   5294            0               -0.29136736     -0.137871798    *N5294  
*N5294  0.907294046     
GRID*   5295            0               -0.29136736     -0.137345119    *N5295  
*N5295  0.900195007     
GRID*   5296            0               -0.29136736     -0.137447946    *N5296  
*N5296  0.90376995      
GRID*   5297            0               -0.29136736     -0.138756602    *N5297  
*N5297  0.893095968     
GRID*   5298            0               -0.29136736     -0.137890348    *N5298  
*N5298  0.896620065     
GRID*   5299            0               -0.29136736     -0.1799443      *N5299  
*N5299  0.897369862     
GRID*   5300            0               -0.29136736     -0.177564593    *N5300  
*N5300  0.90058479      
GRID*   5301            0               -0.29136736     -0.173534654    *N5301  
*N5301  0.898818749     
GRID*   5302            0               -0.29136736     -0.176739477    *N5302  
*N5302  0.898094306     
GRID*   5303            0               -0.29136736     -0.183854864    *N5303  
*N5303  0.90019493      
GRID*   5304            0               -0.29136736     -0.183309636    *N5304  
*N5304  0.896619996     
GRID*   5305            0               -0.29136736     -0.183328184    *N5305  
*N5305  0.907293952     
GRID*   5306            0               -0.29136736     -0.180829103    *N5306  
*N5306  0.903409858     
GRID*   5307            0               -0.29136736     -0.183752037    *N5307  
*N5307  0.903769864     
GRID*   5308            0               -0.29136736     -0.178568769    *N5308  
*N5308  0.905565759     
GRID*   5309            0               -0.29136736     -0.175304259    *N5309  
*N5309  0.902740691     
GRID*   5310            0               -0.29136736     -0.178066681    *N5310  
*N5310  0.903075275     
GRID*   5311            0               -0.29136736     -0.172962184    *N5311  
*N5311  0.90177782      
GRID*   5312            0               -0.29136736     -0.170714918    *N5312  
*N5312  0.900602404     
GRID*   5313            0               -0.29136736     -0.172124786    *N5313  
*N5313  0.899710577     
GRID*   5314            0               -0.29136736     -0.174636979    *N5314  
*N5314  0.905912307     
GRID*   5315            0               -0.29136736     -0.172294903    *N5315  
*N5315  0.904949435     
GRID*   5316            0               -0.29136736     -0.173799581    *N5316  
*N5316  0.903845063     
GRID*   5317            0               -0.29136736     -0.171532813    *N5317  
*N5317  0.908333595     
GRID*   5318            0               -0.29136736     -0.169285547    *N5318  
*N5318  0.907158179     
GRID*   5319            0               -0.29136736     -0.170047638    *N5319  
*N5319  0.90377402      
GRID*   5320            0               -0.29136736     -0.170790225    *N5320  
*N5320  0.906053807     
GRID*   5321            0               -0.29136736     -0.167895182    *N5321  
*N5321  0.90238606      
GRID*   5322            0               -0.29136736     -0.16930505     *N5322  
*N5322  0.901494232     
GRID*   5323            0               -0.29136736     -0.149912564    *N5323  
*N5323  0.897643514     
GRID*   5324            0               -0.29136736     -0.150485036    *N5324  
*N5324  0.900602626     
GRID*   5325            0               -0.29136736     -0.148237753    *N5325  
*N5325  0.901778136     
GRID*   5326            0               -0.29136736     -0.149075158    *N5326  
*N5326  0.899710825     
GRID*   5327            0               -0.29136736     -0.152637521    *N5327  
*N5327  0.899214505     
GRID*   5328            0               -0.29136736     -0.151152304    *N5328  
*N5328  0.90377435      
GRID*   5329            0               -0.29136736     -0.151894913    *N5329  
*N5329  0.901494427     
GRID*   5330            0               -0.29136736     -0.149667087    *N5330  
*N5330  0.908334196     
GRID*   5331            0               -0.29136736     -0.148905022    *N5331  
*N5331  0.90494986      
GRID*   5332            0               -0.29136736     -0.150409696    *N5332  
*N5332  0.906054273     
GRID*   5333            0               -0.29136736     -0.146562942    *N5333  
*N5333  0.905912758     
GRID*   5334            0               -0.29136736     -0.147400347    *N5334  
*N5334  0.903845447     
GRID*   5335            0               -0.29136736     -0.153264554    *N5335  
*N5335  0.896372346     
GRID*   5336            0               -0.29136736     -0.15559358     *N5336  
*N5336  0.894824389     
GRID*   5337            0               -0.29136736     -0.153883474    *N5337  
*N5337  0.896923318     
GRID*   5338            0               -0.29136736     -0.15156256     *N5338  
*N5338  0.895078144     
GRID*   5339            0               -0.29136736     -0.15491455     *N5339  
*N5339  0.893806976     
GRID*   5340            0               -0.29136736     -0.152413557    *N5340  
*N5340  0.895725245     
GRID*   5341            0               -0.29136736     -0.15758751     *N5341  
*N5341  0.891518395     
GRID*   5342            0               -0.29136736     -0.157927029    *N5342  
*N5342  0.892942471     
GRID*   5343            0               -0.29136736     -0.157757269    *N5343  
*N5343  0.892230433     
GRID*   5344            0               -0.29136736     -0.158000659    *N5344  
*N5344  0.893422433     
GRID*   5345            0               -0.29136736     -0.1669345      *N5345  
*N5345  0.906271406     
GRID*   5346            0               -0.29136736     -0.165272769    *N5346  
*N5346  0.906218799     
GRID*   5347            0               -0.29136736     -0.166816052    *N5347  
*N5347  0.904398558     
GRID*   5348            0               -0.29136736     -0.167635547    *N5348  
*N5348  0.91020936      
GRID*   5349            0               -0.29136736     -0.165284499    *N5349  
*N5349  0.909322587     
GRID*   5350            0               -0.29136736     -0.167285023    *N5350  
*N5350  0.908240383     
GRID*   5351            0               -0.29136736     -0.162945181    *N5351  
*N5351  0.911539603     
GRID*   5352            0               -0.29136736     -0.162939317    *N5352  
*N5352  0.908586527     
GRID*   5353            0               -0.29136736     -0.162942249    *N5353  
*N5353  0.910063065     
GRID*   5354            0               -0.29136736     -0.163032514    *N5354  
*N5354  0.907342066     
GRID*   5355            0               -0.29136736     -0.141460217    *N5355  
*N5355  0.913419017     
GRID*   5356            0               -0.29136736     -0.145914649    *N5356  
*N5356  0.913385993     
GRID*   5357            0               -0.29136736     -0.143923515    *N5357  
*N5357  0.916026806     
GRID*   5358            0               -0.29136736     -0.141964986    *N5358  
*N5358  0.908875274     
GRID*   5359            0               -0.29136736     -0.139521207    *N5359  
*N5359  0.910430312     
GRID*   5360            0               -0.29136736     -0.145896749    *N5360  
*N5360  0.90922199      
GRID*   5361            0               -0.29136736     -0.144263964    *N5361  
*N5361  0.907394016     
GRID*   5362            0               -0.29136736     -0.147790868    *N5362  
*N5362  0.910860094     
GRID*   5363            0               -0.29136736     -0.17458333     *N5363  
*N5363  0.918404596     
GRID*   5364            0               -0.29136736     -0.175285301    *N5364  
*N5364  0.913385692     
GRID*   5365            0               -0.29136736     -0.17973976     *N5365  
*N5365  0.913418886     
GRID*   5366            0               -0.29136736     -0.17727646     *N5366  
*N5366  0.916026656     
GRID*   5367            0               -0.29136736     -0.17151493     *N5367  
*N5367  0.912497691     
GRID*   5368            0               -0.29136736     -0.175303184    *N5368  
*N5368  0.909221596     
GRID*   5369            0               -0.29136736     -0.173409057    *N5369  
*N5369  0.910859644     
GRID*   5370            0               -0.29136736     -0.179234975    *N5370  
*N5370  0.908875048     
GRID*   5371            0               -0.29136736     -0.176935977    *N5371  
*N5371  0.907393677     
GRID*   5372            0               -0.29136736     -0.181678773    *N5372  
*N5372  0.910430199     
GRID*   5373            0               -0.29136736     -0.163812103    *N5373  
*N5373  0.918646774     
GRID*   5374            0               -0.29136736     -0.167891127    *N5374  
*N5374  0.921549539     
GRID*   5375            0               -0.29136736     -0.164270986    *N5375  
*N5375  0.922360873     
GRID*   5376            0               -0.29136736     -0.166157285    *N5376  
*N5376  0.914432834     
GRID*   5377            0               -0.29136736     -0.163378642    *N5377  
*N5377  0.915093188     
GRID*   5378            0               -0.29136736     -0.170036668    *N5378  
*N5378  0.916721165     
GRID*   5379            0               -0.29136736     -0.168836107    *N5379  
*N5379  0.913465263     
GRID*   5380            0               -0.29136736     -0.171311009    *N5380  
*N5380  0.920121869     
GRID*   5381            0               -0.29136736     -0.143075222    *N5381  
*N5381  0.886686419     
GRID*   5382            0               -0.29136736     -0.144464795    *N5382  
*N5382  0.891620177     
GRID*   5383            0               -0.29136736     -0.140771111    *N5383  
*N5383  0.889817414     
GRID*   5384            0               -0.29136736     -0.14987486     *N5384  
*N5384  0.886540303     
GRID*   5385            0               -0.29136736     -0.14590362     *N5385  
*N5385  0.883936342     
GRID*   5386            0               -0.29136736     -0.150741764    *N5386  
*N5386  0.891094319     
GRID*   5387            0               -0.29136736     -0.153731185    *N5387  
*N5387  0.889029349     
GRID*   5388            0               -0.29136736     -0.148013678    *N5388  
*N5388  0.893349161     
GRID*   5389            0               -0.279526026    -0.16679869     *N5389  
*N5389  0.897733673     
GRID*   5390            0               -0.278311472    -0.160675879    *N5390  
*N5390  0.893400436     
GRID*   5391            0               -0.277678356    -0.154757413    *N5391  
*N5391  0.896930117     
GRID*   5392            0               -0.282567744    -0.155933289    *N5392  
*N5392  0.904667099     
GRID*   5393            0               -0.273767733    -0.155933347    *N5393  
*N5393  0.904667156     
GRID*   5394            0               -0.273769766    -0.165268321    *N5394  
*N5394  0.904665488     
GRID*   5395            0               -0.282573237    -0.165270142    *N5395  
*N5395  0.904663665     
GRID*   5396            0               -0.274710433    -0.163489873    *N5396  
*N5396  0.894066314     
GRID*   5397            0               -0.282934197    -0.163454829    *N5397  
*N5397  0.894049374     
GRID*   5398            0               -0.273705526    -0.157928199    *N5398  
*N5398  0.893964979     
GRID*   5399            0               -0.281748477    -0.157545017    *N5399  
*N5399  0.894149609     
GRID*   5400            0               -0.286967552    -0.154502448    *N5400  
*N5400  0.902525837     
GRID*   5401            0               -0.280367552    -0.158074416    *N5401  
*N5401  0.906097657     
GRID*   5402            0               -0.285867456    -0.156819494    *N5402  
*N5402  0.90540997      
GRID*   5403            0               -0.269367546    -0.158074453    *N5403  
*N5403  0.906097673     
GRID*   5404            0               -0.275723044    -0.154074935    *N5404  
*N5404  0.900991728     
GRID*   5405            0               -0.271322858    -0.15419215     *N5405  
*N5405  0.898419031     
GRID*   5406            0               -0.270345202    -0.154756802    *N5406  
*N5406  0.903068719     
GRID*   5407            0               -0.269368563    -0.166697988    *N5407  
*N5407  0.902524785     
GRID*   5408            0               -0.275968563    -0.163126636    *N5408  
*N5408  0.906097222     
GRID*   5409            0               -0.270467961    -0.164380891    *N5409  
*N5409  0.905409701     
GRID*   5410            0               -0.286970298    -0.163127826    *N5410  
*N5410  0.906096728     
GRID*   5411            0               -0.281049632    -0.167045082    *N5411  
*N5411  0.901421591     
GRID*   5412            0               -0.285446693    -0.167098898    *N5412  
*N5412  0.898849208     
GRID*   5413            0               -0.286208496    -0.166326285    *N5413  
*N5413  0.903281715     
GRID*   5414            0               -0.269838897    -0.162082847    *N5414  
*N5414  0.893568735     
GRID*   5415            0               -0.27711823     -0.165500294    *N5415  
*N5415  0.895578787     
GRID*   5416            0               -0.272246693    -0.167098898    *N5416  
*N5416  0.898849208     
GRID*   5417            0               -0.271042795    -0.165385176    *N5417  
*N5417  0.895454443     
GRID*   5418            0               -0.281230112    -0.165487235    *N5418  
*N5418  0.895564357     
GRID*   5419            0               -0.287150778    -0.162063876    *N5419  
*N5419  0.893564391     
GRID*   5420            0               -0.286298736    -0.165378469    *N5420  
*N5420  0.895447393     
GRID*   5421            0               -0.275691941    -0.156092039    *N5421  
*N5421  0.895179389     
GRID*   5422            0               -0.269336443    -0.159234559    *N5422  
*N5422  0.893542789     
GRID*   5423            0               -0.27032965     -0.156011924    *N5423  
*N5423  0.895255576     
GRID*   5424            0               -0.286557918    -0.159027197    *N5424  
*N5424  0.893590141     
GRID*   5425            0               -0.279713416    -0.155939046    *N5425  
*N5425  0.895327152     
GRID*   5426            0               -0.284522858    -0.15419215     *N5426  
*N5426  0.898419031     
GRID*   5427            0               -0.285540388    -0.15593607     *N5427  
*N5427  0.895330123     
GRID*   5428            0               -0.278171502    -0.165269232    *N5428  
*N5428  0.904664576     
GRID*   5429            0               -0.281469431    -0.163127231    *N5429  
*N5429  0.906096975     
GRID*   5430            0               -0.275209097    -0.166895745    *N5430  
*N5430  0.901980805     
GRID*   5431            0               -0.278167739    -0.155933318    *N5431  
*N5431  0.904667127     
GRID*   5432            0               -0.274867549    -0.158074435    *N5432  
*N5432  0.906097665     
GRID*   5433            0               -0.281345298    -0.15424225     *N5433  
*N5433  0.901771725     
GRID*   5434            0               -0.276008499    -0.159271701    *N5434  
*N5434  0.893535047     
GRID*   5435            0               -0.280029975    -0.15906407     *N5435  
*N5435  0.893581206     
GRID*   5436            0               -0.277860958    -0.157474188    *N5436  
*N5436  0.894187144     
GRID*   5437            0               -0.276510953    -0.162119793    *N5437  
*N5437  0.893577366     
GRID*   5438            0               -0.280622835    -0.162100847    *N5438  
*N5438  0.893572912     
GRID*   5439            0               -0.278870532    -0.163954033    *N5439  
*N5439  0.894315771     
GRID*   5440            0               -0.272923698    -0.160679088    *N5440  
*N5440  0.893400474     
GRID*   5441            0               -0.283590376    -0.160563005    *N5441  
*N5441  0.893400104     
GRID*   5442            0               -0.289167456    -0.154126831    *N5442  
*N5442  0.901287663     
GRID*   5443            0               -0.286417504    -0.155454753    *N5443  
*N5443  0.904133574     
GRID*   5444            0               -0.288617408    -0.156359985    *N5444  
*N5444  0.905057892     
GRID*   5445            0               -0.288892432    -0.154921379    *N5445  
*N5445  0.90336352      
GRID*   5446            0               -0.284767648    -0.155112415    *N5446  
*N5446  0.903666934     
GRID*   5447            0               -0.281467648    -0.156933407    *N5447  
*N5447  0.905487814     
GRID*   5448            0               -0.283117504    -0.157428262    *N5448  
*N5448  0.905787925     
GRID*   5449            0               -0.283942576    -0.156142353    *N5449  
*N5449  0.904867174     
GRID*   5450            0               -0.279267456    -0.159312471    *N5450  
*N5450  0.906473196     
GRID*   5451            0               -0.285317408    -0.158618309    *N5451  
*N5451  0.906295467     
GRID*   5452            0               -0.282292432    -0.15895831     *N5452  
*N5452  0.906392562     
GRID*   5453            0               -0.288342384    -0.158340055    *N5453  
*N5453  0.90620102      
GRID*   5454            0               -0.267167453    -0.159312491    *N5454  
*N5454  0.9064732       
GRID*   5455            0               -0.269856374    -0.156149987    *N5455  
*N5455  0.904874155     
GRID*   5456            0               -0.267656281    -0.15528454     *N5456  
*N5456  0.903912274     
GRID*   5457            0               -0.267411867    -0.157066812    *N5457  
*N5457  0.905574638     
GRID*   5458            0               -0.27156764     -0.156933458    *N5458  
*N5458  0.905487847     
GRID*   5459            0               -0.274745389    -0.154710108    *N5459  
*N5459  0.902978115     
GRID*   5460            0               -0.273034123    -0.154329278    *N5460  
*N5460  0.902058651     
GRID*   5461            0               -0.272300882    -0.155343846    *N5461  
*N5461  0.903991597     
GRID*   5462            0               -0.2767007      -0.154091246    *N5462  
*N5462  0.898906325     
GRID*   5463            0               -0.274500607    -0.154429707    *N5463  
*N5463  0.897657461     
GRID*   5464            0               -0.27083403     -0.154048134    *N5464  
*N5464  0.900795649     
GRID*   5465            0               -0.273767365    -0.154001718    *N5465  
*N5465  0.899849436     
GRID*   5466            0               -0.268145109    -0.154048214    *N5466  
*N5466  0.899203698     
GRID*   5467            0               -0.267900695    -0.154216384    *N5467  
*N5467  0.90167614      
GRID*   5468            0               -0.271017661    -0.162581915    *N5468  
*N5468  0.906295396     
GRID*   5469            0               -0.273218262    -0.163772443    *N5469  
*N5469  0.905787539     
GRID*   5470            0               -0.277067961    -0.161888087    *N5470  
*N5470  0.906473085     
GRID*   5471            0               -0.274042811    -0.162242076    *N5471  
*N5471  0.906392463     
GRID*   5472            0               -0.267717661    -0.164840194    *N5472  
*N5472  0.905057742     
GRID*   5473            0               -0.26799251     -0.162860052    *N5473  
*N5473  0.906200981     
GRID*   5474            0               -0.267167961    -0.167073281    *N5474  
*N5474  0.901287105     
GRID*   5475            0               -0.269918262    -0.16574575     *N5475  
*N5475  0.904132947     
GRID*   5476            0               -0.267442811    -0.166278826    *N5476  
*N5476  0.903363174     
GRID*   5477            0               -0.271569165    -0.166088534    *N5477  
*N5477  0.903665514     
GRID*   5478            0               -0.274869165    -0.164268013    *N5478  
*N5478  0.905486865     
GRID*   5479            0               -0.272393714    -0.165058574    *N5479  
*N5479  0.904866325     
GRID*   5480            0               -0.289168829    -0.161888719    *N5480  
*N5480  0.906472959     
GRID*   5481            0               -0.286589397    -0.164960466    *N5481  
*N5481  0.904954426     
GRID*   5482            0               -0.288787928    -0.165842546    *N5482  
*N5482  0.904009453     
GRID*   5483            0               -0.288978378    -0.164079838    *N5483  
*N5483  0.905608095     
GRID*   5484            0               -0.284771768    -0.164269619    *N5484  
*N5484  0.90548579      
GRID*   5485            0               -0.281811434    -0.166389198    *N5485  
*N5485  0.903169414     
GRID*   5486            0               -0.283629064    -0.166756343    *N5486  
*N5486  0.902378958     
GRID*   5487            0               -0.284200416    -0.165752716    *N5487  
*N5487  0.904124259     
GRID*   5488            0               -0.280287829    -0.167185319    *N5488  
*N5488  0.899560032     
GRID*   5489            0               -0.28248636     -0.166973248    *N5489  
*N5489  0.89828486      
GRID*   5490            0               -0.285827594    -0.167101966    *N5490  
*N5490  0.901133332     
GRID*   5491            0               -0.283057712    -0.167190757    *N5491  
*N5491  0.900349178     
GRID*   5492            0               -0.288407026    -0.167174676    *N5492  
*N5492  0.899422388     
GRID*   5493            0               -0.288597477    -0.166938137    *N5493  
*N5493  0.901840659     
GRID*   5494            0               -0.267403128    -0.161346208    *N5494  
*N5494  0.89344232      
GRID*   5495            0               -0.270440846    -0.163872767    *N5495  
*N5495  0.894268596     
GRID*   5496            0               -0.268005077    -0.16532643     *N5496  
*N5496  0.89539339      
GRID*   5497            0               -0.267704103    -0.163505015    *N5497  
*N5497  0.894073712     
GRID*   5498            0               -0.272274665    -0.16280047     *N5498  
*N5498  0.893777626     
GRID*   5499            0               -0.275914332    -0.164567817    *N5499  
*N5499  0.894725872     
GRID*   5500            0               -0.274080512    -0.165443134    *N5500  
*N5500  0.895516246     
GRID*   5501            0               -0.273177589    -0.164227504    *N5501  
*N5501  0.894486271     
GRID*   5502            0               -0.278322128    -0.166253118    *N5502  
*N5502  0.896593792     
GRID*   5503            0               -0.27588636     -0.166973248    *N5503  
*N5503  0.89828486      
GRID*   5504            0               -0.271644744    -0.166491833    *N5504  
*N5504  0.897025726     
GRID*   5505            0               -0.274983436    -0.166376514    *N5505  
*N5505  0.896807527     
GRID*   5506            0               -0.268607026    -0.167174676    *N5506  
*N5506  0.899422388     
GRID*   5507            0               -0.268306052    -0.166598913    *N5507  
*N5507  0.897248083     
GRID*   5508            0               -0.288833048    -0.165323033    *N5508  
*N5508  0.895389907     
GRID*   5509            0               -0.286724757    -0.163860083    *N5509  
*N5509  0.894261372     
GRID*   5510            0               -0.289259069    -0.161336539    *N5510  
*N5510  0.893441226     
GRID*   5511            0               -0.289046058    -0.16349846     *N5511  
*N5511  0.894070503     
GRID*   5512            0               -0.285872714    -0.166489638    *N5512  
*N5512  0.897021383     
GRID*   5513            0               -0.288620037    -0.166597898    *N5513  
*N5513  0.897245873     
GRID*   5514            0               -0.280378069    -0.16624809     *N5514  
*N5514  0.89658546      
GRID*   5515            0               -0.283764424    -0.165433206    *N5515  
*N5515  0.895505546     
GRID*   5516            0               -0.283125392    -0.16637298     *N5516  
*N5516  0.896801141     
GRID*   5517            0               -0.282082154    -0.16454445     *N5517  
*N5517  0.894708373     
GRID*   5518            0               -0.285042488    -0.162772926    *N5518  
*N5518  0.893767954     
GRID*   5519            0               -0.284403456    -0.164209193    *N5519  
*N5519  0.894474267     
GRID*   5520            0               -0.267648505    -0.155972347    *N5520  
*N5520  0.895294171     
GRID*   5521            0               -0.269833047    -0.1575025      *N5521  
*N5521  0.894172007     
GRID*   5522            0               -0.267151901    -0.159913556    *N5522  
*N5522  0.893435794     
GRID*   5523            0               -0.267400203    -0.157785165    *N5523  
*N5523  0.894030351     
GRID*   5524            0               -0.270826254    -0.154879033    *N5524  
*N5524  0.896709021     
GRID*   5525            0               -0.267896807    -0.154678339    *N5525  
*N5525  0.897085565     
GRID*   5526            0               -0.276685148    -0.155351217    *N5526  
*N5526  0.895998715     
GRID*   5527            0               -0.273010796    -0.156051822    *N5527  
*N5527  0.895217315     
GRID*   5528            0               -0.273755701    -0.155103639    *N5528  
*N5528  0.896346233     
GRID*   5529            0               -0.274698733    -0.156959129    *N5529  
*N5529  0.894495088     
GRID*   5530            0               -0.271520984    -0.158570372    *N5530  
*N5530  0.893719824     
GRID*   5531            0               -0.27226589     -0.157226944    *N5531  
*N5531  0.894327038     
GRID*   5532            0               -0.288962639    -0.159807873    *N5532  
*N5532  0.893447708     
GRID*   5533            0               -0.286049153    -0.157362548    *N5533  
*N5533  0.894248574     
GRID*   5534            0               -0.288453874    -0.155934582    *N5534  
*N5534  0.895331609     
GRID*   5535            0               -0.288708256    -0.157713225    *N5535  
*N5535  0.894064806     
GRID*   5536            0               -0.284153198    -0.15826926     *N5536  
*N5536  0.893825241     
GRID*   5537            0               -0.280730947    -0.156697363    *N5537  
*N5537  0.894677461     
GRID*   5538            0               -0.282626902    -0.155937557    *N5538  
*N5538  0.895328637     
GRID*   5539            0               -0.28339005     -0.157023521    *N5539  
*N5539  0.894453037     
GRID*   5540            0               -0.278695886    -0.155287424    *N5540  
*N5540  0.896083811     
GRID*   5541            0               -0.281100607    -0.154429707    *N5541  
*N5541  0.897657461     
GRID*   5542            0               -0.285031623    -0.154852704    *N5542  
*N5542  0.896755222     
GRID*   5543            0               -0.281863754    -0.155059883    *N5543  
*N5543  0.896412925     
GRID*   5544            0               -0.287945109    -0.154048214    *N5544  
*N5544  0.899203698     
GRID*   5545            0               -0.288199491    -0.154666646    *N5545  
*N5545  0.897109444     
GRID*   5546            0               -0.283118395    -0.161888403    *N5546  
*N5546  0.906473022     
GRID*   5547            0               -0.284219864    -0.163127529    *N5547  
*N5547  0.906096851     
GRID*   5548            0               -0.286143612    -0.161888561    *N5548  
*N5548  0.906472991     
GRID*   5549            0               -0.278718997    -0.163126934    *N5549  
*N5549  0.906097098     
GRID*   5550            0               -0.280093178    -0.161888245    *N5550  
*N5550  0.906473054     
GRID*   5551            0               -0.275970634    -0.165268776    *N5551  
*N5551  0.904665032     
GRID*   5552            0               -0.279820466    -0.164268816    *N5552  
*N5552  0.905486327     
GRID*   5553            0               -0.277344815    -0.164268414    *N5553  
*N5553  0.905486596     
GRID*   5554            0               -0.280372369    -0.165269687    *N5554  
*N5554  0.904664121     
GRID*   5555            0               -0.282296117    -0.164269218    *N5555  
*N5555  0.905486059     
GRID*   5556            0               -0.273727895    -0.167186156    *N5556  
*N5556  0.900427257     
GRID*   5557            0               -0.27228883     -0.166802833    *N5557  
*N5557  0.902254964     
GRID*   5558            0               -0.270447928    -0.167143856    *N5558  
*N5558  0.900859037     
GRID*   5559            0               -0.278129364    -0.166976547    *N5559  
*N5559  0.901702836     
GRID*   5560            0               -0.277007862    -0.167199997    *N5560  
*N5560  0.899993631     
GRID*   5561            0               -0.2766903      -0.166244319    *N5561  
*N5561  0.903420769     
GRID*   5562            0               -0.279250867    -0.16631814     *N5562  
*N5562  0.903295888     
GRID*   5563            0               -0.274129732    -0.166167772    *N5563  
*N5563  0.903543998     
GRID*   5564            0               -0.273217454    -0.159312481    *N5564  
*N5564  0.906473198     
GRID*   5565            0               -0.272117548    -0.158074444    *N5565  
*N5565  0.906097669     
GRID*   5566            0               -0.270192454    -0.159312486    *N5566  
*N5566  0.906473199     
GRID*   5567            0               -0.277617551    -0.158074425    *N5567  
*N5567  0.906097661     
GRID*   5568            0               -0.276242455    -0.159312476    *N5568  
*N5568  0.906473197     
GRID*   5569            0               -0.280367742    -0.155933303    *N5569  
*N5569  0.904667113     
GRID*   5570            0               -0.276517644    -0.156933433    *N5570  
*N5570  0.905487831     
GRID*   5571            0               -0.278992646    -0.15693342     *N5571  
*N5571  0.905487822     
GRID*   5572            0               -0.275967736    -0.155933332    *N5572  
*N5572  0.904667142     
GRID*   5573            0               -0.274042642    -0.156933445    *N5573  
*N5573  0.905487839     
GRID*   5574            0               -0.282934078    -0.154000737    *N5574  
*N5574  0.900098612     
GRID*   5575            0               -0.284156425    -0.154360944    *N5575  
*N5575  0.902152716     
GRID*   5576            0               -0.286050767    -0.154036801    *N5576  
*N5576  0.900695999     
GRID*   5577            0               -0.278534171    -0.154146797    *N5577  
*N5577  0.901384257     
GRID*   5578            0               -0.279817389    -0.154018935    *N5578  
*N5578  0.899500415     
GRID*   5579            0               -0.279756518    -0.154900845    *N5579  
*N5579  0.903328608     
GRID*   5580            0               -0.277250954    -0.154802827    *N5580  
*N5580  0.903154803     
GRID*   5581            0               -0.282262083    -0.155004072    *N5581  
*N5581  0.903499371     
GRID*   5582            0               -0.277159986    -0.159970183    *N5582  
*N5582  0.893430119     
GRID*   5583            0               -0.276934728    -0.158349204    *N5583  
*N5583  0.893795653     
GRID*   5584            0               -0.278945466    -0.158249522    *N5584  
*N5584  0.893832727     
GRID*   5585            0               -0.279170723    -0.159864401    *N5585  
*N5585  0.893441121     
GRID*   5586            0               -0.278052726    -0.159096317    *N5586  
*N5586  0.893573575     
GRID*   5587            0               -0.274857012    -0.158588431    *N5587  
*N5587  0.893714016     
GRID*   5588            0               -0.276776449    -0.156751005    *N5588  
*N5588  0.894638541     
GRID*   5589            0               -0.275816731    -0.15763348     *N5589  
*N5589  0.894104259     
GRID*   5590            0               -0.278787187    -0.156665113    *N5590  
*N5590  0.894701258     
GRID*   5591            0               -0.277736168    -0.155962566    *N5591  
*N5591  0.89530381      
GRID*   5592            0               -0.280889226    -0.158287017    *N5592  
*N5592  0.893818567     
GRID*   5593            0               -0.279838206    -0.157445043    *N5593  
*N5593  0.894202911     
GRID*   5594            0               -0.277994381    -0.164775198    *N5594  
*N5594  0.894888472     
GRID*   5595            0               -0.280050322    -0.164767657    *N5595  
*N5595  0.894882321     
GRID*   5596            0               -0.279186225    -0.165584395    *N5596  
*N5596  0.895673823     
GRID*   5597            0               -0.275610693    -0.162818345    *N5597  
*N5597  0.893783977     
GRID*   5598            0               -0.277690743    -0.163064722    *N5598  
*N5598  0.893877489     
GRID*   5599            0               -0.276802537    -0.163844122    *N5599  
*N5599  0.894252333     
GRID*   5600            0               -0.277411213    -0.161402725    *N5600  
*N5600  0.893448998     
GRID*   5601            0               -0.279467153    -0.161393066    *N5601  
*N5601  0.893447821     
GRID*   5602            0               -0.279746683    -0.163055692    *N5602  
*N5602  0.893873861     
GRID*   5603            0               -0.278578948    -0.162243       *N5603  
*N5603  0.893607774     
GRID*   5604            0               -0.281778516    -0.162790829    *N5604  
*N5604  0.893774226     
GRID*   5605            0               -0.280914419    -0.163827159    *N5605  
*N5605  0.894242792     
GRID*   5606            0               -0.27113007     -0.159952899    *N5606  
*N5606  0.893431799     
GRID*   5607            0               -0.271381297    -0.161385486    *N5607  
*N5607  0.893446908     
GRID*   5608            0               -0.269266599    -0.160649832    *N5608  
*N5608  0.893400188     
GRID*   5609            0               -0.274466098    -0.159971781    *N5609  
*N5609  0.893429966     
GRID*   5610            0               -0.272993541    -0.159263197    *N5610  
*N5610  0.8935368       
GRID*   5611            0               -0.274717325    -0.161404318    *N5611  
*N5611  0.893449193     
GRID*   5612            0               -0.275938656    -0.16068777     *N5612  
*N5612  0.893400584     
GRID*   5613            0               -0.273495995    -0.162111342    *N5613  
*N5613  0.893575372     
GRID*   5614            0               -0.285370577    -0.161318154    *N5614  
*N5614  0.893439188     
GRID*   5615            0               -0.285074147    -0.159789512    *N5615  
*N5615  0.893449953     
GRID*   5616            0               -0.287166608    -0.160562769    *N5616  
*N5616  0.893400105     
GRID*   5617            0               -0.282106606    -0.161337009    *N5617  
*N5617  0.893441279     
GRID*   5618            0               -0.283574547    -0.162064107    *N5618  
*N5618  0.893564443     
GRID*   5619            0               -0.281810176    -0.159808342    *N5619  
*N5619  0.893447651     
GRID*   5620            0               -0.280638665    -0.160600709    *N5620  
*N5620  0.8934          
GRID*   5621            0               -0.282981687    -0.159027427    *N5621  
*N5621  0.893590085     
CQUAD9  6004    1       477     478     484     483     504     505     +E6004  
+E6004  506     507     508     
CQUAD9  6006    1       478     23      22      484     509     42      +E6006  
+E6006  510     505     511     
CQUAD9  6008    1       484     22      21      482     510     41      +E6008  
+E6008  512     513     514     
CQUAD9  6010    1       483     484     482     60      506     513     +E6010  
+E6010  515     516     517     
CQUAD9  6012    1       476     485     487     481     518     519     +E6012  
+E6012  520     521     522     
CQUAD9  6014    1       485     64      486     487     523     524     +E6014  
+E6014  525     519     526     
CQUAD9  6016    1       487     486     29      28      525     527     +E6016  
+E6016  48      528     529     
CQUAD9  6018    1       481     487     28      27      520     528     +E6018  
+E6018  47      530     531     
CQUAD9  6020    1       25      479     489     488     532     533     +E6020  
+E6020  534     535     536     
CQUAD9  6022    1       479     477     483     489     537     507     +E6022  
+E6022  538     533     539     
CQUAD9  6024    1       489     483     60      61      538     516     +E6024  
+E6024  76      540     541     
CQUAD9  6026    1       488     489     61      62      534     540     +E6026  
+E6026  77      542     543     
CQUAD9  6028    1       25      488     490     480     535     544     +E6028  
+E6028  545     546     547     
CQUAD9  6030    1       488     62      63      490     542     78      +E6030  
+E6030  548     544     549     
CQUAD9  6032    1       490     63      64      485     548     79      +E6032  
+E6032  523     550     551     
CQUAD9  6034    1       480     490     485     476     545     550     +E6034  
+E6034  518     552     553     
CQUAD9  6036    1       17      491     493     18      554     555     +E6036  
+E6036  556     37      557     
CQUAD9  6038    1       491     56      57      493     558     72      +E6038  
+E6038  559     555     560     
CQUAD9  6040    1       493     57      58      492     559     73      +E6040  
+E6040  561     562     563     
CQUAD9  6042    1       18      493     492     19      556     562     +E6042  
+E6042  564     38      565     
CQUAD9  6044    1       19      492     494     20      564     566     +E6044  
+E6044  567     39      568     
CQUAD9  6046    1       492     58      59      494     561     74      +E6046  
+E6046  569     566     570     
CQUAD9  6048    1       494     59      60      482     569     75      +E6048  
+E6048  515     571     572     
CQUAD9  6050    1       20      494     482     21      567     571     +E6050  
+E6050  512     40      573     
CQUAD9  6052    1       31      30      496     495     50      574     +E6052  
+E6052  575     576     577     
CQUAD9  6054    1       30      29      486     496     49      527     +E6054  
+E6054  578     574     579     
CQUAD9  6056    1       496     486     64      65      578     524     +E6056  
+E6056  80      580     581     
CQUAD9  6058    1       495     496     65      66      575     580     +E6058  
+E6058  81      582     583     
CQUAD9  6060    1       33      32      498     497     52      584     +E6060  
+E6060  585     586     587     
CQUAD9  6062    1       32      31      495     498     51      576     +E6062  
+E6062  588     584     589     
CQUAD9  6064    1       498     495     66      67      588     582     +E6064  
+E6064  82      590     591     
CQUAD9  6066    1       497     498     67      68      585     590     +E6066  
+E6066  83      592     593     
CQUAD9  6068    1       56      491     500     55      558     594     +E6068  
+E6068  595     71      596     
CQUAD9  6070    1       491     17      16      500     554     36      +E6070  
+E6070  597     594     598     
CQUAD9  6072    1       500     16      2       499     597     35      +E6072  
+E6072  599     600     601     
CQUAD9  6074    1       55      500     499     3       595     600     +E6074  
+E6074  602     70      603     
CQUAD9  6076    1       2       34      501     499     54      604     +E6076  
+E6076  605     599     606     
CQUAD9  6078    1       34      33      497     501     53      586     +E6078  
+E6078  607     604     608     
CQUAD9  6080    1       501     497     68      69      607     592     +E6080  
+E6080  84      609     610     
CQUAD9  6082    1       499     501     69      3       605     609     +E6082  
+E6082  85      602     611     
CQUAD9  6084    1       23      478     502     24      509     612     +E6084  
+E6084  613     43      614     
CQUAD9  6086    1       478     477     479     502     504     537     +E6086  
+E6086  615     612     616     
CQUAD9  6088    1       24      502     479     25      613     615     +E6088  
+E6088  532     44      617     
CQUAD9  6090    1       25      480     503     26      546     618     +E6090  
+E6090  619     45      620     
CQUAD9  6092    1       480     476     481     503     552     521     +E6092  
+E6092  621     618     622     
CQUAD9  6094    1       26      503     481     27      619     621     +E6094  
+E6094  530     46      623     
CQUAD9  6096    2       19      664     666     18      729     730     +E6096  
+E6096  731     38      732     
CQUAD9  6098    2       664     626     665     666     733     734     +E6098  
+E6098  735     730     736     
CQUAD9  6100    2       666     665     7       650     735     737     +E6100  
+E6100  738     739     740     
CQUAD9  6102    2       18      666     650     17      731     739     +E6102  
+E6102  741     37      742     
CQUAD9  6104    2       132     131     668     667     151     743     +E6104  
+E6104  744     745     746     
CQUAD9  6106    2       131     130     655     668     150     747     +E6106  
+E6106  748     743     749     
CQUAD9  6108    2       668     655     7       665     748     750     +E6108  
+E6108  737     751     752     
CQUAD9  6110    2       667     668     665     626     744     751     +E6110  
+E6110  734     753     754     
CQUAD9  6112    2       140     139     672     671     159     755     +E6112  
+E6112  756     757     758     
CQUAD9  6114    2       139     138     669     672     158     759     +E6114  
+E6114  760     755     761     
CQUAD9  6116    2       672     669     625     670     760     762     +E6116  
+E6116  763     764     765     
CQUAD9  6118    2       671     672     670     628     756     764     +E6118  
+E6118  766     767     768     
CQUAD9  6120    2       27      673     675     26      769     770     +E6120  
+E6120  771     46      772     
CQUAD9  6122    2       673     628     670     675     773     766     +E6122  
+E6122  774     770     775     
CQUAD9  6124    2       675     670     625     674     774     763     +E6124  
+E6124  776     777     778     
CQUAD9  6126    2       26      675     674     25      771     777     +E6126  
+E6126  779     45      780     
CQUAD9  6128    2       21      676     678     20      781     782     +E6128  
+E6128  783     40      784     
CQUAD9  6130    2       676     627     677     678     785     786     +E6130  
+E6130  787     782     788     
CQUAD9  6132    2       678     677     626     664     787     789     +E6132  
+E6132  733     790     791     
CQUAD9  6134    2       20      678     664     19      783     790     +E6134  
+E6134  729     39      792     
CQUAD9  6136    2       134     133     680     679     153     793     +E6136  
+E6136  794     795     796     
CQUAD9  6138    2       133     132     667     680     152     745     +E6138  
+E6138  797     793     798     
CQUAD9  6140    2       680     667     626     677     797     753     +E6140  
+E6140  789     799     800     
CQUAD9  6142    2       679     680     677     627     794     799     +E6142  
+E6142  786     801     802     
CQUAD9  6144    2       29      681     683     28      803     804     +E6144  
+E6144  805     48      806     
CQUAD9  6146    2       681     629     682     683     807     808     +E6146  
+E6146  809     804     810     
CQUAD9  6148    2       683     682     628     673     809     811     +E6148  
+E6148  773     812     813     
CQUAD9  6150    2       28      683     673     27      805     812     +E6150  
+E6150  769     47      814     
CQUAD9  6152    2       142     141     685     684     161     815     +E6152  
+E6152  816     817     818     
CQUAD9  6154    2       141     140     671     685     160     757     +E6154  
+E6154  819     815     820     
CQUAD9  6156    2       685     671     628     682     819     767     +E6156  
+E6156  811     821     822     
CQUAD9  6158    2       684     685     682     629     816     821     +E6158  
+E6158  808     823     824     
CQUAD9  6160    2       25      674     688     24      779     825     +E6160  
+E6160  826     44      827     
CQUAD9  6162    2       674     625     686     688     776     828     +E6162  
+E6162  829     825     830     
CQUAD9  6164    2       688     686     624     687     829     831     +E6164  
+E6164  832     833     834     
CQUAD9  6166    2       24      688     687     23      826     833     +E6166  
+E6166  835     43      836     
CQUAD9  6168    2       138     137     690     669     157     837     +E6168  
+E6168  838     759     839     
CQUAD9  6170    2       137     136     689     690     156     840     +E6170  
+E6170  841     837     842     
CQUAD9  6172    2       690     689     624     686     841     843     +E6172  
+E6172  831     844     845     
CQUAD9  6174    2       669     690     686     625     838     844     +E6174  
+E6174  828     762     846     
CQUAD9  6176    2       136     135     692     689     155     847     +E6176  
+E6176  848     840     849     
CQUAD9  6178    2       135     134     679     692     154     795     +E6178  
+E6178  850     847     851     
CQUAD9  6180    2       692     679     627     691     850     801     +E6180  
+E6180  852     853     854     
CQUAD9  6182    2       689     692     691     624     848     853     +E6182  
+E6182  855     843     856     
CQUAD9  6184    2       23      687     693     22      835     857     +E6184  
+E6184  858     42      859     
CQUAD9  6186    2       687     624     691     693     832     855     +E6186  
+E6186  860     857     861     
CQUAD9  6188    2       693     691     627     676     860     852     +E6188  
+E6188  785     862     863     
CQUAD9  6190    2       22      693     676     21      858     862     +E6190  
+E6190  781     41      864     
CQUAD9  6192    2       29      694     696     681     865     866     +E6192  
+E6192  867     803     868     
CQUAD9  6194    2       694     631     695     696     869     870     +E6194  
+E6194  871     866     872     
CQUAD9  6196    2       696     695     142     684     871     873     +E6196  
+E6196  817     874     875     
CQUAD9  6198    2       681     696     684     629     867     874     +E6198  
+E6198  823     807     876     
CQUAD9  6200    2       142     695     699     143     873     877     +E6200  
+E6200  878     162     879     
CQUAD9  6202    2       695     631     697     699     870     880     +E6202  
+E6202  881     877     882     
CQUAD9  6204    2       699     697     630     698     881     883     +E6204  
+E6204  884     885     886     
CQUAD9  6206    2       143     699     698     144     878     885     +E6206  
+E6206  887     163     888     
CQUAD9  6208    2       29      30      701     694     49      889     +E6208  
+E6208  890     865     891     
CQUAD9  6210    2       30      31      700     701     50      892     +E6210  
+E6210  893     889     894     
CQUAD9  6212    2       701     700     630     697     893     895     +E6212  
+E6212  883     896     897     
CQUAD9  6214    2       694     701     697     631     890     896     +E6214  
+E6214  880     869     898     
CQUAD9  6216    2       31      32      703     700     51      899     +E6216  
+E6216  900     892     901     
CQUAD9  6218    2       32      33      663     703     52      902     +E6218  
+E6218  903     899     904     
CQUAD9  6220    2       703     663     96      702     903     905     +E6220  
+E6220  906     907     908     
CQUAD9  6222    2       700     703     702     630     900     907     +E6222  
+E6222  909     895     910     
CQUAD9  6224    2       144     698     704     145     887     911     +E6224  
+E6224  912     164     913     
CQUAD9  6226    2       698     630     702     704     884     909     +E6226  
+E6226  914     911     915     
CQUAD9  6228    2       704     702     96      659     914     906     +E6228  
+E6228  916     917     918     
CQUAD9  6230    2       145     704     659     146     912     917     +E6230  
+E6230  919     165     920     
CQUAD9  6232    2       6       636     705     110     921     922     +E6232  
+E6232  923     114     924     
CQUAD9  6234    2       636     632     637     705     925     926     +E6234  
+E6234  927     922     928     
CQUAD9  6236    2       110     705     637     109     923     927     +E6236  
+E6236  929     113     930     
CQUAD9  6238    2       632     636     706     638     925     931     +E6238  
+E6238  932     933     934     
CQUAD9  6240    2       636     6       99      706     921     107     +E6240  
+E6240  935     931     936     
CQUAD9  6242    2       638     706     99      98      932     935     +E6242  
+E6242  106     937     938     
CQUAD9  6244    2       6       639     707     115     939     940     +E6244  
+E6244  941     118     942     
CQUAD9  6246    2       639     633     640     707     943     944     +E6246  
+E6246  945     940     946     
CQUAD9  6248    2       115     707     640     116     941     945     +E6248  
+E6248  947     119     948     
CQUAD9  6250    2       633     639     708     641     943     949     +E6250  
+E6250  950     951     952     
CQUAD9  6252    2       639     6       110     708     939     114     +E6252  
+E6252  953     949     954     
CQUAD9  6254    2       641     708     110     109     950     953     +E6254  
+E6254  113     955     956     
CQUAD9  6256    2       634     642     709     643     957     958     +E6256  
+E6256  959     960     961     
CQUAD9  6258    2       642     4       122     709     962     125     +E6258  
+E6258  963     958     964     
CQUAD9  6260    2       643     709     122     123     959     963     +E6260  
+E6260  126     965     966     
CQUAD9  6262    2       4       642     710     86      962     967     +E6262  
+E6262  968     89      969     
CQUAD9  6264    2       642     634     644     710     957     970     +E6264  
+E6264  971     967     972     
CQUAD9  6266    2       86      710     644     87      968     971     +E6266  
+E6266  973     90      974     
CQUAD9  6268    2       4       645     711     93      975     976     +E6268  
+E6268  977     100     978     
CQUAD9  6270    2       645     635     646     711     979     980     +E6270  
+E6270  981     976     982     
CQUAD9  6272    2       93      711     646     94      977     981     +E6272  
+E6272  983     101     984     
CQUAD9  6274    2       635     645     712     647     979     985     +E6274  
+E6274  986     987     988     
CQUAD9  6276    2       645     4       86      712     975     89      +E6276  
+E6276  989     985     990     
CQUAD9  6278    2       647     712     86      87      986     989     +E6278  
+E6278  90      991     992     
CQUAD9  6280    2       17      648     713     649     993     994     +E6280  
+E6280  995     996     997     
CQUAD9  6282    2       648     116     640     713     998     947     +E6282  
+E6282  999     994     1000    
CQUAD9  6284    2       649     713     640     633     995     999     +E6284  
+E6284  944     1001    1002    
CQUAD9  6286    2       116     648     714     117     998     1003    +E6286  
+E6286  1004    120     1005    
CQUAD9  6288    2       648     17      650     714     993     741     +E6288  
+E6288  1006    1003    1007    
CQUAD9  6290    2       117     714     650     7       1004    1006    +E6290  
+E6290  738     121     1008    
CQUAD9  6292    2       633     651     715     649     1009    1010    +E6292  
+E6292  1011    1001    1012    
CQUAD9  6294    2       651     2       16      715     1013    35      +E6294  
+E6294  1014    1010    1015    
CQUAD9  6296    2       649     715     16      17      1011    1014    +E6296  
+E6296  36      996     1016    
CQUAD9  6298    2       2       651     716     108     1013    1017    +E6298  
+E6298  1018    111     1019    
CQUAD9  6300    2       651     633     641     716     1009    951     +E6300  
+E6300  1020    1017    1021    
CQUAD9  6302    2       108     716     641     109     1018    1020    +E6302  
+E6302  955     112     1022    
CQUAD9  6304    2       5       652     717     129     1023    1024    +E6304  
+E6304  1025    148     1026    
CQUAD9  6306    2       652     634     653     717     1027    1028    +E6306  
+E6306  1029    1024    1030    
CQUAD9  6308    2       129     717     653     130     1025    1029    +E6308  
+E6308  1031    149     1032    
CQUAD9  6310    2       634     652     718     644     1027    1033    +E6310  
+E6310  1034    970     1035    
CQUAD9  6312    2       652     5       88      718     1023    92      +E6312  
+E6312  1036    1033    1037    
CQUAD9  6314    2       644     718     88      87      1034    1036    +E6314  
+E6314  91      973     1038    
CQUAD9  6316    2       123     654     719     643     1039    1040    +E6316  
+E6316  1041    965     1042    
CQUAD9  6318    2       654     130     653     719     1043    1031    +E6318  
+E6318  1044    1040    1045    
CQUAD9  6320    2       643     719     653     634     1041    1044    +E6320  
+E6320  1028    960     1046    
CQUAD9  6322    2       130     654     720     655     1043    1047    +E6322  
+E6322  1048    747     1049    
CQUAD9  6324    2       654     123     124     720     1039    127     +E6324  
+E6324  1050    1047    1051    
CQUAD9  6326    2       655     720     124     7       1048    1050    +E6326  
+E6326  128     750     1052    
CQUAD9  6328    2       635     656     721     657     1053    1054    +E6328  
+E6328  1055    1056    1057    
CQUAD9  6330    2       656     5       147     721     1058    167     +E6330  
+E6330  1059    1054    1060    
CQUAD9  6332    2       657     721     147     146     1055    1059    +E6332  
+E6332  166     1061    1062    
CQUAD9  6334    2       5       656     722     88      1058    1063    +E6334  
+E6334  1064    92      1065    
CQUAD9  6336    2       656     635     647     722     1053    987     +E6336  
+E6336  1066    1063    1067    
CQUAD9  6338    2       88      722     647     87      1064    1066    +E6338  
+E6338  991     91      1068    
CQUAD9  6340    2       146     658     723     657     1069    1070    +E6340  
+E6340  1071    1061    1072    
CQUAD9  6342    2       658     94      646     723     1073    983     +E6342  
+E6342  1074    1070    1075    
CQUAD9  6344    2       657     723     646     635     1071    1074    +E6344  
+E6344  980     1056    1076    
CQUAD9  6346    2       94      658     724     95      1073    1077    +E6346  
+E6346  1078    102     1079    
CQUAD9  6348    2       658     146     659     724     1069    919     +E6348  
+E6348  1080    1077    1081    
CQUAD9  6350    2       95      724     659     96      1078    1080    +E6350  
+E6350  916     103     1082    
CQUAD9  6352    2       2       660     725     34      1083    1084    +E6352  
+E6352  1085    54      1086    
CQUAD9  6354    2       660     632     661     725     1087    1088    +E6354  
+E6354  1089    1084    1090    
CQUAD9  6356    2       34      725     661     33      1085    1089    +E6356  
+E6356  1091    53      1092    
CQUAD9  6358    2       632     660     726     637     1087    1093    +E6358  
+E6358  1094    926     1095    
CQUAD9  6360    2       660     2       108     726     1083    111     +E6360  
+E6360  1096    1093    1097    
CQUAD9  6362    2       637     726     108     109     1094    1096    +E6362  
+E6362  112     929     1098    
CQUAD9  6364    2       98      662     727     638     1099    1100    +E6364  
+E6364  1101    937     1102    
CQUAD9  6366    2       662     33      661     727     1103    1091    +E6366  
+E6366  1104    1100    1105    
CQUAD9  6368    2       638     727     661     632     1101    1104    +E6368  
+E6368  1088    933     1106    
CQUAD9  6370    2       33      662     728     663     1103    1107    +E6370  
+E6370  1108    902     1109    
CQUAD9  6372    2       662     98      97      728     1099    105     +E6372  
+E6372  1110    1107    1111    
CQUAD9  6374    2       663     728     97      96      1108    1110    +E6374  
+E6374  104     905     1112    
CQUAD9  6376    3       175     1119    1121    174     1168    1169    +E6376  
+E6376  1170    186     1171    
CQUAD9  6378    3       1119    200     1120    1121    1172    1173    +E6378  
+E6378  1174    1169    1175    
CQUAD9  6380    3       1121    1120    171     172     1174    1176    +E6380  
+E6380  183     1177    1178    
CQUAD9  6382    3       174     1121    172     173     1170    1177    +E6382  
+E6382  184     185     1179    
CQUAD9  6384    3       175     174     1124    1123    186     1180    +E6384  
+E6384  1181    1182    1183    
CQUAD9  6386    3       174     173     172     1124    185     184     +E6386  
+E6386  1184    1180    1185    
CQUAD9  6388    3       1124    172     171     1122    1184    183     +E6388  
+E6388  1186    1187    1188    
CQUAD9  6390    3       1123    1124    1122    58      1181    1187    +E6390  
+E6390  1189    1190    1191    
CQUAD9  6392    3       1114    1125    1129    1128    1192    1193    +E6392  
+E6392  1194    1195    1196    
CQUAD9  6394    3       1125    1115    1126    1129    1197    1198    +E6394  
+E6394  1199    1193    1200    
CQUAD9  6396    3       1129    1126    62      1127    1199    1201    +E6396  
+E6396  1202    1203    1204    
CQUAD9  6398    3       1128    1129    1127    9       1194    1203    +E6398  
+E6398  1205    1206    1207    
CQUAD9  6400    3       206     1130    1132    205     1208    1209    +E6400  
+E6400  1210    221     1211    
CQUAD9  6402    3       1130    1114    1128    1132    1212    1195    +E6402  
+E6402  1213    1209    1214    
CQUAD9  6404    3       1132    1128    9       1131    1213    1206    +E6404  
+E6404  1215    1216    1217    
CQUAD9  6406    3       205     1132    1131    204     1210    1216    +E6406  
+E6406  1218    220     1219    
CQUAD9  6408    3       206     207     1136    1135    222     1220    +E6408  
+E6408  1221    1222    1223    
CQUAD9  6410    3       207     208     1133    1136    223     1224    +E6410  
+E6410  1225    1220    1226    
CQUAD9  6412    3       1136    1133    1116    1134    1225    1227    +E6412  
+E6412  1228    1229    1230    
CQUAD9  6414    3       1135    1136    1134    1113    1221    1229    +E6414  
+E6414  1231    1232    1233    
CQUAD9  6416    3       64      1137    1139    65      1234    1235    +E6416  
+E6416  1236    80      1237    
CQUAD9  6418    3       1137    1113    1134    1139    1238    1231    +E6418  
+E6418  1239    1235    1240    
CQUAD9  6420    3       1139    1134    1116    1138    1239    1228    +E6420  
+E6420  1241    1242    1243    
CQUAD9  6422    3       65      1139    1138    66      1236    1242    +E6422  
+E6422  1244    81      1245    
CQUAD9  6424    3       68      67      1142    1141    83      1246    +E6424  
+E6424  1247    1248    1249    
CQUAD9  6426    3       67      66      1138    1142    82      1244    +E6426  
+E6426  1250    1246    1251    
CQUAD9  6428    3       1142    1138    1116    1140    1250    1241    +E6428  
+E6428  1252    1253    1254    
CQUAD9  6430    3       1141    1142    1140    1117    1247    1253    +E6430  
+E6430  1255    1256    1257    
CQUAD9  6432    3       210     1143    1144    209     1258    1259    +E6432  
+E6432  1260    225     1261    
CQUAD9  6434    3       1143    1117    1140    1144    1262    1255    +E6434  
+E6434  1263    1259    1264    
CQUAD9  6436    3       1144    1140    1116    1133    1263    1252    +E6436  
+E6436  1227    1265    1266    
CQUAD9  6438    3       209     1144    1133    208     1260    1265    +E6438  
+E6438  1224    224     1267    
CQUAD9  6440    3       210     211     1148    1147    226     1268    +E6440  
+E6440  1269    1270    1271    
CQUAD9  6442    3       211     10      1145    1148    227     1272    +E6442  
+E6442  1273    1268    1274    
CQUAD9  6444    3       1148    1145    8       1146    1273    1275    +E6444  
+E6444  1276    1277    1278    
CQUAD9  6446    3       1147    1148    1146    1118    1269    1277    +E6446  
+E6446  1279    1280    1281    
CQUAD9  6448    3       210     1147    1150    1143    1270    1282    +E6448  
+E6448  1283    1258    1284    
CQUAD9  6450    3       1147    1118    1149    1150    1280    1285    +E6450  
+E6450  1286    1282    1287    
CQUAD9  6452    3       1150    1149    68      1141    1286    1288    +E6452  
+E6452  1248    1289    1290    
CQUAD9  6454    3       1143    1150    1141    1117    1283    1289    +E6454  
+E6454  1256    1262    1291    
CQUAD9  6456    3       62      1126    1152    63      1201    1292    +E6456  
+E6456  1293    78      1294    
CQUAD9  6458    3       1126    1115    1151    1152    1198    1295    +E6458  
+E6458  1296    1292    1297    
CQUAD9  6460    3       1152    1151    1113    1137    1296    1298    +E6460  
+E6460  1238    1299    1300    
CQUAD9  6462    3       63      1152    1137    64      1293    1299    +E6462  
+E6462  1234    79      1301    
CQUAD9  6464    3       206     1135    1153    1130    1222    1302    +E6464  
+E6464  1303    1208    1304    
CQUAD9  6466    3       1135    1113    1151    1153    1232    1298    +E6466  
+E6466  1305    1302    1306    
CQUAD9  6468    3       1153    1151    1115    1125    1305    1295    +E6468  
+E6468  1197    1307    1308    
CQUAD9  6470    3       1130    1153    1125    1114    1303    1307    +E6470  
+E6470  1192    1212    1309    
CQUAD9  6472    3       68      1149    1155    69      1288    1310    +E6472  
+E6472  1311    84      1312    
CQUAD9  6474    3       1149    1118    1146    1155    1285    1279    +E6474  
+E6474  1313    1310    1314    
CQUAD9  6476    3       1155    1146    8       1154    1313    1276    +E6476  
+E6476  1315    1316    1317    
CQUAD9  6478    3       69      1155    1154    3       1311    1316    +E6478  
+E6478  1318    85      1319    
CQUAD9  6480    3       58      57      1157    1123    73      1320    +E6480  
+E6480  1321    1190    1322    
CQUAD9  6482    3       57      56      1156    1157    72      1323    +E6482  
+E6482  1324    1320    1325    
CQUAD9  6484    3       1157    1156    177     176     1324    1326    +E6484  
+E6484  188     1327    1328    
CQUAD9  6486    3       1123    1157    176     175     1321    1327    +E6486  
+E6486  187     1182    1329    
CQUAD9  6488    3       200     1119    1159    199     1172    1330    +E6488  
+E6488  1331    215     1332    
CQUAD9  6490    3       1119    175     176     1159    1168    187     +E6490  
+E6490  1333    1330    1334    
CQUAD9  6492    3       1159    176     177     1158    1333    188     +E6492  
+E6492  1335    1336    1337    
CQUAD9  6494    3       199     1159    1158    198     1331    1336    +E6494  
+E6494  1338    214     1339    
CQUAD9  6496    3       200     201     1161    1120    216     1340    +E6496  
+E6496  1341    1173    1342    
CQUAD9  6498    3       201     202     1160    1161    217     1343    +E6498  
+E6498  1344    1340    1345    
CQUAD9  6500    3       1161    1160    169     170     1344    1346    +E6500  
+E6500  181     1347    1348    
CQUAD9  6502    3       1120    1161    170     171     1341    1347    +E6502  
+E6502  182     1176    1349    
CQUAD9  6504    3       58      1122    1163    59      1189    1350    +E6504  
+E6504  1351    74      1352    
CQUAD9  6506    3       1122    171     170     1163    1186    182     +E6506  
+E6506  1353    1350    1354    
CQUAD9  6508    3       1163    170     169     1162    1353    181     +E6508  
+E6508  1355    1356    1357    
CQUAD9  6510    3       59      1163    1162    60      1351    1356    +E6510  
+E6510  1358    75      1359    
CQUAD9  6512    3       9       168     1164    1131    179     1360    +E6512  
+E6512  1361    1215    1362    
CQUAD9  6514    3       168     169     1160    1164    180     1346    +E6514  
+E6514  1363    1360    1364    
CQUAD9  6516    3       1164    1160    202     203     1363    1343    +E6516  
+E6516  218     1365    1366    
CQUAD9  6518    3       1131    1164    203     204     1361    1365    +E6518  
+E6518  219     1218    1367    
CQUAD9  6520    3       9       1127    1165    168     1205    1368    +E6520  
+E6520  1369    179     1370    
CQUAD9  6522    3       1127    62      61      1165    1202    77      +E6522  
+E6522  1371    1368    1372    
CQUAD9  6524    3       1165    61      60      1162    1371    76      +E6524  
+E6524  1358    1373    1374    
CQUAD9  6526    3       168     1165    1162    169     1369    1373    +E6526  
+E6526  1355    180     1375    
CQUAD9  6528    3       8       178     1166    1154    190     1376    +E6528  
+E6528  1377    1315    1378    
CQUAD9  6530    3       178     177     1156    1166    189     1326    +E6530  
+E6530  1379    1376    1380    
CQUAD9  6532    3       1166    1156    56      55      1379    1323    +E6532  
+E6532  71      1381    1382    
CQUAD9  6534    3       1154    1166    55      3       1377    1381    +E6534  
+E6534  70      1318    1383    
CQUAD9  6536    3       8       1145    1167    178     1275    1384    +E6536  
+E6536  1385    190     1386    
CQUAD9  6538    3       1145    10      197     1167    1272    212     +E6538  
+E6538  1387    1384    1388    
CQUAD9  6540    3       1167    197     198     1158    1387    213     +E6540  
+E6540  1338    1389    1390    
CQUAD9  6542    3       178     1167    1158    177     1385    1389    +E6542  
+E6542  1335    189     1391    
CQUAD9  6544    4       340     1562    1564    341     2135    2136    +E6544  
+E6544  2137    352     2138    
CQUAD9  6546    4       1562    1449    1563    1564    2139    2140    +E6546  
+E6546  2141    2136    2142    
CQUAD9  6548    4       1564    1563    277     278     2141    2143    +E6548  
+E6548  329     2144    2145    
CQUAD9  6550    4       341     1564    278     11      2137    2144    +E6550  
+E6550  330     353     2146    
CQUAD9  6552    4       1426    1565    1569    1568    2147    2148    +E6552  
+E6552  2149    2150    2151    
CQUAD9  6554    4       1565    1446    1566    1569    2152    2153    +E6554  
+E6554  2154    2148    2155    
CQUAD9  6556    4       1569    1566    1464    1567    2154    2156    +E6556  
+E6556  2157    2158    2159    
CQUAD9  6558    4       1568    1569    1567    1409    2149    2158    +E6558  
+E6558  2160    2161    2162    
CQUAD9  6560    4       249     1570    1573    250     2163    2164    +E6560  
+E6560  2165    301     2166    
CQUAD9  6562    4       1570    1393    1571    1573    2167    2168    +E6562  
+E6562  2169    2164    2170    
CQUAD9  6564    4       1573    1571    1468    1572    2169    2171    +E6564  
+E6564  2172    2173    2174    
CQUAD9  6566    4       250     1573    1572    251     2165    2173    +E6566  
+E6566  2175    302     2176    
CQUAD9  6568    4       1396    1574    1578    1577    2177    2178    +E6568  
+E6568  2179    2180    2181    
CQUAD9  6570    4       1574    1478    1575    1578    2182    2183    +E6570  
+E6570  2184    2178    2185    
CQUAD9  6572    4       1578    1575    1426    1576    2184    2186    +E6572  
+E6572  2187    2188    2189    
CQUAD9  6574    4       1577    1578    1576    1438    2179    2188    +E6574  
+E6574  2190    2191    2192    
CQUAD9  6576    4       1449    1562    1582    1581    2139    2193    +E6576  
+E6576  2194    2195    2196    
CQUAD9  6578    4       1562    340     1579    1582    2135    2197    +E6578  
+E6578  2198    2193    2199    
CQUAD9  6580    4       1582    1579    1489    1580    2198    2200    +E6580  
+E6580  2201    2202    2203    
CQUAD9  6582    4       1581    1582    1580    1430    2194    2202    +E6582  
+E6582  2204    2205    2206    
CQUAD9  6584    4       259     260     1586    1585    311     2207    +E6584  
+E6584  2208    2209    2210    
CQUAD9  6586    4       260     261     1583    1586    312     2211    +E6586  
+E6586  2212    2207    2213    
CQUAD9  6588    4       1586    1583    1495    1584    2212    2214    +E6588  
+E6588  2215    2216    2217    
CQUAD9  6590    4       1585    1586    1584    1400    2208    2216    +E6590  
+E6590  2218    2219    2220    
CQUAD9  6592    4       1407    1587    1591    1590    2221    2222    +E6592  
+E6592  2223    2224    2225    
CQUAD9  6594    4       1587    1446    1588    1591    2226    2227    +E6594  
+E6594  2228    2222    2229    
CQUAD9  6596    4       1591    1588    1500    1589    2228    2230    +E6596  
+E6596  2231    2232    2233    
CQUAD9  6598    4       1590    1591    1589    1444    2223    2232    +E6598  
+E6598  2234    2235    2236    
CQUAD9  6600    4       1446    1587    1594    1566    2226    2237    +E6600  
+E6600  2238    2153    2239    
CQUAD9  6602    4       1587    1407    1592    1594    2221    2240    +E6602  
+E6602  2241    2237    2242    
CQUAD9  6604    4       1594    1592    1513    1593    2241    2243    +E6604  
+E6604  2244    2245    2246    
CQUAD9  6606    4       1566    1594    1593    1464    2238    2245    +E6606  
+E6606  2247    2156    2248    
CQUAD9  6608    4       1426    1568    1597    1576    2150    2249    +E6608  
+E6608  2250    2187    2251    
CQUAD9  6610    4       1568    1409    1595    1597    2161    2252    +E6610  
+E6610  2253    2249    2254    
CQUAD9  6612    4       1597    1595    1477    1596    2253    2255    +E6612  
+E6612  2256    2257    2258    
CQUAD9  6614    4       1576    1597    1596    1438    2250    2257    +E6614  
+E6614  2259    2190    2260    
CQUAD9  6616    4       263     264     1601    1600    315     2261    +E6616  
+E6616  2262    2263    2264    
CQUAD9  6618    4       264     265     1598    1601    316     2265    +E6618  
+E6618  2266    2261    2267    
CQUAD9  6620    4       1601    1598    1461    1599    2266    2268    +E6620  
+E6620  2269    2270    2271    
CQUAD9  6622    4       1600    1601    1599    1417    2262    2270    +E6622  
+E6622  2272    2273    2274    
CQUAD9  6624    4       1393    1570    1604    1603    2167    2275    +E6624  
+E6624  2276    2277    2278    
CQUAD9  6626    4       1570    249     248     1604    2163    300     +E6626  
+E6626  2279    2275    2280    
CQUAD9  6628    4       1604    248     247     1602    2279    299     +E6628  
+E6628  2281    2282    2283    
CQUAD9  6630    4       1603    1604    1602    1490    2276    2282    +E6630  
+E6630  2284    2285    2286    
CQUAD9  6632    4       247     1605    1608    246     2287    2288    +E6632  
+E6632  2289    298     2290    
CQUAD9  6634    4       1605    1434    1606    1608    2291    2292    +E6634  
+E6634  2293    2288    2294    
CQUAD9  6636    4       1608    1606    1488    1607    2293    2295    +E6636  
+E6636  2296    2297    2298    
CQUAD9  6638    4       246     1608    1607    245     2289    2297    +E6638  
+E6638  2299    297     2300    
CQUAD9  6640    4       243     244     1611    1610    295     2301    +E6640  
+E6640  2302    2303    2304    
CQUAD9  6642    4       244     245     1607    1611    296     2299    +E6642  
+E6642  2305    2301    2306    
CQUAD9  6644    4       1611    1607    1488    1609    2305    2296    +E6644  
+E6644  2307    2308    2309    
CQUAD9  6646    4       1610    1611    1609    1444    2302    2308    +E6646  
+E6646  2310    2311    2312    
CQUAD9  6648    4       1447    1612    1614    1613    2313    2314    +E6648  
+E6648  2315    2316    2317    
CQUAD9  6650    4       1612    1407    1590    1614    2318    2224    +E6650  
+E6650  2319    2314    2320    
CQUAD9  6652    4       1614    1590    1444    1609    2319    2235    +E6652  
+E6652  2310    2321    2322    
CQUAD9  6654    4       1613    1614    1609    1488    2315    2321    +E6654  
+E6654  2307    2323    2324    
CQUAD9  6656    4       1449    1581    1616    1563    2195    2325    +E6656  
+E6656  2326    2140    2327    
CQUAD9  6658    4       1581    1430    1615    1616    2205    2328    +E6658  
+E6658  2329    2325    2330    
CQUAD9  6660    4       1616    1615    275     276     2329    2331    +E6660  
+E6660  327     2332    2333    
CQUAD9  6662    4       1563    1616    276     277     2326    2332    +E6662  
+E6662  328     2143    2334    
CQUAD9  6664    4       1427    1617    1620    1619    2335    2336    +E6664  
+E6664  2337    2338    2339    
CQUAD9  6666    4       1617    1498    1618    1620    2340    2341    +E6666  
+E6666  2342    2336    2343    
CQUAD9  6668    4       1620    1618    275     1615    2342    2344    +E6668  
+E6668  2331    2345    2346    
CQUAD9  6670    4       1619    1620    1615    1430    2337    2345    +E6670  
+E6670  2328    2347    2348    
CQUAD9  6672    4       340     339     1623    1579    351     2349    +E6672  
+E6672  2350    2197    2351    
CQUAD9  6674    4       339     338     1621    1623    350     2352    +E6674  
+E6674  2353    2349    2354    
CQUAD9  6676    4       1623    1621    1476    1622    2353    2355    +E6676  
+E6676  2356    2357    2358    
CQUAD9  6678    4       1579    1623    1622    1489    2350    2357    +E6678  
+E6678  2359    2200    2360    
CQUAD9  6680    4       1476    1624    1625    1622    2361    2362    +E6680  
+E6680  2363    2356    2364    
CQUAD9  6682    4       1624    1427    1619    1625    2365    2338    +E6682  
+E6682  2366    2362    2367    
CQUAD9  6684    4       1625    1619    1430    1580    2366    2347    +E6684  
+E6684  2204    2368    2369    
CQUAD9  6686    4       1622    1625    1580    1489    2363    2368    +E6686  
+E6686  2201    2359    2370    
CQUAD9  6688    4       1425    1626    1630    1629    2371    2372    +E6688  
+E6688  2373    2374    2375    
CQUAD9  6690    4       1626    1432    1627    1630    2376    2377    +E6690  
+E6690  2378    2372    2379    
CQUAD9  6692    4       1630    1627    1479    1628    2378    2380    +E6692  
+E6692  2381    2382    2383    
CQUAD9  6694    4       1629    1630    1628    1496    2373    2382    +E6694  
+E6694  2384    2385    2386    
CQUAD9  6696    4       1444    1589    1632    1610    2234    2387    +E6696  
+E6696  2388    2311    2389    
CQUAD9  6698    4       1589    1500    1631    1632    2231    2390    +E6698  
+E6698  2391    2387    2392    
CQUAD9  6700    4       1632    1631    241     242     2391    2393    +E6700  
+E6700  293     2394    2395    
CQUAD9  6702    4       1610    1632    242     243     2388    2394    +E6702  
+E6702  294     2303    2396    
CQUAD9  6704    4       1398    1633    1637    1636    2397    2398    +E6704  
+E6704  2399    2400    2401    
CQUAD9  6706    4       1633    1428    1634    1637    2402    2403    +E6706  
+E6706  2404    2398    2405    
CQUAD9  6708    4       1637    1634    1465    1635    2404    2406    +E6708  
+E6708  2407    2408    2409    
CQUAD9  6710    4       1636    1637    1635    1493    2399    2408    +E6710  
+E6710  2410    2411    2412    
CQUAD9  6712    4       7       228     1640    117     279     2413    +E6712  
+E6712  2414    121     2415    
CQUAD9  6714    4       228     229     1638    1640    280     2416    +E6714  
+E6714  2417    2413    2418    
CQUAD9  6716    4       1640    1638    1506    1639    2417    2419    +E6716  
+E6716  2420    2421    2422    
CQUAD9  6718    4       117     1640    1639    116     2414    2421    +E6718  
+E6718  2423    120     2424    
CQUAD9  6720    4       255     1641    1644    256     2425    2426    +E6720  
+E6720  2427    307     2428    
CQUAD9  6722    4       1641    1441    1642    1644    2429    2430    +E6722  
+E6722  2431    2426    2432    
CQUAD9  6724    4       1644    1642    1514    1643    2431    2433    +E6724  
+E6724  2434    2435    2436    
CQUAD9  6726    4       256     1644    1643    257     2427    2435    +E6726  
+E6726  2437    308     2438    
CQUAD9  6728    4       1502    1645    1648    1647    2439    2440    +E6728  
+E6728  2441    2442    2443    
CQUAD9  6730    4       1645    1409    1567    1648    2444    2160    +E6730  
+E6730  2445    2440    2446    
CQUAD9  6732    4       1648    1567    1464    1646    2445    2157    +E6732  
+E6732  2447    2448    2449    
CQUAD9  6734    4       1647    1648    1646    1442    2441    2448    +E6734  
+E6734  2450    2451    2452    
CQUAD9  6736    4       1396    1649    1652    1651    2453    2454    +E6736  
+E6736  2455    2456    2457    
CQUAD9  6738    4       1649    1475    1650    1652    2458    2459    +E6738  
+E6738  2460    2454    2461    
CQUAD9  6740    4       1652    1650    235     236     2460    2462    +E6740  
+E6740  287     2463    2464    
CQUAD9  6742    4       1651    1652    236     237     2455    2463    +E6742  
+E6742  288     2465    2466    
CQUAD9  6744    4       1509    1653    1656    1655    2467    2468    +E6744  
+E6744  2469    2470    2471    
CQUAD9  6746    4       1653    1452    1654    1656    2472    2473    +E6746  
+E6746  2474    2468    2475    
CQUAD9  6748    4       1656    1654    1479    1627    2474    2476    +E6748  
+E6748  2380    2477    2478    
CQUAD9  6750    4       1655    1656    1627    1432    2469    2477    +E6750  
+E6750  2377    2479    2480    
CQUAD9  6752    4       1459    1657    1660    1659    2481    2482    +E6752  
+E6752  2483    2484    2485    
CQUAD9  6754    4       1657    273     272     1660    2486    324     +E6754  
+E6754  2487    2482    2488    
CQUAD9  6756    4       1660    272     271     1658    2487    323     +E6756  
+E6756  2489    2490    2491    
CQUAD9  6758    4       1659    1660    1658    1402    2483    2490    +E6758  
+E6758  2492    2493    2494    
CQUAD9  6760    4       1393    1661    1664    1571    2495    2496    +E6760  
+E6760  2497    2168    2498    
CQUAD9  6762    4       1661    1403    1662    1664    2499    2500    +E6762  
+E6762  2501    2496    2502    
CQUAD9  6764    4       1664    1662    1462    1663    2501    2503    +E6764  
+E6764  2504    2505    2506    
CQUAD9  6766    4       1571    1664    1663    1468    2497    2505    +E6766  
+E6766  2507    2171    2508    
CQUAD9  6768    4       1414    1665    1669    1668    2509    2510    +E6768  
+E6768  2511    2512    2513    
CQUAD9  6770    4       1665    1454    1666    1669    2514    2515    +E6770  
+E6770  2516    2510    2517    
CQUAD9  6772    4       1669    1666    1471    1667    2516    2518    +E6772  
+E6772  2519    2520    2521    
CQUAD9  6774    4       1668    1669    1667    1508    2511    2520    +E6774  
+E6774  2522    2523    2524    
CQUAD9  6776    4       1413    1670    1674    1673    2525    2526    +E6776  
+E6776  2527    2528    2529    
CQUAD9  6778    4       1670    1484    1671    1674    2530    2531    +E6778  
+E6778  2532    2526    2533    
CQUAD9  6780    4       1674    1671    1435    1672    2532    2534    +E6780  
+E6780  2535    2536    2537    
CQUAD9  6782    4       1673    1674    1672    1535    2527    2536    +E6782  
+E6782  2538    2539    2540    
CQUAD9  6784    4       1503    1675    1678    1677    2541    2542    +E6784  
+E6784  2543    2544    2545    
CQUAD9  6786    4       1675    1429    1676    1678    2546    2547    +E6786  
+E6786  2548    2542    2549    
CQUAD9  6788    4       1678    1676    1459    1659    2548    2550    +E6788  
+E6788  2484    2551    2552    
CQUAD9  6790    4       1677    1678    1659    1402    2543    2551    +E6790  
+E6790  2493    2553    2554    
CQUAD9  6792    4       1394    1679    1683    1682    2555    2556    +E6792  
+E6792  2557    2558    2559    
CQUAD9  6794    4       1679    1411    1680    1683    2560    2561    +E6794  
+E6794  2562    2556    2563    
CQUAD9  6796    4       1683    1680    1513    1681    2562    2564    +E6796  
+E6796  2565    2566    2567    
CQUAD9  6798    4       1682    1683    1681    1487    2557    2566    +E6798  
+E6798  2568    2569    2570    
CQUAD9  6800    4       1403    1661    1686    1685    2499    2571    +E6800  
+E6800  2572    2573    2574    
CQUAD9  6802    4       1661    1393    1603    1686    2495    2277    +E6802  
+E6802  2575    2571    2576    
CQUAD9  6804    4       1686    1603    1490    1684    2575    2285    +E6804  
+E6804  2577    2578    2579    
CQUAD9  6806    4       1685    1686    1684    1466    2572    2578    +E6806  
+E6806  2580    2581    2582    
CQUAD9  6808    4       1425    1687    1689    1626    2583    2584    +E6808  
+E6808  2585    2371    2586    
CQUAD9  6810    4       1687    1472    1688    1689    2587    2588    +E6810  
+E6810  2589    2584    2590    
CQUAD9  6812    4       1689    1688    1509    1655    2589    2591    +E6812  
+E6812  2470    2592    2593    
CQUAD9  6814    4       1626    1689    1655    1432    2585    2592    +E6814  
+E6814  2479    2376    2594    
CQUAD9  6816    4       249     1690    1692    248     2595    2596    +E6816  
+E6816  2597    300     2598    
CQUAD9  6818    4       1690    1469    1691    1692    2599    2600    +E6818  
+E6818  2601    2596    2602    
CQUAD9  6820    4       1692    1691    1434    1605    2601    2603    +E6820  
+E6820  2291    2604    2605    
CQUAD9  6822    4       248     1692    1605    247     2597    2604    +E6822  
+E6822  2287    299     2606    
CQUAD9  6824    4       1414    1693    1697    1696    2607    2608    +E6824  
+E6824  2609    2610    2611    
CQUAD9  6826    4       1693    1457    1694    1697    2612    2613    +E6826  
+E6826  2614    2608    2615    
CQUAD9  6828    4       1697    1694    1523    1695    2614    2616    +E6828  
+E6828  2617    2618    2619    
CQUAD9  6830    4       1696    1697    1695    1423    2609    2618    +E6830  
+E6830  2620    2621    2622    
CQUAD9  6832    4       239     1698    1700    240     2623    2624    +E6832  
+E6832  2625    291     2626    
CQUAD9  6834    4       1698    1423    1695    1700    2627    2620    +E6834  
+E6834  2628    2624    2629    
CQUAD9  6836    4       1700    1695    1523    1699    2628    2617    +E6836  
+E6836  2630    2631    2632    
CQUAD9  6838    4       240     1700    1699    241     2625    2631    +E6838  
+E6838  2633    292     2634    
CQUAD9  6840    4       1515    1701    1705    1704    2635    2636    +E6840  
+E6840  2637    2638    2639    
CQUAD9  6842    4       1701    1455    1702    1705    2640    2641    +E6842  
+E6842  2642    2636    2643    
CQUAD9  6844    4       1705    1702    1415    1703    2642    2644    +E6844  
+E6844  2645    2646    2647    
CQUAD9  6846    4       1704    1705    1703    1529    2637    2646    +E6846  
+E6846  2648    2649    2650    
CQUAD9  6848    4       1468    1706    1710    1709    2651    2652    +E6848  
+E6848  2653    2654    2655    
CQUAD9  6850    4       1706    1424    1707    1710    2656    2657    +E6850  
+E6850  2658    2652    2659    
CQUAD9  6852    4       1710    1707    1441    1708    2658    2660    +E6852  
+E6852  2661    2662    2663    
CQUAD9  6854    4       1709    1710    1708    1531    2653    2662    +E6854  
+E6854  2664    2665    2666    
CQUAD9  6856    4       251     1572    1712    252     2175    2667    +E6856  
+E6856  2668    303     2669    
CQUAD9  6858    4       1572    1468    1709    1712    2172    2654    +E6858  
+E6858  2670    2667    2671    
CQUAD9  6860    4       1712    1709    1531    1711    2670    2665    +E6860  
+E6860  2672    2673    2674    
CQUAD9  6862    4       252     1712    1711    253     2668    2673    +E6862  
+E6862  2675    304     2676    
CQUAD9  6864    4       1484    1713    1716    1671    2677    2678    +E6864  
+E6864  2679    2531    2680    
CQUAD9  6866    4       1713    1415    1714    1716    2681    2682    +E6866  
+E6866  2683    2678    2684    
CQUAD9  6868    4       1716    1714    1533    1715    2683    2685    +E6868  
+E6868  2686    2687    2688    
CQUAD9  6870    4       1671    1716    1715    1435    2679    2687    +E6870  
+E6870  2689    2534    2690    
CQUAD9  6872    4       1518    1717    1721    1720    2691    2692    +E6872  
+E6872  2693    2694    2695    
CQUAD9  6874    4       1717    1481    1718    1721    2696    2697    +E6874  
+E6874  2698    2692    2699    
CQUAD9  6876    4       1721    1718    1536    1719    2698    2700    +E6876  
+E6876  2701    2702    2703    
CQUAD9  6878    4       1720    1721    1719    1450    2693    2702    +E6878  
+E6878  2704    2705    2706    
CQUAD9  6880    4       255     256     1725    1724    307     2707    +E6880  
+E6880  2708    2709    2710    
CQUAD9  6882    4       256     257     1722    1725    308     2711    +E6882  
+E6882  2712    2707    2713    
CQUAD9  6884    4       1725    1722    1537    1723    2712    2714    +E6884  
+E6884  2715    2716    2717    
CQUAD9  6886    4       1724    1725    1723    1451    2708    2716    +E6886  
+E6886  2718    2719    2720    
CQUAD9  6888    4       269     270     1729    1728    321     2721    +E6888  
+E6888  2722    2723    2724    
CQUAD9  6890    4       270     271     1726    1729    322     2725    +E6890  
+E6890  2726    2721    2727    
CQUAD9  6892    4       1729    1726    1419    1727    2726    2728    +E6892  
+E6892  2729    2730    2731    
CQUAD9  6894    4       1728    1729    1727    1538    2722    2730    +E6894  
+E6894  2732    2733    2734    
CQUAD9  6896    4       253     1711    1730    254     2675    2735    +E6896  
+E6896  2736    305     2737    
CQUAD9  6898    4       1711    1531    1708    1730    2672    2664    +E6898  
+E6898  2738    2735    2739    
CQUAD9  6900    4       1730    1708    1441    1641    2738    2661    +E6900  
+E6900  2429    2740    2741    
CQUAD9  6902    4       254     1730    1641    255     2736    2740    +E6902  
+E6902  2425    306     2742    
CQUAD9  6904    4       98      1731    1734    97      2743    2744    +E6904  
+E6904  2745    105     2746    
CQUAD9  6906    4       1731    1522    1732    1734    2747    2748    +E6906  
+E6906  2749    2744    2750    
CQUAD9  6908    4       1734    1732    1455    1733    2749    2751    +E6908  
+E6908  2752    2753    2754    
CQUAD9  6910    4       97      1734    1733    96      2745    2753    +E6910  
+E6910  2755    104     2756    
CQUAD9  6912    4       1467    1735    1738    1737    2757    2758    +E6912  
+E6912  2759    2760    2761    
CQUAD9  6914    4       1735    1451    1723    1738    2762    2718    +E6914  
+E6914  2763    2758    2764    
CQUAD9  6916    4       1738    1723    1537    1736    2763    2715    +E6916  
+E6916  2765    2766    2767    
CQUAD9  6918    4       1737    1738    1736    1420    2759    2766    +E6918  
+E6918  2768    2769    2770    
CQUAD9  6920    4       1485    1739    1743    1742    2771    2772    +E6920  
+E6920  2773    2774    2775    
CQUAD9  6922    4       1739    1482    1740    1743    2776    2777    +E6922  
+E6922  2778    2772    2779    
CQUAD9  6924    4       1743    1740    1518    1741    2778    2780    +E6924  
+E6924  2781    2782    2783    
CQUAD9  6926    4       1742    1743    1741    1431    2773    2782    +E6926  
+E6926  2784    2785    2786    
CQUAD9  6928    4       1532    1744    1746    1745    2787    2788    +E6928  
+E6928  2789    2790    2791    
CQUAD9  6930    4       1744    1431    1741    1746    2792    2784    +E6930  
+E6930  2793    2788    2794    
CQUAD9  6932    4       1746    1741    1518    1720    2793    2781    +E6932  
+E6932  2694    2795    2796    
CQUAD9  6934    4       1745    1746    1720    1450    2789    2795    +E6934  
+E6934  2705    2797    2798    
CQUAD9  6936    4       263     1600    1748    262     2263    2799    +E6936  
+E6936  2800    314     2801    
CQUAD9  6938    4       1600    1417    1747    1748    2273    2802    +E6938  
+E6938  2803    2799    2804    
CQUAD9  6940    4       1748    1747    1495    1583    2803    2805    +E6940  
+E6940  2214    2806    2807    
CQUAD9  6942    4       262     1748    1583    261     2800    2806    +E6942  
+E6942  2211    313     2808    
CQUAD9  6944    4       241     1699    1751    242     2633    2809    +E6944  
+E6944  2810    293     2811    
CQUAD9  6946    4       1699    1523    1749    1751    2630    2812    +E6946  
+E6946  2813    2809    2814    
CQUAD9  6948    4       1751    1749    1404    1750    2813    2815    +E6948  
+E6948  2816    2817    2818    
CQUAD9  6950    4       242     1751    1750    243     2810    2817    +E6950  
+E6950  2819    294     2820    
CQUAD9  6952    4       1405    1752    1755    1754    2821    2822    +E6952  
+E6952  2823    2824    2825    
CQUAD9  6954    4       1752    1413    1673    1755    2826    2528    +E6954  
+E6954  2827    2822    2828    
CQUAD9  6956    4       1755    1673    1535    1753    2827    2539    +E6956  
+E6956  2829    2830    2831    
CQUAD9  6958    4       1754    1755    1753    1483    2823    2830    +E6958  
+E6958  2832    2833    2834    
CQUAD9  6960    4       1483    1753    1758    1757    2832    2835    +E6960  
+E6960  2836    2837    2838    
CQUAD9  6962    4       1753    1535    1756    1758    2829    2839    +E6962  
+E6962  2840    2835    2841    
CQUAD9  6964    4       1758    1756    1479    1654    2840    2842    +E6964  
+E6964  2476    2843    2844    
CQUAD9  6966    4       1757    1758    1654    1452    2836    2843    +E6966  
+E6966  2473    2845    2846    
CQUAD9  6968    4       245     1759    1761    246     2847    2848    +E6968  
+E6968  2849    297     2850    
CQUAD9  6970    4       1759    1501    1760    1761    2851    2852    +E6970  
+E6970  2853    2848    2854    
CQUAD9  6972    4       1761    1760    1490    1602    2853    2855    +E6972  
+E6972  2284    2856    2857    
CQUAD9  6974    4       246     1761    1602    247     2849    2856    +E6974  
+E6974  2281    298     2858    
CQUAD9  6976    4       231     1762    1764    230     2859    2860    +E6976  
+E6976  2861    282     2862    
CQUAD9  6978    4       1762    1505    1763    1764    2863    2864    +E6978  
+E6978  2865    2860    2866    
CQUAD9  6980    4       1764    1763    1506    1638    2865    2867    +E6980  
+E6980  2419    2868    2869    
CQUAD9  6982    4       230     1764    1638    229     2861    2868    +E6982  
+E6982  2416    281     2870    
CQUAD9  6984    4       1450    1765    1767    1745    2871    2872    +E6984  
+E6984  2873    2797    2874    
CQUAD9  6986    4       1765    1493    1635    1767    2875    2410    +E6986  
+E6986  2876    2872    2877    
CQUAD9  6988    4       1767    1635    1465    1766    2876    2407    +E6988  
+E6988  2878    2879    2880    
CQUAD9  6990    4       1745    1767    1766    1532    2873    2879    +E6990  
+E6990  2881    2790    2882    
CQUAD9  6992    4       1538    1727    1770    1769    2732    2883    +E6992  
+E6992  2884    2885    2886    
CQUAD9  6994    4       1727    1419    1768    1770    2729    2887    +E6994  
+E6994  2888    2883    2889    
CQUAD9  6996    4       1770    1768    1532    1766    2888    2890    +E6996  
+E6996  2881    2891    2892    
CQUAD9  6998    4       1769    1770    1766    1465    2884    2891    +E6998  
+E6998  2878    2893    2894    
CQUAD9  7000    4       1534    1771    1775    1774    2895    2896    +E7000  
+E7000  2897    2898    2899    
CQUAD9  7002    4       1771    1401    1772    1775    2900    2901    +E7002  
+E7002  2902    2896    2903    
CQUAD9  7004    4       1775    1772    1471    1773    2902    2904    +E7004  
+E7004  2905    2906    2907    
CQUAD9  7006    4       1774    1775    1773    1472    2897    2906    +E7006  
+E7006  2908    2909    2910    
CQUAD9  7008    4       1495    1776    1780    1779    2911    2912    +E7008  
+E7008  2913    2914    2915    
CQUAD9  7010    4       1776    1463    1777    1780    2916    2917    +E7010  
+E7010  2918    2912    2919    
CQUAD9  7012    4       1780    1777    1525    1778    2918    2920    +E7012  
+E7012  2921    2922    2923    
CQUAD9  7014    4       1779    1780    1778    1421    2913    2922    +E7014  
+E7014  2924    2925    2926    
CQUAD9  7016    4       1493    1765    1783    1782    2875    2927    +E7016  
+E7016  2928    2929    2930    
CQUAD9  7018    4       1765    1450    1719    1783    2871    2704    +E7018  
+E7018  2931    2927    2932    
CQUAD9  7020    4       1783    1719    1536    1781    2931    2701    +E7020  
+E7020  2933    2934    2935    
CQUAD9  7022    4       1782    1783    1781    1516    2928    2934    +E7022  
+E7022  2936    2937    2938    
CQUAD9  7024    4       1503    1784    1787    1675    2939    2940    +E7024  
+E7024  2941    2541    2942    
CQUAD9  7026    4       1784    1470    1785    1787    2943    2944    +E7026  
+E7026  2945    2940    2946    
CQUAD9  7028    4       1787    1785    1536    1786    2945    2947    +E7028  
+E7028  2948    2949    2950    
CQUAD9  7030    4       1675    1787    1786    1429    2941    2949    +E7030  
+E7030  2951    2546    2952    
CQUAD9  7032    4       1518    1788    1791    1717    2953    2954    +E7032  
+E7032  2955    2691    2956    
CQUAD9  7034    4       1788    1412    1789    1791    2957    2958    +E7034  
+E7034  2959    2954    2960    
CQUAD9  7036    4       1791    1789    1504    1790    2959    2961    +E7036  
+E7036  2962    2963    2964    
CQUAD9  7038    4       1717    1791    1790    1481    2955    2963    +E7038  
+E7038  2965    2696    2966    
CQUAD9  7040    4       1424    1792    1794    1707    2967    2968    +E7040  
+E7040  2969    2657    2970    
CQUAD9  7042    4       1792    1494    1793    1794    2971    2972    +E7042  
+E7042  2973    2968    2974    
CQUAD9  7044    4       1794    1793    1514    1642    2973    2975    +E7044  
+E7044  2433    2976    2977    
CQUAD9  7046    4       1707    1794    1642    1441    2969    2976    +E7046  
+E7046  2430    2660    2978    
CQUAD9  7048    4       1469    1795    1799    1798    2979    2980    +E7048  
+E7048  2981    2982    2983    
CQUAD9  7050    4       1795    1480    1796    1799    2984    2985    +E7050  
+E7050  2986    2980    2987    
CQUAD9  7052    4       1799    1796    1511    1797    2986    2988    +E7052  
+E7052  2989    2990    2991    
CQUAD9  7054    4       1798    1799    1797    1439    2981    2990    +E7054  
+E7054  2992    2993    2994    
CQUAD9  7056    4       1439    1797    1803    1802    2992    2995    +E7056  
+E7056  2996    2997    2998    
CQUAD9  7058    4       1797    1511    1800    1803    2989    2999    +E7058  
+E7058  3000    2995    3001    
CQUAD9  7060    4       1803    1800    1445    1801    3000    3002    +E7060  
+E7060  3003    3004    3005    
CQUAD9  7062    4       1802    1803    1801    1512    2996    3004    +E7062  
+E7062  3006    3007    3008    
CQUAD9  7064    4       1462    1804    1807    1806    3009    3010    +E7064  
+E7064  3011    3012    3013    
CQUAD9  7066    4       1804    1445    1800    1807    3014    3002    +E7066  
+E7066  3015    3010    3016    
CQUAD9  7068    4       1807    1800    1511    1805    3015    2999    +E7068  
+E7068  3017    3018    3019    
CQUAD9  7070    4       1806    1807    1805    1497    3011    3018    +E7070  
+E7070  3020    3021    3022    
CQUAD9  7072    4       1482    1739    1811    1810    2776    3023    +E7072  
+E7072  3024    3025    3026    
CQUAD9  7074    4       1739    1485    1808    1811    2771    3027    +E7074  
+E7074  3028    3023    3029    
CQUAD9  7076    4       1811    1808    273     1809    3028    3030    +E7076  
+E7076  3031    3032    3033    
CQUAD9  7078    4       1810    1811    1809    1406    3024    3032    +E7078  
+E7078  3034    3035    3036    
CQUAD9  7080    4       1498    1812    1813    1618    3037    3038    +E7080  
+E7080  3039    2341    3040    
CQUAD9  7082    4       1812    1406    1809    1813    3041    3034    +E7082  
+E7082  3042    3038    3043    
CQUAD9  7084    4       1813    1809    273     274     3042    3031    +E7084  
+E7084  325     3044    3045    
CQUAD9  7086    4       1618    1813    274     275     3039    3044    +E7086  
+E7086  326     2344    3046    
CQUAD9  7088    4       1485    1814    1815    1808    3047    3048    +E7088  
+E7088  3049    3027    3050    
CQUAD9  7090    4       1814    1419    1726    1815    3051    2728    +E7090  
+E7090  3052    3048    3053    
CQUAD9  7092    4       1815    1726    271     272     3052    2725    +E7092  
+E7092  323     3054    3055    
CQUAD9  7094    4       1808    1815    272     273     3049    3054    +E7094  
+E7094  324     3030    3056    
CQUAD9  7096    4       1398    1816    1819    1633    3057    3058    +E7096  
+E7096  3059    2397    3060    
CQUAD9  7098    4       1816    1520    1817    1819    3061    3062    +E7098  
+E7098  3063    3058    3064    
CQUAD9  7100    4       1819    1817    1541    1818    3063    3065    +E7100  
+E7100  3066    3067    3068    
CQUAD9  7102    4       1633    1819    1818    1428    3059    3067    +E7102  
+E7102  3069    2402    3070    
CQUAD9  7104    4       1434    1691    1822    1821    2603    3071    +E7104  
+E7104  3072    3073    3074    
CQUAD9  7106    4       1691    1469    1798    1822    2600    2982    +E7106  
+E7106  3075    3071    3076    
CQUAD9  7108    4       1822    1798    1439    1820    3075    2993    +E7108  
+E7108  3077    3078    3079    
CQUAD9  7110    4       1821    1822    1820    1542    3072    3078    +E7110  
+E7110  3080    3081    3082    
CQUAD9  7112    4       1463    1823    1826    1777    3083    3084    +E7112  
+E7112  3085    2917    3086    
CQUAD9  7114    4       1823    1521    1824    1826    3087    3088    +E7114  
+E7114  3089    3084    3090    
CQUAD9  7116    4       1826    1824    1491    1825    3089    3091    +E7116  
+E7116  3092    3093    3094    
CQUAD9  7118    4       1777    1826    1825    1525    3085    3093    +E7118  
+E7118  3095    2920    3096    
CQUAD9  7120    4       1512    1827    1829    1802    3097    3098    +E7120  
+E7120  3099    3007    3100    
CQUAD9  7122    4       1827    1524    1828    1829    3101    3102    +E7122  
+E7122  3103    3098    3104    
CQUAD9  7124    4       1829    1828    1542    1820    3103    3105    +E7124  
+E7124  3080    3106    3107    
CQUAD9  7126    4       1802    1829    1820    1439    3099    3106    +E7126  
+E7126  3077    2997    3108    
CQUAD9  7128    4       1488    1606    1831    1613    2295    3109    +E7128  
+E7128  3110    2323    3111    
CQUAD9  7130    4       1606    1434    1821    1831    2292    3073    +E7130  
+E7130  3112    3109    3113    
CQUAD9  7132    4       1831    1821    1542    1830    3112    3081    +E7132  
+E7132  3114    3115    3116    
CQUAD9  7134    4       1613    1831    1830    1447    3110    3115    +E7134  
+E7134  3117    2316    3118    
CQUAD9  7136    4       1515    1832    1833    1701    3119    3120    +E7136  
+E7136  3121    2635    3122    
CQUAD9  7138    4       1832    94      95      1833    3123    102     +E7138  
+E7138  3124    3120    3125    
CQUAD9  7140    4       1833    95      96      1733    3124    103     +E7140  
+E7140  2755    3126    3127    
CQUAD9  7142    4       1701    1833    1733    1455    3121    3126    +E7142  
+E7142  2752    2640    3128    
CQUAD9  7144    4       1453    1834    1837    1836    3129    3130    +E7144  
+E7144  3131    3132    3133    
CQUAD9  7146    4       1834    253     254     1837    3134    305     +E7146  
+E7146  3135    3130    3136    
CQUAD9  7148    4       1837    254     255     1835    3135    306     +E7148  
+E7148  3137    3138    3139    
CQUAD9  7150    4       1836    1837    1835    1540    3131    3138    +E7150  
+E7150  3140    3141    3142    
CQUAD9  7152    4       1422    1838    1841    1840    3143    3144    +E7152  
+E7152  3145    3146    3147    
CQUAD9  7154    4       1838    1530    1839    1841    3148    3149    +E7154  
+E7154  3150    3144    3151    
CQUAD9  7156    4       1841    1839    1525    1825    3150    3152    +E7156  
+E7156  3095    3153    3154    
CQUAD9  7158    4       1840    1841    1825    1491    3145    3153    +E7158  
+E7158  3092    3155    3156    
CQUAD9  7160    4       237     1842    1844    238     3157    3158    +E7160  
+E7160  3159    289     3160    
CQUAD9  7162    4       1842    1526    1843    1844    3161    3162    +E7162  
+E7162  3163    3158    3164    
CQUAD9  7164    4       1844    1843    1423    1698    3163    3165    +E7164  
+E7164  2627    3166    3167    
CQUAD9  7166    4       238     1844    1698    239     3159    3166    +E7166  
+E7166  2623    290     3168    
CQUAD9  7168    4       1414    1696    1846    1665    2610    3169    +E7168  
+E7168  3170    2509    3171    
CQUAD9  7170    4       1696    1423    1843    1846    2621    3165    +E7170  
+E7170  3172    3169    3173    
CQUAD9  7172    4       1846    1843    1526    1845    3172    3162    +E7172  
+E7172  3174    3175    3176    
CQUAD9  7174    4       1665    1846    1845    1454    3170    3175    +E7174  
+E7174  3177    2514    3178    
CQUAD9  7176    4       235     1847    1849    236     3179    3180    +E7176  
+E7176  3181    287     3182    
CQUAD9  7178    4       1847    1510    1848    1849    3183    3184    +E7178  
+E7178  3185    3180    3186    
CQUAD9  7180    4       1849    1848    1526    1842    3185    3187    +E7180  
+E7180  3161    3188    3189    
CQUAD9  7182    4       236     1849    1842    237     3181    3188    +E7182  
+E7182  3157    288     3190    
CQUAD9  7184    4       1454    1845    1852    1851    3177    3191    +E7184  
+E7184  3192    3193    3194    
CQUAD9  7186    4       1845    1526    1848    1852    3174    3187    +E7186  
+E7186  3195    3191    3196    
CQUAD9  7188    4       1852    1848    1510    1850    3195    3184    +E7188  
+E7188  3197    3198    3199    
CQUAD9  7190    4       1851    1852    1850    1399    3192    3198    +E7190  
+E7190  3200    3201    3202    
CQUAD9  7192    4       6       1853    1855    99      3203    3204    +E7192  
+E7192  3205    107     3206    
CQUAD9  7194    4       1853    1440    1854    1855    3207    3208    +E7194  
+E7194  3209    3204    3210    
CQUAD9  7196    4       1855    1854    1522    1731    3209    3211    +E7196  
+E7196  2747    3212    3213    
CQUAD9  7198    4       99      1855    1731    98      3205    3212    +E7198  
+E7198  2743    106     3214    
CQUAD9  7200    4       235     1650    1859    1858    2462    3215    +E7200  
+E7200  3216    3217    3218    
CQUAD9  7202    4       1650    1475    1856    1859    2459    3219    +E7202  
+E7202  3220    3215    3221    
CQUAD9  7204    4       1859    1856    1425    1857    3220    3222    +E7204  
+E7204  3223    3224    3225    
CQUAD9  7206    4       1858    1859    1857    1473    3216    3224    +E7206  
+E7206  3226    3227    3228    
CQUAD9  7208    4       265     266     1862    1598    317     3229    +E7208  
+E7208  3230    2265    3231    
CQUAD9  7210    4       266     267     1860    1862    318     3232    +E7210  
+E7210  3233    3229    3234    
CQUAD9  7212    4       1862    1860    1543    1861    3233    3235    +E7212  
+E7212  3236    3237    3238    
CQUAD9  7214    4       1598    1862    1861    1461    3230    3237    +E7214  
+E7214  3239    2268    3240    
CQUAD9  7216    4       1428    1818    1865    1864    3069    3241    +E7216  
+E7216  3242    3243    3244    
CQUAD9  7218    4       1818    1541    1863    1865    3066    3245    +E7218  
+E7218  3246    3241    3247    
CQUAD9  7220    4       1865    1863    1461    1861    3246    3248    +E7220  
+E7220  3239    3249    3250    
CQUAD9  7222    4       1864    1865    1861    1543    3242    3249    +E7222  
+E7222  3236    3251    3252    
CQUAD9  7224    4       1468    1663    1868    1706    2507    3253    +E7224  
+E7224  3254    2651    3255    
CQUAD9  7226    4       1663    1462    1866    1868    2504    3256    +E7226  
+E7226  3257    3253    3258    
CQUAD9  7228    4       1868    1866    1519    1867    3257    3259    +E7228  
+E7228  3260    3261    3262    
CQUAD9  7230    4       1706    1868    1867    1424    3254    3261    +E7230  
+E7230  3263    2656    3264    
CQUAD9  7232    4       1490    1869    1872    1684    3265    3266    +E7232  
+E7232  3267    2577    3268    
CQUAD9  7234    4       1869    1418    1870    1872    3269    3270    +E7234  
+E7234  3271    3266    3272    
CQUAD9  7236    4       1872    1870    1545    1871    3271    3273    +E7236  
+E7236  3274    3275    3276    
CQUAD9  7238    4       1684    1872    1871    1466    3267    3275    +E7238  
+E7238  3277    2580    3278    
CQUAD9  7240    4       1513    1873    1876    1681    3279    3280    +E7240  
+E7240  3281    2565    3282    
CQUAD9  7242    4       1873    1547    1874    1876    3283    3284    +E7242  
+E7242  3285    3280    3286    
CQUAD9  7244    4       1876    1874    1524    1875    3285    3287    +E7244  
+E7244  3288    3289    3290    
CQUAD9  7246    4       1681    1876    1875    1487    3281    3289    +E7246  
+E7246  3291    2568    3292    
CQUAD9  7248    4       275     274     1879    1878    326     3293    +E7248  
+E7248  3294    3295    3296    
CQUAD9  7250    4       274     273     1657    1879    325     2486    +E7250  
+E7250  3297    3293    3298    
CQUAD9  7252    4       1879    1657    1459    1877    3297    2481    +E7252  
+E7252  3299    3300    3301    
CQUAD9  7254    4       1878    1879    1877    1546    3294    3300    +E7254  
+E7254  3302    3303    3304    
CQUAD9  7256    4       1447    1830    1881    1880    3117    3305    +E7256  
+E7256  3306    3307    3308    
CQUAD9  7258    4       1830    1542    1828    1881    3114    3105    +E7258  
+E7258  3309    3305    3310    
CQUAD9  7260    4       1881    1828    1524    1874    3309    3102    +E7260  
+E7260  3287    3311    3312    
CQUAD9  7262    4       1880    1881    1874    1547    3306    3311    +E7262  
+E7262  3284    3313    3314    
CQUAD9  7264    4       1467    1737    1885    1884    2760    3315    +E7264  
+E7264  3316    3317    3318    
CQUAD9  7266    4       1737    1420    1882    1885    2769    3319    +E7266  
+E7266  3320    3315    3321    
CQUAD9  7268    4       1885    1882    1550    1883    3320    3322    +E7268  
+E7268  3323    3324    3325    
CQUAD9  7270    4       1884    1885    1883    1539    3316    3324    +E7270  
+E7270  3326    3327    3328    
CQUAD9  7272    4       1420    1886    1889    1882    3329    3330    +E7272  
+E7272  3331    3319    3332    
CQUAD9  7274    4       1886    1486    1887    1889    3333    3334    +E7274  
+E7274  3335    3330    3336    
CQUAD9  7276    4       1889    1887    1530    1888    3335    3337    +E7276  
+E7276  3338    3339    3340    
CQUAD9  7278    4       1882    1889    1888    1550    3331    3339    +E7278  
+E7278  3341    3322    3342    
CQUAD9  7280    4       1484    1670    1892    1891    2530    3343    +E7280  
+E7280  3344    3345    3346    
CQUAD9  7282    4       1670    1413    1752    1892    2525    2826    +E7282  
+E7282  3347    3343    3348    
CQUAD9  7284    4       1892    1752    1405    1890    3347    2821    +E7284  
+E7284  3349    3350    3351    
CQUAD9  7286    4       1891    1892    1890    1517    3344    3350    +E7286  
+E7286  3352    3353    3354    
CQUAD9  7288    4       259     258     1895    1894    310     3355    +E7288  
+E7288  3356    3357    3358    
CQUAD9  7290    4       258     257     1643    1895    309     2437    +E7290  
+E7290  3359    3355    3360    
CQUAD9  7292    4       1895    1643    1514    1893    3359    2434    +E7292  
+E7292  3361    3362    3363    
CQUAD9  7294    4       1894    1895    1893    1553    3356    3362    +E7294  
+E7294  3364    3365    3366    
CQUAD9  7296    4       1427    1624    1899    1898    2365    3367    +E7296  
+E7296  3368    3369    3370    
CQUAD9  7298    4       1624    1476    1896    1899    2361    3371    +E7298  
+E7298  3372    3367    3373    
CQUAD9  7300    4       1899    1896    1544    1897    3372    3374    +E7300  
+E7300  3375    3376    3377    
CQUAD9  7302    4       1898    1899    1897    1554    3368    3376    +E7302  
+E7302  3378    3379    3380    
CQUAD9  7304    4       94      1832    1902    93      3123    3381    +E7304  
+E7304  3382    101     3383    
CQUAD9  7306    4       1832    1515    1900    1902    3119    3384    +E7306  
+E7306  3385    3381    3386    
CQUAD9  7308    4       1902    1900    1527    1901    3385    3387    +E7308  
+E7308  3388    3389    3390    
CQUAD9  7310    4       93      1902    1901    4       3382    3389    +E7310  
+E7310  3391    100     3392    
CQUAD9  7312    4       1392    1903    1906    1905    3393    3394    +E7312  
+E7312  3395    3396    3397    
CQUAD9  7314    4       1903    1437    1904    1906    3398    3399    +E7314  
+E7314  3400    3394    3401    
CQUAD9  7316    4       1906    1904    1553    1893    3400    3402    +E7316  
+E7316  3364    3403    3404    
CQUAD9  7318    4       1905    1906    1893    1514    3395    3403    +E7318  
+E7318  3361    3405    3406    
CQUAD9  7320    4       1498    1617    1909    1908    2340    3407    +E7320  
+E7320  3408    3409    3410    
CQUAD9  7322    4       1617    1427    1898    1909    2335    3369    +E7322  
+E7322  3411    3407    3412    
CQUAD9  7324    4       1909    1898    1554    1907    3411    3379    +E7324  
+E7324  3413    3414    3415    
CQUAD9  7326    4       1908    1909    1907    1460    3408    3414    +E7326  
+E7326  3416    3417    3418    
CQUAD9  7328    4       332     1910    1913    333     3419    3420    +E7328  
+E7328  3421    344     3422    
CQUAD9  7330    4       1910    1549    1911    1913    3423    3424    +E7330  
+E7330  3425    3420    3426    
CQUAD9  7332    4       1913    1911    1551    1912    3425    3427    +E7332  
+E7332  3428    3429    3430    
CQUAD9  7334    4       333     1913    1912    334     3421    3429    +E7334  
+E7334  3431    345     3432    
CQUAD9  7336    4       1415    1713    1915    1703    2681    3433    +E7336  
+E7336  3434    2645    3435    
CQUAD9  7338    4       1713    1484    1891    1915    2677    3345    +E7338  
+E7338  3436    3433    3437    
CQUAD9  7340    4       1915    1891    1517    1914    3436    3353    +E7340  
+E7340  3438    3439    3440    
CQUAD9  7342    4       1703    1915    1914    1529    3434    3439    +E7342  
+E7342  3441    2648    3442    
CQUAD9  7344    4       1475    1649    1918    1917    2458    3443    +E7344  
+E7344  3444    3445    3446    
CQUAD9  7346    4       1649    1396    1577    1918    2453    2180    +E7346  
+E7346  3447    3443    3448    
CQUAD9  7348    4       1918    1577    1438    1916    3447    2191    +E7348  
+E7348  3449    3450    3451    
CQUAD9  7350    4       1917    1918    1916    1534    3444    3450    +E7350  
+E7350  3452    3453    3454    
CQUAD9  7352    4       1477    1919    1920    1596    3455    3456    +E7352  
+E7352  3457    2256    3458    
CQUAD9  7354    4       1919    1401    1771    1920    3459    2900    +E7354  
+E7354  3460    3456    3461    
CQUAD9  7356    4       1920    1771    1534    1916    3460    2895    +E7356  
+E7356  3452    3462    3463    
CQUAD9  7358    4       1596    1920    1916    1438    3457    3462    +E7358  
+E7358  3449    2259    3464    
CQUAD9  7360    4       1533    1921    1924    1715    3465    3466    +E7360  
+E7360  3467    2686    3468    
CQUAD9  7362    4       1921    1397    1922    1924    3469    3470    +E7362  
+E7362  3471    3466    3472    
CQUAD9  7364    4       1924    1922    1496    1923    3471    3473    +E7364  
+E7364  3474    3475    3476    
CQUAD9  7366    4       1715    1924    1923    1435    3467    3475    +E7366  
+E7366  3477    2689    3478    
CQUAD9  7368    4       1479    1756    1925    1628    2842    3479    +E7368  
+E7368  3480    2381    3481    
CQUAD9  7370    4       1756    1535    1672    1925    2839    2538    +E7370  
+E7370  3482    3479    3483    
CQUAD9  7372    4       1925    1672    1435    1923    3482    2535    +E7372  
+E7372  3477    3484    3485    
CQUAD9  7374    4       1628    1925    1923    1496    3480    3484    +E7374  
+E7374  3474    2384    3486    
CQUAD9  7376    4       1419    1814    1926    1768    3051    3487    +E7376  
+E7376  3488    2887    3489    
CQUAD9  7378    4       1814    1485    1742    1926    3047    2774    +E7378  
+E7378  3490    3487    3491    
CQUAD9  7380    4       1926    1742    1431    1744    3490    2785    +E7380  
+E7380  2792    3492    3493    
CQUAD9  7382    4       1768    1926    1744    1532    3488    3492    +E7382  
+E7382  2787    2890    3494    
CQUAD9  7384    4       239     240     1929    1928    291     3495    +E7384  
+E7384  3496    3497    3498    
CQUAD9  7386    4       240     241     1631    1929    292     2393    +E7386  
+E7386  3499    3495    3500    
CQUAD9  7388    4       1929    1631    1500    1927    3499    2390    +E7388  
+E7388  3501    3502    3503    
CQUAD9  7390    4       1928    1929    1927    1478    3496    3502    +E7390  
+E7390  3504    3505    3506    
CQUAD9  7392    4       1446    1565    1930    1588    2152    3507    +E7392  
+E7392  3508    2227    3509    
CQUAD9  7394    4       1565    1426    1575    1930    2147    2186    +E7394  
+E7394  3510    3507    3511    
CQUAD9  7396    4       1930    1575    1478    1927    3510    2183    +E7396  
+E7396  3504    3512    3513    
CQUAD9  7398    4       1588    1930    1927    1500    3508    3512    +E7398  
+E7398  3501    2230    3514    
CQUAD9  7400    4       1406    1812    1932    1810    3041    3515    +E7400  
+E7400  3516    3035    3517    
CQUAD9  7402    4       1812    1498    1908    1932    3037    3409    +E7402  
+E7402  3518    3515    3519    
CQUAD9  7404    4       1932    1908    1460    1931    3518    3417    +E7404  
+E7404  3520    3521    3522    
CQUAD9  7406    4       1810    1932    1931    1482    3516    3521    +E7406  
+E7406  3523    3025    3524    
CQUAD9  7408    4       1401    1919    1934    1772    3459    3525    +E7408  
+E7408  3526    2901    3527    
CQUAD9  7410    4       1919    1477    1933    1934    3455    3528    +E7410  
+E7410  3529    3525    3530    
CQUAD9  7412    4       1934    1933    1508    1667    3529    3531    +E7412  
+E7412  2522    3532    3533    
CQUAD9  7414    4       1772    1934    1667    1471    3526    3532    +E7414  
+E7414  2519    2904    3534    
CQUAD9  7416    4       1447    1880    1935    1612    3307    3535    +E7416  
+E7416  3536    2313    3537    
CQUAD9  7418    4       1880    1547    1873    1935    3313    3283    +E7418  
+E7418  3538    3535    3539    
CQUAD9  7420    4       1935    1873    1513    1592    3538    3279    +E7420  
+E7420  2243    3540    3541    
CQUAD9  7422    4       1612    1935    1592    1407    3536    3540    +E7422  
+E7422  2240    2318    3542    
CQUAD9  7424    4       1428    1864    1937    1634    3243    3543    +E7424  
+E7424  3544    2403    3545    
CQUAD9  7426    4       1864    1543    1936    1937    3251    3546    +E7426  
+E7426  3547    3543    3548    
CQUAD9  7428    4       1937    1936    1538    1769    3547    3549    +E7428  
+E7428  2885    3550    3551    
CQUAD9  7430    4       1634    1937    1769    1465    3544    3550    +E7430  
+E7430  2893    2406    3552    
CQUAD9  7432    4       1408    1938    1941    1940    3553    3554    +E7432  
+E7432  3555    3556    3557    
CQUAD9  7434    4       1938    1422    1840    1941    3558    3146    +E7434  
+E7434  3559    3554    3560    
CQUAD9  7436    4       1941    1840    1491    1939    3559    3155    +E7436  
+E7436  3561    3562    3563    
CQUAD9  7438    4       1940    1941    1939    1436    3555    3562    +E7438  
+E7438  3564    3565    3566    
CQUAD9  7440    4       1452    1942    1944    1757    3567    3568    +E7440  
+E7440  3569    2845    3570    
CQUAD9  7442    4       1942    1399    1850    1944    3571    3200    +E7442  
+E7442  3572    3568    3573    
CQUAD9  7444    4       1944    1850    1510    1943    3572    3197    +E7444  
+E7444  3574    3575    3576    
CQUAD9  7446    4       1757    1944    1943    1483    3569    3575    +E7446  
+E7446  3577    2837    3578    
CQUAD9  7448    4       1493    1782    1947    1636    2929    3579    +E7448  
+E7448  3580    2411    3581    
CQUAD9  7450    4       1782    1516    1945    1947    2937    3582    +E7450  
+E7450  3583    3579    3584    
CQUAD9  7452    4       1947    1945    1499    1946    3583    3585    +E7452  
+E7452  3586    3587    3588    
CQUAD9  7454    4       1636    1947    1946    1398    3580    3587    +E7454  
+E7454  3589    2400    3590    
CQUAD9  7456    4       1536    1785    1949    1781    2947    3591    +E7456  
+E7456  3592    2933    3593    
CQUAD9  7458    4       1785    1470    1948    1949    2944    3594    +E7458  
+E7458  3595    3591    3596    
CQUAD9  7460    4       1949    1948    1499    1945    3595    3597    +E7460  
+E7460  3585    3598    3599    
CQUAD9  7462    4       1781    1949    1945    1516    3592    3598    +E7462  
+E7462  3582    2936    3600    
CQUAD9  7464    4       1495    1779    1952    1584    2914    3601    +E7464  
+E7464  3602    2215    3603    
CQUAD9  7466    4       1779    1421    1950    1952    2925    3604    +E7466  
+E7466  3605    3601    3606    
CQUAD9  7468    4       1952    1950    1537    1951    3605    3607    +E7468  
+E7468  3608    3609    3610    
CQUAD9  7470    4       1584    1952    1951    1400    3602    3609    +E7470  
+E7470  3611    2218    3612    
CQUAD9  7472    4       1420    1736    1954    1886    2768    3613    +E7472  
+E7472  3614    3329    3615    
CQUAD9  7474    4       1736    1537    1950    1954    2765    3607    +E7474  
+E7474  3616    3613    3617    
CQUAD9  7476    4       1954    1950    1421    1953    3616    3604    +E7476  
+E7476  3618    3619    3620    
CQUAD9  7478    4       1886    1954    1953    1486    3614    3619    +E7478  
+E7478  3621    3333    3622    
CQUAD9  7480    4       1477    1595    1956    1933    2255    3623    +E7480  
+E7480  3624    3528    3625    
CQUAD9  7482    4       1595    1409    1645    1956    2252    2444    +E7482  
+E7482  3626    3623    3627    
CQUAD9  7484    4       1956    1645    1502    1955    3626    2439    +E7484  
+E7484  3628    3629    3630    
CQUAD9  7486    4       1933    1956    1955    1508    3624    3629    +E7486  
+E7486  3631    3531    3632    
CQUAD9  7488    4       1457    1693    1958    1957    2612    3633    +E7488  
+E7488  3634    3635    3636    
CQUAD9  7490    4       1693    1414    1668    1958    2607    2512    +E7490  
+E7490  3637    3633    3638    
CQUAD9  7492    4       1958    1668    1508    1955    3637    2523    +E7492  
+E7492  3631    3639    3640    
CQUAD9  7494    4       1957    1958    1955    1502    3634    3639    +E7494  
+E7494  3628    3641    3642    
CQUAD9  7496    4       1490    1760    1961    1869    2855    3643    +E7496  
+E7496  3644    3265    3645    
CQUAD9  7498    4       1760    1501    1959    1961    2852    3646    +E7498  
+E7498  3647    3643    3648    
CQUAD9  7500    4       1961    1959    1394    1960    3647    3649    +E7500  
+E7500  3650    3651    3652    
CQUAD9  7502    4       1869    1961    1960    1418    3644    3651    +E7502  
+E7502  3653    3269    3654    
CQUAD9  7504    4       1472    1687    1962    1774    2587    3655    +E7504  
+E7504  3656    2909    3657    
CQUAD9  7506    4       1687    1425    1856    1962    2583    3222    +E7506  
+E7506  3658    3655    3659    
CQUAD9  7508    4       1962    1856    1475    1917    3658    3219    +E7508  
+E7508  3445    3660    3661    
CQUAD9  7510    4       1774    1962    1917    1534    3656    3660    +E7510  
+E7510  3453    2898    3662    
CQUAD9  7512    4       1462    1662    1964    1804    2503    3663    +E7512  
+E7512  3664    3009    3665    
CQUAD9  7514    4       1662    1403    1685    1964    2500    2573    +E7514  
+E7514  3666    3663    3667    
CQUAD9  7516    4       1964    1685    1466    1963    3666    2581    +E7516  
+E7516  3668    3669    3670    
CQUAD9  7518    4       1804    1964    1963    1445    3664    3669    +E7518  
+E7518  3671    3014    3672    
CQUAD9  7520    4       1545    1965    1966    1871    3673    3674    +E7520  
+E7520  3675    3274    3676    
CQUAD9  7522    4       1965    1512    1801    1966    3677    3006    +E7522  
+E7522  3678    3674    3679    
CQUAD9  7524    4       1966    1801    1445    1963    3678    3003    +E7524  
+E7524  3671    3680    3681    
CQUAD9  7526    4       1871    1966    1963    1466    3675    3680    +E7526  
+E7526  3668    3277    3682    
CQUAD9  7528    4       1546    1877    1969    1968    3302    3683    +E7528  
+E7528  3684    3685    3686    
CQUAD9  7530    4       1877    1459    1676    1969    3299    2550    +E7530  
+E7530  3687    3683    3688    
CQUAD9  7532    4       1969    1676    1429    1967    3687    2547    +E7532  
+E7532  3689    3690    3691    
CQUAD9  7534    4       1968    1969    1967    1504    3684    3690    +E7534  
+E7534  3692    3693    3694    
CQUAD9  7536    4       1536    1718    1970    1786    2700    3695    +E7536  
+E7536  3696    2948    3697    
CQUAD9  7538    4       1718    1481    1790    1970    2697    2965    +E7538  
+E7538  3698    3695    3699    
CQUAD9  7540    4       1970    1790    1504    1967    3698    2962    +E7540  
+E7540  3692    3700    3701    
CQUAD9  7542    4       1786    1970    1967    1429    3696    3700    +E7542  
+E7542  3689    2951    3702    
CQUAD9  7544    4       261     1971    1974    262     3703    3704    +E7544  
+E7544  3705    313     3706    
CQUAD9  7546    4       1971    1548    1972    1974    3707    3708    +E7546  
+E7546  3709    3704    3710    
CQUAD9  7548    4       1974    1972    1395    1973    3709    3711    +E7548  
+E7548  3712    3713    3714    
CQUAD9  7550    4       262     1974    1973    263     3705    3713    +E7550  
+E7550  3715    314     3716    
CQUAD9  7552    4       1408    1940    1977    1976    3556    3717    +E7552  
+E7552  3718    3719    3720    
CQUAD9  7554    4       1940    1436    1975    1977    3565    3721    +E7554  
+E7554  3722    3717    3723    
CQUAD9  7556    4       1977    1975    1395    1972    3722    3724    +E7556  
+E7556  3711    3725    3726    
CQUAD9  7558    4       1976    1977    1972    1548    3718    3725    +E7558  
+E7558  3708    3727    3728    
CQUAD9  7560    4       1456    1978    1981    1980    3729    3730    +E7560  
+E7560  3731    3732    3733    
CQUAD9  7562    4       1978    1528    1979    1981    3734    3735    +E7562  
+E7562  3736    3730    3737    
CQUAD9  7564    4       1981    1979    1467    1884    3736    3738    +E7564  
+E7564  3317    3739    3740    
CQUAD9  7566    4       1980    1981    1884    1539    3731    3739    +E7566  
+E7566  3327    3741    3742    
CQUAD9  7568    4       259     1585    1982    258     2209    3743    +E7568  
+E7568  3744    310     3745    
CQUAD9  7570    4       1585    1400    1951    1982    2219    3611    +E7570  
+E7570  3746    3743    3747    
CQUAD9  7572    4       1982    1951    1537    1722    3746    3608    +E7572  
+E7572  2714    3748    3749    
CQUAD9  7574    4       258     1982    1722    257     3744    3748    +E7574  
+E7574  2711    309     3750    
CQUAD9  7576    4       1394    1682    1984    1960    2558    3751    +E7576  
+E7576  3752    3650    3753    
CQUAD9  7578    4       1682    1487    1983    1984    2569    3754    +E7578  
+E7578  3755    3751    3756    
CQUAD9  7580    4       1984    1983    1545    1870    3755    3757    +E7580  
+E7580  3273    3758    3759    
CQUAD9  7582    4       1960    1984    1870    1418    3752    3758    +E7582  
+E7582  3270    3653    3760    
CQUAD9  7584    4       1512    1965    1985    1827    3677    3761    +E7584  
+E7584  3762    3097    3763    
CQUAD9  7586    4       1965    1545    1983    1985    3673    3757    +E7586  
+E7586  3764    3761    3765    
CQUAD9  7588    4       1985    1983    1487    1875    3764    3754    +E7588  
+E7588  3291    3766    3767    
CQUAD9  7590    4       1827    1985    1875    1524    3762    3766    +E7590  
+E7590  3288    3101    3768    
CQUAD9  7592    4       271     270     1987    1658    322     3769    +E7592  
+E7592  3770    2489    3771    
CQUAD9  7594    4       270     269     1986    1987    321     3772    +E7594  
+E7594  3773    3769    3774    
CQUAD9  7596    4       1987    1986    1503    1677    3773    3775    +E7596  
+E7596  2544    3776    3777    
CQUAD9  7598    4       1658    1987    1677    1402    3770    3776    +E7598  
+E7598  2553    2492    3778    
CQUAD9  7600    4       1436    1939    1990    1989    3564    3779    +E7600  
+E7600  3780    3781    3782    
CQUAD9  7602    4       1939    1491    1824    1990    3561    3091    +E7602  
+E7602  3783    3779    3784    
CQUAD9  7604    4       1990    1824    1521    1988    3783    3088    +E7604  
+E7604  3785    3786    3787    
CQUAD9  7606    4       1989    1990    1988    1474    3780    3786    +E7606  
+E7606  3788    3789    3790    
CQUAD9  7608    4       255     1724    1992    1835    2709    3791    +E7608  
+E7608  3792    3137    3793    
CQUAD9  7610    4       1724    1451    1735    1992    2719    2762    +E7610  
+E7610  3794    3791    3795    
CQUAD9  7612    4       1992    1735    1467    1991    3794    2757    +E7612  
+E7612  3796    3797    3798    
CQUAD9  7614    4       1835    1992    1991    1540    3792    3797    +E7614  
+E7614  3799    3140    3800    
CQUAD9  7616    4       1408    1993    1995    1938    3801    3802    +E7616  
+E7616  3803    3553    3804    
CQUAD9  7618    4       1993    1437    1903    1995    3805    3398    +E7618  
+E7618  3806    3802    3807    
CQUAD9  7620    4       1995    1903    1392    1994    3806    3393    +E7620  
+E7620  3808    3809    3810    
CQUAD9  7622    4       1938    1995    1994    1422    3803    3809    +E7622  
+E7622  3811    3558    3812    
CQUAD9  7624    4       1550    1888    1997    1996    3341    3813    +E7624  
+E7624  3814    3815    3816    
CQUAD9  7626    4       1888    1530    1838    1997    3338    3148    +E7626  
+E7626  3817    3813    3818    
CQUAD9  7628    4       1997    1838    1422    1994    3817    3143    +E7628  
+E7628  3811    3819    3820    
CQUAD9  7630    4       1996    1997    1994    1392    3814    3819    +E7630  
+E7630  3808    3821    3822    
CQUAD9  7632    4       1421    1778    1998    1953    2924    3823    +E7632  
+E7632  3824    3618    3825    
CQUAD9  7634    4       1778    1525    1839    1998    2921    3152    +E7634  
+E7634  3826    3823    3827    
CQUAD9  7636    4       1998    1839    1530    1887    3826    3149    +E7636  
+E7636  3337    3828    3829    
CQUAD9  7638    4       1953    1998    1887    1486    3824    3828    +E7638  
+E7638  3334    3621    3830    
CQUAD9  7640    4       1528    1978    2002    2001    3734    3831    +E7640  
+E7640  3832    3833    3834    
CQUAD9  7642    4       1978    1456    1999    2002    3729    3835    +E7642  
+E7642  3836    3831    3837    
CQUAD9  7644    4       2002    1999    1497    2000    3836    3838    +E7644  
+E7644  3839    3840    3841    
CQUAD9  7646    4       2001    2002    2000    1448    3832    3840    +E7646  
+E7646  3842    3843    3844    
CQUAD9  7648    4       1462    1806    2004    1866    3012    3845    +E7648  
+E7648  3846    3256    3847    
CQUAD9  7650    4       1806    1497    1999    2004    3021    3838    +E7650  
+E7650  3848    3845    3849    
CQUAD9  7652    4       2004    1999    1456    2003    3848    3835    +E7652  
+E7652  3850    3851    3852    
CQUAD9  7654    4       1866    2004    2003    1519    3846    3851    +E7654  
+E7654  3853    3259    3854    
CQUAD9  7656    4       229     2005    2008    230     3855    3856    +E7656  
+E7656  3857    281     3858    
CQUAD9  7658    4       2005    1555    2006    2008    3859    3860    +E7658  
+E7658  3861    3856    3862    
CQUAD9  7660    4       2008    2006    1405    2007    3861    3863    +E7660  
+E7660  3864    3865    3866    
CQUAD9  7662    4       230     2008    2007    231     3857    3865    +E7662  
+E7662  3867    282     3868    
CQUAD9  7664    4       1527    2009    2011    2010    3869    3870    +E7664  
+E7664  3871    3872    3873    
CQUAD9  7666    4       2009    1517    1890    2011    3874    3352    +E7666  
+E7666  3875    3870    3876    
CQUAD9  7668    4       2011    1890    1405    2006    3875    3349    +E7668  
+E7668  3863    3877    3878    
CQUAD9  7670    4       2010    2011    2006    1555    3871    3877    +E7670  
+E7670  3860    3879    3880    
CQUAD9  7672    4       231     2012    2015    1762    3881    3882    +E7672  
+E7672  3883    2859    3884    
CQUAD9  7674    4       2012    1443    2013    2015    3885    3886    +E7674  
+E7674  3887    3882    3888    
CQUAD9  7676    4       2015    2013    1410    2014    3887    3889    +E7676  
+E7676  3890    3891    3892    
CQUAD9  7678    4       1762    2015    2014    1505    3883    3891    +E7678  
+E7678  3893    2863    3894    
CQUAD9  7680    4       1412    2016    2019    1789    3895    3896    +E7680  
+E7680  3897    2958    3898    
CQUAD9  7682    4       2016    1552    2017    2019    3899    3900    +E7682  
+E7682  3901    3896    3902    
CQUAD9  7684    4       2019    2017    1416    2018    3901    3903    +E7684  
+E7684  3904    3905    3906    
CQUAD9  7686    4       1789    2019    2018    1504    3897    3905    +E7686  
+E7686  3907    2961    3908    
CQUAD9  7688    4       1460    1907    2022    2021    3416    3909    +E7688  
+E7688  3910    3911    3912    
CQUAD9  7690    4       1907    1554    2020    2022    3413    3913    +E7690  
+E7690  3914    3909    3915    
CQUAD9  7692    4       2022    2020    1552    2016    3914    3916    +E7692  
+E7692  3899    3917    3918    
CQUAD9  7694    4       2021    2022    2016    1412    3910    3917    +E7694  
+E7694  3895    3919    3920    
CQUAD9  7696    4       338     337     2024    1621    349     3921    +E7696  
+E7696  3922    2352    3923    
CQUAD9  7698    4       337     336     2023    2024    348     3924    +E7698  
+E7698  3925    3921    3926    
CQUAD9  7700    4       2024    2023    1544    1896    3925    3927    +E7700  
+E7700  3374    3928    3929    
CQUAD9  7702    4       1621    2024    1896    1476    3922    3928    +E7702  
+E7702  3371    2355    3930    
CQUAD9  7704    4       334     1912    2026    335     3431    3931    +E7704  
+E7704  3932    346     3933    
CQUAD9  7706    4       1912    1551    2025    2026    3428    3934    +E7706  
+E7706  3935    3931    3936    
CQUAD9  7708    4       2026    2025    1544    2023    3935    3937    +E7708  
+E7708  3927    3938    3939    
CQUAD9  7710    4       335     2026    2023    336     3932    3938    +E7710  
+E7710  3924    347     3940    
CQUAD9  7712    4       1527    1900    2027    2009    3387    3941    +E7712  
+E7712  3942    3869    3943    
CQUAD9  7714    4       1900    1515    1704    2027    3384    2638    +E7714  
+E7714  3944    3941    3945    
CQUAD9  7716    4       2027    1704    1529    1914    3944    2649    +E7716  
+E7716  3441    3946    3947    
CQUAD9  7718    4       2009    2027    1914    1517    3942    3946    +E7718  
+E7718  3438    3874    3948    
CQUAD9  7720    4       245     244     2029    1759    296     3949    +E7720  
+E7720  3950    2847    3951    
CQUAD9  7722    4       244     243     1750    2029    295     2819    +E7722  
+E7722  3952    3949    3953    
CQUAD9  7724    4       2029    1750    1404    2028    3952    2816    +E7724  
+E7724  3954    3955    3956    
CQUAD9  7726    4       1759    2029    2028    1501    3950    3955    +E7726  
+E7726  3957    2851    3958    
CQUAD9  7728    4       1452    1653    2031    1942    2472    3959    +E7728  
+E7728  3960    3567    3961    
CQUAD9  7730    4       1653    1509    2030    2031    2467    3962    +E7730  
+E7730  3963    3959    3964    
CQUAD9  7732    4       2031    2030    1454    1851    3963    3965    +E7732  
+E7732  3193    3966    3967    
CQUAD9  7734    4       1942    2031    1851    1399    3960    3966    +E7734  
+E7734  3201    3571    3968    
CQUAD9  7736    4       1472    1773    2032    1688    2908    3969    +E7736  
+E7736  3970    2588    3971    
CQUAD9  7738    4       1773    1471    1666    2032    2905    2518    +E7738  
+E7738  3972    3969    3973    
CQUAD9  7740    4       2032    1666    1454    2030    3972    2515    +E7740  
+E7740  3965    3974    3975    
CQUAD9  7742    4       1688    2032    2030    1509    3970    3974    +E7742  
+E7742  3962    2591    3976    
CQUAD9  7744    4       1412    1788    2033    2021    2957    3977    +E7744  
+E7744  3978    3919    3979    
CQUAD9  7746    4       1788    1518    1740    2033    2953    2780    +E7746  
+E7746  3980    3977    3981    
CQUAD9  7748    4       2033    1740    1482    1931    3980    2777    +E7748  
+E7748  3523    3982    3983    
CQUAD9  7750    4       2021    2033    1931    1460    3978    3982    +E7750  
+E7750  3520    3911    3984    
CQUAD9  7752    4       1398    1946    2036    2035    3589    3985    +E7752  
+E7752  3986    3987    3988    
CQUAD9  7754    4       1946    1499    1948    2036    3586    3597    +E7754  
+E7754  3989    3985    3990    
CQUAD9  7756    4       2036    1948    1470    2034    3989    3594    +E7756  
+E7756  3991    3992    3993    
CQUAD9  7758    4       2035    2036    2034    1433    3986    3992    +E7758  
+E7758  3994    3995    3996    
CQUAD9  7760    4       1497    1805    2038    2000    3020    3997    +E7760  
+E7760  3998    3839    3999    
CQUAD9  7762    4       1805    1511    1796    2038    3017    2988    +E7762  
+E7762  4000    3997    4001    
CQUAD9  7764    4       2038    1796    1480    2037    4000    2985    +E7764  
+E7764  4002    4003    4004    
CQUAD9  7766    4       2000    2038    2037    1448    3998    4003    +E7766  
+E7766  4005    3842    4006    
CQUAD9  7768    4       269     1728    2039    268     2723    4007    +E7768  
+E7768  4008    320     4009    
CQUAD9  7770    4       1728    1538    1936    2039    2733    3549    +E7770  
+E7770  4010    4007    4011    
CQUAD9  7772    4       2039    1936    1543    1860    4010    3546    +E7772  
+E7772  3235    4012    4013    
CQUAD9  7774    4       268     2039    1860    267     4008    4012    +E7774  
+E7774  3232    319     4014    
CQUAD9  7776    4       1549    2040    2042    1911    4015    4016    +E7776  
+E7776  4017    3424    4018    
CQUAD9  7778    4       2040    1416    2017    2042    4019    3903    +E7778  
+E7778  4020    4016    4021    
CQUAD9  7780    4       2042    2017    1552    2041    4020    3900    +E7780  
+E7780  4022    4023    4024    
CQUAD9  7782    4       1911    2042    2041    1551    4017    4023    +E7782  
+E7782  4025    3427    4026    
CQUAD9  7784    4       1554    1897    2043    2020    3378    4027    +E7784  
+E7784  4028    3913    4029    
CQUAD9  7786    4       1897    1544    2025    2043    3375    3937    +E7786  
+E7786  4030    4027    4031    
CQUAD9  7788    4       2043    2025    1551    2041    4030    3934    +E7788  
+E7788  4025    4032    4033    
CQUAD9  7790    4       2020    2043    2041    1552    4028    4032    +E7790  
+E7790  4022    3916    4034    
CQUAD9  7792    4       259     1894    2045    260     3357    4035    +E7792  
+E7792  4036    311     4037    
CQUAD9  7794    4       1894    1553    2044    2045    3365    4038    +E7794  
+E7794  4039    4035    4040    
CQUAD9  7796    4       2045    2044    1548    1971    4039    4041    +E7796  
+E7796  3707    4042    4043    
CQUAD9  7798    4       260     2045    1971    261     4036    4042    +E7798  
+E7798  3703    312     4044    
CQUAD9  7800    4       1437    1993    2046    1904    3805    4045    +E7800  
+E7800  4046    3399    4047    
CQUAD9  7802    4       1993    1408    1976    2046    3801    3719    +E7802  
+E7802  4048    4045    4049    
CQUAD9  7804    4       2046    1976    1548    2044    4048    3727    +E7804  
+E7804  4041    4050    4051    
CQUAD9  7806    4       1904    2046    2044    1553    4046    4050    +E7806  
+E7806  4038    3402    4052    
CQUAD9  7808    4       1464    1593    2048    1646    2247    4053    +E7808  
+E7808  4054    2447    4055    
CQUAD9  7810    4       1593    1513    1680    2048    2244    2564    +E7810  
+E7810  4056    4053    4057    
CQUAD9  7812    4       2048    1680    1411    2047    4056    2561    +E7812  
+E7812  4058    4059    4060    
CQUAD9  7814    4       1646    2048    2047    1442    4054    4059    +E7814  
+E7814  4061    2450    4062    
CQUAD9  7816    4       1521    1823    2052    2051    3087    4063    +E7816  
+E7816  4064    4065    4066    
CQUAD9  7818    4       1823    1463    2049    2052    3083    4067    +E7818  
+E7818  4068    4063    4069    
CQUAD9  7820    4       2052    2049    1556    2050    4068    4070    +E7820  
+E7820  4071    4072    4073    
CQUAD9  7822    4       2051    2052    2050    1492    4064    4072    +E7822  
+E7822  4074    4075    4076    
CQUAD9  7824    4       1527    2010    2055    2054    3872    4077    +E7824  
+E7824  4078    4079    4080    
CQUAD9  7826    4       2010    1555    2005    2055    3879    3859    +E7826  
+E7826  4081    4077    4082    
CQUAD9  7828    4       2055    2005    229     2053    4081    3855    +E7828  
+E7828  4083    4084    4085    
CQUAD9  7830    4       2054    2055    2053    1557    4078    4084    +E7830  
+E7830  4086    4087    4088    
CQUAD9  7832    4       267     266     2059    2058    318     4089    +E7832  
+E7832  4090    4091    4092    
CQUAD9  7834    4       266     265     2056    2059    317     4093    +E7834  
+E7834  4094    4089    4095    
CQUAD9  7836    4       2059    2056    1558    2057    4094    4096    +E7836  
+E7836  4097    4098    4099    
CQUAD9  7838    4       2058    2059    2057    1507    4090    4098    +E7838  
+E7838  4100    4101    4102    
CQUAD9  7840    4       263     1973    2061    264     3715    4103    +E7840  
+E7840  4104    315     4105    
CQUAD9  7842    4       1973    1395    2060    2061    3712    4106    +E7842  
+E7842  4107    4103    4108    
CQUAD9  7844    4       2061    2060    1558    2056    4107    4109    +E7844  
+E7844  4096    4110    4111    
CQUAD9  7846    4       264     2061    2056    265     4104    4110    +E7846  
+E7846  4093    316     4112    
CQUAD9  7848    4       1514    1793    2064    1905    2975    4113    +E7848  
+E7848  4114    3405    4115    
CQUAD9  7850    4       1793    1494    2062    2064    2972    4116    +E7850  
+E7850  4117    4113    4118    
CQUAD9  7852    4       2064    2062    1559    2063    4117    4119    +E7852  
+E7852  4120    4121    4122    
CQUAD9  7854    4       1905    2064    2063    1392    4114    4121    +E7854  
+E7854  4123    3396    4124    
CQUAD9  7856    4       1539    1883    2066    2065    3326    4125    +E7856  
+E7856  4126    4127    4128    
CQUAD9  7858    4       1883    1550    1996    2066    3323    3815    +E7858  
+E7858  4129    4125    4130    
CQUAD9  7860    4       2066    1996    1392    2063    4129    3821    +E7860  
+E7860  4123    4131    4132    
CQUAD9  7862    4       2065    2066    2063    1559    4126    4131    +E7862  
+E7862  4120    4133    4134    
CQUAD9  7864    4       277     2067    2070    2069    4135    4136    +E7864  
+E7864  4137    4138    4139    
CQUAD9  7866    4       2067    1560    2068    2070    4140    4141    +E7866  
+E7866  4142    4136    4143    
CQUAD9  7868    4       2070    2068    1416    2040    4142    4144    +E7868  
+E7868  4019    4145    4146    
CQUAD9  7870    4       2069    2070    2040    1549    4137    4145    +E7870  
+E7870  4015    4147    4148    
CQUAD9  7872    4       1443    2071    2075    2074    4149    4150    +E7872  
+E7872  4151    4152    4153    
CQUAD9  7874    4       2071    1561    2072    2075    4154    4155    +E7874  
+E7874  4156    4150    4157    
CQUAD9  7876    4       2075    2072    1473    2073    4156    4158    +E7876  
+E7876  4159    4160    4161    
CQUAD9  7878    4       2074    2075    2073    1397    4151    4160    +E7878  
+E7878  4162    4163    4164    
CQUAD9  7880    4       229     228     2077    2053    280     4165    +E7880  
+E7880  4166    4083    4167    
CQUAD9  7882    4       228     7       124     2077    279     128     +E7882  
+E7882  4168    4165    4169    
CQUAD9  7884    4       2077    124     123     2076    4168    127     +E7884  
+E7884  4170    4171    4172    
CQUAD9  7886    4       2053    2077    2076    1557    4166    4171    +E7886  
+E7886  4173    4086    4174    
CQUAD9  7888    4       123     122     2078    2076    126     4175    +E7888  
+E7888  4176    4170    4177    
CQUAD9  7890    4       122     4       1901    2078    125     3391    +E7890  
+E7890  4178    4175    4179    
CQUAD9  7892    4       2078    1901    1527    2054    4178    3388    +E7892  
+E7892  4079    4180    4181    
CQUAD9  7894    4       2076    2078    2054    1557    4176    4180    +E7894  
+E7894  4087    4173    4182    
CQUAD9  7896    4       1504    2018    2080    1968    3907    4183    +E7896  
+E7896  4184    3693    4185    
CQUAD9  7898    4       2018    1416    2068    2080    3904    4144    +E7898  
+E7898  4186    4183    4187    
CQUAD9  7900    4       2080    2068    1560    2079    4186    4141    +E7900  
+E7900  4188    4189    4190    
CQUAD9  7902    4       1968    2080    2079    1546    4184    4189    +E7902  
+E7902  4191    3685    4192    
CQUAD9  7904    4       277     276     2081    2067    328     4193    +E7904  
+E7904  4194    4135    4195    
CQUAD9  7906    4       276     275     1878    2081    327     3295    +E7906  
+E7906  4196    4193    4197    
CQUAD9  7908    4       2081    1878    1546    2079    4196    3303    +E7908  
+E7908  4191    4198    4199    
CQUAD9  7910    4       2067    2081    2079    1560    4194    4198    +E7910  
+E7910  4188    4140    4200    
CQUAD9  7912    4       237     238     2082    1651    289     4201    +E7912  
+E7912  4202    2465    4203    
CQUAD9  7914    4       238     239     1928    2082    290     3497    +E7914  
+E7914  4204    4201    4205    
CQUAD9  7916    4       2082    1928    1478    1574    4204    3505    +E7916  
+E7916  2182    4206    4207    
CQUAD9  7918    4       1651    2082    1574    1396    4202    4206    +E7918  
+E7918  2177    2456    4208    
CQUAD9  7920    4       1510    1847    2084    1943    3183    4209    +E7920  
+E7920  4210    3574    4211    
CQUAD9  7922    4       1847    235     234     2084    3179    286     +E7922  
+E7922  4212    4209    4213    
CQUAD9  7924    4       2084    234     233     2083    4212    285     +E7924  
+E7924  4214    4215    4216    
CQUAD9  7926    4       1943    2084    2083    1483    4210    4215    +E7926  
+E7926  4217    3577    4218    
CQUAD9  7928    4       231     2007    2085    232     3867    4219    +E7928  
+E7928  4220    283     4221    
CQUAD9  7930    4       2007    1405    1754    2085    3864    2824    +E7930  
+E7930  4222    4219    4223    
CQUAD9  7932    4       2085    1754    1483    2083    4222    2833    +E7932  
+E7932  4217    4224    4225    
CQUAD9  7934    4       232     2085    2083    233     4220    4224    +E7934  
+E7934  4214    284     4226    
CQUAD9  7936    4       1469    1690    2087    1795    2599    4227    +E7936  
+E7936  4228    2979    4229    
CQUAD9  7938    4       1690    249     250     2087    2595    301     +E7938  
+E7938  4230    4227    4231    
CQUAD9  7940    4       2087    250     251     2086    4230    302     +E7940  
+E7940  4232    4233    4234    
CQUAD9  7942    4       1795    2087    2086    1480    4228    4233    +E7942  
+E7942  4235    2984    4236    
CQUAD9  7944    4       253     1834    2089    252     3134    4237    +E7944  
+E7944  4238    304     4239    
CQUAD9  7946    4       1834    1453    2088    2089    3129    4240    +E7946  
+E7946  4241    4237    4242    
CQUAD9  7948    4       2089    2088    1480    2086    4241    4243    +E7948  
+E7948  4235    4244    4245    
CQUAD9  7950    4       252     2089    2086    251     4238    4244    +E7950  
+E7950  4232    303     4246    
CQUAD9  7952    4       1507    2057    2093    2092    4100    4247    +E7952  
+E7952  4248    4249    4250    
CQUAD9  7954    4       2057    1558    2090    2093    4097    4251    +E7954  
+E7954  4252    4247    4253    
CQUAD9  7956    4       2093    2090    1458    2091    4252    4254    +E7956  
+E7956  4255    4256    4257    
CQUAD9  7958    4       2092    2093    2091    1433    4248    4256    +E7958  
+E7958  4258    4259    4260    
CQUAD9  7960    4       116     1639    2095    115     2423    4261    +E7960  
+E7960  4262    119     4263    
CQUAD9  7962    4       1639    1506    2094    2095    2420    4264    +E7962  
+E7962  4265    4261    4266    
CQUAD9  7964    4       2095    2094    1440    1853    4265    4267    +E7964  
+E7964  3207    4268    4269    
CQUAD9  7966    4       115     2095    1853    6       4262    4268    +E7966  
+E7966  3203    118     4270    
CQUAD9  7968    4       1505    2014    2097    1763    3893    4271    +E7968  
+E7968  4272    2864    4273    
CQUAD9  7970    4       2014    1410    2096    2097    3890    4274    +E7970  
+E7970  4275    4271    4276    
CQUAD9  7972    4       2097    2096    1440    2094    4275    4277    +E7972  
+E7972  4267    4278    4279    
CQUAD9  7974    4       1763    2097    2094    1506    4272    4278    +E7974  
+E7974  4264    2867    4280    
CQUAD9  7976    4       1501    2028    2099    1959    3957    4281    +E7976  
+E7976  4282    3646    4283    
CQUAD9  7978    4       2028    1404    2098    2099    3954    4284    +E7978  
+E7978  4285    4281    4286    
CQUAD9  7980    4       2099    2098    1411    1679    4285    4287    +E7980  
+E7980  2560    4288    4289    
CQUAD9  7982    4       1959    2099    1679    1394    4282    4288    +E7982  
+E7982  2555    3649    4290    
CQUAD9  7984    4       1523    1694    2101    1749    2616    4291    +E7984  
+E7984  4292    2812    4293    
CQUAD9  7986    4       1694    1457    2100    2101    2613    4294    +E7986  
+E7986  4295    4291    4296    
CQUAD9  7988    4       2101    2100    1411    2098    4295    4297    +E7988  
+E7988  4287    4298    4299    
CQUAD9  7990    4       1749    2101    2098    1404    4292    4298    +E7990  
+E7990  4284    2815    4300    
CQUAD9  7992    4       1480    2088    2103    2037    4243    4301    +E7992  
+E7992  4302    4002    4303    
CQUAD9  7994    4       2088    1453    2102    2103    4240    4304    +E7994  
+E7994  4305    4301    4306    
CQUAD9  7996    4       2103    2102    1528    2001    4305    4307    +E7996  
+E7996  3833    4308    4309    
CQUAD9  7998    4       2037    2103    2001    1448    4302    4308    +E7998  
+E7998  3843    4005    4310    
CQUAD9  8000    4       1467    1979    2104    1991    3738    4311    +E8000  
+E8000  4312    3796    4313    
CQUAD9  8002    4       1979    1528    2102    2104    3735    4307    +E8002  
+E8002  4314    4311    4315    
CQUAD9  8004    4       2104    2102    1453    1836    4314    4304    +E8004  
+E8004  3132    4316    4317    
CQUAD9  8006    4       1991    2104    1836    1540    4312    4316    +E8006  
+E8006  3141    3799    4318    
CQUAD9  8008    4       1442    2047    2105    1647    4061    4319    +E8008  
+E8008  4320    2451    4321    
CQUAD9  8010    4       2047    1411    2100    2105    4058    4297    +E8010  
+E8010  4322    4319    4323    
CQUAD9  8012    4       2105    2100    1457    1957    4322    4294    +E8012  
+E8012  3635    4324    4325    
CQUAD9  8014    4       1647    2105    1957    1502    4320    4324    +E8014  
+E8014  3641    2442    4326    
CQUAD9  8016    4       1417    1599    2108    2107    2272    4327    +E8016  
+E8016  4328    4329    4330    
CQUAD9  8018    4       1599    1461    1863    2108    2269    3248    +E8018  
+E8018  4331    4327    4332    
CQUAD9  8020    4       2108    1863    1541    2106    4331    3245    +E8020  
+E8020  4333    4334    4335    
CQUAD9  8022    4       2107    2108    2106    1556    4328    4334    +E8022  
+E8022  4336    4337    4338    
CQUAD9  8024    4       1520    2109    2110    1817    4339    4340    +E8024  
+E8024  4341    3062    4342    
CQUAD9  8026    4       2109    1492    2050    2110    4343    4074    +E8026  
+E8026  4344    4340    4345    
CQUAD9  8028    4       2110    2050    1556    2106    4344    4071    +E8028  
+E8028  4336    4346    4347    
CQUAD9  8030    4       1817    2110    2106    1541    4341    4346    +E8030  
+E8030  4333    3065    4348    
CQUAD9  8032    4       1458    2111    2113    2112    4349    4350    +E8032  
+E8032  4351    4352    4353    
CQUAD9  8034    4       2111    1521    2051    2113    4354    4065    +E8034  
+E8034  4355    4350    4356    
CQUAD9  8036    4       2113    2051    1492    2109    4355    4075    +E8036  
+E8036  4343    4357    4358    
CQUAD9  8038    4       2112    2113    2109    1520    4351    4357    +E8038  
+E8038  4339    4359    4360    
CQUAD9  8040    4       1417    2107    2114    1747    4329    4361    +E8040  
+E8040  4362    2802    4363    
CQUAD9  8042    4       2107    1556    2049    2114    4337    4070    +E8042  
+E8042  4364    4361    4365    
CQUAD9  8044    4       2114    2049    1463    1776    4364    4067    +E8044  
+E8044  2916    4366    4367    
CQUAD9  8046    4       1747    2114    1776    1495    4362    4366    +E8046  
+E8046  2911    2805    4368    
CQUAD9  8048    4       233     234     2116    2115    285     4369    +E8048  
+E8048  4370    4371    4372    
CQUAD9  8050    4       234     235     1858    2116    286     3217    +E8050  
+E8050  4373    4369    4374    
CQUAD9  8052    4       2116    1858    1473    2072    4373    3227    +E8052  
+E8052  4158    4375    4376    
CQUAD9  8054    4       2115    2116    2072    1561    4370    4375    +E8054  
+E8054  4155    4377    4378    
CQUAD9  8056    4       1473    1857    2117    2073    3226    4379    +E8056  
+E8056  4380    4159    4381    
CQUAD9  8058    4       1857    1425    1629    2117    3223    2374    +E8058  
+E8058  4382    4379    4383    
CQUAD9  8060    4       2117    1629    1496    1922    4382    2385    +E8060  
+E8060  3473    4384    4385    
CQUAD9  8062    4       2073    2117    1922    1397    4380    4384    +E8062  
+E8062  3470    4162    4386    
CQUAD9  8064    4       1424    1867    2119    1792    3263    4387    +E8064  
+E8064  4388    2967    4389    
CQUAD9  8066    4       1867    1519    2118    2119    3260    4390    +E8066  
+E8066  4391    4387    4392    
CQUAD9  8068    4       2119    2118    1559    2062    4391    4393    +E8068  
+E8068  4119    4394    4395    
CQUAD9  8070    4       1792    2119    2062    1494    4388    4394    +E8070  
+E8070  4116    2971    4396    
CQUAD9  8072    4       1433    2091    2120    2035    4258    4397    +E8072  
+E8072  4398    3995    4399    
CQUAD9  8074    4       2091    1458    2112    2120    4255    4352    +E8074  
+E8074  4400    4397    4401    
CQUAD9  8076    4       2120    2112    1520    1816    4400    4359    +E8076  
+E8076  3061    4402    4403    
CQUAD9  8078    4       2035    2120    1816    1398    4398    4402    +E8078  
+E8078  3057    3987    4404    
CQUAD9  8080    4       1455    1732    2122    1702    2751    4405    +E8080  
+E8080  4406    2641    4407    
CQUAD9  8082    4       1732    1522    2121    2122    2748    4408    +E8082  
+E8082  4409    4405    4410    
CQUAD9  8084    4       2122    2121    1533    1714    4409    4411    +E8084  
+E8084  2685    4412    4413    
CQUAD9  8086    4       1702    2122    1714    1415    4406    4412    +E8086  
+E8086  2682    2644    4414    
CQUAD9  8088    4       1410    2123    2124    2096    4415    4416    +E8088  
+E8088  4417    4274    4418    
CQUAD9  8090    4       2123    1533    2121    2124    4419    4411    +E8090  
+E8090  4420    4416    4421    
CQUAD9  8092    4       2124    2121    1522    1854    4420    4408    +E8092  
+E8092  3211    4422    4423    
CQUAD9  8094    4       2096    2124    1854    1440    4417    4422    +E8094  
+E8094  3208    4277    4424    
CQUAD9  8096    4       1443    2074    2125    2013    4152    4425    +E8096  
+E8096  4426    3886    4427    
CQUAD9  8098    4       2074    1397    1921    2125    4163    3469    +E8098  
+E8098  4428    4425    4429    
CQUAD9  8100    4       2125    1921    1533    2123    4428    3465    +E8100  
+E8100  4419    4430    4431    
CQUAD9  8102    4       2013    2125    2123    1410    4426    4430    +E8102  
+E8102  4415    3889    4432    
CQUAD9  8104    4       11      278     2126    331     330     4433    +E8104  
+E8104  4434    342     4435    
CQUAD9  8106    4       278     277     2069    2126    329     4138    +E8106  
+E8106  4436    4433    4437    
CQUAD9  8108    4       2126    2069    1549    1910    4436    4147    +E8108  
+E8108  3423    4438    4439    
CQUAD9  8110    4       331     2126    1910    332     4434    4438    +E8110  
+E8110  3419    343     4440    
CQUAD9  8112    4       1436    1989    2128    1975    3781    4441    +E8112  
+E8112  4442    3721    4443    
CQUAD9  8114    4       1989    1474    2127    2128    3789    4444    +E8114  
+E8114  4445    4441    4446    
CQUAD9  8116    4       2128    2127    1558    2060    4445    4447    +E8116  
+E8116  4109    4448    4449    
CQUAD9  8118    4       1975    2128    2060    1395    4442    4448    +E8118  
+E8118  4106    3724    4450    
CQUAD9  8120    4       1521    2111    2129    1988    4354    4451    +E8120  
+E8120  4452    3785    4453    
CQUAD9  8122    4       2111    1458    2090    2129    4349    4254    +E8122  
+E8122  4454    4451    4455    
CQUAD9  8124    4       2129    2090    1558    2127    4454    4251    +E8124  
+E8124  4447    4456    4457    
CQUAD9  8126    4       1988    2129    2127    1474    4452    4456    +E8126  
+E8126  4444    3788    4458    
CQUAD9  8128    4       233     2115    2130    232     4371    4459    +E8128  
+E8128  4460    284     4461    
CQUAD9  8130    4       2115    1561    2071    2130    4377    4154    +E8130  
+E8130  4462    4459    4463    
CQUAD9  8132    4       2130    2071    1443    2012    4462    4149    +E8132  
+E8132  3885    4464    4465    
CQUAD9  8134    4       232     2130    2012    231     4460    4464    +E8134  
+E8134  3881    283     4466    
CQUAD9  8136    4       1519    2003    2131    2118    3853    4467    +E8136  
+E8136  4468    4390    4469    
CQUAD9  8138    4       2003    1456    1980    2131    3850    3732    +E8138  
+E8138  4470    4467    4471    
CQUAD9  8140    4       2131    1980    1539    2065    4470    3741    +E8140  
+E8140  4127    4472    4473    
CQUAD9  8142    4       2118    2131    2065    1559    4468    4472    +E8142  
+E8142  4133    4393    4474    
CQUAD9  8144    4       269     268     2133    1986    320     4475    +E8144  
+E8144  4476    3772    4477    
CQUAD9  8146    4       268     267     2058    2133    319     4091    +E8146  
+E8146  4478    4475    4479    
CQUAD9  8148    4       2133    2058    1507    2132    4478    4101    +E8148  
+E8148  4480    4481    4482    
CQUAD9  8150    4       1986    2133    2132    1503    4476    4481    +E8150  
+E8150  4483    3775    4484    
CQUAD9  8152    4       1433    2034    2134    2092    3994    4485    +E8152  
+E8152  4486    4259    4487    
CQUAD9  8154    4       2034    1470    1784    2134    3991    2943    +E8154  
+E8154  4488    4485    4489    
CQUAD9  8156    4       2134    1784    1503    2132    4488    2939    +E8156  
+E8156  4483    4490    4491    
CQUAD9  8158    4       2092    2134    2132    1507    4486    4490    +E8158  
+E8158  4480    4249    4492    
CQUAD9  8160    5       4494    4499    4501    4496    4521    4522    +E8160  
+E8160  4523    4524    4525    
CQUAD9  8162    5       4499    202     4500    4501    4526    4527    +E8162  
+E8162  4528    4522    4529    
CQUAD9  8164    5       4501    4500    134     135     4528    4530    +E8164  
+E8164  154     4531    4532    
CQUAD9  8166    5       4496    4501    135     136     4523    4531    +E8166  
+E8166  155     4533    4534    
CQUAD9  8168    5       4493    4497    4504    4503    4535    4536    +E8168  
+E8168  4537    4538    4539    
CQUAD9  8170    5       4497    140     141     4504    4540    160     +E8170  
+E8170  4541    4536    4542    
CQUAD9  8172    5       4504    141     142     4502    4541    161     +E8172  
+E8172  4543    4544    4545    
CQUAD9  8174    5       4503    4504    4502    206     4537    4544    +E8174  
+E8174  4546    4547    4548    
CQUAD9  8176    5       138     4505    4506    4495    4549    4550    +E8176  
+E8176  4551    4552    4553    
CQUAD9  8178    5       4505    204     203     4506    4554    219     +E8178  
+E8178  4555    4550    4556    
CQUAD9  8180    5       4506    203     202     4499    4555    218     +E8180  
+E8180  4526    4557    4558    
CQUAD9  8182    5       4495    4506    4499    4494    4551    4557    +E8182  
+E8182  4521    4559    4560    
CQUAD9  8184    5       138     4498    4507    4505    4561    4562    +E8184  
+E8184  4563    4549    4564    
CQUAD9  8186    5       4498    4493    4503    4507    4565    4538    +E8186  
+E8186  4566    4562    4567    
CQUAD9  8188    5       4507    4503    206     205     4566    4547    +E8188  
+E8188  221     4568    4569    
CQUAD9  8190    5       4505    4507    205     204     4563    4568    +E8190  
+E8190  220     4554    4570    
CQUAD9  8192    5       130     131     4510    4509    150     4571    +E8192  
+E8192  4572    4573    4574    
CQUAD9  8194    5       131     132     4508    4510    151     4575    +E8194  
+E8194  4576    4571    4577    
CQUAD9  8196    5       4510    4508    200     199     4576    4578    +E8196  
+E8196  215     4579    4580    
CQUAD9  8198    5       4509    4510    199     198     4572    4579    +E8198  
+E8198  214     4581    4582    
CQUAD9  8200    5       132     133     4511    4508    152     4583    +E8200  
+E8200  4584    4575    4585    
CQUAD9  8202    5       133     134     4500    4511    153     4530    +E8202  
+E8202  4586    4583    4587    
CQUAD9  8204    5       4511    4500    202     201     4586    4527    +E8204  
+E8204  217     4588    4589    
CQUAD9  8206    5       4508    4511    201     200     4584    4588    +E8206  
+E8206  216     4578    4590    
CQUAD9  8208    5       144     4512    4513    143     4591    4592    +E8208  
+E8208  4593    163     4594    
CQUAD9  8210    5       4512    208     207     4513    4595    223     +E8210  
+E8210  4596    4592    4597    
CQUAD9  8212    5       4513    207     206     4502    4596    222     +E8212  
+E8212  4546    4598    4599    
CQUAD9  8214    5       143     4513    4502    142     4593    4598    +E8214  
+E8214  4543    162     4600    
CQUAD9  8216    5       146     4514    4515    145     4601    4602    +E8216  
+E8216  4603    165     4604    
CQUAD9  8218    5       4514    210     209     4515    4605    225     +E8218  
+E8218  4606    4602    4607    
CQUAD9  8220    5       4515    209     208     4512    4606    224     +E8220  
+E8220  4595    4608    4609    
CQUAD9  8222    5       145     4515    4512    144     4603    4608    +E8222  
+E8222  4591    164     4610    
CQUAD9  8224    5       198     197     4517    4509    213     4611    +E8224  
+E8224  4612    4581    4613    
CQUAD9  8226    5       197     10      4516    4517    212     4614    +E8226  
+E8226  4615    4611    4616    
CQUAD9  8228    5       4517    4516    5       129     4615    4617    +E8228  
+E8228  148     4618    4619    
CQUAD9  8230    5       4509    4517    129     130     4612    4618    +E8230  
+E8230  149     4573    4620    
CQUAD9  8232    5       5       4516    4518    147     4617    4621    +E8232  
+E8232  4622    167     4623    
CQUAD9  8234    5       4516    10      211     4518    4614    227     +E8234  
+E8234  4624    4621    4625    
CQUAD9  8236    5       4518    211     210     4514    4624    226     +E8236  
+E8236  4605    4626    4627    
CQUAD9  8238    5       147     4518    4514    146     4622    4626    +E8238  
+E8238  4601    166     4628    
CQUAD9  8240    5       136     137     4519    4496    156     4629    +E8240  
+E8240  4630    4533    4631    
CQUAD9  8242    5       137     138     4495    4519    157     4552    +E8242  
+E8242  4632    4629    4633    
CQUAD9  8244    5       4496    4519    4495    4494    4630    4632    +E8244  
+E8244  4559    4524    4634    
CQUAD9  8246    5       138     139     4520    4498    158     4635    +E8246  
+E8246  4636    4561    4637    
CQUAD9  8248    5       139     140     4497    4520    159     4540    +E8248  
+E8248  4638    4635    4639    
CQUAD9  8250    5       4498    4520    4497    4493    4636    4638    +E8250  
+E8250  4535    4565    4640    
CQUAD9  8252    6       4642    4658    4661    4660    4707    4708    +E8252  
+E8252  4709    4710    4711    
CQUAD9  8254    6       4658    4643    4659    4661    4712    4713    +E8254  
+E8254  4714    4708    4715    
CQUAD9  8256    6       4661    4659    405     404     4714    4716    +E8256  
+E8256  424     4717    4718    
CQUAD9  8258    6       4660    4661    404     403     4709    4717    +E8258  
+E8258  423     4719    4720    
CQUAD9  8260    6       4642    4662    4664    4658    4721    4722    +E8260  
+E8260  4723    4707    4724    
CQUAD9  8262    6       4662    364     365     4664    4725    384     +E8262  
+E8262  4726    4722    4727    
CQUAD9  8264    6       4664    365     366     4663    4726    385     +E8264  
+E8264  4728    4729    4730    
CQUAD9  8266    6       4658    4664    4663    4643    4723    4729    +E8266  
+E8266  4731    4712    4732    
CQUAD9  8268    6       4643    4665    4667    4659    4733    4734    +E8268  
+E8268  4735    4713    4736    
CQUAD9  8270    6       4665    4641    4666    4667    4737    4738    +E8270  
+E8270  4739    4734    4740    
CQUAD9  8272    6       4667    4666    407     406     4739    4741    +E8272  
+E8272  426     4742    4743    
CQUAD9  8274    6       4659    4667    406     405     4735    4742    +E8274  
+E8274  425     4716    4744    
CQUAD9  8276    6       340     4657    4669    339     4745    4746    +E8276  
+E8276  4747    351     4748    
CQUAD9  8278    6       4657    407     4666    4669    4749    4741    +E8278  
+E8278  4750    4746    4751    
CQUAD9  8280    6       4669    4666    4641    4668    4750    4738    +E8280  
+E8280  4752    4753    4754    
CQUAD9  8282    6       339     4669    4668    338     4747    4753    +E8282  
+E8282  4755    350     4756    
CQUAD9  8284    6       4643    4663    4671    4665    4731    4757    +E8284  
+E8284  4758    4733    4759    
CQUAD9  8286    6       4663    366     367     4671    4728    386     +E8286  
+E8286  4760    4757    4761    
CQUAD9  8288    6       4671    367     368     4670    4760    387     +E8288  
+E8288  4762    4763    4764    
CQUAD9  8290    6       4665    4671    4670    4641    4758    4763    +E8290  
+E8290  4765    4737    4766    
CQUAD9  8292    6       336     337     4672    4655    348     4767    +E8292  
+E8292  4768    4769    4770    
CQUAD9  8294    6       337     338     4668    4672    349     4755    +E8294  
+E8294  4771    4767    4772    
CQUAD9  8296    6       4672    4668    4641    4670    4771    4752    +E8296  
+E8296  4765    4773    4774    
CQUAD9  8298    6       4655    4672    4670    368     4768    4773    +E8298  
+E8298  4762    4775    4776    
CQUAD9  8300    6       355     4673    4675    354     4777    4778    +E8300  
+E8300  4779    358     4780    
CQUAD9  8302    6       4673    4645    4674    4675    4781    4782    +E8302  
+E8302  4783    4778    4784    
CQUAD9  8304    6       4675    4674    378     379     4783    4785    +E8304  
+E8304  398     4786    4787    
CQUAD9  8306    6       354     4675    379     13      4779    4786    +E8306  
+E8306  399     357     4788    
CQUAD9  8308    6       415     4676    4679    416     4789    4790    +E8308  
+E8308  4791    435     4792    
CQUAD9  8310    6       4676    4644    4677    4679    4793    4794    +E8310  
+E8310  4795    4790    4796    
CQUAD9  8312    6       4679    4677    4645    4678    4795    4797    +E8312  
+E8312  4798    4799    4800    
CQUAD9  8314    6       416     4679    4678    417     4791    4799    +E8314  
+E8314  4801    436     4802    
CQUAD9  8316    6       376     377     4681    4680    396     4803    +E8316  
+E8316  4804    4805    4806    
CQUAD9  8318    6       377     378     4674    4681    397     4785    +E8318  
+E8318  4807    4803    4808    
CQUAD9  8320    6       4681    4674    4645    4677    4807    4782    +E8320  
+E8320  4797    4809    4810    
CQUAD9  8322    6       4680    4681    4677    4644    4804    4809    +E8322  
+E8322  4794    4811    4812    
CQUAD9  8324    6       355     356     4682    4673    359     4813    +E8324  
+E8324  4814    4777    4815    
CQUAD9  8326    6       356     12      418     4682    360     438     +E8326  
+E8326  4816    4813    4817    
CQUAD9  8328    6       4682    418     417     4678    4816    437     +E8328  
+E8328  4801    4818    4819    
CQUAD9  8330    6       4673    4682    4678    4645    4814    4818    +E8330  
+E8330  4798    4781    4820    
CQUAD9  8332    6       413     4683    4685    414     4821    4822    +E8332  
+E8332  4823    433     4824    
CQUAD9  8334    6       4683    4646    4684    4685    4825    4826    +E8334  
+E8334  4827    4822    4828    
CQUAD9  8336    6       4685    4684    4644    4676    4827    4829    +E8336  
+E8336  4793    4830    4831    
CQUAD9  8338    6       414     4685    4676    415     4823    4830    +E8338  
+E8338  4789    434     4832    
CQUAD9  8340    6       374     375     4687    4686    394     4833    +E8340  
+E8340  4834    4835    4836    
CQUAD9  8342    6       375     376     4680    4687    395     4805    +E8342  
+E8342  4837    4833    4838    
CQUAD9  8344    6       4687    4680    4644    4684    4837    4811    +E8344  
+E8344  4829    4839    4840    
CQUAD9  8346    6       4686    4687    4684    4646    4834    4839    +E8346  
+E8346  4826    4841    4842    
CQUAD9  8348    6       413     412     4689    4683    432     4843    +E8348  
+E8348  4844    4821    4845    
CQUAD9  8350    6       412     411     4650    4689    431     4846    +E8350  
+E8350  4847    4843    4848    
CQUAD9  8352    6       4689    4650    332     4688    4847    4849    +E8352  
+E8352  4850    4851    4852    
CQUAD9  8354    6       4683    4689    4688    4646    4844    4851    +E8354  
+E8354  4853    4825    4854    
CQUAD9  8356    6       374     4686    4690    373     4835    4855    +E8356  
+E8356  4856    393     4857    
CQUAD9  8358    6       4686    4646    4688    4690    4841    4853    +E8358  
+E8358  4858    4855    4859    
CQUAD9  8360    6       4690    4688    332     4653    4858    4850    +E8360  
+E8360  4860    4861    4862    
CQUAD9  8362    6       373     4690    4653    372     4856    4861    +E8362  
+E8362  4863    392     4864    
CQUAD9  8364    6       355     354     4693    4692    358     4865    +E8364  
+E8364  4866    4867    4868    
CQUAD9  8366    6       354     13      361     4693    357     380     +E8366  
+E8366  4869    4865    4870    
CQUAD9  8368    6       4693    361     362     4691    4869    381     +E8368  
+E8368  4871    4872    4873    
CQUAD9  8370    6       4692    4693    4691    4647    4866    4872    +E8370  
+E8370  4874    4875    4876    
CQUAD9  8372    6       364     4662    4695    363     4725    4877    +E8372  
+E8372  4878    383     4879    
CQUAD9  8374    6       4662    4642    4694    4695    4721    4880    +E8374  
+E8374  4881    4877    4882    
CQUAD9  8376    6       4695    4694    4647    4691    4881    4883    +E8376  
+E8376  4874    4884    4885    
CQUAD9  8378    6       363     4695    4691    362     4878    4884    +E8378  
+E8378  4871    382     4886    
CQUAD9  8380    6       403     402     4697    4660    422     4887    +E8380  
+E8380  4888    4719    4889    
CQUAD9  8382    6       402     401     4696    4697    421     4890    +E8382  
+E8382  4891    4887    4892    
CQUAD9  8384    6       4697    4696    4647    4694    4891    4893    +E8384  
+E8384  4883    4894    4895    
CQUAD9  8386    6       4660    4697    4694    4642    4888    4894    +E8386  
+E8386  4880    4710    4896    
CQUAD9  8388    6       4647    4696    4698    4692    4893    4897    +E8388  
+E8388  4898    4875    4899    
CQUAD9  8390    6       4696    401     400     4698    4890    420     +E8390  
+E8390  4900    4897    4901    
CQUAD9  8392    6       4698    400     12      356     4900    419     +E8392  
+E8392  360     4902    4903    
CQUAD9  8394    6       4692    4698    356     355     4898    4902    +E8394  
+E8394  359     4867    4904    
CQUAD9  8396    6       11      4648    4699    4649    4905    4906    +E8396  
+E8396  4907    4908    4909    
CQUAD9  8398    6       4648    411     410     4699    4910    430     +E8398  
+E8398  4911    4906    4912    
CQUAD9  8400    6       4649    4699    410     409     4907    4911    +E8400  
+E8400  429     4913    4914    
CQUAD9  8402    6       411     4648    4700    4650    4910    4915    +E8402  
+E8402  4916    4846    4917    
CQUAD9  8404    6       4648    11      331     4700    4905    342     +E8404  
+E8404  4918    4915    4919    
CQUAD9  8406    6       4650    4700    331     332     4916    4918    +E8406  
+E8406  343     4849    4920    
CQUAD9  8408    6       372     4651    4701    371     4921    4922    +E8408  
+E8408  4923    391     4924    
CQUAD9  8410    6       4651    334     4652    4701    4925    4926    +E8410  
+E8410  4927    4922    4928    
CQUAD9  8412    6       371     4701    4652    370     4923    4927    +E8412  
+E8412  4929    390     4930    
CQUAD9  8414    6       334     4651    4702    333     4925    4931    +E8414  
+E8414  4932    345     4933    
CQUAD9  8416    6       4651    372     4653    4702    4921    4863    +E8416  
+E8416  4934    4931    4935    
CQUAD9  8418    6       333     4702    4653    332     4932    4934    +E8418  
+E8418  4860    344     4936    
CQUAD9  8420    6       336     4654    4703    335     4937    4938    +E8420  
+E8420  4939    347     4940    
CQUAD9  8422    6       4654    370     4652    4703    4941    4929    +E8422  
+E8422  4942    4938    4943    
CQUAD9  8424    6       335     4703    4652    334     4939    4942    +E8424  
+E8424  4926    346     4944    
CQUAD9  8426    6       370     4654    4704    369     4941    4945    +E8426  
+E8426  4946    389     4947    
CQUAD9  8428    6       4654    336     4655    4704    4937    4769    +E8428  
+E8428  4948    4945    4949    
CQUAD9  8430    6       369     4704    4655    368     4946    4948    +E8430  
+E8430  4775    388     4950    
CQUAD9  8432    6       409     4656    4705    4649    4951    4952    +E8432  
+E8432  4953    4913    4954    
CQUAD9  8434    6       4656    340     341     4705    4955    352     +E8434  
+E8434  4956    4952    4957    
CQUAD9  8436    6       4649    4705    341     11      4953    4956    +E8436  
+E8436  353     4908    4958    
CQUAD9  8438    6       340     4656    4706    4657    4955    4959    +E8438  
+E8438  4960    4745    4961    
CQUAD9  8440    6       4656    409     408     4706    4951    428     +E8440  
+E8440  4962    4959    4963    
CQUAD9  8442    6       4657    4706    408     407     4960    4962    +E8442  
+E8442  427     4749    4964    
CQUAD9  8444    7       4967    4973    4976    4975    5011    5012    +E8444  
+E8444  5013    5014    5015    
CQUAD9  8446    7       4973    362     361     4976    5016    381     +E8446  
+E8446  5017    5012    5018    
CQUAD9  8448    7       4976    361     13      4974    5017    380     +E8448  
+E8448  5019    5020    5021    
CQUAD9  8450    7       4975    4976    4974    4971    5013    5020    +E8450  
+E8450  5022    5023    5024    
CQUAD9  8452    7       4971    4977    4979    4975    5025    5026    +E8452  
+E8452  5027    5023    5028    
CQUAD9  8454    7       4977    14      439     4979    5029    446     +E8454  
+E8454  5030    5026    5031    
CQUAD9  8456    7       4979    439     440     4978    5030    447     +E8456  
+E8456  5032    5033    5034    
CQUAD9  8458    7       4975    4979    4978    4967    5027    5033    +E8458  
+E8458  5035    5014    5036    
CQUAD9  8460    7       4972    4980    4983    4982    5037    5038    +E8460  
+E8460  5039    5040    5041    
CQUAD9  8462    7       4980    442     443     4983    5042    450     +E8462  
+E8462  5043    5038    5044    
CQUAD9  8464    7       4983    443     444     4981    5043    451     +E8464  
+E8464  5045    5046    5047    
CQUAD9  8466    7       4982    4983    4981    4968    5039    5046    +E8466  
+E8466  5048    5049    5050    
CQUAD9  8468    7       4972    4982    4986    4985    5040    5051    +E8468  
+E8468  5052    5053    5054    
CQUAD9  8470    7       4982    4968    4984    4986    5049    5055    +E8470  
+E8470  5056    5051    5057    
CQUAD9  8472    7       4986    4984    374     373     5056    5058    +E8472  
+E8472  393     5059    5060    
CQUAD9  8474    7       4985    4986    373     372     5052    5059    +E8474  
+E8474  392     5061    5062    
CQUAD9  8476    7       372     371     4988    4985    391     5063    +E8476  
+E8476  5064    5061    5065    
CQUAD9  8478    7       371     370     369     4988    390     389     +E8478  
+E8478  5066    5063    5067    
CQUAD9  8480    7       4988    369     368     4987    5066    388     +E8480  
+E8480  5068    5069    5070    
CQUAD9  8482    7       4985    4988    4987    4972    5064    5069    +E8482  
+E8482  5071    5053    5072    
CQUAD9  8484    7       4966    4989    4992    4991    5073    5074    +E8484  
+E8484  5075    5076    5077    
CQUAD9  8486    7       4989    366     365     4992    5078    385     +E8486  
+E8486  5079    5074    5080    
CQUAD9  8488    7       4992    365     364     4990    5079    384     +E8488  
+E8488  5081    5082    5083    
CQUAD9  8490    7       4991    4992    4990    4970    5075    5082    +E8490  
+E8490  5084    5085    5086    
CQUAD9  8492    7       4968    4993    4995    4984    5087    5088    +E8492  
+E8492  5089    5055    5090    
CQUAD9  8494    7       4993    4969    4994    4995    5091    5092    +E8494  
+E8494  5093    5088    5094    
CQUAD9  8496    7       4995    4994    376     375     5093    5095    +E8496  
+E8496  395     5096    5097    
CQUAD9  8498    7       4984    4995    375     374     5089    5096    +E8498  
+E8498  394     5058    5098    
CQUAD9  8500    7       4968    4981    4998    4993    5048    5099    +E8500  
+E8500  5100    5087    5101    
CQUAD9  8502    7       4981    444     4996    4998    5045    5102    +E8502  
+E8502  5103    5099    5104    
CQUAD9  8504    7       4998    4996    4965    4997    5103    5105    +E8504  
+E8504  5106    5107    5108    
CQUAD9  8506    7       4993    4998    4997    4969    5100    5107    +E8506  
+E8506  5109    5091    5110    
CQUAD9  8508    7       4966    4991    5001    5000    5076    5111    +E8508  
+E8508  5112    5113    5114    
CQUAD9  8510    7       4991    4970    4999    5001    5085    5115    +E8510  
+E8510  5116    5111    5117    
CQUAD9  8512    7       5001    4999    4967    4978    5116    5118    +E8512  
+E8512  5035    5119    5120    
CQUAD9  8514    7       5000    5001    4978    440     5112    5119    +E8514  
+E8514  5032    5121    5122    
CQUAD9  8516    7       440     441     5003    5000    448     5123    +E8516  
+E8516  5124    5121    5125    
CQUAD9  8518    7       441     442     4980    5003    449     5042    +E8518  
+E8518  5126    5123    5127    
CQUAD9  8520    7       5003    4980    4972    5002    5126    5037    +E8520  
+E8520  5128    5129    5130    
CQUAD9  8522    7       5000    5003    5002    4966    5124    5129    +E8522  
+E8522  5131    5113    5132    
CQUAD9  8524    7       444     445     5005    4996    452     5133    +E8524  
+E8524  5134    5102    5135    
CQUAD9  8526    7       445     14      4977    5005    453     5029    +E8526  
+E8526  5136    5133    5137    
CQUAD9  8528    7       5005    4977    4971    5004    5136    5025    +E8528  
+E8528  5138    5139    5140    
CQUAD9  8530    7       4996    5005    5004    4965    5134    5139    +E8530  
+E8530  5141    5105    5142    
CQUAD9  8532    7       362     4973    5006    363     5016    5143    +E8532  
+E8532  5144    382     5145    
CQUAD9  8534    7       4973    4967    4999    5006    5011    5118    +E8534  
+E8534  5146    5143    5147    
CQUAD9  8536    7       5006    4999    4970    4990    5146    5115    +E8536  
+E8536  5084    5148    5149    
CQUAD9  8538    7       363     5006    4990    364     5144    5148    +E8538  
+E8538  5081    383     5150    
CQUAD9  8540    7       378     377     5008    5007    397     5151    +E8540  
+E8540  5152    5153    5154    
CQUAD9  8542    7       377     376     4994    5008    396     5095    +E8542  
+E8542  5155    5151    5156    
CQUAD9  8544    7       5008    4994    4969    4997    5155    5092    +E8544  
+E8544  5109    5157    5158    
CQUAD9  8546    7       5007    5008    4997    4965    5152    5157    +E8546  
+E8546  5106    5159    5160    
CQUAD9  8548    7       13      379     5009    4974    399     5161    +E8548  
+E8548  5162    5019    5163    
CQUAD9  8550    7       379     378     5007    5009    398     5153    +E8550  
+E8550  5164    5161    5165    
CQUAD9  8552    7       5009    5007    4965    5004    5164    5159    +E8552  
+E8552  5141    5166    5167    
CQUAD9  8554    7       4974    5009    5004    4971    5162    5166    +E8554  
+E8554  5138    5022    5168    
CQUAD9  8556    7       366     4989    5010    367     5078    5169    +E8556  
+E8556  5170    386     5171    
CQUAD9  8558    7       4989    4966    5002    5010    5073    5131    +E8558  
+E8558  5172    5169    5173    
CQUAD9  8560    7       5010    5002    4972    4987    5172    5128    +E8560  
+E8560  5071    5174    5175    
CQUAD9  8562    7       367     5010    4987    368     5170    5174    +E8562  
+E8562  5068    387     5176    
CQUAD9  8564    8       5179    5185    5188    5187    5223    5224    +E8564  
+E8564  5225    5226    5227    
CQUAD9  8566    8       5185    5183    5186    5188    5228    5229    +E8566  
+E8566  5230    5224    5231    
CQUAD9  8568    8       5188    5186    12      400     5230    5232    +E8568  
+E8568  419     5233    5234    
CQUAD9  8570    8       5187    5188    400     401     5225    5233    +E8570  
+E8570  420     5235    5236    
CQUAD9  8572    8       5183    5185    5191    5190    5228    5237    +E8572  
+E8572  5238    5239    5240    
CQUAD9  8574    8       5185    5179    5189    5191    5223    5241    +E8574  
+E8574  5242    5237    5243    
CQUAD9  8576    8       5191    5189    455     454     5242    5244    +E8576  
+E8576  462     5245    5246    
CQUAD9  8578    8       5190    5191    454     15      5238    5245    +E8578  
+E8578  461     5247    5248    
CQUAD9  8580    8       5184    5192    5195    5194    5249    5250    +E8580  
+E8580  5251    5252    5253    
CQUAD9  8582    8       5192    5180    5193    5195    5254    5255    +E8582  
+E8582  5256    5250    5257    
CQUAD9  8584    8       5195    5193    459     458     5256    5258    +E8584  
+E8584  466     5259    5260    
CQUAD9  8586    8       5194    5195    458     457     5251    5259    +E8586  
+E8586  465     5261    5262    
CQUAD9  8588    8       5184    5196    5198    5192    5263    5264    +E8588  
+E8588  5265    5249    5266    
CQUAD9  8590    8       5196    411     412     5198    5267    431     +E8590  
+E8590  5268    5264    5269    
CQUAD9  8592    8       5198    412     413     5197    5268    432     +E8592  
+E8592  5270    5271    5272    
CQUAD9  8594    8       5192    5198    5197    5180    5265    5271    +E8594  
+E8594  5273    5254    5274    
CQUAD9  8596    8       411     5196    5200    410     5267    5275    +E8596  
+E8596  5276    430     5277    
CQUAD9  8598    8       5196    5184    5199    5200    5263    5278    +E8598  
+E8598  5279    5275    5280    
CQUAD9  8600    8       5200    5199    407     408     5279    5281    +E8600  
+E8600  427     5282    5283    
CQUAD9  8602    8       410     5200    408     409     5276    5282    +E8602  
+E8602  428     429     5284    
CQUAD9  8604    8       5178    5201    5204    5203    5285    5286    +E8604  
+E8604  5287    5288    5289    
CQUAD9  8606    8       5201    5182    5202    5204    5290    5291    +E8606  
+E8606  5292    5286    5293    
CQUAD9  8608    8       5204    5202    403     404     5292    5294    +E8608  
+E8608  423     5295    5296    
CQUAD9  8610    8       5203    5204    404     405     5287    5295    +E8610  
+E8610  424     5297    5298    
CQUAD9  8612    8       5180    5197    5207    5206    5273    5299    +E8612  
+E8612  5300    5301    5302    
CQUAD9  8614    8       5197    413     414     5207    5270    433     +E8614  
+E8614  5303    5299    5304    
CQUAD9  8616    8       5207    414     415     5205    5303    434     +E8616  
+E8616  5305    5306    5307    
CQUAD9  8618    8       5206    5207    5205    5181    5300    5306    +E8618  
+E8618  5308    5309    5310    
CQUAD9  8620    8       5180    5206    5210    5193    5301    5311    +E8620  
+E8620  5312    5255    5313    
CQUAD9  8622    8       5206    5181    5208    5210    5309    5314    +E8622  
+E8622  5315    5311    5316    
CQUAD9  8624    8       5210    5208    5177    5209    5315    5317    +E8624  
+E8624  5318    5319    5320    
CQUAD9  8626    8       5193    5210    5209    459     5312    5319    +E8626  
+E8626  5321    5258    5322    
CQUAD9  8628    8       5178    5211    5213    5201    5323    5324    +E8628  
+E8628  5325    5285    5326    
CQUAD9  8630    8       5211    455     5189    5213    5327    5244    +E8630  
+E8630  5328    5324    5329    
CQUAD9  8632    8       5213    5189    5179    5212    5328    5241    +E8632  
+E8632  5330    5331    5332    
CQUAD9  8634    8       5201    5213    5212    5182    5325    5331    +E8634  
+E8634  5333    5290    5334    
CQUAD9  8636    8       455     5211    5215    456     5327    5335    +E8636  
+E8636  5336    463     5337    
CQUAD9  8638    8       5211    5178    5214    5215    5323    5338    +E8638  
+E8638  5339    5335    5340    
CQUAD9  8640    8       5215    5214    5184    5194    5339    5341    +E8640  
+E8640  5252    5342    5343    
CQUAD9  8642    8       456     5215    5194    457     5336    5342    +E8642  
+E8642  5261    464     5344    
CQUAD9  8644    8       459     5209    5217    460     5321    5345    +E8644  
+E8644  5346    467     5347    
CQUAD9  8646    8       5209    5177    5216    5217    5318    5348    +E8646  
+E8646  5349    5345    5350    
CQUAD9  8648    8       5217    5216    5183    5190    5349    5351    +E8648  
+E8648  5239    5352    5353    
CQUAD9  8650    8       460     5217    5190    15      5346    5352    +E8650  
+E8650  5247    468     5354    
CQUAD9  8652    8       401     402     5218    5187    421     5355    +E8652  
+E8652  5356    5235    5357    
CQUAD9  8654    8       402     403     5202    5218    422     5294    +E8654  
+E8654  5358    5355    5359    
CQUAD9  8656    8       5218    5202    5182    5212    5358    5291    +E8656  
+E8656  5333    5360    5361    
CQUAD9  8658    8       5187    5218    5212    5179    5356    5360    +E8658  
+E8658  5330    5226    5362    
CQUAD9  8660    8       417     5219    5220    416     5363    5364    +E8660  
+E8660  5365    436     5366    
CQUAD9  8662    8       5219    5177    5208    5220    5367    5317    +E8662  
+E8662  5368    5364    5369    
CQUAD9  8664    8       5220    5208    5181    5205    5368    5314    +E8664  
+E8664  5308    5370    5371    
CQUAD9  8666    8       416     5220    5205    415     5365    5370    +E8666  
+E8666  5305    435     5372    
CQUAD9  8668    8       12      5186    5221    418     5232    5373    +E8668  
+E8668  5374    438     5375    
CQUAD9  8670    8       5186    5183    5216    5221    5229    5351    +E8670  
+E8670  5376    5373    5377    
CQUAD9  8672    8       5221    5216    5177    5219    5376    5348    +E8672  
+E8672  5367    5378    5379    
CQUAD9  8674    8       418     5221    5219    417     5374    5378    +E8674  
+E8674  5363    437     5380    
CQUAD9  8676    8       405     406     5222    5203    425     5381    +E8676  
+E8676  5382    5297    5383    
CQUAD9  8678    8       406     407     5199    5222    426     5281    +E8678  
+E8678  5384    5381    5385    
CQUAD9  8680    8       5222    5199    5184    5214    5384    5278    +E8680  
+E8680  5341    5386    5387    
CQUAD9  8682    8       5203    5222    5214    5178    5382    5386    +E8682  
+E8682  5338    5288    5388    
CQUAD9  8684    9       455     5400    5402    454     5442    5443    +E8684  
+E8684  5444    462     5445    
CQUAD9  8686    9       5400    5392    5401    5402    5446    5447    +E8686  
+E8686  5448    5443    5449    
CQUAD9  8688    9       5402    5401    470     471     5448    5450    +E8688  
+E8688  474     5451    5452    
CQUAD9  8690    9       454     5402    471     15      5444    5451    +E8690  
+E8690  475     461     5453    
CQUAD9  8692    9       14      5403    5406    439     5454    5455    +E8692  
+E8692  5456    446     5457    
CQUAD9  8694    9       5403    5393    5404    5406    5458    5459    +E8694  
+E8694  5460    5455    5461    
CQUAD9  8696    9       5406    5404    5391    5405    5460    5462    +E8696  
+E8696  5463    5464    5465    
CQUAD9  8698    9       439     5406    5405    440     5456    5464    +E8698  
+E8698  5466    447     5467    
CQUAD9  8700    9       470     469     5409    5408    473     5468    +E8700  
+E8700  5469    5470    5471    
CQUAD9  8702    9       469     14      445     5409    472     453     +E8702  
+E8702  5472    5468    5473    
CQUAD9  8704    9       5409    445     444     5407    5472    452     +E8704  
+E8704  5474    5475    5476    
CQUAD9  8706    9       5408    5409    5407    5394    5469    5475    +E8706  
+E8706  5477    5478    5479    
CQUAD9  8708    9       15      5410    5413    460     5480    5481    +E8708  
+E8708  5482    468     5483    
CQUAD9  8710    9       5410    5395    5411    5413    5484    5485    +E8710  
+E8710  5486    5481    5487    
CQUAD9  8712    9       5413    5411    5389    5412    5486    5488    +E8712  
+E8712  5489    5490    5491    
CQUAD9  8714    9       460     5413    5412    459     5482    5490    +E8714  
+E8714  5492    467     5493    
CQUAD9  8716    9       442     5414    5417    443     5494    5495    +E8716  
+E8716  5496    450     5497    
CQUAD9  8718    9       5414    5396    5415    5417    5498    5499    +E8718  
+E8718  5500    5495    5501    
CQUAD9  8720    9       5417    5415    5389    5416    5500    5502    +E8720  
+E8720  5503    5504    5505    
CQUAD9  8722    9       443     5417    5416    444     5496    5504    +E8722  
+E8722  5506    451     5507    
CQUAD9  8724    9       457     458     5420    5419    465     5508    +E8724  
+E8724  5509    5510    5511    
CQUAD9  8726    9       458     459     5412    5420    466     5492    +E8726  
+E8726  5512    5508    5513    
CQUAD9  8728    9       5420    5412    5389    5418    5512    5489    +E8728  
+E8728  5514    5515    5516    
CQUAD9  8730    9       5419    5420    5418    5397    5509    5515    +E8730  
+E8730  5517    5518    5519    
CQUAD9  8732    9       442     441     5423    5422    449     5520    +E8732  
+E8732  5521    5522    5523    
CQUAD9  8734    9       441     440     5405    5423    448     5466    +E8734  
+E8734  5524    5520    5525    
CQUAD9  8736    9       5423    5405    5391    5421    5524    5463    +E8736  
+E8736  5526    5527    5528    
CQUAD9  8738    9       5422    5423    5421    5398    5521    5527    +E8738  
+E8738  5529    5530    5531    
CQUAD9  8740    9       457     5424    5427    456     5532    5533    +E8740  
+E8740  5534    464     5535    
CQUAD9  8742    9       5424    5399    5425    5427    5536    5537    +E8742  
+E8742  5538    5533    5539    
CQUAD9  8744    9       5427    5425    5391    5426    5538    5540    +E8744  
+E8744  5541    5542    5543    
CQUAD9  8746    9       456     5427    5426    455     5534    5542    +E8746  
+E8746  5544    463     5545    
CQUAD9  8748    9       15      471     5429    5410    475     5546    +E8748  
+E8748  5547    5480    5548    
CQUAD9  8750    9       471     470     5408    5429    474     5470    +E8750  
+E8750  5549    5546    5550    
CQUAD9  8752    9       5429    5408    5394    5428    5549    5478    +E8752  
+E8752  5551    5552    5553    
CQUAD9  8754    9       5410    5429    5428    5395    5547    5552    +E8754  
+E8754  5554    5484    5555    
CQUAD9  8756    9       444     5416    5430    5407    5506    5556    +E8756  
+E8756  5557    5474    5558    
CQUAD9  8758    9       5416    5389    5411    5430    5503    5488    +E8758  
+E8758  5559    5556    5560    
CQUAD9  8760    9       5430    5411    5395    5428    5559    5485    +E8760  
+E8760  5554    5561    5562    
CQUAD9  8762    9       5407    5430    5428    5394    5557    5561    +E8762  
+E8762  5551    5477    5563    
CQUAD9  8764    9       14      469     5432    5403    472     5564    +E8764  
+E8764  5565    5454    5566    
CQUAD9  8766    9       469     470     5401    5432    473     5450    +E8766  
+E8766  5567    5564    5568    
CQUAD9  8768    9       5432    5401    5392    5431    5567    5447    +E8768  
+E8768  5569    5570    5571    
CQUAD9  8770    9       5403    5432    5431    5393    5565    5570    +E8770  
+E8770  5572    5458    5573    
CQUAD9  8772    9       455     5426    5433    5400    5544    5574    +E8772  
+E8772  5575    5442    5576    
CQUAD9  8774    9       5426    5391    5404    5433    5541    5462    +E8774  
+E8774  5577    5574    5578    
CQUAD9  8776    9       5433    5404    5393    5431    5577    5459    +E8776  
+E8776  5572    5579    5580    
CQUAD9  8778    9       5400    5433    5431    5392    5575    5579    +E8778  
+E8778  5569    5446    5581    
CQUAD9  8780    9       5390    5434    5436    5435    5582    5583    +E8780  
+E8780  5584    5585    5586    
CQUAD9  8782    9       5434    5398    5421    5436    5587    5529    +E8782  
+E8782  5588    5583    5589    
CQUAD9  8784    9       5436    5421    5391    5425    5588    5526    +E8784  
+E8784  5540    5590    5591    
CQUAD9  8786    9       5435    5436    5425    5399    5584    5590    +E8786  
+E8786  5537    5592    5593    
CQUAD9  8788    9       5389    5415    5439    5418    5502    5594    +E8788  
+E8788  5595    5514    5596    
CQUAD9  8790    9       5415    5396    5437    5439    5499    5597    +E8790  
+E8790  5598    5594    5599    
CQUAD9  8792    9       5439    5437    5390    5438    5598    5600    +E8792  
+E8792  5601    5602    5603    
CQUAD9  8794    9       5418    5439    5438    5397    5595    5602    +E8794  
+E8794  5604    5517    5605    
CQUAD9  8796    9       442     5422    5440    5414    5522    5606    +E8796  
+E8796  5607    5494    5608    
CQUAD9  8798    9       5422    5398    5434    5440    5530    5587    +E8798  
+E8798  5609    5606    5610    
CQUAD9  8800    9       5440    5434    5390    5437    5609    5582    +E8800  
+E8800  5600    5611    5612    
CQUAD9  8802    9       5414    5440    5437    5396    5607    5611    +E8802  
+E8802  5597    5498    5613    
CQUAD9  8804    9       457     5419    5441    5424    5510    5614    +E8804  
+E8804  5615    5532    5616    
CQUAD9  8806    9       5419    5397    5438    5441    5518    5604    +E8806  
+E8806  5617    5614    5618    
CQUAD9  8808    9       5441    5438    5390    5435    5617    5601    +E8808  
+E8808  5585    5619    5620    
CQUAD9  8810    9       5424    5441    5435    5399    5615    5619    +E8810  
+E8810  5592    5536    5621    
ENDDATA
