$ Created by Gmsh
GRID*   1               0               0.27816736      0.1606          *N1     
*N1     0.9             
GRID*   2               0               0.149168465     -0.28476736     *N2     
*N2     0.4564          
GRID*   3               0               0.149168465     -0.28476736     *N3     
*N3     0.448957057     
GRID*   4               0               0.17191722      -0.27163336     *N4     
*N4     0.4564          
GRID*   5               0               0.172031535     -0.27156736     *N5     
*N5     0.4564          
GRID*   6               0               0.14928278      -0.28470136     *N6     
*N6     0.4564          
GRID*   7               0               0.167134        -0.28948458     *N7     
*N7     0.452938775     
GRID*   8               0               0.1606          -0.27816736     *N8     
*N8     0.4531          
GRID*   9               0               0.1606          -0.27816736     *N9     
*N9     0.4069          
GRID*   10              0               0.172031535     -0.27156736     *N10    
*N10    0.448957057     
GRID*   11              0               0.167134        -0.28948458     *N11    
*N11    0.87442136      
GRID*   12              0               0.1606          -0.29136736     *N12    
*N12    0.9264          
GRID*   13              0               0.1606          -0.26496736     *N13    
*N13    0.9264          
GRID*   14              0               0.1606          -0.26496736     *N14    
*N14    0.9066          
GRID*   15              0               0.1606          -0.29136736     *N15    
*N15    0.9066          
GRID*   16              0               0.152584876     -0.290684758    *N16    
*N16    0.455500442     
GRID*   17              0               0.155768465     -0.296198895    *N17    
*N17    0.452863071     
GRID*   18              0               0.158502274     -0.300933992    *N18    
*N18    0.448667619     
GRID*   19              0               0.1606          -0.30456736     *N19    
*N19    0.4432          
GRID*   20              0               0.161918686     -0.30685139     *N20    
*N20    0.436832823     
GRID*   21              0               0.162368465     -0.30763043     *N21    
*N21    0.43            
GRID*   22              0               0.161918686     -0.30685139     *N22    
*N22    0.423167177     
GRID*   23              0               0.1606          -0.30456736     *N23    
*N23    0.4168          
GRID*   24              0               0.158502274     -0.300933992    *N24    
*N24    0.411332381     
GRID*   25              0               0.155768465     -0.296198895    *N25    
*N25    0.407136929     
GRID*   26              0               0.152584876     -0.290684758    *N26    
*N26    0.404499558     
GRID*   27              0               0.149168465     -0.28476736     *N27    
*N27    0.4036          
GRID*   28              0               0.145752053     -0.278849962    *N28    
*N28    0.404499558     
GRID*   29              0               0.142568465     -0.273335824    *N29    
*N29    0.407136929     
GRID*   30              0               0.139834655     -0.268600727    *N30    
*N30    0.411332381     
GRID*   31              0               0.137736929     -0.26496736     *N31    
*N31    0.4168          
GRID*   32              0               0.136418244     -0.262683329    *N32    
*N32    0.423167177     
GRID*   33              0               0.135968465     -0.261904289    *N33    
*N33    0.43            
GRID*   34              0               0.136418244     -0.262683329    *N34    
*N34    0.436832823     
GRID*   35              0               0.137736929     -0.26496736     *N35    
*N35    0.4432          
GRID*   36              0               0.139834655     -0.268600727    *N36    
*N36    0.448667619     
GRID*   37              0               0.142568465     -0.273335824    *N37    
*N37    0.452863071     
GRID*   38              0               0.145752053     -0.278849962    *N38    
*N38    0.455500442     
GRID*   39              0               0.15089141      -0.287751589    *N39    
*N39    0.456174144     
GRID*   40              0               0.154219886     -0.293516678    *N40    
*N40    0.45439042      
GRID*   41              0               0.157204116     -0.298685515    *N41    
*N41    0.450944528     
GRID*   42              0               0.159640729     -0.302905853    *N42    
*N42    0.446071302     
GRID*   43              0               0.161363674     -0.305890083    *N43    
*N43    0.440102843     
GRID*   44              0               0.162255537     -0.307434834    *N44    
*N44    0.433445891     
GRID*   45              0               0.162255537     -0.307434834    *N45    
*N45    0.426554109     
GRID*   46              0               0.161363674     -0.305890083    *N46    
*N46    0.419897157     
GRID*   47              0               0.159640729     -0.302905853    *N47    
*N47    0.413928698     
GRID*   48              0               0.157204116     -0.298685515    *N48    
*N48    0.409055472     
GRID*   49              0               0.154219886     -0.293516678    *N49    
*N49    0.40560958      
GRID*   50              0               0.15089141      -0.287751589    *N50    
*N50    0.403825856     
GRID*   51              0               0.147445519     -0.28178313     *N51    
*N51    0.403825856     
GRID*   52              0               0.144117043     -0.276018041    *N52    
*N52    0.40560958      
GRID*   53              0               0.141132814     -0.270849204    *N53    
*N53    0.409055472     
GRID*   54              0               0.138696201     -0.266628866    *N54    
*N54    0.413928698     
GRID*   55              0               0.136973255     -0.263644637    *N55    
*N55    0.419897157     
GRID*   56              0               0.136081392     -0.262099886    *N56    
*N56    0.426554109     
GRID*   57              0               0.136081392     -0.262099886    *N57    
*N57    0.433445891     
GRID*   58              0               0.136973255     -0.263644637    *N58    
*N58    0.440102843     
GRID*   59              0               0.138696201     -0.266628866    *N59    
*N59    0.446071302     
GRID*   60              0               0.141132814     -0.270849204    *N60    
*N60    0.450944528     
GRID*   61              0               0.144117043     -0.276018041    *N61    
*N61    0.45439042      
GRID*   62              0               0.147445519     -0.28178313     *N62    
*N62    0.456174144     
GRID*   63              0               0.152097491     -0.289840582    *N63    
*N63    0.448029232     
GRID*   64              0               0.154739804     -0.294417202    *N64    
*N64    0.445336581     
GRID*   65              0               0.156836755     -0.298049229    *N65    
*N65    0.441142678     
GRID*   66              0               0.158183081     -0.300381133    *N66    
*N66    0.435858053     
GRID*   67              0               0.158646993     -0.301184652    *N67    
*N67    0.43            
GRID*   68              0               0.158183081     -0.300381133    *N68    
*N68    0.424141947     
GRID*   69              0               0.156836755     -0.298049229    *N69    
*N69    0.418857322     
GRID*   70              0               0.154739804     -0.294417202    *N70    
*N70    0.414663419     
GRID*   71              0               0.152097491     -0.289840582    *N71    
*N71    0.411970768     
GRID*   72              0               0.149168465     -0.28476736     *N72    
*N72    0.411042943     
GRID*   73              0               0.146239438     -0.279694137    *N73    
*N73    0.411970768     
GRID*   74              0               0.143597125     -0.275117517    *N74    
*N74    0.414663419     
GRID*   75              0               0.141500174     -0.271485491    *N75    
*N75    0.418857322     
GRID*   76              0               0.140153849     -0.269153586    *N76    
*N76    0.424141947     
GRID*   77              0               0.139689936     -0.268350067    *N77    
*N77    0.43            
GRID*   78              0               0.140153849     -0.269153586    *N78    
*N78    0.435858053     
GRID*   79              0               0.141500174     -0.271485491    *N79    
*N79    0.441142678     
GRID*   80              0               0.143597125     -0.275117517    *N80    
*N80    0.445336581     
GRID*   81              0               0.146239438     -0.279694137    *N81    
*N81    0.448029232     
GRID*   82              0               0.150651233     -0.28733559     *N82    
*N82    0.448723664     
GRID*   83              0               0.153471627     -0.292220655    *N83    
*N83    0.446890861     
GRID*   84              0               0.155870796     -0.296376139    *N84    
*N84    0.443404663     
GRID*   85              0               0.157613895     -0.299395275    *N85    
*N85    0.438606324     
GRID*   86              0               0.158530297     -0.300982528    *N86    
*N86    0.432965537     
GRID*   87              0               0.158530297     -0.300982528    *N87    
*N87    0.427034463     
GRID*   88              0               0.157613895     -0.299395275    *N88    
*N88    0.421393676     
GRID*   89              0               0.155870796     -0.296376139    *N89    
*N89    0.416595337     
GRID*   90              0               0.153471627     -0.292220655    *N90    
*N90    0.413109139     
GRID*   91              0               0.150651233     -0.28733559     *N91    
*N91    0.411276336     
GRID*   92              0               0.147685696     -0.282199129    *N92    
*N92    0.411276336     
GRID*   93              0               0.144865303     -0.277314065    *N93    
*N93    0.413109139     
GRID*   94              0               0.142466133     -0.273158581    *N94    
*N94    0.416595337     
GRID*   95              0               0.140723034     -0.270139445    *N95    
*N95    0.421393676     
GRID*   96              0               0.139806633     -0.268552191    *N96    
*N96    0.427034463     
GRID*   97              0               0.139806633     -0.268552191    *N97    
*N97    0.432965537     
GRID*   98              0               0.140723034     -0.270139445    *N98    
*N98    0.438606324     
GRID*   99              0               0.142466133     -0.273158581    *N99    
*N99    0.443404663     
GRID*   100             0               0.144865303     -0.277314065    *N100   
*N100   0.446890861     
GRID*   101             0               0.147685696     -0.282199129    *N101   
*N101   0.448723664     
GRID*   102             0               0.171945799     -0.27161686     *N102   
*N102   0.4564          
GRID*   103             0               0.171974378     -0.27160036     *N103   
*N103   0.4564          
GRID*   104             0               0.172002956     -0.27158386     *N104   
*N104   0.4564          
GRID*   105             0               0.171931509     -0.27162511     *N105   
*N105   0.4564          
GRID*   106             0               0.171960088     -0.27160861     *N106   
*N106   0.4564          
GRID*   107             0               0.171988667     -0.27159211     *N107   
*N107   0.4564          
GRID*   108             0               0.172017246     -0.27157561     *N108   
*N108   0.4564          
GRID*   109             0               0.168508489     -0.267764071    *N109   
*N109   0.45591147      
GRID*   110             0               0.163972458     -0.265542022    *N110   
*N110   0.454727338     
GRID*   111             0               0.158945949     -0.265204461    *N111   
*N111   0.453487864     
GRID*   112             0               0.154065999     -0.26685014     *N112   
*N112   0.452938775     
GRID*   113             0               0.150200991     -0.270253244    *N113   
*N113   0.45348781      
GRID*   114             0               0.147979908     -0.274775325    *N114   
*N114   0.454727338     
GRID*   115             0               0.147636251     -0.279814726    *N115   
*N115   0.45591148      
GRID*   116             0               0.170398413     -0.269520757    *N116   
*N116   0.456272747     
GRID*   117             0               0.166338187     -0.266426583    *N117   
*N117   0.455371021     
GRID*   118             0               0.16148516      -0.265129372    *N118   
*N118   0.454067963     
GRID*   119             0               0.156436955     -0.265780202    *N119   
*N119   0.453084336     
GRID*   120             0               0.151954487     -0.268367986    *N120   
*N120   0.453084254     
GRID*   121             0               0.14886623      -0.272414859    *N121   
*N121   0.454067941     
GRID*   122             0               0.147563094     -0.277266413    *N122   
*N122   0.455371028     
GRID*   123             0               0.148212628     -0.282329766    *N123   
*N123   0.45627275      
GRID*   124             0               0.149197044     -0.28475086     *N124   
*N124   0.4564          
GRID*   125             0               0.149225622     -0.28473436     *N125   
*N125   0.4564          
GRID*   126             0               0.149254201     -0.28471786     *N126   
*N126   0.4564          
GRID*   127             0               0.149182754     -0.28475911     *N127   
*N127   0.4564          
GRID*   128             0               0.149211333     -0.28474261     *N128   
*N128   0.4564          
GRID*   129             0               0.149239912     -0.28472611     *N129   
*N129   0.4564          
GRID*   130             0               0.149268491     -0.28470961     *N130   
*N130   0.4564          
GRID*   131             0               0.152691507     -0.288570646    *N131   
*N131   0.455911471     
GRID*   132             0               0.157227542     -0.290792697    *N132   
*N132   0.454727338     
GRID*   133             0               0.162254708     -0.291130175    *N133   
*N133   0.453487733     
GRID*   134             0               0.150801595     -0.28681397     *N134   
*N134   0.456272746     
GRID*   135             0               0.154861815     -0.289908137    *N135   
*N135   0.455371021     
GRID*   136             0               0.159715167     -0.29120537     *N136   
*N136   0.45406788      
GRID*   137             0               0.164763518     -0.290554358    *N137   
*N137   0.453084281     
GRID*   138             0               0.173563757     -0.276520046    *N138   
*N138   0.455911471     
GRID*   139             0               0.173220092     -0.281559394    *N139   
*N139   0.454727338     
GRID*   140             0               0.170998773     -0.286081787    *N140   
*N140   0.453487733     
GRID*   141             0               0.172987387     -0.274004997    *N141   
*N141   0.456272746     
GRID*   142             0               0.173636904     -0.279068334    *N142   
*N142   0.455371021     
GRID*   143             0               0.172333664     -0.283920077    *N143   
*N143   0.45406788      
GRID*   144             0               0.169245696     -0.287966572    *N144   
*N144   0.453084281     
GRID*   145             0               0.175447947     -0.277484758    *N145   
*N145   0.455500442     
GRID*   146             0               0.178631535     -0.282998895    *N146   
*N146   0.452863071     
GRID*   147             0               0.181365345     -0.287733992    *N147   
*N147   0.448667619     
GRID*   148             0               0.183463071     -0.29136736     *N148   
*N148   0.4432          
GRID*   149             0               0.184781756     -0.29365139     *N149   
*N149   0.436832823     
GRID*   150             0               0.185231535     -0.29443043     *N150   
*N150   0.43            
GRID*   151             0               0.184781756     -0.29365139     *N151   
*N151   0.423167177     
GRID*   152             0               0.183463071     -0.29136736     *N152   
*N152   0.4168          
GRID*   153             0               0.181365345     -0.287733992    *N153   
*N153   0.411332381     
GRID*   154             0               0.178631535     -0.282998895    *N154   
*N154   0.407136929     
GRID*   155             0               0.175447947     -0.277484758    *N155   
*N155   0.404499558     
GRID*   156             0               0.172031535     -0.27156736     *N156   
*N156   0.4036          
GRID*   157             0               0.168615124     -0.265649962    *N157   
*N157   0.404499558     
GRID*   158             0               0.165431535     -0.260135824    *N158   
*N158   0.407136929     
GRID*   159             0               0.162697726     -0.255400727    *N159   
*N159   0.411332381     
GRID*   160             0               0.1606          -0.25176736     *N160   
*N160   0.4168          
GRID*   161             0               0.159281314     -0.249483329    *N161   
*N161   0.423167177     
GRID*   162             0               0.158831535     -0.248704289    *N162   
*N162   0.43            
GRID*   163             0               0.159281314     -0.249483329    *N163   
*N163   0.436832823     
GRID*   164             0               0.1606          -0.25176736     *N164   
*N164   0.4432          
GRID*   165             0               0.162697726     -0.255400727    *N165   
*N165   0.448667619     
GRID*   166             0               0.165431535     -0.260135824    *N166   
*N166   0.452863071     
GRID*   167             0               0.168615124     -0.265649962    *N167   
*N167   0.455500442     
GRID*   168             0               0.173754481     -0.274551589    *N168   
*N168   0.456174144     
GRID*   169             0               0.177082957     -0.280316678    *N169   
*N169   0.45439042      
GRID*   170             0               0.180067186     -0.285485515    *N170   
*N170   0.450944528     
GRID*   171             0               0.182503799     -0.289705853    *N171   
*N171   0.446071302     
GRID*   172             0               0.184226745     -0.292690083    *N172   
*N172   0.440102843     
GRID*   173             0               0.185118608     -0.294234834    *N173   
*N173   0.433445891     
GRID*   174             0               0.185118608     -0.294234834    *N174   
*N174   0.426554109     
GRID*   175             0               0.184226745     -0.292690083    *N175   
*N175   0.419897157     
GRID*   176             0               0.182503799     -0.289705853    *N176   
*N176   0.413928698     
GRID*   177             0               0.180067186     -0.285485515    *N177   
*N177   0.409055472     
GRID*   178             0               0.177082957     -0.280316678    *N178   
*N178   0.40560958      
GRID*   179             0               0.173754481     -0.274551589    *N179   
*N179   0.403825856     
GRID*   180             0               0.17030859      -0.26858313     *N180   
*N180   0.403825856     
GRID*   181             0               0.166980114     -0.262818041    *N181   
*N181   0.40560958      
GRID*   182             0               0.163995884     -0.257649204    *N182   
*N182   0.409055472     
GRID*   183             0               0.161559271     -0.253428866    *N183   
*N183   0.413928698     
GRID*   184             0               0.159836326     -0.250444637    *N184   
*N184   0.419897157     
GRID*   185             0               0.158944463     -0.248899886    *N185   
*N185   0.426554109     
GRID*   186             0               0.158944463     -0.248899886    *N186   
*N186   0.433445891     
GRID*   187             0               0.159836326     -0.250444637    *N187   
*N187   0.440102843     
GRID*   188             0               0.161559271     -0.253428866    *N188   
*N188   0.446071302     
GRID*   189             0               0.163995884     -0.257649204    *N189   
*N189   0.450944528     
GRID*   190             0               0.166980114     -0.262818041    *N190   
*N190   0.45439042      
GRID*   191             0               0.17030859      -0.26858313     *N191   
*N191   0.456174144     
GRID*   192             0               0.16358936      -0.283345083    *N192   
*N192   0.407687113     
GRID*   193             0               0.166375        -0.288169953    *N193   
*N193   0.409994813     
GRID*   194             0               0.168767083     -0.292313163    *N194   
*N194   0.413665833     
GRID*   195             0               0.170602593     -0.29549236     *N195   
*N195   0.41845         
GRID*   196             0               0.171756443     -0.297490886    *N196   
*N196   0.42402128      
GRID*   197             0               0.17215         -0.298172547    *N197   
*N197   0.43            
GRID*   198             0               0.171756443     -0.297490886    *N198   
*N198   0.43597872      
GRID*   199             0               0.170602593     -0.29549236     *N199   
*N199   0.44155         
GRID*   200             0               0.168767083     -0.292313163    *N200   
*N200   0.446334167     
GRID*   201             0               0.166375        -0.288169953    *N201   
*N201   0.450005187     
GRID*   202             0               0.16358936      -0.283345083    *N202   
*N202   0.452312887     
GRID*   203             0               0.162107578     -0.280778561    *N203   
*N203   0.407097624     
GRID*   204             0               0.165019994     -0.285823013    *N204   
*N204   0.408658383     
GRID*   205             0               0.167631195     -0.290345746    *N205   
*N205   0.411673538     
GRID*   206             0               0.169763231     -0.294038541    *N206   
*N206   0.415937611     
GRID*   207             0               0.171270809     -0.296649742    *N207   
*N207   0.421160013     
GRID*   208             0               0.172051188     -0.298001399    *N208   
*N208   0.426984845     
GRID*   209             0               0.172051188     -0.298001399    *N209   
*N209   0.433015155     
GRID*   210             0               0.171270809     -0.296649742    *N210   
*N210   0.438839987     
GRID*   211             0               0.169763231     -0.294038541    *N211   
*N211   0.444062389     
GRID*   212             0               0.167631195     -0.290345746    *N212   
*N212   0.448326462     
GRID*   213             0               0.165019994     -0.285823013    *N213   
*N213   0.451341617     
GRID*   214             0               0.162107578     -0.280778561    *N214   
*N214   0.452902376     
GRID*   215             0               0.1606          -0.27816736     *N215   
*N215   0.4069          
GRID*   216             0               0.1606          -0.27816736     *N216   
*N216   0.4069          
GRID*   217             0               0.1606          -0.27816736     *N217   
*N217   0.4069          
GRID*   218             0               0.1606          -0.27816736     *N218   
*N218   0.4531          
GRID*   219             0               0.1606          -0.27816736     *N219   
*N219   0.4531          
GRID*   220             0               0.1606          -0.27816736     *N220   
*N220   0.4531          
GRID*   221             0               0.174960562     -0.276640582    *N221   
*N221   0.448029232     
GRID*   222             0               0.177602875     -0.281217202    *N222   
*N222   0.445336581     
GRID*   223             0               0.179699826     -0.284849229    *N223   
*N223   0.441142678     
GRID*   224             0               0.181046151     -0.287181133    *N224   
*N224   0.435858053     
GRID*   225             0               0.181510064     -0.287984652    *N225   
*N225   0.43            
GRID*   226             0               0.181046151     -0.287181133    *N226   
*N226   0.424141947     
GRID*   227             0               0.179699826     -0.284849229    *N227   
*N227   0.418857322     
GRID*   228             0               0.177602875     -0.281217202    *N228   
*N228   0.414663419     
GRID*   229             0               0.174960562     -0.276640582    *N229   
*N229   0.411970768     
GRID*   230             0               0.172031535     -0.27156736     *N230   
*N230   0.411042943     
GRID*   231             0               0.169102509     -0.266494137    *N231   
*N231   0.411970768     
GRID*   232             0               0.166460196     -0.261917517    *N232   
*N232   0.414663419     
GRID*   233             0               0.164363245     -0.258285491    *N233   
*N233   0.418857322     
GRID*   234             0               0.163016919     -0.255953586    *N234   
*N234   0.424141947     
GRID*   235             0               0.162553007     -0.255150067    *N235   
*N235   0.43            
GRID*   236             0               0.163016919     -0.255953586    *N236   
*N236   0.435858053     
GRID*   237             0               0.164363245     -0.258285491    *N237   
*N237   0.441142678     
GRID*   238             0               0.166460196     -0.261917517    *N238   
*N238   0.445336581     
GRID*   239             0               0.169102509     -0.266494137    *N239   
*N239   0.448029232     
GRID*   240             0               0.173514304     -0.27413559     *N240   
*N240   0.448723664     
GRID*   241             0               0.176334697     -0.279020655    *N241   
*N241   0.446890861     
GRID*   242             0               0.178733867     -0.283176139    *N242   
*N242   0.443404663     
GRID*   243             0               0.180476966     -0.286195275    *N243   
*N243   0.438606324     
GRID*   244             0               0.181393367     -0.287782528    *N244   
*N244   0.432965537     
GRID*   245             0               0.181393367     -0.287782528    *N245   
*N245   0.427034463     
GRID*   246             0               0.180476966     -0.286195275    *N246   
*N246   0.421393676     
GRID*   247             0               0.178733867     -0.283176139    *N247   
*N247   0.416595337     
GRID*   248             0               0.176334697     -0.279020655    *N248   
*N248   0.413109139     
GRID*   249             0               0.173514304     -0.27413559     *N249   
*N249   0.411276336     
GRID*   250             0               0.170548767     -0.268999129    *N250   
*N250   0.411276336     
GRID*   251             0               0.167728373     -0.264114065    *N251   
*N251   0.413109139     
GRID*   252             0               0.165329204     -0.259958581    *N252   
*N252   0.416595337     
GRID*   253             0               0.163586105     -0.256939445    *N253   
*N253   0.421393676     
GRID*   254             0               0.162669703     -0.255352191    *N254   
*N254   0.427034463     
GRID*   255             0               0.162669703     -0.255352191    *N255   
*N255   0.432965537     
GRID*   256             0               0.163586105     -0.256939445    *N256   
*N256   0.438606324     
GRID*   257             0               0.165329204     -0.259958581    *N257   
*N257   0.443404663     
GRID*   258             0               0.167728373     -0.264114065    *N258   
*N258   0.446890861     
GRID*   259             0               0.170548767     -0.268999129    *N259   
*N259   0.448723664     
GRID*   260             0               0.167134        -0.28948458     *N260   
*N260   0.459963484     
GRID*   261             0               0.167134        -0.28948458     *N261   
*N261   0.466988194     
GRID*   262             0               0.167134        -0.28948458     *N262   
*N262   0.474012904     
GRID*   263             0               0.167134        -0.28948458     *N263   
*N263   0.481037614     
GRID*   264             0               0.167134        -0.28948458     *N264   
*N264   0.488062323     
GRID*   265             0               0.167134        -0.28948458     *N265   
*N265   0.495087033     
GRID*   266             0               0.167134        -0.28948458     *N266   
*N266   0.502111743     
GRID*   267             0               0.167134        -0.28948458     *N267   
*N267   0.509136453     
GRID*   268             0               0.167134        -0.28948458     *N268   
*N268   0.516161162     
GRID*   269             0               0.167134        -0.28948458     *N269   
*N269   0.523185872     
GRID*   270             0               0.167134        -0.28948458     *N270   
*N270   0.530210582     
GRID*   271             0               0.167134        -0.28948458     *N271   
*N271   0.537235292     
GRID*   272             0               0.167134        -0.28948458     *N272   
*N272   0.544260001     
GRID*   273             0               0.167134        -0.28948458     *N273   
*N273   0.551284711     
GRID*   274             0               0.167134        -0.28948458     *N274   
*N274   0.558309421     
GRID*   275             0               0.167134        -0.28948458     *N275   
*N275   0.565334131     
GRID*   276             0               0.167134        -0.28948458     *N276   
*N276   0.57235884      
GRID*   277             0               0.167134        -0.28948458     *N277   
*N277   0.57938355      
GRID*   278             0               0.167134        -0.28948458     *N278   
*N278   0.58640826      
GRID*   279             0               0.167134        -0.28948458     *N279   
*N279   0.59343297      
GRID*   280             0               0.167134        -0.28948458     *N280   
*N280   0.600457679     
GRID*   281             0               0.167134        -0.28948458     *N281   
*N281   0.607482389     
GRID*   282             0               0.167134        -0.28948458     *N282   
*N282   0.614507099     
GRID*   283             0               0.167134        -0.28948458     *N283   
*N283   0.621531809     
GRID*   284             0               0.167134        -0.28948458     *N284   
*N284   0.628556518     
GRID*   285             0               0.167134        -0.28948458     *N285   
*N285   0.635581228     
GRID*   286             0               0.167134        -0.28948458     *N286   
*N286   0.642605938     
GRID*   287             0               0.167134        -0.28948458     *N287   
*N287   0.649630648     
GRID*   288             0               0.167134        -0.28948458     *N288   
*N288   0.656655357     
GRID*   289             0               0.167134        -0.28948458     *N289   
*N289   0.663680067     
GRID*   290             0               0.167134        -0.28948458     *N290   
*N290   0.670704777     
GRID*   291             0               0.167134        -0.28948458     *N291   
*N291   0.677729487     
GRID*   292             0               0.167134        -0.28948458     *N292   
*N292   0.684754196     
GRID*   293             0               0.167134        -0.28948458     *N293   
*N293   0.691778906     
GRID*   294             0               0.167134        -0.28948458     *N294   
*N294   0.698803616     
GRID*   295             0               0.167134        -0.28948458     *N295   
*N295   0.705828326     
GRID*   296             0               0.167134        -0.28948458     *N296   
*N296   0.712853035     
GRID*   297             0               0.167134        -0.28948458     *N297   
*N297   0.719877745     
GRID*   298             0               0.167134        -0.28948458     *N298   
*N298   0.726902455     
GRID*   299             0               0.167134        -0.28948458     *N299   
*N299   0.733927165     
GRID*   300             0               0.167134        -0.28948458     *N300   
*N300   0.740951874     
GRID*   301             0               0.167134        -0.28948458     *N301   
*N301   0.747976584     
GRID*   302             0               0.167134        -0.28948458     *N302   
*N302   0.755001294     
GRID*   303             0               0.167134        -0.28948458     *N303   
*N303   0.762026004     
GRID*   304             0               0.167134        -0.28948458     *N304   
*N304   0.769050713     
GRID*   305             0               0.167134        -0.28948458     *N305   
*N305   0.776075423     
GRID*   306             0               0.167134        -0.28948458     *N306   
*N306   0.783100133     
GRID*   307             0               0.167134        -0.28948458     *N307   
*N307   0.790124843     
GRID*   308             0               0.167134        -0.28948458     *N308   
*N308   0.797149552     
GRID*   309             0               0.167134        -0.28948458     *N309   
*N309   0.804174262     
GRID*   310             0               0.167134        -0.28948458     *N310   
*N310   0.811198972     
GRID*   311             0               0.167134        -0.28948458     *N311   
*N311   0.818223682     
GRID*   312             0               0.167134        -0.28948458     *N312   
*N312   0.825248391     
GRID*   313             0               0.167134        -0.28948458     *N313   
*N313   0.832273101     
GRID*   314             0               0.167134        -0.28948458     *N314   
*N314   0.839297811     
GRID*   315             0               0.167134        -0.28948458     *N315   
*N315   0.846322521     
GRID*   316             0               0.167134        -0.28948458     *N316   
*N316   0.85334723      
GRID*   317             0               0.167134        -0.28948458     *N317   
*N317   0.86037194      
GRID*   318             0               0.167134        -0.28948458     *N318   
*N318   0.86739665      
GRID*   319             0               0.167134        -0.28948458     *N319   
*N319   0.456451129     
GRID*   320             0               0.167134        -0.28948458     *N320   
*N320   0.463475839     
GRID*   321             0               0.167134        -0.28948458     *N321   
*N321   0.470500549     
GRID*   322             0               0.167134        -0.28948458     *N322   
*N322   0.477525259     
GRID*   323             0               0.167134        -0.28948458     *N323   
*N323   0.484549968     
GRID*   324             0               0.167134        -0.28948458     *N324   
*N324   0.491574678     
GRID*   325             0               0.167134        -0.28948458     *N325   
*N325   0.498599388     
GRID*   326             0               0.167134        -0.28948458     *N326   
*N326   0.505624098     
GRID*   327             0               0.167134        -0.28948458     *N327   
*N327   0.512648807     
GRID*   328             0               0.167134        -0.28948458     *N328   
*N328   0.519673517     
GRID*   329             0               0.167134        -0.28948458     *N329   
*N329   0.526698227     
GRID*   330             0               0.167134        -0.28948458     *N330   
*N330   0.533722937     
GRID*   331             0               0.167134        -0.28948458     *N331   
*N331   0.540747646     
GRID*   332             0               0.167134        -0.28948458     *N332   
*N332   0.547772356     
GRID*   333             0               0.167134        -0.28948458     *N333   
*N333   0.554797066     
GRID*   334             0               0.167134        -0.28948458     *N334   
*N334   0.561821776     
GRID*   335             0               0.167134        -0.28948458     *N335   
*N335   0.568846485     
GRID*   336             0               0.167134        -0.28948458     *N336   
*N336   0.575871195     
GRID*   337             0               0.167134        -0.28948458     *N337   
*N337   0.582895905     
GRID*   338             0               0.167134        -0.28948458     *N338   
*N338   0.589920615     
GRID*   339             0               0.167134        -0.28948458     *N339   
*N339   0.596945324     
GRID*   340             0               0.167134        -0.28948458     *N340   
*N340   0.603970034     
GRID*   341             0               0.167134        -0.28948458     *N341   
*N341   0.610994744     
GRID*   342             0               0.167134        -0.28948458     *N342   
*N342   0.618019454     
GRID*   343             0               0.167134        -0.28948458     *N343   
*N343   0.625044163     
GRID*   344             0               0.167134        -0.28948458     *N344   
*N344   0.632068873     
GRID*   345             0               0.167134        -0.28948458     *N345   
*N345   0.639093583     
GRID*   346             0               0.167134        -0.28948458     *N346   
*N346   0.646118293     
GRID*   347             0               0.167134        -0.28948458     *N347   
*N347   0.653143002     
GRID*   348             0               0.167134        -0.28948458     *N348   
*N348   0.660167712     
GRID*   349             0               0.167134        -0.28948458     *N349   
*N349   0.667192422     
GRID*   350             0               0.167134        -0.28948458     *N350   
*N350   0.674217132     
GRID*   351             0               0.167134        -0.28948458     *N351   
*N351   0.681241841     
GRID*   352             0               0.167134        -0.28948458     *N352   
*N352   0.688266551     
GRID*   353             0               0.167134        -0.28948458     *N353   
*N353   0.695291261     
GRID*   354             0               0.167134        -0.28948458     *N354   
*N354   0.702315971     
GRID*   355             0               0.167134        -0.28948458     *N355   
*N355   0.70934068      
GRID*   356             0               0.167134        -0.28948458     *N356   
*N356   0.71636539      
GRID*   357             0               0.167134        -0.28948458     *N357   
*N357   0.7233901       
GRID*   358             0               0.167134        -0.28948458     *N358   
*N358   0.73041481      
GRID*   359             0               0.167134        -0.28948458     *N359   
*N359   0.737439519     
GRID*   360             0               0.167134        -0.28948458     *N360   
*N360   0.744464229     
GRID*   361             0               0.167134        -0.28948458     *N361   
*N361   0.751488939     
GRID*   362             0               0.167134        -0.28948458     *N362   
*N362   0.758513649     
GRID*   363             0               0.167134        -0.28948458     *N363   
*N363   0.765538358     
GRID*   364             0               0.167134        -0.28948458     *N364   
*N364   0.772563068     
GRID*   365             0               0.167134        -0.28948458     *N365   
*N365   0.779587778     
GRID*   366             0               0.167134        -0.28948458     *N366   
*N366   0.786612488     
GRID*   367             0               0.167134        -0.28948458     *N367   
*N367   0.793637197     
GRID*   368             0               0.167134        -0.28948458     *N368   
*N368   0.800661907     
GRID*   369             0               0.167134        -0.28948458     *N369   
*N369   0.807686617     
GRID*   370             0               0.167134        -0.28948458     *N370   
*N370   0.814711327     
GRID*   371             0               0.167134        -0.28948458     *N371   
*N371   0.821736036     
GRID*   372             0               0.167134        -0.28948458     *N372   
*N372   0.828760746     
GRID*   373             0               0.167134        -0.28948458     *N373   
*N373   0.835785456     
GRID*   374             0               0.167134        -0.28948458     *N374   
*N374   0.842810166     
GRID*   375             0               0.167134        -0.28948458     *N375   
*N375   0.849834875     
GRID*   376             0               0.167134        -0.28948458     *N376   
*N376   0.856859585     
GRID*   377             0               0.167134        -0.28948458     *N377   
*N377   0.863884295     
GRID*   378             0               0.167134        -0.28948458     *N378   
*N378   0.870909005     
GRID*   379             0               0.17187039      -0.284781808    *N379   
*N379   0.876126619     
GRID*   380             0               0.173667884     -0.278222539    *N380   
*N380   0.877061159     
GRID*   381             0               0.171923933     -0.271645001    *N381   
*N381   0.87615197      
GRID*   382             0               0.167227072     -0.266904388    *N382   
*N382   0.874445315     
GRID*   383             0               0.160652424     -0.265099464    *N383   
*N383   0.873600052     
GRID*   384             0               0.154065999     -0.266850139    *N384   
*N384   0.87442136      
GRID*   385             0               0.149330346     -0.271551658    *N385   
*N385   0.876126272     
GRID*   386             0               0.147532116     -0.27811218     *N386   
*N386   0.877061159     
GRID*   387             0               0.149277124     -0.284691555    *N387   
*N387   0.876151468     
GRID*   388             0               0.153972928     -0.289430331    *N388   
*N388   0.874445315     
GRID*   389             0               0.160542701     -0.291235234    *N389   
*N389   0.873600062     
GRID*   390             0               0.169810187     -0.287438016    *N390   
*N390   0.875258689     
GRID*   391             0               0.173196232     -0.281646952    *N391   
*N391   0.876798816     
GRID*   392             0               0.173224599     -0.27479214     *N392   
*N392   0.87681424      
GRID*   393             0               0.169885275     -0.26897191     *N393   
*N393   0.875286771     
GRID*   394             0               0.164081974     -0.265571786    *N394   
*N394   0.873830631     
GRID*   395             0               0.15722197      -0.265543512    *N395   
*N395   0.873817011     
GRID*   396             0               0.151390383     -0.268896135    *N396   
*N396   0.875258477     
GRID*   397             0               0.148004032     -0.274686812    *N397   
*N397   0.876798673     
GRID*   398             0               0.147975535     -0.281543084    *N398   
*N398   0.876814166     
GRID*   399             0               0.151315667     -0.287363759    *N399   
*N399   0.875286418     
GRID*   400             0               0.15711626      -0.290762445    *N400   
*N400   0.873830866     
GRID*   401             0               0.163976391     -0.290791646    *N401   
*N401   0.8738168       
GRID*   402             0               0.1606          -0.27156736     *N402   
*N402   0.9264          
GRID*   403             0               0.1606          -0.27816736     *N403   
*N403   0.9264          
GRID*   404             0               0.1606          -0.28476736     *N404   
*N404   0.9264          
GRID*   405             0               0.1606          -0.26826736     *N405   
*N405   0.9264          
GRID*   406             0               0.1606          -0.27486736     *N406   
*N406   0.9264          
GRID*   407             0               0.1606          -0.28146736     *N407   
*N407   0.9264          
GRID*   408             0               0.1606          -0.28806736     *N408   
*N408   0.9264          
GRID*   409             0               0.153767177     -0.26496736     *N409   
*N409   0.925500442     
GRID*   410             0               0.1474          -0.26496736     *N410   
*N410   0.922863071     
GRID*   411             0               0.141932381     -0.26496736     *N411   
*N411   0.918667619     
GRID*   412             0               0.137736929     -0.26496736     *N412   
*N412   0.9132          
GRID*   413             0               0.135099558     -0.26496736     *N413   
*N413   0.906832823     
GRID*   414             0               0.1342          -0.26496736     *N414   
*N414   0.9             
GRID*   415             0               0.135099558     -0.26496736     *N415   
*N415   0.893167177     
GRID*   416             0               0.137736929     -0.26496736     *N416   
*N416   0.8868          
GRID*   417             0               0.141932381     -0.26496736     *N417   
*N417   0.881332381     
GRID*   418             0               0.1474          -0.26496736     *N418   
*N418   0.877136929     
GRID*   419             0               0.153767177     -0.26496736     *N419   
*N419   0.874499558     
GRID*   420             0               0.1606          -0.26496736     *N420   
*N420   0.8736          
GRID*   421             0               0.167432823     -0.26496736     *N421   
*N421   0.874499558     
GRID*   422             0               0.1738          -0.26496736     *N422   
*N422   0.877136929     
GRID*   423             0               0.179267619     -0.26496736     *N423   
*N423   0.881332381     
GRID*   424             0               0.183463071     -0.26496736     *N424   
*N424   0.8868          
GRID*   425             0               0.186100442     -0.26496736     *N425   
*N425   0.893167177     
GRID*   426             0               0.187           -0.26496736     *N426   
*N426   0.9             
GRID*   427             0               0.186100442     -0.26496736     *N427   
*N427   0.906832823     
GRID*   428             0               0.183463071     -0.26496736     *N428   
*N428   0.9132          
GRID*   429             0               0.179267619     -0.26496736     *N429   
*N429   0.918667619     
GRID*   430             0               0.1738          -0.26496736     *N430   
*N430   0.922863071     
GRID*   431             0               0.167432823     -0.26496736     *N431   
*N431   0.925500442     
GRID*   432             0               0.157154109     -0.26496736     *N432   
*N432   0.926174144     
GRID*   433             0               0.150497157     -0.26496736     *N433   
*N433   0.92439042      
GRID*   434             0               0.144528698     -0.26496736     *N434   
*N434   0.920944528     
GRID*   435             0               0.139655472     -0.26496736     *N435   
*N435   0.916071302     
GRID*   436             0               0.13620958      -0.26496736     *N436   
*N436   0.910102843     
GRID*   437             0               0.134425856     -0.26496736     *N437   
*N437   0.903445891     
GRID*   438             0               0.134425856     -0.26496736     *N438   
*N438   0.896554109     
GRID*   439             0               0.13620958      -0.26496736     *N439   
*N439   0.889897157     
GRID*   440             0               0.139655472     -0.26496736     *N440   
*N440   0.883928698     
GRID*   441             0               0.144528698     -0.26496736     *N441   
*N441   0.879055472     
GRID*   442             0               0.150497157     -0.26496736     *N442   
*N442   0.87560958      
GRID*   443             0               0.157154109     -0.26496736     *N443   
*N443   0.873825856     
GRID*   444             0               0.164045891     -0.26496736     *N444   
*N444   0.873825856     
GRID*   445             0               0.170702843     -0.26496736     *N445   
*N445   0.87560958      
GRID*   446             0               0.176671302     -0.26496736     *N446   
*N446   0.879055472     
GRID*   447             0               0.181544528     -0.26496736     *N447   
*N447   0.883928698     
GRID*   448             0               0.18499042      -0.26496736     *N448   
*N448   0.889897157     
GRID*   449             0               0.186774144     -0.26496736     *N449   
*N449   0.896554109     
GRID*   450             0               0.186774144     -0.26496736     *N450   
*N450   0.903445891     
GRID*   451             0               0.18499042      -0.26496736     *N451   
*N451   0.910102843     
GRID*   452             0               0.181544528     -0.26496736     *N452   
*N452   0.916071302     
GRID*   453             0               0.176671302     -0.26496736     *N453   
*N453   0.920944528     
GRID*   454             0               0.170702843     -0.26496736     *N454   
*N454   0.92439042      
GRID*   455             0               0.164045891     -0.26496736     *N455   
*N455   0.926174144     
GRID*   456             0               0.153767177     -0.29136736     *N456   
*N456   0.925500442     
GRID*   457             0               0.1474          -0.29136736     *N457   
*N457   0.922863071     
GRID*   458             0               0.141932381     -0.29136736     *N458   
*N458   0.918667619     
GRID*   459             0               0.137736929     -0.29136736     *N459   
*N459   0.9132          
GRID*   460             0               0.135099558     -0.29136736     *N460   
*N460   0.906832823     
GRID*   461             0               0.1342          -0.29136736     *N461   
*N461   0.9             
GRID*   462             0               0.135099558     -0.29136736     *N462   
*N462   0.893167177     
GRID*   463             0               0.137736929     -0.29136736     *N463   
*N463   0.8868          
GRID*   464             0               0.141932381     -0.29136736     *N464   
*N464   0.881332381     
GRID*   465             0               0.1474          -0.29136736     *N465   
*N465   0.877136929     
GRID*   466             0               0.153767177     -0.29136736     *N466   
*N466   0.874499558     
GRID*   467             0               0.1606          -0.29136736     *N467   
*N467   0.8736          
GRID*   468             0               0.167432823     -0.29136736     *N468   
*N468   0.874499558     
GRID*   469             0               0.1738          -0.29136736     *N469   
*N469   0.877136929     
GRID*   470             0               0.179267619     -0.29136736     *N470   
*N470   0.881332381     
GRID*   471             0               0.183463071     -0.29136736     *N471   
*N471   0.8868          
GRID*   472             0               0.186100442     -0.29136736     *N472   
*N472   0.893167177     
GRID*   473             0               0.187           -0.29136736     *N473   
*N473   0.9             
GRID*   474             0               0.186100442     -0.29136736     *N474   
*N474   0.906832823     
GRID*   475             0               0.183463071     -0.29136736     *N475   
*N475   0.9132          
GRID*   476             0               0.179267619     -0.29136736     *N476   
*N476   0.918667619     
GRID*   477             0               0.1738          -0.29136736     *N477   
*N477   0.922863071     
GRID*   478             0               0.167432823     -0.29136736     *N478   
*N478   0.925500442     
GRID*   479             0               0.157154109     -0.29136736     *N479   
*N479   0.926174144     
GRID*   480             0               0.150497157     -0.29136736     *N480   
*N480   0.92439042      
GRID*   481             0               0.144528698     -0.29136736     *N481   
*N481   0.920944528     
GRID*   482             0               0.139655472     -0.29136736     *N482   
*N482   0.916071302     
GRID*   483             0               0.13620958      -0.29136736     *N483   
*N483   0.910102843     
GRID*   484             0               0.134425856     -0.29136736     *N484   
*N484   0.903445891     
GRID*   485             0               0.134425856     -0.29136736     *N485   
*N485   0.896554109     
GRID*   486             0               0.13620958      -0.29136736     *N486   
*N486   0.889897157     
GRID*   487             0               0.139655472     -0.29136736     *N487   
*N487   0.883928698     
GRID*   488             0               0.144528698     -0.29136736     *N488   
*N488   0.879055472     
GRID*   489             0               0.150497157     -0.29136736     *N489   
*N489   0.87560958      
GRID*   490             0               0.157154109     -0.29136736     *N490   
*N490   0.873825856     
GRID*   491             0               0.164045891     -0.29136736     *N491   
*N491   0.873825856     
GRID*   492             0               0.170702843     -0.29136736     *N492   
*N492   0.87560958      
GRID*   493             0               0.176671302     -0.29136736     *N493   
*N493   0.879055472     
GRID*   494             0               0.181544528     -0.29136736     *N494   
*N494   0.883928698     
GRID*   495             0               0.18499042      -0.29136736     *N495   
*N495   0.889897157     
GRID*   496             0               0.186774144     -0.29136736     *N496   
*N496   0.896554109     
GRID*   497             0               0.186774144     -0.29136736     *N497   
*N497   0.903445891     
GRID*   498             0               0.18499042      -0.29136736     *N498   
*N498   0.910102843     
GRID*   499             0               0.181544528     -0.29136736     *N499   
*N499   0.916071302     
GRID*   500             0               0.176671302     -0.29136736     *N500   
*N500   0.920944528     
GRID*   501             0               0.170702843     -0.29136736     *N501   
*N501   0.92439042      
GRID*   502             0               0.164045891     -0.29136736     *N502   
*N502   0.926174144     
GRID*   503             0               0.155933095     -0.26496736     *N503   
*N503   0.904666905     
GRID*   504             0               0.154           -0.26496736     *N504   
*N504   0.9             
GRID*   505             0               0.155933095     -0.26496736     *N505   
*N505   0.895333095     
GRID*   506             0               0.1606          -0.26496736     *N506   
*N506   0.8934          
GRID*   507             0               0.165266905     -0.26496736     *N507   
*N507   0.895333095     
GRID*   508             0               0.1672          -0.26496736     *N508   
*N508   0.9             
GRID*   509             0               0.165266905     -0.26496736     *N509   
*N509   0.904666905     
GRID*   510             0               0.158074289     -0.26496736     *N510   
*N510   0.906097605     
GRID*   511             0               0.154502395     -0.26496736     *N511   
*N511   0.902525711     
GRID*   512             0               0.154502395     -0.26496736     *N512   
*N512   0.897474289     
GRID*   513             0               0.158074289     -0.26496736     *N513   
*N513   0.893902395     
GRID*   514             0               0.163125711     -0.26496736     *N514   
*N514   0.893902395     
GRID*   515             0               0.166697605     -0.26496736     *N515   
*N515   0.897474289     
GRID*   516             0               0.166697605     -0.26496736     *N516   
*N516   0.902525711     
GRID*   517             0               0.163125711     -0.26496736     *N517   
*N517   0.906097605     
GRID*   518             0               0.155933095     -0.29136736     *N518   
*N518   0.904666905     
GRID*   519             0               0.154           -0.29136736     *N519   
*N519   0.9             
GRID*   520             0               0.155933095     -0.29136736     *N520   
*N520   0.895333095     
GRID*   521             0               0.1606          -0.29136736     *N521   
*N521   0.8934          
GRID*   522             0               0.165266905     -0.29136736     *N522   
*N522   0.895333095     
GRID*   523             0               0.1672          -0.29136736     *N523   
*N523   0.9             
GRID*   524             0               0.165266905     -0.29136736     *N524   
*N524   0.904666905     
GRID*   525             0               0.158074289     -0.29136736     *N525   
*N525   0.906097605     
GRID*   526             0               0.154502395     -0.29136736     *N526   
*N526   0.902525711     
GRID*   527             0               0.154502395     -0.29136736     *N527   
*N527   0.897474289     
GRID*   528             0               0.158074289     -0.29136736     *N528   
*N528   0.893902395     
GRID*   529             0               0.163125711     -0.29136736     *N529   
*N529   0.893902395     
GRID*   530             0               0.166697605     -0.29136736     *N530   
*N530   0.897474289     
GRID*   531             0               0.166697605     -0.29136736     *N531   
*N531   0.902525711     
GRID*   532             0               0.163125711     -0.29136736     *N532   
*N532   0.906097605     
GRID*   533             0               0.1606          -0.27156736     *N533   
*N533   0.9066          
GRID*   534             0               0.1606          -0.27816736     *N534   
*N534   0.9066          
GRID*   535             0               0.1606          -0.28476736     *N535   
*N535   0.9066          
GRID*   536             0               0.1606          -0.26826736     *N536   
*N536   0.9066          
GRID*   537             0               0.1606          -0.27486736     *N537   
*N537   0.9066          
GRID*   538             0               0.1606          -0.28146736     *N538   
*N538   0.9066          
GRID*   539             0               0.1606          -0.28806736     *N539   
*N539   0.9066          
GRID*   540             0               0.153137219     -0.291641444    *N540   
*N540   0.409535217     
GRID*   541             0               0.14519971      -0.277893276    *N541   
*N541   0.409535217     
GRID*   542             0               0.156575863     -0.297597349    *N542   
*N542   0.414438197     
GRID*   543             0               0.141272863     -0.271091777    *N543   
*N543   0.446131672     
GRID*   544             0               0.141761067     -0.27193737     *N544   
*N544   0.414438197     
GRID*   545             0               0.157064066     -0.298442942    *N545   
*N545   0.446131672     
GRID*   546             0               0.157507064     -0.299210238    *N546   
*N546   0.443487125     
GRID*   547             0               0.140159763     -0.269163831    *N547   
*N547   0.41806226      
GRID*   548             0               0.158177166     -0.300370888    *N548   
*N548   0.41806226      
GRID*   549             0               0.140829865     -0.270324481    *N549   
*N549   0.443487125     
GRID*   550             0               0.154452842     -0.293920169    *N550   
*N550   0.408336073     
GRID*   551             0               0.151152842     -0.288204402    *N551   
*N551   0.406567609     
GRID*   552             0               0.147184088     -0.281330318    *N552   
*N552   0.406567609     
GRID*   553             0               0.143884088     -0.27561455     *N553   
*N553   0.408336073     
GRID*   554             0               0.141051364     -0.270708129    *N554   
*N554   0.444809399     
GRID*   555             0               0.142213495     -0.272720999    *N555   
*N555   0.444411853     
GRID*   556             0               0.142434994     -0.273104647    *N556   
*N556   0.445734126     
GRID*   557             0               0.143082795     -0.274226671    *N557   
*N557   0.449099826     
GRID*   558             0               0.141920664     -0.272213801    *N558   
*N558   0.449497371     
GRID*   559             0               0.156123434     -0.29681372     *N559   
*N559   0.444411853     
GRID*   560             0               0.157285565     -0.29882659     *N560   
*N560   0.444809399     
GRID*   561             0               0.155901935     -0.296430072    *N561   
*N561   0.445734126     
GRID*   562             0               0.156416265     -0.297320919    *N562   
*N562   0.449497371     
GRID*   563             0               0.155254134     -0.295308049    *N563   
*N563   0.449099826     
GRID*   564             0               0.158832033     -0.301505151    *N564   
*N564   0.444665836     
GRID*   565             0               0.159053532     -0.301888799    *N565   
*N565   0.443343563     
GRID*   566             0               0.139504896     -0.268029568    *N566   
*N566   0.444665836     
GRID*   567             0               0.139283397     -0.26764592     *N567   
*N567   0.443343563     
GRID*   568             0               0.157845073     -0.299795686    *N568   
*N568   0.439672589     
GRID*   569             0               0.15939154      -0.302474246    *N569   
*N569   0.439529026     
GRID*   570             0               0.140491857     -0.269739034    *N570   
*N570   0.439672589     
GRID*   571             0               0.138945389     -0.267060473    *N571   
*N571   0.439529026     
GRID*   572             0               0.156172164     -0.296898122    *N572   
*N572   0.410787563     
GRID*   573             0               0.155657833     -0.296007276    *N573   
*N573   0.414550808     
GRID*   574             0               0.153938511     -0.293029323    *N574   
*N574   0.412099318     
GRID*   575             0               0.155055338     -0.294963723    *N575   
*N575   0.411443441     
GRID*   576             0               0.144398418     -0.276505396    *N576   
*N576   0.412099318     
GRID*   577             0               0.142679096     -0.273527444    *N577   
*N577   0.414550808     
GRID*   578             0               0.142164766     -0.272636597    *N578   
*N578   0.410787563     
GRID*   579             0               0.143281592     -0.274570997    *N579   
*N579   0.411443441     
GRID*   580             0               0.160275773     -0.304005782    *N580   
*N580   0.427070974     
GRID*   581             0               0.160282839     -0.304018021    *N581   
*N581   0.433416411     
GRID*   582             0               0.159388583     -0.302469124    *N582   
*N582   0.41743113      
GRID*   583             0               0.158180123     -0.300376011    *N583   
*N583   0.421102104     
GRID*   584             0               0.160049405     -0.3036137      *N584   
*N584   0.42213464      
GRID*   585             0               0.157376514     -0.298984119    *N585   
*N585   0.416250229     
GRID*   586             0               0.157939394     -0.299959055    *N586   
*N586   0.413791305     
GRID*   587             0               0.138948346     -0.267065595    *N587   
*N587   0.41743113      
GRID*   588             0               0.140960415     -0.270550601    *N588   
*N588   0.416250229     
GRID*   589             0               0.140397535     -0.269575664    *N589   
*N589   0.413791305     
GRID*   590             0               0.140156806     -0.269158709    *N590   
*N590   0.421102104     
GRID*   591             0               0.138061157     -0.265528938    *N591   
*N591   0.427070974     
GRID*   592             0               0.138287525     -0.265921019    *N592   
*N592   0.42213464      
GRID*   593             0               0.13805409      -0.265516698    *N593   
*N593   0.433416411     
GRID*   594             0               0.157106635     -0.298516674    *N594   
*N594   0.417553775     
GRID*   595             0               0.149168465     -0.28476736     *N595   
*N595   0.407321472     
GRID*   596             0               0.151625166     -0.289022492    *N596   
*N596   0.409269188     
GRID*   597             0               0.146711763     -0.280512227    *N597   
*N597   0.409269188     
GRID*   598             0               0.141230295     -0.271018046    *N598   
*N598   0.417553775     
GRID*   599             0               0.149168465     -0.28476736     *N599   
*N599   0.452678528     
GRID*   600             0               0.152341184     -0.29026267     *N600   
*N600   0.451764837     
GRID*   601             0               0.145995746     -0.279272049    *N601   
*N601   0.451764837     
GRID*   602             0               0.152710785     -0.290902838    *N602   
*N602   0.406612564     
GRID*   603             0               0.145626145     -0.278631882    *N603   
*N603   0.406612564     
GRID*   604             0               0.141899951     -0.272177925    *N604   
*N604   0.444985126     
GRID*   605             0               0.142479485     -0.273181706    *N605   
*N605   0.448110441     
GRID*   606             0               0.156436978     -0.297356794    *N606   
*N606   0.444985126     
GRID*   607             0               0.155857445     -0.296353013    *N607   
*N607   0.448110441     
GRID*   608             0               0.157863851     -0.29982821     *N608   
*N608   0.447504261     
GRID*   609             0               0.158390377     -0.30074018     *N609   
*N609   0.444272932     
GRID*   610             0               0.140473079     -0.26970651     *N610   
*N610   0.447504261     
GRID*   611             0               0.139946553     -0.268794539    *N611   
*N611   0.444272932     
GRID*   612             0               0.156872535     -0.298111201    *N612   
*N612   0.44165148      
GRID*   613             0               0.158763382     -0.301386244    *N613   
*N613   0.440848393     
GRID*   614             0               0.141464394     -0.271423518    *N614   
*N614   0.44165148      
GRID*   615             0               0.139573548     -0.268148476    *N615   
*N615   0.440848393     
GRID*   616             0               0.15379503      -0.292780807    *N616   
*N616   0.408935645     
GRID*   617             0               0.15475409      -0.294441946    *N617   
*N617   0.409889757     
GRID*   618             0               0.154496924     -0.293996523    *N618   
*N618   0.411771379     
GRID*   619             0               0.153537865     -0.292335383    *N619   
*N619   0.410817267     
GRID*   620             0               0.154145977     -0.293388665    *N620   
*N620   0.410353512     
GRID*   621             0               0.155110653     -0.295059532    *N621   
*N621   0.407736501     
GRID*   622             0               0.155970314     -0.296548509    *N622   
*N622   0.408962246     
GRID*   623             0               0.155613751     -0.295930922    *N623   
*N623   0.411115502     
GRID*   624             0               0.155362202     -0.295495227    *N624   
*N624   0.409426002     
GRID*   625             0               0.156374013     -0.297247736    *N625   
*N625   0.41261288      
GRID*   626             0               0.156116848     -0.296802312    *N626   
*N626   0.414494503     
GRID*   627             0               0.155356585     -0.295485499    *N627   
*N627   0.412997124     
GRID*   628             0               0.155865299     -0.296366617    *N628   
*N628   0.412805002     
GRID*   629             0               0.155198819     -0.295212239    *N629   
*N629   0.414607113     
GRID*   630             0               0.154339158     -0.293723263    *N630   
*N630   0.413381368     
GRID*   631             0               0.154847871     -0.294604381    *N631   
*N631   0.413189246     
GRID*   632             0               0.144799064     -0.277199336    *N632   
*N632   0.410817267     
GRID*   633             0               0.143840005     -0.275538197    *N633   
*N633   0.411771379     
GRID*   634             0               0.14358284      -0.275092773    *N634   
*N634   0.409889757     
GRID*   635             0               0.144541899     -0.276753913    *N635   
*N635   0.408935645     
GRID*   636             0               0.144190952     -0.276146055    *N636   
*N636   0.410353512     
GRID*   637             0               0.143997772     -0.275811457    *N637   
*N637   0.413381368     
GRID*   638             0               0.143138111     -0.27432248     *N638   
*N638   0.414607113     
GRID*   639             0               0.142980344     -0.27404922     *N639   
*N639   0.412997124     
GRID*   640             0               0.143489058     -0.274930339    *N640   
*N640   0.413189246     
GRID*   641             0               0.142220081     -0.272732407    *N641   
*N641   0.414494503     
GRID*   642             0               0.141962916     -0.272286984    *N642   
*N642   0.41261288      
GRID*   643             0               0.142723179     -0.273603797    *N643   
*N643   0.411115502     
GRID*   644             0               0.14247163      -0.273168102    *N644   
*N644   0.412805002     
GRID*   645             0               0.142366615     -0.272986211    *N645   
*N645   0.408962246     
GRID*   646             0               0.143226276     -0.274475187    *N646   
*N646   0.407736501     
GRID*   647             0               0.142974727     -0.274039492    *N647   
*N647   0.409426002     
GRID*   648             0               0.159229427     -0.302193457    *N648   
*N648   0.42560646      
GRID*   649             0               0.160279306     -0.304011901    *N649   
*N649   0.430243693     
GRID*   650             0               0.159464916     -0.302601337    *N650   
*N650   0.431708206     
GRID*   651             0               0.159404801     -0.302497215    *N651   
*N651   0.428639078     
GRID*   652             0               0.161322119     -0.305818106    *N652   
*N652   0.428535487     
GRID*   653             0               0.161100762     -0.305434706    *N653   
*N653   0.435124617     
GRID*   654             0               0.161267421     -0.305723368    *N654   
*N654   0.431844792     
GRID*   655             0               0.15999577      -0.303520803    *N655   
*N655   0.441364513     
GRID*   656             0               0.15983719      -0.303246134    *N656   
*N656   0.436472719     
GRID*   657             0               0.160600432     -0.304568108    *N657   
*N657   0.438287781     
GRID*   658             0               0.158787311     -0.30142769     *N658   
*N658   0.43769354      
GRID*   659             0               0.159183743     -0.302114331    *N659   
*N659   0.434719128     
GRID*   660             0               0.158782875     -0.301420006    *N660   
*N660   0.417746695     
GRID*   661             0               0.159718994     -0.303041412    *N661   
*N661   0.419782885     
GRID*   662             0               0.159114764     -0.301994855    *N662   
*N662   0.421618372     
GRID*   663             0               0.158178645     -0.300373449    *N663   
*N663   0.419582182     
GRID*   664             0               0.158948819     -0.301707431    *N664   
*N664   0.419682534     
GRID*   665             0               0.159994292     -0.303518242    *N665   
*N665   0.417115565     
GRID*   666             0               0.160984045     -0.305232545    *N666   
*N666   0.422650909     
GRID*   667             0               0.160541334     -0.304465747    *N667   
*N667   0.419840021     
GRID*   668             0               0.160162589     -0.303809741    *N668   
*N668   0.424602807     
GRID*   669             0               0.161209063     -0.305622287    *N669   
*N669   0.425578458     
GRID*   670             0               0.158181602     -0.300378572    *N670   
*N670   0.422622025     
GRID*   671             0               0.159172095     -0.302094156    *N671   
*N671   0.423612416     
GRID*   672             0               0.15777684      -0.299677504    *N672   
*N672   0.417156244     
GRID*   673             0               0.157657954     -0.299471587    *N673   
*N673   0.415020767     
GRID*   674             0               0.158663989     -0.30121409     *N674   
*N674   0.415611217     
GRID*   675             0               0.158220414     -0.300445797    *N675   
*N675   0.416383731     
GRID*   676             0               0.156976188     -0.298290734    *N676   
*N676   0.415344213     
GRID*   677             0               0.157055779     -0.298428589    *N677   
*N677   0.412289434     
GRID*   678             0               0.157015984     -0.298359661    *N678   
*N678   0.413816823     
GRID*   679             0               0.158220834     -0.300446524    *N679   
*N679   0.412561843     
GRID*   680             0               0.157129947     -0.298557052    *N680   
*N680   0.410672453     
GRID*   681             0               0.159152359     -0.302059971    *N681   
*N681   0.414769958     
GRID*   682             0               0.139554055     -0.268114713    *N682   
*N682   0.417746695     
GRID*   683             0               0.139672941     -0.26832063     *N683   
*N683   0.415611217     
GRID*   684             0               0.140678975     -0.270063132    *N684   
*N684   0.415020767     
GRID*   685             0               0.140560089     -0.269857216    *N685   
*N685   0.417156244     
GRID*   686             0               0.140116515     -0.269088923    *N686   
*N686   0.416383731     
GRID*   687             0               0.138342638     -0.266016478    *N687   
*N687   0.417115565     
GRID*   688             0               0.140116095     -0.269088196    *N688   
*N688   0.412561843     
GRID*   689             0               0.139184571     -0.267474748    *N689   
*N689   0.414769958     
GRID*   690             0               0.14128115      -0.271106131    *N690   
*N690   0.412289434     
GRID*   691             0               0.141206982     -0.270977667    *N691   
*N691   0.410672453     
GRID*   692             0               0.141360741     -0.271243985    *N692   
*N692   0.415344213     
GRID*   693             0               0.141320946     -0.271175058    *N693   
*N693   0.413816823     
GRID*   694             0               0.140158285     -0.26916127     *N694   
*N694   0.419582182     
GRID*   695             0               0.139222165     -0.267539864    *N695   
*N695   0.421618372     
GRID*   696             0               0.138617936     -0.266493307    *N696   
*N696   0.419782885     
GRID*   697             0               0.13938811      -0.267827289    *N697   
*N697   0.419682534     
GRID*   698             0               0.140155327     -0.269156148    *N698   
*N698   0.422622025     
GRID*   699             0               0.139107503     -0.267341262    *N699   
*N699   0.42560646      
GRID*   700             0               0.138174341     -0.265724978    *N700   
*N700   0.424602807     
GRID*   701             0               0.139164834     -0.267440563    *N701   
*N701   0.423612416     
GRID*   702             0               0.137014811     -0.263716613    *N702   
*N702   0.428535487     
GRID*   703             0               0.137352884     -0.264302174    *N703   
*N703   0.422650909     
GRID*   704             0               0.137127867     -0.263912432    *N704   
*N704   0.425578458     
GRID*   705             0               0.137795595     -0.265068972    *N705   
*N705   0.419840021     
GRID*   706             0               0.138872013     -0.266933383    *N706   
*N706   0.431708206     
GRID*   707             0               0.138057623     -0.265522818    *N707   
*N707   0.430243693     
GRID*   708             0               0.138932128     -0.267037505    *N708   
*N708   0.428639078     
GRID*   709             0               0.139549619     -0.26810703     *N709   
*N709   0.43769354      
GRID*   710             0               0.138499739     -0.266288586    *N710   
*N710   0.436472719     
GRID*   711             0               0.139153186     -0.267420388    *N711   
*N711   0.434719128     
GRID*   712             0               0.138341159     -0.266013916    *N712   
*N712   0.441364513     
GRID*   713             0               0.137236167     -0.264100014    *N713   
*N713   0.435124617     
GRID*   714             0               0.137736497     -0.264966611    *N714   
*N714   0.438287781     
GRID*   715             0               0.137069508     -0.263811352    *N715   
*N715   0.431844792     
GRID*   716             0               0.157241575     -0.298750396    *N716   
*N716   0.416902002     
GRID*   717             0               0.156382234     -0.297261975    *N717   
*N717   0.416052292     
GRID*   718             0               0.156679211     -0.297776354    *N718   
*N718   0.415698252     
GRID*   719             0               0.157643379     -0.299446342    *N719   
*N719   0.419327939     
GRID*   720             0               0.15771011      -0.299561923    *N720   
*N720   0.418242092     
GRID*   721             0               0.156971695     -0.298282951    *N721   
*N721   0.418205548     
GRID*   722             0               0.157628637     -0.299420808    *N722   
*N722   0.420360808     
GRID*   723             0               0.156126515     -0.296819057    *N723   
*N723   0.416323814     
GRID*   724             0               0.150160653     -0.286485881    *N724   
*N724   0.405083804     
GRID*   725             0               0.151389004     -0.288613447    *N725   
*N725   0.407918398     
GRID*   726             0               0.150396816     -0.286894926    *N726   
*N726   0.40829533      
GRID*   727             0               0.149168465     -0.28476736     *N727   
*N727   0.405460736     
GRID*   728             0               0.150278734     -0.286690403    *N728   
*N728   0.406689567     
GRID*   729             0               0.15214503      -0.289922923    *N729   
*N729   0.408051413     
GRID*   730             0               0.152781839     -0.291025907    *N730   
*N730   0.410684253     
GRID*   731             0               0.152463435     -0.290474415    *N731   
*N731   0.409367833     
GRID*   732             0               0.151861329     -0.289431537    *N732   
*N732   0.410619978     
GRID*   733             0               0.153126733     -0.291623281    *N733   
*N733   0.411896696     
GRID*   734             0               0.149168465     -0.28476736     *N734   
*N734   0.409182207     
GRID*   735             0               0.150524024     -0.287115258    *N735   
*N735   0.409785833     
GRID*   736             0               0.147940114     -0.282639794    *N736   
*N736   0.40829533      
GRID*   737             0               0.146947925     -0.280921273    *N737   
*N737   0.407918398     
GRID*   738             0               0.148176276     -0.283048839    *N738   
*N738   0.405083804     
GRID*   739             0               0.148058195     -0.282844316    *N739   
*N739   0.406689567     
GRID*   740             0               0.146475601     -0.280103182    *N740   
*N740   0.410619978     
GRID*   741             0               0.147812905     -0.282419461    *N741   
*N741   0.409785833     
GRID*   742             0               0.14555509      -0.278508812    *N742   
*N742   0.410684253     
GRID*   743             0               0.145210197     -0.277911438    *N743   
*N743   0.411896696     
GRID*   744             0               0.146191899     -0.279611797    *N744   
*N744   0.408051413     
GRID*   745             0               0.145873495     -0.279060304    *N745   
*N745   0.409367833     
GRID*   746             0               0.141954695     -0.272272745    *N746   
*N746   0.416052292     
GRID*   747             0               0.141095355     -0.270784323    *N747   
*N747   0.416902002     
GRID*   748             0               0.141657718     -0.271758365    *N748   
*N748   0.415698252     
GRID*   749             0               0.141365234     -0.271251768    *N749   
*N749   0.418205548     
GRID*   750             0               0.142210414     -0.272715663    *N750   
*N750   0.416323814     
GRID*   751             0               0.14069355      -0.270088377    *N751   
*N751   0.419327939     
GRID*   752             0               0.140708292     -0.270113911    *N752   
*N752   0.420360808     
GRID*   753             0               0.14062682      -0.269972797    *N753   
*N753   0.418242092     
GRID*   754             0               0.154996969     -0.294862625    *N754   
*N754   0.447218203     
GRID*   755             0               0.153797659     -0.292785359    *N755   
*N755   0.450432331     
GRID*   756             0               0.152219337     -0.290051626    *N756   
*N756   0.449897035     
GRID*   757             0               0.153634643     -0.292503007    *N757   
*N757   0.448661596     
GRID*   758             0               0.155511299     -0.295753472    *N758   
*N758   0.450981448     
GRID*   759             0               0.15246303      -0.290473714    *N759   
*N759   0.453632639     
GRID*   760             0               0.154008772     -0.293151019    *N760   
*N760   0.452411376     
GRID*   761             0               0.149168465     -0.28476736     *N761   
*N761   0.454539264     
GRID*   762             0               0.150754824     -0.287515015    *N762   
*N762   0.452221683     
GRID*   763             0               0.150823117     -0.287633302    *N763   
*N763   0.454197914     
GRID*   764             0               0.149168465     -0.28476736     *N764   
*N764   0.450817793     
GRID*   765             0               0.150703029     -0.287425302    *N765   
*N765   0.450472673     
GRID*   766             0               0.1458739       -0.279061005    *N766   
*N766   0.453632639     
GRID*   767             0               0.147582105     -0.282019705    *N767   
*N767   0.452221683     
GRID*   768             0               0.147513812     -0.281901417    *N768   
*N768   0.454197914     
GRID*   769             0               0.14282563      -0.273781248    *N769   
*N769   0.450981448     
GRID*   770             0               0.14453927      -0.27674936     *N770   
*N770   0.450432331     
GRID*   771             0               0.144328157     -0.276383701    *N771   
*N771   0.452411376     
GRID*   772             0               0.14333996      -0.274672094    *N772   
*N772   0.447218203     
GRID*   773             0               0.146117592     -0.279483093    *N773   
*N773   0.449897035     
GRID*   774             0               0.144702287     -0.277031712    *N774   
*N774   0.448661596     
GRID*   775             0               0.147633901     -0.282109417    *N775   
*N775   0.450472673     
GRID*   776             0               0.153581813     -0.292411504    *N776   
*N776   0.407474319     
GRID*   777             0               0.15264783      -0.290793798    *N777   
*N777   0.405556061     
GRID*   778             0               0.15390085      -0.292964091    *N778   
*N778   0.40654195      
GRID*   779             0               0.151931813     -0.28955362     *N779   
*N779   0.406590086     
GRID*   780             0               0.152863422     -0.291167213    *N780   
*N780   0.407762866     
GRID*   781             0               0.151411612     -0.288652605    *N781   
*N781   0.405207971     
GRID*   782             0               0.146405116     -0.2799811      *N782   
*N782   0.406590086     
GRID*   783             0               0.145689099     -0.278740922    *N783   
*N783   0.405556061     
GRID*   784             0               0.146925318     -0.280882115    *N784   
*N784   0.405207971     
GRID*   785             0               0.144755116     -0.277123216    *N785   
*N785   0.407474319     
GRID*   786             0               0.145473508     -0.278367506    *N786   
*N786   0.407762866     
GRID*   787             0               0.14443608      -0.276570629    *N787   
*N787   0.40654195      
GRID*   788             0               0.141162114     -0.270899953    *N788   
*N788   0.445470535     
GRID*   789             0               0.141475658     -0.271443027    *N789   
*N789   0.444897262     
GRID*   790             0               0.142167473     -0.272641286    *N790   
*N790   0.445359626     
GRID*   791             0               0.141853929     -0.272098212    *N791   
*N791   0.445932899     
GRID*   792             0               0.141664793     -0.27177062     *N792   
*N792   0.445415081     
GRID*   793             0               0.140940614     -0.270516305    *N793   
*N793   0.444148262     
GRID*   794             0               0.14152168      -0.27152274     *N794   
*N794   0.443949489     
GRID*   795             0               0.142056723     -0.272449462    *N795   
*N795   0.44469849      
GRID*   796             0               0.141498669     -0.271482884    *N796   
*N796   0.444423376     
GRID*   797             0               0.14290531      -0.273919258    *N797   
*N797   0.444874217     
GRID*   798             0               0.14301606      -0.274111082    *N798   
*N798   0.445535354     
GRID*   799             0               0.142536392     -0.273280272    *N799   
*N799   0.445116922     
GRID*   800             0               0.14278114      -0.273704188    *N800   
*N800   0.448605134     
GRID*   801             0               0.142457239     -0.273143177    *N801   
*N801   0.446922284     
GRID*   802             0               0.1428986       -0.273907635    *N802   
*N802   0.447070244     
GRID*   803             0               0.142244564     -0.272774813    *N803   
*N803   0.451180221     
GRID*   804             0               0.142200074     -0.272697753    *N804   
*N804   0.448803906     
GRID*   805             0               0.142512852     -0.273239501    *N805   
*N805   0.449892677     
GRID*   806             0               0.141596764     -0.271652789    *N806   
*N806   0.447814522     
GRID*   807             0               0.142027002     -0.272397983    *N807   
*N807   0.447368403     
GRID*   808             0               0.155431619     -0.295615461    *N808   
*N808   0.444874217     
GRID*   809             0               0.156280206     -0.297085257    *N809   
*N809   0.44469849      
GRID*   810             0               0.156169457     -0.296893433    *N810   
*N810   0.445359626     
GRID*   811             0               0.155320869     -0.295423637    *N811   
*N811   0.445535354     
GRID*   812             0               0.155800538     -0.296254447    *N812   
*N812   0.445116922     
GRID*   813             0               0.156815249     -0.298011979    *N813   
*N813   0.443949489     
GRID*   814             0               0.157396315     -0.299018414    *N814   
*N814   0.444148262     
GRID*   815             0               0.156861272     -0.298091692    *N815   
*N815   0.444897262     
GRID*   816             0               0.15683826      -0.298051836    *N816   
*N816   0.444423376     
GRID*   817             0               0.157174816     -0.298634766    *N817   
*N817   0.445470535     
GRID*   818             0               0.156483        -0.297436507    *N818   
*N818   0.445932899     
GRID*   819             0               0.156672136     -0.2977641      *N819   
*N819   0.445415081     
GRID*   820             0               0.156740166     -0.29788193     *N820   
*N820   0.447814522     
GRID*   821             0               0.156136855     -0.296836966    *N821   
*N821   0.448803906     
GRID*   822             0               0.15587969      -0.296391543    *N822   
*N822   0.446922284     
GRID*   823             0               0.156309928     -0.297136737    *N823   
*N823   0.447368403     
GRID*   824             0               0.156092365     -0.296759907    *N824   
*N824   0.451180221     
GRID*   825             0               0.15555579      -0.295830531    *N825   
*N825   0.448605134     
GRID*   826             0               0.155824077     -0.296295219    *N826   
*N826   0.449892677     
GRID*   827             0               0.155438329     -0.295627084    *N827   
*N827   0.447070244     
GRID*   828             0               0.158183062     -0.300381101    *N828   
*N828   0.44808594      
GRID*   829             0               0.158347942     -0.30066668     *N829   
*N829   0.446085049     
GRID*   830             0               0.159716016     -0.303036255    *N830   
*N830   0.443932918     
GRID*   831             0               0.158994335     -0.301786267    *N831   
*N831   0.446078175     
GRID*   832             0               0.157140058     -0.298574564    *N832   
*N832   0.448500816     
GRID*   833             0               0.157172087     -0.29863004     *N833   
*N833   0.449722672     
GRID*   834             0               0.157948049     -0.299974047    *N834   
*N834   0.445398754     
GRID*   835             0               0.157544054     -0.299274305    *N835   
*N835   0.446949785     
GRID*   836             0               0.157837971     -0.299783385    *N836   
*N836   0.444541165     
GRID*   837             0               0.158611205     -0.301122666    *N837   
*N837   0.444469384     
GRID*   838             0               0.15789301      -0.299878716    *N838   
*N838   0.44496996      
GRID*   839             0               0.158280298     -0.300549519    *N839   
*N839   0.443415344     
GRID*   840             0               0.158721955     -0.30131449     *N840   
*N840   0.443808247     
GRID*   841             0               0.158059135     -0.300166452    *N841   
*N841   0.443978255     
GRID*   842             0               0.159826766     -0.303228079    *N842   
*N842   0.443271781     
GRID*   843             0               0.159218986     -0.302175372    *N843   
*N843   0.443870583     
GRID*   844             0               0.141196871     -0.270960155    *N844   
*N844   0.448500816     
GRID*   845             0               0.139988988     -0.268868039    *N845   
*N845   0.446085049     
GRID*   846             0               0.14038888      -0.269560673    *N846   
*N846   0.445398754     
GRID*   847             0               0.140792876     -0.270260414    *N847   
*N847   0.446949785     
GRID*   848             0               0.140153867     -0.269153619    *N848   
*N848   0.44808594      
GRID*   849             0               0.141164843     -0.27090468     *N849   
*N849   0.449722672     
GRID*   850             0               0.138620913     -0.266498464    *N850   
*N850   0.443932918     
GRID*   851             0               0.139342594     -0.267748453    *N851   
*N851   0.446078175     
GRID*   852             0               0.138510163     -0.26630664     *N852   
*N852   0.443271781     
GRID*   853             0               0.139614975     -0.26822023     *N853   
*N853   0.443808247     
GRID*   854             0               0.139725724     -0.268412054    *N854   
*N854   0.444469384     
GRID*   855             0               0.139117944     -0.267359347    *N855   
*N855   0.443870583     
GRID*   856             0               0.140056631     -0.268985201    *N856   
*N856   0.443415344     
GRID*   857             0               0.140498958     -0.269751334    *N857   
*N857   0.444541165     
GRID*   858             0               0.140277795     -0.269368267    *N858   
*N858   0.443978255     
GRID*   859             0               0.140443919     -0.269656003    *N859   
*N859   0.44496996      
GRID*   860             0               0.156497985     -0.297462461    *N860   
*N860   0.443031667     
GRID*   861             0               0.157358804     -0.298953443    *N861   
*N861   0.440662034     
GRID*   862             0               0.157676069     -0.299502962    *N862   
*N862   0.441579857     
GRID*   863             0               0.157087027     -0.298482711    *N863   
*N863   0.442305762     
GRID*   864             0               0.156854645     -0.298080215    *N864   
*N864   0.441397079     
GRID*   865             0               0.156184391     -0.2969193      *N865   
*N865   0.443218165     
GRID*   866             0               0.158014077     -0.300088409    *N866   
*N866   0.437765321     
GRID*   867             0               0.15748635      -0.299174359    *N867   
*N867   0.439634179     
GRID*   868             0               0.159077461     -0.301930245    *N868   
*N868   0.440188709     
GRID*   869             0               0.158304227     -0.300590965    *N869   
*N869   0.440260491     
GRID*   870             0               0.158545769     -0.301009327    *N870   
*N870   0.438977015     
GRID*   871             0               0.158908457     -0.301637521    *N871   
*N871   0.442095978     
GRID*   872             0               0.159452114     -0.302579162    *N872   
*N872   0.441730245     
GRID*   873             0               0.158292263     -0.300570242    *N873   
*N873   0.441837917     
GRID*   874             0               0.141482284     -0.271454504    *N874   
*N874   0.441397079     
GRID*   875             0               0.140978125     -0.270581276    *N875   
*N875   0.440662034     
GRID*   876             0               0.140322853     -0.26944631     *N876   
*N876   0.437765321     
GRID*   877             0               0.14085058      -0.27036036     *N877   
*N877   0.439634179     
GRID*   878             0               0.141838945     -0.272072259    *N878   
*N878   0.443031667     
GRID*   879             0               0.142152539     -0.27261542     *N879   
*N879   0.443218165     
GRID*   880             0               0.140660861     -0.270031757    *N880   
*N880   0.441579857     
GRID*   881             0               0.141249903     -0.271052008    *N881   
*N881   0.442305762     
GRID*   882             0               0.139428472     -0.267897198    *N882   
*N882   0.442095978     
GRID*   883             0               0.140032702     -0.268943755    *N883   
*N883   0.440260491     
GRID*   884             0               0.140044667     -0.268964478    *N884   
*N884   0.441837917     
GRID*   885             0               0.139259468     -0.267604474    *N885   
*N885   0.440188709     
GRID*   886             0               0.138884816     -0.266955557    *N886   
*N886   0.441730245     
GRID*   887             0               0.13979116      -0.268525392    *N887   
*N887   0.438977015     
GRID*   888             0               0.149203602     -0.258428314    *N888   
*N888   0.416678881     
GRID*   889             0               0.153939558     -0.266631247    *N889   
*N889   0.407207093     
GRID*   890             0               0.172017859     -0.297943715    *N890   
*N890   0.443247199     
GRID*   891             0               0.160111361     -0.277321113    *N891   
*N891   0.403618091     
GRID*   892             0               0.1474091       -0.25532008     *N892   
*N892   0.429019196     
GRID*   893             0               0.173799691     -0.301029952    *N893   
*N893   0.430173256     
GRID*   894             0               0.172269373     -0.298379362    *N894   
*N894   0.417660603     
GRID*   895             0               0.164586013     -0.285071408    *N895   
*N895   0.404832445     
GRID*   896             0               0.148012955     -0.256365969    *N896   
*N896   0.437951457     
GRID*   897             0               0.169505421     -0.293592043    *N897   
*N897   0.410513271     
GRID*   898             0               0.150793736     -0.261182414    *N898   
*N898   0.447672261     
GRID*   899             0               0.14889072      -0.282203943    *N899   
*N899   0.456294406     
GRID*   900             0               0.151249576     -0.286289602    *N900   
*N900   0.456294406     
GRID*   901             0               0.17230928      -0.274130777    *N901   
*N901   0.456294406     
GRID*   902             0               0.169950424     -0.270045117    *N902   
*N902   0.456294406     
GRID*   903             0               0.149086159     -0.283451628    *N903   
*N903   0.456373588     
GRID*   904             0               0.148408986     -0.278444033    *N904   
*N904   0.455742347     
GRID*   905             0               0.14905758      -0.283468128    *N905   
*N905   0.456373588     
GRID*   906             0               0.150266769     -0.285496504    *N906   
*N906   0.456373588     
GRID*   907             0               0.15023819      -0.285513004    *N907   
*N907   0.456373588     
GRID*   908             0               0.154264887     -0.288586751    *N908   
*N908   0.455742347     
GRID*   909             0               0.172113841     -0.272883091    *N909   
*N909   0.456373588     
GRID*   910             0               0.17214242      -0.272866591    *N910   
*N910   0.456373588     
GRID*   911             0               0.172791014     -0.277890687    *N911   
*N911   0.455742347     
GRID*   912             0               0.170933231     -0.270838215    *N912   
*N912   0.456373588     
GRID*   913             0               0.166935113     -0.267747968    *N913   
*N913   0.455742347     
GRID*   914             0               0.17096181      -0.270821715    *N914   
*N914   0.456373588     
GRID*   915             0               0.156517323     -0.29352926     *N915   
*N915   0.453877124     
GRID*   916             0               0.15360249      -0.291406143    *N916   
*N916   0.455169366     
GRID*   917             0               0.16145126      -0.292841785    *N917   
*N917   0.452901018     
GRID*   918             0               0.150209611     -0.285529504    *N918   
*N918   0.456373588     
GRID*   919             0               0.172170998     -0.272850091    *N919   
*N919   0.456373588     
GRID*   920             0               0.175563878     -0.27872673     *N920   
*N920   0.455169366     
GRID*   921             0               0.175945134     -0.282312608    *N921   
*N921   0.453877124     
GRID*   922             0               0.172882795     -0.286241785    *N922   
*N922   0.452901018     
GRID*   923             0               0.170990389     -0.270805215    *N923   
*N923   0.456373588     
GRID*   924             0               0.16759751      -0.264928576    *N924   
*N924   0.455169366     
GRID*   925             0               0.164682677     -0.26280546     *N925   
*N925   0.453877124     
GRID*   926             0               0.15974874      -0.263492935    *N926   
*N926   0.452901018     
GRID*   927             0               0.149029002     -0.283484628    *N927   
*N927   0.456373588     
GRID*   928             0               0.145636122     -0.277607989    *N928   
*N928   0.455169366     
GRID*   929             0               0.145254866     -0.274022112    *N929   
*N929   0.453877124     
GRID*   930             0               0.148317205     -0.270092935    *N930   
*N930   0.452901018     
GRID*   931             0               0.168084149     -0.304330314    *N931   
*N931   0.430086628     
GRID*   932             0               0.173335341     -0.300225668    *N932   
*N932   0.436942773     
GRID*   933             0               0.166308936     -0.301255548    *N933   
*N933   0.443223606     
GRID*   934             0               0.167627043     -0.303538581    *N934   
*N934   0.436887814     
GRID*   935             0               0.177740471     -0.294655548    *N935   
*N935   0.443223606     
GRID*   936             0               0.179515684     -0.297730314    *N936   
*N936   0.430086628     
GRID*   937             0               0.179058579     -0.296938581    *N937   
*N937   0.436887814     
GRID*   938             0               0.154901761     -0.255097767    *N938   
*N938   0.416739394     
GRID*   939             0               0.147925161     -0.256213957    *N939   
*N939   0.422627308     
GRID*   940             0               0.15311804      -0.252008239    *N940   
*N940   0.429509513     
GRID*   941             0               0.153602521     -0.252847402    *N941   
*N941   0.422896842     
GRID*   942             0               0.141686504     -0.258608239    *N942   
*N942   0.429509513     
GRID*   943             0               0.143470226     -0.261697767    *N943   
*N943   0.416739394     
GRID*   944             0               0.142170986     -0.259447402    *N944   
*N944   0.422896842     
GRID*   945             0               0.169897189     -0.294270585    *N945   
*N945   0.448740556     
GRID*   946             0               0.164199749     -0.297602319    *N946   
*N946   0.448704123     
GRID*   947             0               0.175631285     -0.291002319    *N947   
*N947   0.448704123     
GRID*   948             0               0.171640036     -0.284089298    *N948   
*N948   0.405842847     
GRID*   949             0               0.162374843     -0.281241565    *N949   
*N949   0.40383974      
GRID*   950             0               0.166071406     -0.274444164    *N950   
*N950   0.403604523     
GRID*   951             0               0.168916631     -0.279372231    *N951   
*N951   0.404117542     
GRID*   952             0               0.154639871     -0.281044164    *N952   
*N952   0.403604523     
GRID*   953             0               0.1602085       -0.290689298    *N953   
*N953   0.405842847     
GRID*   954             0               0.157485096     -0.285972231    *N954   
*N954   0.404117542     
GRID*   955             0               0.159685523     -0.263383495    *N955   
*N955   0.407171931     
GRID*   956             0               0.151266214     -0.262000871    *N956   
*N956   0.411332245     
GRID*   957             0               0.15698197      -0.258700799    *N957   
*N957   0.411332313     
GRID*   958             0               0.148253988     -0.269983495    *N958   
*N958   0.407171931     
GRID*   959             0               0.145550434     -0.265300799    *N959   
*N959   0.411332313     
GRID*   960             0               0.156914568     -0.27178411     *N960   
*N960   0.404649818     
GRID*   961             0               0.162764647     -0.268716692    *N961   
*N961   0.404573265     
GRID*   962             0               0.151333112     -0.275316692    *N962   
*N962   0.404573265     
GRID*   963             0               0.142803473     -0.260542876    *N963   
*N963   0.440638667     
GRID*   964             0               0.147519014     -0.255510447    *N964   
*N964   0.433537249     
GRID*   965             0               0.141942377     -0.259051419    *N965   
*N965   0.435195575     
GRID*   966             0               0.154235008     -0.253942876    *N966   
*N966   0.440638667     
GRID*   967             0               0.153373913     -0.252451419    *N967   
*N967   0.435195575     
GRID*   968             0               0.16643669      -0.301476831    *N968   
*N968   0.417228087     
GRID*   969             0               0.173421972     -0.300375723    *N969   
*N969   0.423727391     
GRID*   970             0               0.167671096     -0.303614885    *N970   
*N970   0.423446891     
GRID*   971             0               0.177868226     -0.294876831    *N971   
*N971   0.417228087     
GRID*   972             0               0.179102631     -0.297014885    *N972   
*N972   0.423446891     
GRID*   973             0               0.162682758     -0.294974823    *N973   
*N973   0.408699966     
GRID*   974             0               0.171041423     -0.296252482    *N974   
*N974   0.413848683     
GRID*   975             0               0.16479184      -0.298627863    *N975   
*N975   0.412555332     
GRID*   976             0               0.174114293     -0.288374823    *N976   
*N976   0.408699966     
GRID*   977             0               0.167200161     -0.289599202    *N977   
*N977   0.407137129     
GRID*   978             0               0.152324459     -0.263833705    *N978   
*N978   0.450567493     
GRID*   979             0               0.144206634     -0.262973218    *N979   
*N979   0.445521457     
GRID*   980             0               0.146066755     -0.266195043    *N980   
*N980   0.449646079     
GRID*   981             0               0.15563817      -0.256373218    *N981   
*N981   0.445521457     
GRID*   982             0               0.149155534     -0.258344966    *N982   
*N982   0.443155108     
GRID*   983             0               0.157498291     -0.259595043    *N983   
*N983   0.449646079     
GRID*   984             0               0.176223375     -0.292027863    *N984   
*N984   0.412555332     
GRID*   985             0               0.147636251     -0.279814726    *N985   
*N985   0.45591148      
GRID*   986             0               0.14905758      -0.283468128    *N986   
*N986   0.456373588     
GRID*   987             0               0.149254201     -0.28471786     *N987   
*N987   0.4564          
GRID*   988             0               0.154264887     -0.288586751    *N988   
*N988   0.455742347     
GRID*   989             0               0.17214242      -0.272866591    *N989   
*N989   0.456373588     
GRID*   990             0               0.173563757     -0.276520046    *N990   
*N990   0.455911471     
GRID*   991             0               0.166935113     -0.267747968    *N991   
*N991   0.455742347     
GRID*   992             0               0.171945799     -0.27161686     *N992   
*N992   0.4564          
GRID*   993             0               0.154812091     -0.291203827    *N993   
*N993   0.455029341     
GRID*   994             0               0.160069067     -0.292347205    *N994   
*N994   0.453507625     
GRID*   995             0               0.152584876     -0.290684758    *N995   
*N995   0.455500442     
GRID*   996             0               0.15023819      -0.285513004    *N996   
*N996   0.456373588     
GRID*   997             0               0.175563878     -0.27872673     *N997   
*N997   0.455169366     
GRID*   998             0               0.172002956     -0.27158386     *N998   
*N998   0.4564          
GRID*   999             0               0.174783866     -0.279673118    *N999   
*N999   0.455029341     
GRID*   1000            0               0.173145572     -0.284797481    *N1000  
*N1000  0.453507625     
GRID*   1001            0               0.168615124     -0.265649962    *N1001  
*N1001  0.455500442     
GRID*   1002            0               0.17096181      -0.270821715    *N1002  
*N1002  0.456373588     
GRID*   1003            0               0.166387909     -0.265130892    *N1003  
*N1003  0.455029341     
GRID*   1004            0               0.161131042     -0.263987501    *N1004  
*N1004  0.453507647     
GRID*   1005            0               0.145636122     -0.277607989    *N1005  
*N1005  0.455169366     
GRID*   1006            0               0.149197044     -0.28475086     *N1006  
*N1006  0.4564          
GRID*   1007            0               0.146416134     -0.276661602    *N1007  
*N1007  0.455029341     
GRID*   1008            0               0.148054388     -0.27153729     *N1008  
*N1008  0.453507638     
GRID*   1009            0               0.165226324     -0.305980403    *N1009  
*N1009  0.430043314     
GRID*   1010            0               0.167966559     -0.304126642    *N1010  
*N1010  0.433517052     
GRID*   1011            0               0.164772872     -0.305194998    *N1011  
*N1011  0.436860322     
GRID*   1012            0               0.16511106      -0.305780759    *N1012  
*N1012  0.433481475     
GRID*   1013            0               0.170941938     -0.302680164    *N1013  
*N1013  0.430129942     
GRID*   1014            0               0.173677485     -0.300818282    *N1014  
*N1014  0.433588187     
GRID*   1015            0               0.1704812       -0.301882137    *N1015  
*N1015  0.436915297     
GRID*   1016            0               0.170822034     -0.302472483    *N1016  
*N1016  0.433552623     
GRID*   1017            0               0.172779014     -0.299262077    *N1017  
*N1017  0.440180595     
GRID*   1018            0               0.169163399     -0.299599634    *N1018  
*N1018  0.443235404     
GRID*   1019            0               0.16707136      -0.302576107    *N1019  
*N1019  0.440141732     
GRID*   1020            0               0.169925191     -0.300919099    *N1020  
*N1020  0.440161166     
GRID*   1021            0               0.163454469     -0.302911456    *N1021  
*N1021  0.443211805     
GRID*   1022            0               0.164217521     -0.304233102    *N1022  
*N1022  0.44012229      
GRID*   1023            0               0.181920175     -0.295294998    *N1023  
*N1023  0.436860322     
GRID*   1024            0               0.179398095     -0.297526642    *N1024  
*N1024  0.433517052     
GRID*   1025            0               0.182373627     -0.296080403    *N1025  
*N1025  0.430043314     
GRID*   1026            0               0.182258363     -0.295880759    *N1026  
*N1026  0.433481475     
GRID*   1027            0               0.180601772     -0.293011456    *N1027  
*N1027  0.443211805     
GRID*   1028            0               0.178502895     -0.295976107    *N1028  
*N1028  0.440141732     
GRID*   1029            0               0.181364824     -0.294333102    *N1029  
*N1029  0.44012229      
GRID*   1030            0               0.174879167     -0.296299634    *N1030  
*N1030  0.443235404     
GRID*   1031            0               0.176196967     -0.298582137    *N1031  
*N1031  0.436915297     
GRID*   1032            0               0.175640958     -0.297619099    *N1032  
*N1032  0.440161166     
GRID*   1033            0               0.176657705     -0.299380164    *N1033  
*N1033  0.430129942     
GRID*   1034            0               0.176537802     -0.299172483    *N1034  
*N1034  0.433552623     
GRID*   1035            0               0.156441739     -0.251165055    *N1035  
*N1035  0.423031911     
GRID*   1036            0               0.153255231     -0.25224587     *N1036  
*N1036  0.426172391     
GRID*   1037            0               0.155974218     -0.250355277    *N1037  
*N1037  0.429754746     
GRID*   1038            0               0.156099499     -0.250572275    *N1038  
*N1038  0.426363153     
GRID*   1039            0               0.15775087      -0.253432546    *N1039  
*N1039  0.416769685     
GRID*   1040            0               0.154154324     -0.25380316     *N1040  
*N1040  0.419735558     
GRID*   1041            0               0.156995258     -0.252123782    *N1041  
*N1041  0.419816302     
GRID*   1042            0               0.152052672     -0.256763024    *N1042  
*N1042  0.416709126     
GRID*   1043            0               0.148472857     -0.25716261     *N1043  
*N1043  0.419574411     
GRID*   1044            0               0.150763663     -0.25453037     *N1044  
*N1044  0.422761973     
GRID*   1045            0               0.151313524     -0.255482769    *N1045  
*N1045  0.419654928     
GRID*   1046            0               0.147568783     -0.255596675    *N1046  
*N1046  0.42579149      
GRID*   1047            0               0.150263        -0.253663173    *N1047  
*N1047  0.429264323     
GRID*   1048            0               0.150411659     -0.25392067     *N1048  
*N1048  0.425981833     
GRID*   1049            0               0.138826915     -0.260255277    *N1049  
*N1049  0.429754746     
GRID*   1050            0               0.141823696     -0.25884587     *N1050  
*N1050  0.426172391     
GRID*   1051            0               0.139294436     -0.261065055    *N1051  
*N1051  0.423031911     
GRID*   1052            0               0.138952196     -0.260472275    *N1052  
*N1052  0.426363153     
GRID*   1053            0               0.144547233     -0.256963173    *N1053  
*N1053  0.429264323     
GRID*   1054            0               0.145047895     -0.25783037     *N1054  
*N1054  0.422761973     
GRID*   1055            0               0.144695892     -0.25722067     *N1055  
*N1055  0.425981833     
GRID*   1056            0               0.146336904     -0.260063024    *N1056  
*N1056  0.416709126     
GRID*   1057            0               0.142722788     -0.26040316     *N1057  
*N1057  0.419735558     
GRID*   1058            0               0.145597756     -0.258782769    *N1058  
*N1058  0.419654928     
GRID*   1059            0               0.140603567     -0.263332546    *N1059  
*N1059  0.416769685     
GRID*   1060            0               0.139847955     -0.262023782    *N1060  
*N1060  0.419816302     
GRID*   1061            0               0.165344464     -0.299585028    *N1061  
*N1061  0.446102598     
GRID*   1062            0               0.161351016     -0.299268163    *N1062  
*N1062  0.44868588      
GRID*   1063            0               0.162492599     -0.301245446    *N1063  
*N1063  0.446086954     
GRID*   1064            0               0.171048175     -0.296264162    *N1064  
*N1064  0.446133858     
GRID*   1065            0               0.167048474     -0.29593646     *N1065  
*N1065  0.448722348     
GRID*   1066            0               0.168196322     -0.2979246      *N1066  
*N1066  0.446118233     
GRID*   1067            0               0.168584873     -0.291997576    *N1067  
*N1067  0.451022058     
GRID*   1068            0               0.164292637     -0.291163194    *N1068  
*N1068  0.45291992      
GRID*   1069            0               0.162894518     -0.295341586    *N1069  
*N1069  0.450983354     
GRID*   1070            0               0.165739701     -0.293669592    *N1070  
*N1070  0.451002721     
GRID*   1071            0               0.158609869     -0.294520352    *N1071  
*N1071  0.452882068     
GRID*   1072            0               0.160049323     -0.297013561    *N1072  
*N1072  0.450963957     
GRID*   1073            0               0.178498319     -0.289368163    *N1073  
*N1073  0.44868588      
GRID*   1074            0               0.176775999     -0.292985028    *N1074  
*N1074  0.446102598     
GRID*   1075            0               0.179639902     -0.291345446    *N1075  
*N1075  0.446086954     
GRID*   1076            0               0.175757172     -0.284620352    *N1076  
*N1076  0.452882068     
GRID*   1077            0               0.174326053     -0.288741586    *N1077  
*N1077  0.450983354     
GRID*   1078            0               0.177196626     -0.287113561    *N1078  
*N1078  0.450963957     
GRID*   1079            0               0.170008404     -0.287863194    *N1079  
*N1079  0.45291992      
GRID*   1080            0               0.172764241     -0.29263646     *N1080  
*N1080  0.448722348     
GRID*   1081            0               0.171455469     -0.290369592    *N1081  
*N1081  0.451002721     
GRID*   1082            0               0.17391209      -0.2946246      *N1082  
*N1082  0.446118233     
GRID*   1083            0               0.175144557     -0.283559289    *N1083  
*N1083  0.406455302     
GRID*   1084            0               0.170301739     -0.281771305    *N1084  
*N1084  0.40483241      
GRID*   1085            0               0.172183804     -0.278431119    *N1085  
*N1085  0.404295609     
GRID*   1086            0               0.173696523     -0.281051223    *N1086  
*N1086  0.4051981       
GRID*   1087            0               0.168119872     -0.284592215    *N1087  
*N1087  0.405301365     
GRID*   1088            0               0.163491099     -0.28317497     *N1088  
*N1088  0.404241014     
GRID*   1089            0               0.165646839     -0.280308807    *N1089  
*N1089  0.403965534     
GRID*   1090            0               0.166899596     -0.28247864     *N1090  
*N1090  0.404513185     
GRID*   1091            0               0.161245485     -0.279285466    *N1091  
*N1091  0.403631587     
GRID*   1092            0               0.163091368     -0.275882611    *N1092  
*N1092  0.403610177     
GRID*   1093            0               0.167500978     -0.276920252    *N1093  
*N1093  0.403706638     
GRID*   1094            0               0.164373424     -0.278103192    *N1094  
*N1094  0.403663582     
GRID*   1095            0               0.169051465     -0.273005753    *N1095  
*N1095  0.403601131     
GRID*   1096            0               0.170628035     -0.275736449    *N1096  
*N1096  0.403760736     
GRID*   1097            0               0.155036501     -0.288331119    *N1097  
*N1097  0.404295609     
GRID*   1098            0               0.158870204     -0.288371305    *N1098  
*N1098  0.40483241      
GRID*   1099            0               0.157997254     -0.293459289    *N1099  
*N1099  0.406455302     
GRID*   1100            0               0.15654922      -0.290951223    *N1100  
*N1100  0.4051981       
GRID*   1101            0               0.151904162     -0.282905753    *N1101  
*N1101  0.403601131     
GRID*   1102            0               0.156069443     -0.283520252    *N1102  
*N1102  0.403706638     
GRID*   1103            0               0.153480732     -0.285636449    *N1103  
*N1103  0.403760736     
GRID*   1104            0               0.1573756       -0.279182611    *N1104  
*N1104  0.403610177     
GRID*   1105            0               0.159931072     -0.283608807    *N1105  
*N1105  0.403965534     
GRID*   1106            0               0.158657656     -0.281403192    *N1106  
*N1106  0.403663582     
GRID*   1107            0               0.162404105     -0.287892215    *N1107  
*N1107  0.405301365     
GRID*   1108            0               0.161183829     -0.28577864     *N1108  
*N1108  0.404513185     
GRID*   1109            0               0.162558524     -0.26175965     *N1109  
*N1109  0.40715441      
GRID*   1110            0               0.158266267     -0.260925269    *N1110  
*N1110  0.40907672      
GRID*   1111            0               0.159839848     -0.257050763    *N1111  
*N1111  0.411332347     
GRID*   1112            0               0.161131074     -0.259287234    *N1112  
*N1112  0.409066091     
GRID*   1113            0               0.156812535     -0.265007361    *N1113  
*N1113  0.407189492     
GRID*   1114            0               0.152536663     -0.264201358    *N1114  
*N1114  0.409098005     
GRID*   1115            0               0.154124092     -0.260350835    *N1115  
*N1115  0.411332279     
GRID*   1116            0               0.155401463     -0.262563311    *N1116  
*N1116  0.409087358     
GRID*   1117            0               0.150149077     -0.260065928    *N1117  
*N1117  0.413873116     
GRID*   1118            0               0.155854165     -0.256747381    *N1118  
*N1118  0.413900893     
GRID*   1119            0               0.153001619     -0.258406651    *N1119  
*N1119  0.413887001     
GRID*   1120            0               0.158706716     -0.25508812     *N1120  
*N1120  0.413914792     
GRID*   1121            0               0.142692545     -0.266950763    *N1121  
*N1121  0.411332347     
GRID*   1122            0               0.146834732     -0.267525269    *N1122  
*N1122  0.40907672      
GRID*   1123            0               0.145411221     -0.27165965     *N1123  
*N1123  0.40715441      
GRID*   1124            0               0.143983771     -0.269187234    *N1124  
*N1124  0.409066091     
GRID*   1125            0               0.14442263      -0.263347381    *N1125  
*N1125  0.413900893     
GRID*   1126            0               0.141559413     -0.26498812     *N1126  
*N1126  0.413914792     
GRID*   1127            0               0.148408324     -0.263650835    *N1127  
*N1127  0.411332279     
GRID*   1128            0               0.147285851     -0.261706651    *N1128  
*N1128  0.413887001     
GRID*   1129            0               0.151096767     -0.268307361    *N1129  
*N1129  0.407189492     
GRID*   1130            0               0.149685696     -0.265863311    *N1130  
*N1130  0.409087358     
GRID*   1131            0               0.164402635     -0.271553769    *N1131  
*N1131  0.403878743     
GRID*   1132            0               0.165689837     -0.267183242    *N1132  
*N1132  0.404536056     
GRID*   1133            0               0.167355564     -0.270068366    *N1133  
*N1133  0.403851608     
GRID*   1134            0               0.158497086     -0.274525109    *N1134  
*N1134  0.403937157     
GRID*   1135            0               0.159839557     -0.270250313    *N1135  
*N1135  0.404611187     
GRID*   1136            0               0.161449807     -0.273039347    *N1136  
*N1136  0.40390726      
GRID*   1137            0               0.155387706     -0.26913951     *N1137  
*N1137  0.405745311     
GRID*   1138            0               0.161183798     -0.265978581    *N1138  
*N1138  0.405676914     
GRID*   1139            0               0.158285724     -0.267558997    *N1139  
*N1139  0.40571098      
GRID*   1140            0               0.164081928     -0.264398263    *N1140  
*N1140  0.405643114     
GRID*   1141            0               0.148542534     -0.277083242    *N1141  
*N1141  0.404536056     
GRID*   1142            0               0.1529711       -0.278153769    *N1142  
*N1142  0.403878743     
GRID*   1143            0               0.150208261     -0.279968366    *N1143  
*N1143  0.403851608     
GRID*   1144            0               0.149752262     -0.272578581    *N1144  
*N1144  0.405676914     
GRID*   1145            0               0.146934625     -0.274298263    *N1145  
*N1145  0.405643114     
GRID*   1146            0               0.154123789     -0.273550313    *N1146  
*N1146  0.404611187     
GRID*   1147            0               0.152569956     -0.270858997    *N1147  
*N1147  0.40571098      
GRID*   1148            0               0.15573404      -0.276339347    *N1148  
*N1148  0.40390726      
GRID*   1149            0               0.140252775     -0.262724935    *N1149  
*N1149  0.441937001     
GRID*   1150            0               0.142299141     -0.25966935     *N1150  
*N1150  0.437963811     
GRID*   1151            0               0.139173791     -0.260856083    *N1151  
*N1151  0.436017251     
GRID*   1152            0               0.139624663     -0.261637015    *N1152  
*N1152  0.439041736     
GRID*   1153            0               0.145389932     -0.258422757    *N1153  
*N1153  0.43930884      
GRID*   1154            0               0.147718627     -0.255856182    *N1154  
*N1154  0.43576555      
GRID*   1155            0               0.144724092     -0.257269496    *N1155  
*N1155  0.434368628     
GRID*   1156            0               0.14499703      -0.257742234    *N1156  
*N1156  0.436871071     
GRID*   1157            0               0.147415585     -0.255331308    *N1157  
*N1157  0.431282939     
GRID*   1158            0               0.141737364     -0.258696327    *N1158  
*N1158  0.432366418     
GRID*   1159            0               0.144573688     -0.257008992    *N1159  
*N1159  0.431825065     
GRID*   1160            0               0.138906602     -0.260393299    *N1160  
*N1160  0.43290677      
GRID*   1161            0               0.156321094     -0.250956083    *N1161  
*N1161  0.436017251     
GRID*   1162            0               0.153730677     -0.25306935     *N1162  
*N1162  0.437963811     
GRID*   1163            0               0.157400078     -0.252824935    *N1163  
*N1163  0.441937001     
GRID*   1164            0               0.156771966     -0.251737015    *N1164  
*N1164  0.439041736     
GRID*   1165            0               0.153168899     -0.252096327    *N1165  
*N1165  0.432366418     
GRID*   1166            0               0.156053905     -0.250493299    *N1166  
*N1166  0.43290677      
GRID*   1167            0               0.15043986      -0.253969496    *N1167  
*N1167  0.434368628     
GRID*   1168            0               0.150289456     -0.253708992    *N1168  
*N1168  0.431825065     
GRID*   1169            0               0.151105699     -0.255122757    *N1169  
*N1169  0.43930884      
GRID*   1170            0               0.150712798     -0.254442234    *N1170  
*N1170  0.436871071     
GRID*   1171            0               0.163518843     -0.303022959    *N1171  
*N1171  0.41701348      
GRID*   1172            0               0.167152799     -0.302717169    *N1172  
*N1172  0.420258959     
GRID*   1173            0               0.164795082     -0.305233469    *N1173  
*N1173  0.423306934     
GRID*   1174            0               0.164258571     -0.304304205    *N1174  
*N1174  0.420077787     
GRID*   1175            0               0.169353535     -0.299928968    *N1175  
*N1175  0.417443801     
GRID*   1176            0               0.172939241     -0.299539607    *N1176  
*N1176  0.420622891     
GRID*   1177            0               0.170546726     -0.301995637    *N1177  
*N1177  0.423587045     
GRID*   1178            0               0.170046356     -0.301128971    *N1178  
*N1178  0.420440664     
GRID*   1179            0               0.173710246     -0.300875029    *N1179  
*N1179  0.426927021     
GRID*   1180            0               0.167983223     -0.304155506    *N1180  
*N1180  0.426740482     
GRID*   1181            0               0.170846818     -0.302515411    *N1181  
*N1181  0.426833732     
GRID*   1182            0               0.165119463     -0.305795313    *N1182  
*N1182  0.426647274     
GRID*   1183            0               0.181942385     -0.295333469    *N1183  
*N1183  0.423306934     
GRID*   1184            0               0.178584335     -0.296117169    *N1184  
*N1184  0.420258959     
GRID*   1185            0               0.180666146     -0.293122959    *N1185  
*N1185  0.41701348      
GRID*   1186            0               0.181405874     -0.294404205    *N1186  
*N1186  0.420077787     
GRID*   1187            0               0.179414759     -0.297555506    *N1187  
*N1187  0.426740482     
GRID*   1188            0               0.182266766     -0.295895313    *N1188  
*N1188  0.426647274     
GRID*   1189            0               0.176262494     -0.298695637    *N1189  
*N1189  0.423587045     
GRID*   1190            0               0.176562585     -0.299215411    *N1190  
*N1190  0.426833732     
GRID*   1191            0               0.175069303     -0.296628968    *N1191  
*N1191  0.417443801     
GRID*   1192            0               0.175762124     -0.297828971    *N1192  
*N1192  0.420440664     
GRID*   1193            0               0.159236208     -0.295605213    *N1193  
*N1193  0.407885945     
GRID*   1194            0               0.163789611     -0.296891951    *N1194  
*N1194  0.410513179     
GRID*   1195            0               0.161651914     -0.29978934     *N1195  
*N1195  0.411934741     
GRID*   1196            0               0.160504699     -0.297802305    *N1196  
*N1196  0.409765625     
GRID*   1197            0               0.166106383     -0.294304726    *N1197  
*N1197  0.409576601     
GRID*   1198            0               0.170309295     -0.294984396    *N1198  
*N1198  0.412114898     
GRID*   1199            0               0.167921768     -0.297449069    *N1199  
*N1199  0.413193528     
GRID*   1200            0               0.167058063     -0.295953086    *N1200  
*N1200  0.411296753     
GRID*   1201            0               0.171696395     -0.297386932    *N1201  
*N1201  0.415701816     
GRID*   1202            0               0.165677669     -0.300162165    *N1202  
*N1202  0.414802435     
GRID*   1203            0               0.168689341     -0.298778548    *N1203  
*N1203  0.415249014     
GRID*   1204            0               0.162661442     -0.301537895    *N1204  
*N1204  0.414362268     
GRID*   1205            0               0.176383511     -0.285705213    *N1205  
*N1205  0.407885945     
GRID*   1206            0               0.170667821     -0.289005362    *N1206  
*N1206  0.407886054     
GRID*   1207            0               0.169428872     -0.286859446    *N1207  
*N1207  0.406455392     
GRID*   1208            0               0.172915888     -0.286299125    *N1208  
*N1208  0.407137079     
GRID*   1209            0               0.171822151     -0.291004726    *N1209  
*N1209  0.409576601     
GRID*   1210            0               0.164952053     -0.292305362    *N1210  
*N1210  0.407886054     
GRID*   1211            0               0.168398563     -0.291674895    *N1211  
*N1211  0.408700025     
GRID*   1212            0               0.163713104     -0.290159446    *N1212  
*N1212  0.406455392     
GRID*   1213            0               0.161484353     -0.292899125    *N1213  
*N1213  0.407137079     
GRID*   1214            0               0.165924311     -0.287389379    *N1214  
*N1214  0.405842888     
GRID*   1215            0               0.142947409     -0.267392176    *N1215  
*N1215  0.449163806     
GRID*   1216            0               0.145082306     -0.264489926    *N1216  
*N1216  0.447681882     
GRID*   1217            0               0.140956558     -0.26394392     *N1217  
*N1217  0.444380506     
GRID*   1218            0               0.14188126      -0.265545551    *N1218  
*N1218  0.4468899       
GRID*   1219            0               0.145442828     -0.271714368    *N1219  
*N1219  0.452882068     
GRID*   1220            0               0.147149059     -0.268069647    *N1220  
*N1220  0.451392251     
GRID*   1221            0               0.144140142     -0.26945805     *N1221  
*N1221  0.451170522     
GRID*   1222            0               0.151191595     -0.268471526    *N1222  
*N1222  0.45291992      
GRID*   1223            0               0.153171537     -0.265300886    *N1223  
*N1223  0.451822736     
GRID*   1224            0               0.149192504     -0.265008998    *N1224  
*N1224  0.450114088     
GRID*   1225            0               0.150159534     -0.266683944    *N1225  
*N1225  0.45160967      
GRID*   1226            0               0.15153017      -0.262457956    *N1226  
*N1226  0.449181054     
GRID*   1227            0               0.14748608      -0.262053386    *N1227  
*N1227  0.446619716     
GRID*   1228            0               0.148298797     -0.263461053    *N1228  
*N1228  0.448446002     
GRID*   1229            0               0.146665275     -0.26063171     *N1229  
*N1229  0.444358776     
GRID*   1230            0               0.145962692     -0.259414802    *N1230  
*N1230  0.441913891     
GRID*   1231            0               0.143442995     -0.261650557    *N1231  
*N1231  0.443166336     
GRID*   1232            0               0.153201848     -0.258753386    *N1232  
*N1232  0.446619716     
GRID*   1233            0               0.152381043     -0.25733171     *N1233  
*N1233  0.444358776     
GRID*   1234            0               0.149918596     -0.259666626    *N1234  
*N1234  0.445510979     
GRID*   1235            0               0.158103861     -0.25404392     *N1235  
*N1235  0.444380506     
GRID*   1236            0               0.151678459     -0.256114802    *N1236  
*N1236  0.441913891     
GRID*   1237            0               0.15487453      -0.255050557    *N1237  
*N1237  0.443166336     
GRID*   1238            0               0.148516632     -0.257238358    *N1238  
*N1238  0.440626812     
GRID*   1239            0               0.156513841     -0.257889926    *N1239  
*N1239  0.447681882     
GRID*   1240            0               0.160094712     -0.257492176    *N1240  
*N1240  0.449163806     
GRID*   1241            0               0.159028563     -0.255645551    *N1241  
*N1241  0.4468899       
GRID*   1242            0               0.154908271     -0.261708998    *N1242  
*N1242  0.450114088     
GRID*   1243            0               0.154014565     -0.260161053    *N1243  
*N1243  0.448446002     
GRID*   1244            0               0.156907363     -0.265171526    *N1244  
*N1244  0.45291992      
GRID*   1245            0               0.158580594     -0.261469647    *N1245  
*N1245  0.451392251     
GRID*   1246            0               0.155875302     -0.263383944    *N1246  
*N1246  0.45160967      
GRID*   1247            0               0.162590131     -0.261814368    *N1247  
*N1247  0.452882068     
GRID*   1248            0               0.161287445     -0.25955805     *N1248  
*N1248  0.451170522     
GRID*   1249            0               0.178799217     -0.28988934     *N1249  
*N1249  0.411934741     
GRID*   1250            0               0.175221147     -0.290291951    *N1250  
*N1250  0.410513179     
GRID*   1251            0               0.177652002     -0.287902305    *N1251  
*N1251  0.409765625     
GRID*   1252            0               0.177109204     -0.293562165    *N1252  
*N1252  0.414802435     
GRID*   1253            0               0.179808745     -0.291637895    *N1253  
*N1253  0.414362268     
GRID*   1254            0               0.173637535     -0.294149069    *N1254  
*N1254  0.413193528     
GRID*   1255            0               0.174405109     -0.295478548    *N1255  
*N1255  0.415249014     
GRID*   1256            0               0.17277383      -0.292653086    *N1256  
*N1256  0.411296753     
GRID*   1257            0               0.148988218     -0.282827402    *N1257  
*N1257  0.456340586     
GRID*   1258            0               0.14835693      -0.281625773    *N1258  
*N1258  0.456214218     
GRID*   1259            0               0.148022291     -0.279128812    *N1259  
*N1259  0.455830016     
GRID*   1260            0               0.14864522      -0.280315964    *N1260  
*N1260  0.456077064     
GRID*   1261            0               0.163387016     -0.306754073    *N1261  
*N1261  0.433622202     
GRID*   1262            0               0.149184396     -0.284076366    *N1262  
*N1262  0.456393396     
GRID*   1263            0               0.147636251     -0.279814726    *N1263  
*N1263  0.45591148      
GRID*   1264            0               0.148284845     -0.281977884    *N1264  
*N1264  0.456244891     
GRID*   1265            0               0.14818593      -0.276594927    *N1265  
*N1265  0.455291762     
GRID*   1266            0               0.147790628     -0.278194038    *N1266  
*N1266  0.455617092     
GRID*   1267            0               0.14907187      -0.283459878    *N1267  
*N1267  0.456373588     
GRID*   1268            0               0.149155817     -0.284092866    *N1268  
*N1268  0.456393396     
GRID*   1269            0               0.149170106     -0.284084616    *N1269  
*N1269  0.456393396     
GRID*   1270            0               0.148973929     -0.282835652    *N1270  
*N1270  0.456340586     
GRID*   1271            0               0.14905758      -0.283468128    *N1271  
*N1271  0.456373588     
GRID*   1272            0               0.136581228     -0.261598158    *N1272  
*N1272  0.428524515     
GRID*   1273            0               0.149141528     -0.284101116    *N1273  
*N1273  0.456393396     
GRID*   1274            0               0.149148672     -0.284096991    *N1274  
*N1274  0.456393396     
GRID*   1275            0               0.150758394     -0.285893437    *N1275  
*N1275  0.456340586     
GRID*   1276            0               0.149760559     -0.28510731     *N1276  
*N1276  0.456393396     
GRID*   1277            0               0.149746269     -0.28511556     *N1277  
*N1277  0.456393396     
GRID*   1278            0               0.150744104     -0.285901687    *N1278  
*N1278  0.456340586     
GRID*   1279            0               0.150252479     -0.285504754    *N1279  
*N1279  0.456373588     
GRID*   1280            0               0.149774848     -0.28509906     *N1280  
*N1280  0.456393396     
GRID*   1281            0               0.149254201     -0.28471786     *N1281  
*N1281  0.4564          
GRID*   1282            0               0.149514552     -0.284908508    *N1282  
*N1282  0.456398349     
GRID*   1283            0               0.14973198      -0.28512381     *N1283  
*N1283  0.456393396     
GRID*   1284            0               0.149493118     -0.284920883    *N1284  
*N1284  0.456398349     
GRID*   1285            0               0.152272892     -0.287053864    *N1285  
*N1285  0.456162612     
GRID*   1286            0               0.153478524     -0.288579266    *N1286  
*N1286  0.455830011     
GRID*   1287            0               0.15153741      -0.286934205    *N1287  
*N1287  0.456221941     
GRID*   1288            0               0.152761864     -0.2874462      *N1288  
*N1288  0.456077064     
GRID*   1289            0               0.154264887     -0.288586751    *N1289  
*N1289  0.455742347     
GRID*   1290            0               0.152517498     -0.287250239    *N1290  
*N1290  0.456121471     
GRID*   1291            0               0.155754731     -0.289704476    *N1291  
*N1291  0.455291762     
GRID*   1292            0               0.154564661     -0.289249713    *N1292  
*N1292  0.455566864     
GRID*   1293            0               0.172015604     -0.272258353    *N1293  
*N1293  0.456393396     
GRID*   1294            0               0.17212813      -0.272874841    *N1294  
*N1294  0.456373588     
GRID*   1295            0               0.172044183     -0.272241853    *N1295  
*N1295  0.456393396     
GRID*   1296            0               0.172029894     -0.272250103    *N1296  
*N1296  0.456393396     
GRID*   1297            0               0.172211782     -0.273507317    *N1297  
*N1297  0.456340586     
GRID*   1298            0               0.172226071     -0.273499067    *N1298  
*N1298  0.456340586     
GRID*   1299            0               0.17214242      -0.272866591    *N1299  
*N1299  0.456373588     
GRID*   1300            0               0.172177147     -0.273187034    *N1300  
*N1300  0.456358736     
GRID*   1301            0               0.172058472     -0.272233603    *N1301  
*N1301  0.456393396     
GRID*   1302            0               0.172051328     -0.272237728    *N1302  
*N1302  0.456393396     
GRID*   1303            0               0.172843074     -0.274708973    *N1303  
*N1303  0.456214215     
GRID*   1304            0               0.173177713     -0.277205934    *N1304  
*N1304  0.455830011     
GRID*   1305            0               0.17255478      -0.276018755    *N1305  
*N1305  0.456077064     
GRID*   1306            0               0.172699251     -0.275364426    *N1306  
*N1306  0.456150326     
GRID*   1307            0               0.173563757     -0.276520046    *N1307  
*N1307  0.455911471     
GRID*   1308            0               0.172915164     -0.27435687     *N1308  
*N1308  0.456244887     
GRID*   1309            0               0.17301407      -0.279739792    *N1309  
*N1309  0.455291762     
GRID*   1310            0               0.173409373     -0.278140709    *N1310  
*N1310  0.455617086     
GRID*   1311            0               0.171425152     -0.27123566     *N1311  
*N1311  0.456393396     
GRID*   1312            0               0.168927108     -0.269280856    *N1312  
*N1312  0.456162612     
GRID*   1313            0               0.167721474     -0.267755452    *N1313  
*N1313  0.455830011     
GRID*   1314            0               0.169662594     -0.269400518    *N1314  
*N1314  0.456221941     
GRID*   1315            0               0.170441606     -0.270441283    *N1315  
*N1315  0.456340586     
GRID*   1316            0               0.168438136     -0.268888519    *N1316  
*N1316  0.456077064     
GRID*   1317            0               0.166935113     -0.267747968    *N1317  
*N1317  0.455742347     
GRID*   1318            0               0.183655614     -0.295018671    *N1318  
*N1318  0.433824753     
GRID*   1319            0               0.165445269     -0.266630243    *N1319  
*N1319  0.455291762     
GRID*   1320            0               0.16663534      -0.267085007    *N1320  
*N1320  0.455566864     
GRID*   1321            0               0.171439441     -0.27122741     *N1321  
*N1321  0.456393396     
GRID*   1322            0               0.171453731     -0.27121916     *N1322  
*N1322  0.456393396     
GRID*   1323            0               0.170455895     -0.270433033    *N1323  
*N1323  0.456340586     
GRID*   1324            0               0.158351031     -0.249012206    *N1324  
*N1324  0.42881939      
GRID*   1325            0               0.171945799     -0.27161686     *N1325  
*N1325  0.4564          
GRID*   1326            0               0.171685448     -0.271426212    *N1326  
*N1326  0.456398349     
GRID*   1327            0               0.17146802      -0.27121091     *N1327  
*N1327  0.456393396     
GRID*   1328            0               0.171706882     -0.271413837    *N1328  
*N1328  0.456398349     
GRID*   1329            0               0.156148146     -0.294873174    *N1329  
*N1329  0.453390168     
GRID*   1330            0               0.155673142     -0.292381152    *N1330  
*N1330  0.454495199     
GRID*   1331            0               0.154207441     -0.291305245    *N1331  
*N1331  0.455100272     
GRID*   1332            0               0.154716797     -0.293856766    *N1332  
*N1332  0.454158362     
GRID*   1333            0               0.155195661     -0.293120158    *N1333  
*N1333  0.454330067     
GRID*   1334            0               0.156876836     -0.292168606    *N1334  
*N1334  0.454323103     
GRID*   1335            0               0.154542945     -0.289903008    *N1335  
*N1335  0.455417593     
GRID*   1336            0               0.155718489     -0.291050699    *N1336  
*N1336  0.454919508     
GRID*   1337            0               0.152441311     -0.288874335    *N1337  
*N1337  0.455884184     
GRID*   1338            0               0.153494335     -0.289392493    *N1338  
*N1338  0.455669254     
GRID*   1339            0               0.158293928     -0.292939502    *N1339  
*N1339  0.453695359     
GRID*   1340            0               0.16116189      -0.291738693    *N1340  
*N1340  0.453497687     
GRID*   1341            0               0.159005319     -0.292073772    *N1341  
*N1341  0.453884896     
GRID*   1342            0               0.160761992     -0.292597662    *N1342  
*N1342  0.453211071     
GRID*   1343            0               0.158455231     -0.293735698    *N1343  
*N1343  0.453301226     
GRID*   1344            0               0.162762834     -0.291576147    *N1344  
*N1344  0.453147964     
GRID*   1345            0               0.150729815     -0.285909937    *N1345  
*N1345  0.456340586     
GRID*   1346            0               0.151409101     -0.288127668    *N1346  
*N1346  0.456090528     
GRID*   1347            0               0.153094609     -0.291047054    *N1347  
*N1347  0.455341243     
GRID*   1348            0               0.151925783     -0.288502001    *N1348  
*N1348  0.455993858     
GRID*   1349            0               0.149689112     -0.28514856     *N1349  
*N1349  0.456393396     
GRID*   1350            0               0.152584876     -0.290684758    *N1350  
*N1350  0.455500442     
GRID*   1351            0               0.151150177     -0.287939493    *N1351  
*N1351  0.456134026     
GRID*   1352            0               0.153663699     -0.29229304     *N1352  
*N1352  0.454902489     
GRID*   1353            0               0.1502239       -0.285521254    *N1353  
*N1353  0.456373588     
GRID*   1354            0               0.149717691     -0.28513206     *N1354  
*N1354  0.456393396     
GRID*   1355            0               0.149703401     -0.28514031     *N1355  
*N1355  0.456393396     
GRID*   1356            0               0.15023819      -0.285513004    *N1356  
*N1356  0.456373588     
GRID*   1357            0               0.150484049     -0.28571155     *N1357  
*N1357  0.456358736     
GRID*   1358            0               0.149724835     -0.285127935    *N1358  
*N1358  0.456393396     
GRID*   1359            0               0.172101341     -0.272208853    *N1359  
*N1359  0.456393396     
GRID*   1360            0               0.17388717      -0.275822588    *N1360  
*N1360  0.455993858     
GRID*   1361            0               0.175506838     -0.278107347    *N1361  
*N1361  0.455341243     
GRID*   1362            0               0.17382133      -0.275187962    *N1362  
*N1362  0.456090528     
GRID*   1363            0               0.172240361     -0.273490817    *N1363  
*N1363  0.456340586     
GRID*   1364            0               0.173951857     -0.276455216    *N1364  
*N1364  0.455884184     
GRID*   1365            0               0.175563878     -0.27872673     *N1365  
*N1365  0.455169366     
GRID*   1366            0               0.173919667     -0.276139167    *N1366  
*N1366  0.455940644     
GRID*   1367            0               0.177129026     -0.280917059    *N1367  
*N1367  0.454158362     
GRID*   1368            0               0.176327613     -0.279528971    *N1368  
*N1368  0.454802907     
GRID*   1369            0               0.172087051     -0.272217103    *N1369  
*N1369  0.456393396     
GRID*   1370            0               0.172072762     -0.272225353    *N1370  
*N1370  0.456393396     
GRID*   1371            0               0.172156709     -0.272858341    *N1371  
*N1371  0.456373588     
GRID*   1372            0               0.172002956     -0.27158386     *N1372  
*N1372  0.4564          
GRID*   1373            0               0.172052176     -0.271896404    *N1373  
*N1373  0.456398349     
GRID*   1374            0               0.172030742     -0.271908779    *N1374  
*N1374  0.456398349     
GRID*   1375            0               0.174587017     -0.281943628    *N1375  
*N1375  0.454323103     
GRID*   1376            0               0.175372935     -0.281007472    *N1376  
*N1376  0.454495199     
GRID*   1377            0               0.173791897     -0.27878962     *N1377  
*N1377  0.455417593     
GRID*   1378            0               0.174198054     -0.280381516    *N1378  
*N1378  0.454919508     
GRID*   1379            0               0.177293587     -0.282664849    *N1379  
*N1379  0.453390168     
GRID*   1380            0               0.175174022     -0.279200183    *N1380  
*N1380  0.455100272     
GRID*   1381            0               0.176251672     -0.280963464    *N1381  
*N1381  0.454330067     
GRID*   1382            0               0.173874083     -0.27762624     *N1382  
*N1382  0.455669254     
GRID*   1383            0               0.174546086     -0.283556314    *N1383  
*N1383  0.453695359     
GRID*   1384            0               0.173016012     -0.2855228      *N1384  
*N1384  0.453211071     
GRID*   1385            0               0.175154961     -0.284094104    *N1385  
*N1385  0.453301226     
GRID*   1386            0               0.172072175     -0.285439637    *N1386  
*N1386  0.453497687     
GRID*   1387            0               0.173440647     -0.283739531    *N1387  
*N1387  0.453884896     
GRID*   1388            0               0.171130934     -0.286744823    *N1388  
*N1388  0.453147964     
GRID*   1389            0               0.170470185     -0.270424783    *N1389  
*N1389  0.456340586     
GRID*   1390            0               0.169790899     -0.268207051    *N1390  
*N1390  0.456090528     
GRID*   1391            0               0.168105391     -0.265287665    *N1391  
*N1391  0.455341243     
GRID*   1392            0               0.168758689     -0.267460384    *N1392  
*N1392  0.455884184     
GRID*   1393            0               0.184577623     -0.294338995    *N1393  
*N1393  0.434612953     
GRID*   1394            0               0.171510888     -0.27118616     *N1394  
*N1394  0.456393396     
GRID*   1395            0               0.168615124     -0.265649962    *N1395  
*N1395  0.455500442     
GRID*   1396            0               0.170049823     -0.268395226    *N1396  
*N1396  0.456134026     
GRID*   1397            0               0.166483203     -0.262477954    *N1397  
*N1397  0.454158362     
GRID*   1398            0               0.167536301     -0.264041679    *N1398  
*N1398  0.454902489     
GRID*   1399            0               0.1709761       -0.270813465    *N1399  
*N1399  0.456373588     
GRID*   1400            0               0.171482309     -0.27120266     *N1400  
*N1400  0.456393396     
GRID*   1401            0               0.171496599     -0.27119441     *N1401  
*N1401  0.456393396     
GRID*   1402            0               0.17096181      -0.270821715    *N1402  
*N1402  0.456373588     
GRID*   1403            0               0.158274326     -0.249073642    *N1403  
*N1403  0.428524515     
GRID*   1404            0               0.171475165     -0.271206785    *N1404  
*N1404  0.456393396     
GRID*   1405            0               0.165051854     -0.261461545    *N1405  
*N1405  0.453390168     
GRID*   1406            0               0.165526858     -0.263953567    *N1406  
*N1406  0.454495199     
GRID*   1407            0               0.166992559     -0.265029475    *N1407  
*N1407  0.455100272     
GRID*   1408            0               0.166004339     -0.263214562    *N1408  
*N1408  0.454330067     
GRID*   1409            0               0.164323164     -0.264166114    *N1409  
*N1409  0.454323103     
GRID*   1410            0               0.166657055     -0.266431712    *N1410  
*N1410  0.455417593     
GRID*   1411            0               0.165481511     -0.265284021    *N1411  
*N1411  0.454919508     
GRID*   1412            0               0.167705665     -0.266942226    *N1412  
*N1412  0.455669254     
GRID*   1413            0               0.162906126     -0.263395211    *N1413  
*N1413  0.45369537      
GRID*   1414            0               0.160038493     -0.264595977    *N1414  
*N1414  0.453497763     
GRID*   1415            0               0.162194871     -0.264260955    *N1415  
*N1415  0.453884944     
GRID*   1416            0               0.160438062     -0.26373705     *N1416  
*N1416  0.453211082     
GRID*   1417            0               0.162744796     -0.262599018    *N1417  
*N1417  0.453301232     
GRID*   1418            0               0.158437429     -0.264758489    *N1418  
*N1418  0.453147997     
GRID*   1419            0               0.149098659     -0.284125866    *N1419  
*N1419  0.456393396     
GRID*   1420            0               0.14731283      -0.280512131    *N1420  
*N1420  0.455993858     
GRID*   1421            0               0.145693162     -0.278227372    *N1421  
*N1421  0.455341243     
GRID*   1422            0               0.14737867      -0.281146758    *N1422  
*N1422  0.456090528     
GRID*   1423            0               0.148959639     -0.282843902    *N1423  
*N1423  0.456340586     
GRID*   1424            0               0.147248143     -0.279879504    *N1424  
*N1424  0.455884184     
GRID*   1425            0               0.145636122     -0.277607989    *N1425  
*N1425  0.455169366     
GRID*   1426            0               0.162702339     -0.306907249    *N1426  
*N1426  0.434903367     
GRID*   1427            0               0.144070974     -0.27541766     *N1427  
*N1427  0.454158362     
GRID*   1428            0               0.144872387     -0.276805748    *N1428  
*N1428  0.454802907     
GRID*   1429            0               0.149112949     -0.284117616    *N1429  
*N1429  0.456393396     
GRID*   1430            0               0.149127238     -0.284109366    *N1430  
*N1430  0.456393396     
GRID*   1431            0               0.136446802     -0.261658619    *N1431  
*N1431  0.42881939      
GRID*   1432            0               0.149197044     -0.28475086     *N1432  
*N1432  0.4564          
GRID*   1433            0               0.149147824     -0.284438315    *N1433  
*N1433  0.456398349     
GRID*   1434            0               0.149169258     -0.28442594     *N1434  
*N1434  0.456398349     
GRID*   1435            0               0.146612983     -0.274391091    *N1435  
*N1435  0.454323103     
GRID*   1436            0               0.145827065     -0.275327248    *N1436  
*N1436  0.454495199     
GRID*   1437            0               0.147408104     -0.277545099    *N1437  
*N1437  0.455417593     
GRID*   1438            0               0.147001946     -0.275953203    *N1438  
*N1438  0.454919508     
GRID*   1439            0               0.143906413     -0.273669871    *N1439  
*N1439  0.453390168     
GRID*   1440            0               0.146025978     -0.277134536    *N1440  
*N1440  0.455100272     
GRID*   1441            0               0.144948328     -0.275371255    *N1441  
*N1441  0.454330067     
GRID*   1442            0               0.147325917     -0.278708479    *N1442  
*N1442  0.455669254     
GRID*   1443            0               0.146653894     -0.272778431    *N1443  
*N1443  0.453695366     
GRID*   1444            0               0.148183967     -0.270811945    *N1444  
*N1444  0.453211077     
GRID*   1445            0               0.146045029     -0.272240628    *N1445  
*N1445  0.453301229     
GRID*   1446            0               0.149127687     -0.270895264    *N1446  
*N1446  0.453497732     
GRID*   1447            0               0.14775929      -0.272595309    *N1447  
*N1447  0.453884931     
GRID*   1448            0               0.150069148     -0.269589828    *N1448  
*N1448  0.453147954     
GRID*   1449            0               0.150099995     -0.267917319    *N1449  
*N1449  0.412159133     
GRID*   1450            0               0.153554627     -0.256250553    *N1450  
*N1450  0.431904286     
GRID*   1451            0               0.153922429     -0.257569644    *N1451  
*N1451  0.421953004     
GRID*   1452            0               0.146217327     -0.262885324    *N1452  
*N1452  0.439654435     
GRID*   1453            0               0.154482937     -0.258419946    *N1453  
*N1453  0.440306852     
GRID*   1454            0               0.161785198     -0.270237652    *N1454  
*N1454  0.408336089     
GRID*   1455            0               0.156381499     -0.261853907    *N1455  
*N1455  0.41419856      
GRID*   1456            0               0.145143734     -0.264991407    *N1456  
*N1456  0.418995087     
GRID*   1457            0               0.146055651     -0.271124513    *N1457  
*N1457  0.446506672     
GRID*   1458            0               0.144427143     -0.261753054    *N1458  
*N1458  0.428381587     
GRID*   1459            0               0.175123241     -0.288915516    *N1459  
*N1459  0.415606856     
GRID*   1460            0               0.162646556     -0.296118934    *N1460  
*N1460  0.415606856     
GRID*   1461            0               0.178557593     -0.288315568    *N1461  
*N1461  0.419600542     
GRID*   1462            0               0.17661374      -0.285176075    *N1462  
*N1462  0.41489874      
GRID*   1463            0               0.16040981      -0.298793195    *N1463  
*N1463  0.419600542     
GRID*   1464            0               0.158662856     -0.295540023    *N1464  
*N1464  0.41489874      
GRID*   1465            0               0.160555298     -0.291941928    *N1465  
*N1465  0.411456288     
GRID*   1466            0               0.157541927     -0.287143163    *N1466  
*N1466  0.408935975     
GRID*   1467            0               0.16990231      -0.280006892    *N1467  
*N1467  0.408935975     
GRID*   1468            0               0.172551478     -0.285015931    *N1468  
*N1468  0.411456288     
GRID*   1469            0               0.16120203      -0.274139409    *N1469  
*N1469  0.407261856     
GRID*   1470            0               0.154953008     -0.277434527    *N1470  
*N1470  0.407612851     
GRID*   1471            0               0.15460932      -0.28162608     *N1471  
*N1471  0.407960059     
GRID*   1472            0               0.176635793     -0.292038641    *N1472  
*N1472  0.439167929     
GRID*   1473            0               0.177555611     -0.293545277    *N1473  
*N1473  0.426895662     
GRID*   1474            0               0.177546128     -0.293548711    *N1474  
*N1474  0.433138915     
GRID*   1475            0               0.164594986     -0.298990404    *N1475  
*N1475  0.439167929     
GRID*   1476            0               0.165439862     -0.300540308    *N1476  
*N1476  0.426895662     
GRID*   1477            0               0.165447577     -0.300533813    *N1477  
*N1477  0.433138915     
GRID*   1478            0               0.160465749     -0.259353419    *N1478  
*N1478  0.443402522     
GRID*   1479            0               0.153898111     -0.25695328     *N1479  
*N1479  0.436217518     
GRID*   1480            0               0.158226511     -0.255537032    *N1480  
*N1480  0.433980556     
GRID*   1481            0               0.158984968     -0.256971625    *N1481  
*N1481  0.439041156     
GRID*   1482            0               0.150130318     -0.260277022    *N1482  
*N1482  0.440194684     
GRID*   1483            0               0.155634247     -0.264848185    *N1483  
*N1483  0.448208539     
GRID*   1484            0               0.14573087      -0.266691876    *N1484  
*N1484  0.443447388     
GRID*   1485            0               0.15296769      -0.262212403    *N1485  
*N1485  0.444859246     
GRID*   1486            0               0.173074449     -0.292446065    *N1486  
*N1486  0.416804672     
GRID*   1487            0               0.173024146     -0.288980469    *N1487  
*N1487  0.41380348      
GRID*   1488            0               0.175743753     -0.293460733    *N1488  
*N1488  0.421610157     
GRID*   1489            0               0.166728497     -0.296109903    *N1489  
*N1489  0.416804672     
GRID*   1490            0               0.163752354     -0.294333541    *N1490  
*N1490  0.41380348      
GRID*   1491            0               0.166272573     -0.298928922    *N1491  
*N1491  0.421610157     
GRID*   1492            0               0.141887234     -0.265173297    *N1492  
*N1492  0.426179434     
GRID*   1493            0               0.144828436     -0.261806954    *N1493  
*N1493  0.434147879     
GRID*   1494            0               0.142804366     -0.265753523    *N1494  
*N1494  0.437926037     
GRID*   1495            0               0.141873967     -0.264809309    *N1495  
*N1495  0.432123245     
GRID*   1496            0               0.14863228      -0.25840978     *N1496  
*N1496  0.430147352     
GRID*   1497            0               0.149089963     -0.258854603    *N1497  
*N1497  0.435305324     
GRID*   1498            0               0.143878689     -0.269808649    *N1498  
*N1498  0.416430191     
GRID*   1499            0               0.144404984     -0.263016301    *N1499  
*N1499  0.423536496     
GRID*   1500            0               0.142560972     -0.266940209    *N1500  
*N1500  0.420936086     
GRID*   1501            0               0.149148671     -0.260693958    *N1501  
*N1501  0.42014316      
GRID*   1502            0               0.153570357     -0.256389095    *N1502  
*N1502  0.426853368     
GRID*   1503            0               0.148599451     -0.259068119    *N1503  
*N1503  0.425018452     
GRID*   1504            0               0.158423229     -0.256294926    *N1504  
*N1504  0.422895896     
GRID*   1505            0               0.157985721     -0.255272237    *N1505  
*N1505  0.428390995     
GRID*   1506            0               0.155040767     -0.259335087    *N1506  
*N1506  0.417832402     
GRID*   1507            0               0.161441152     -0.261482978    *N1507  
*N1507  0.414045883     
GRID*   1508            0               0.159683311     -0.258419217    *N1508  
*N1508  0.418050919     
GRID*   1509            0               0.159033432     -0.265646828    *N1509  
*N1509  0.410650785     
GRID*   1510            0               0.167084027     -0.270700212    *N1510  
*N1510  0.409123959     
GRID*   1511            0               0.16459228      -0.265834886    *N1511  
*N1511  0.410879807     
GRID*   1512            0               0.144739367     -0.273093175    *N1512  
*N1512  0.446009465     
GRID*   1513            0               0.143430766     -0.268977871    *N1513  
*N1513  0.442425002     
GRID*   1514            0               0.16659068      -0.274708639    *N1514  
*N1514  0.452039941     
GRID*   1515            0               0.172551478     -0.285015931    *N1515  
*N1515  0.448543712     
GRID*   1516            0               0.169706587     -0.280077355    *N1516  
*N1516  0.451143131     
GRID*   1517            0               0.152745815     -0.274364108    *N1517  
*N1517  0.451388246     
GRID*   1518            0               0.160750137     -0.269492712    *N1518  
*N1518  0.451408829     
GRID*   1519            0               0.15460932      -0.28162608     *N1519  
*N1519  0.452039941     
GRID*   1520            0               0.149368023     -0.277099919    *N1520  
*N1520  0.450157214     
GRID*   1521            0               0.160555298     -0.291941928    *N1521  
*N1521  0.448543712     
GRID*   1522            0               0.15770081      -0.287008893    *N1522  
*N1522  0.451143131     
GRID*   1523            0               0.148816268     -0.276206207    *N1523  
*N1523  0.410228618     
GRID*   1524            0               0.147372057     -0.266228908    *N1524  
*N1524  0.415299493     
GRID*   1525            0               0.146307152     -0.273029487    *N1525  
*N1525  0.412595209     
GRID*   1526            0               0.165678251     -0.277062974    *N1526  
*N1526  0.407492186     
GRID*   1527            0               0.153098134     -0.264628229    *N1527  
*N1527  0.412852873     
GRID*   1528            0               0.150944623     -0.262335921    *N1528  
*N1528  0.416225051     
GRID*   1529            0               0.152457837     -0.2728225      *N1529  
*N1529  0.409053696     
GRID*   1530            0               0.174941993     -0.289109768    *N1530  
*N1530  0.444428476     
GRID*   1531            0               0.162905407     -0.296059094    *N1531  
*N1531  0.444428476     
GRID*   1532            0               0.178547073     -0.286086363    *N1532  
*N1532  0.417801559     
GRID*   1533            0               0.158484521     -0.297669482    *N1533  
*N1533  0.417801559     
GRID*   1534            0               0.157541927     -0.287143163    *N1534  
*N1534  0.408935975     
GRID*   1535            0               0.172551478     -0.285015931    *N1535  
*N1535  0.411456288     
GRID*   1536            0               0.154953008     -0.277434527    *N1536  
*N1536  0.407612851     
GRID*   1537            0               0.16358936      -0.283345083    *N1537  
*N1537  0.407687113     
GRID*   1538            0               0.17378708      -0.293966644    *N1538  
*N1538  0.440492547     
GRID*   1539            0               0.177245536     -0.292930773    *N1539  
*N1539  0.4362111       
GRID*   1540            0               0.174843179     -0.295756774    *N1540  
*N1540  0.434621076     
GRID*   1541            0               0.174442594     -0.295014832    *N1541  
*N1541  0.43762596      
GRID*   1542            0               0.179076196     -0.289757442    *N1542  
*N1542  0.437609873     
GRID*   1543            0               0.179783813     -0.290936898    *N1543  
*N1543  0.431590661     
GRID*   1544            0               0.179564001     -0.290511382    *N1544  
*N1544  0.434647772     
GRID*   1545            0               0.179570631     -0.290539124    *N1545  
*N1545  0.425454166     
GRID*   1546            0               0.177707797     -0.293689376    *N1546  
*N1546  0.430017449     
GRID*   1547            0               0.179810476     -0.290908102    *N1547  
*N1547  0.428502972     
GRID*   1548            0               0.175058394     -0.296114103    *N1548  
*N1548  0.428425442     
GRID*   1549            0               0.175083079     -0.296097469    *N1549  
*N1549  0.431536751     
GRID*   1550            0               0.162066838     -0.301165798    *N1550  
*N1550  0.431590661     
GRID*   1551            0               0.165488561     -0.300744154    *N1551  
*N1551  0.430017449     
GRID*   1552            0               0.161828946     -0.30078229     *N1552  
*N1552  0.425454166     
GRID*   1553            0               0.162028568     -0.301174491    *N1553  
*N1553  0.428502972     
GRID*   1554            0               0.161399208     -0.299963256    *N1554  
*N1554  0.437609873     
GRID*   1555            0               0.165062723     -0.299964523    *N1555  
*N1555  0.4362111       
GRID*   1556            0               0.161808237     -0.300762677    *N1556  
*N1556  0.434647772     
GRID*   1557            0               0.167689041     -0.297487348    *N1557  
*N1557  0.440492547     
GRID*   1558            0               0.16871129      -0.299297022    *N1558  
*N1558  0.434621076     
GRID*   1559            0               0.168269042     -0.298579134    *N1559  
*N1559  0.43762596      
GRID*   1560            0               0.168913139     -0.299662068    *N1560  
*N1560  0.428425442     
GRID*   1561            0               0.168886391     -0.299675129    *N1561  
*N1561  0.431536751     
GRID*   1562            0               0.163494503     -0.260442386    *N1562  
*N1562  0.444527806     
GRID*   1563            0               0.159719797     -0.25803532     *N1563  
*N1563  0.441293194     
GRID*   1564            0               0.16168304      -0.257457725    *N1564  
*N1564  0.440175857     
GRID*   1565            0               0.162536468     -0.258822065    *N1565  
*N1565  0.44247476      
GRID*   1566            0               0.157439919     -0.258674341    *N1566  
*N1566  0.441985245     
GRID*   1567            0               0.154161476     -0.257593795    *N1567  
*N1567  0.438299629     
GRID*   1568            0               0.156408168     -0.256792285    *N1568  
*N1568  0.437690561     
GRID*   1569            0               0.156898099     -0.257623888    *N1569  
*N1569  0.439893013     
GRID*   1570            0               0.153695218     -0.256504182    *N1570  
*N1570  0.434079306     
GRID*   1571            0               0.155860894     -0.255753445    *N1571  
*N1571  0.432960961     
GRID*   1572            0               0.158592413     -0.256107897    *N1572  
*N1572  0.436554364     
GRID*   1573            0               0.156107774     -0.256150431    *N1573  
*N1573  0.435355816     
GRID*   1574            0               0.160621852     -0.255604026    *N1574  
*N1574  0.434950302     
GRID*   1575            0               0.161087888     -0.256372447    *N1575  
*N1575  0.437638963     
GRID*   1576            0               0.148108081     -0.261493424    *N1576  
*N1576  0.439977065     
GRID*   1577            0               0.151477011     -0.261110107    *N1577  
*N1577  0.442626606     
GRID*   1578            0               0.149147832     -0.264206564    *N1578  
*N1578  0.444406736     
GRID*   1579            0               0.14587332      -0.264696415    *N1579  
*N1579  0.441630502     
GRID*   1580            0               0.148538524     -0.262768064    *N1580  
*N1580  0.4422879       
GRID*   1581            0               0.152262751     -0.259248922    *N1581  
*N1581  0.440304999     
GRID*   1582            0               0.156654759     -0.26050553     *N1582  
*N1582  0.444356352     
GRID*   1583            0               0.154431656     -0.259711788    *N1583  
*N1583  0.442448029     
GRID*   1584            0               0.161061962     -0.262895559    *N1584  
*N1584  0.447325377     
GRID*   1585            0               0.154263338     -0.263442852    *N1585  
*N1585  0.446632666     
GRID*   1586            0               0.158917191     -0.26156338     *N1586  
*N1586  0.445971413     
GRID*   1587            0               0.150523426     -0.267650787    *N1587  
*N1587  0.447929706     
GRID*   1588            0               0.145791925     -0.268844395    *N1588  
*N1588  0.445080227     
GRID*   1589            0               0.149749002     -0.265896452    *N1589  
*N1589  0.446287746     
GRID*   1590            0               0.17188647      -0.29403663     *N1590  
*N1590  0.417574549     
GRID*   1591            0               0.173111055     -0.290775504    *N1591  
*N1591  0.415231174     
GRID*   1592            0               0.170966889     -0.290733208    *N1592  
*N1592  0.413622056     
GRID*   1593            0               0.171493752     -0.292479984    *N1593  
*N1593  0.415505692     
GRID*   1594            0               0.174156438     -0.290734179    *N1594  
*N1594  0.416146912     
GRID*   1595            0               0.175928598     -0.287080747    *N1595  
*N1595  0.415194743     
GRID*   1596            0               0.174915031     -0.28713849     *N1596  
*N1596  0.414245359     
GRID*   1597            0               0.17460221      -0.288967594    *N1597  
*N1597  0.415137192     
GRID*   1598            0               0.177173295     -0.283216437    *N1598  
*N1598  0.414721168     
GRID*   1599            0               0.175250599     -0.283175853    *N1599  
*N1599  0.412856927     
GRID*   1600            0               0.172849519     -0.287042911    *N1600  
*N1600  0.412541939     
GRID*   1601            0               0.175151886     -0.28518487     *N1601  
*N1601  0.41348918      
GRID*   1602            0               0.169569412     -0.286693872    *N1602  
*N1602  0.410494661     
GRID*   1603            0               0.170327703     -0.288786486    *N1603  
*N1603  0.411938551     
GRID*   1604            0               0.176768388     -0.293616431    *N1604  
*N1604  0.424210403     
GRID*   1605            0               0.173868598     -0.295631781    *N1605  
*N1605  0.422750979     
GRID*   1606            0               0.174573289     -0.296016357    *N1606  
*N1606  0.425553596     
GRID*   1607            0               0.17992955      -0.287812057    *N1607  
*N1607  0.421817194     
GRID*   1608            0               0.177301707     -0.291004235    *N1608  
*N1608  0.420519618     
GRID*   1609            0               0.178561498     -0.290860173    *N1609  
*N1609  0.42293692      
GRID*   1610            0               0.176948404     -0.288685015    *N1610  
*N1610  0.417521273     
GRID*   1611            0               0.174511305     -0.293062833    *N1611  
*N1611  0.419127537     
GRID*   1612            0               0.175832771     -0.290956026    *N1612  
*N1612  0.418251693     
GRID*   1613            0               0.172973345     -0.294966711    *N1613  
*N1613  0.420085761     
GRID*   1614            0               0.1662989       -0.293428273    *N1614  
*N1614  0.413622056     
GRID*   1615            0               0.165263445     -0.295306323    *N1615  
*N1615  0.415231174     
GRID*   1616            0               0.168699956     -0.295876365    *N1616  
*N1616  0.417574549     
GRID*   1617            0               0.16754822      -0.294757938    *N1617  
*N1617  0.415505692     
GRID*   1618            0               0.163499471     -0.290198354    *N1618  
*N1618  0.410494661     
GRID*   1619            0               0.162161693     -0.29321353     *N1619  
*N1619  0.412541939     
GRID*   1620            0               0.164932582     -0.291901361    *N1620  
*N1620  0.411938551     
GRID*   1621            0               0.157612183     -0.293359397    *N1621  
*N1621  0.412856927     
GRID*   1622            0               0.156685982     -0.295044793    *N1622  
*N1622  0.414721168     
GRID*   1623            0               0.161211711     -0.295050105    *N1623  
*N1623  0.414245359     
GRID*   1624            0               0.159401399     -0.294278418    *N1624  
*N1624  0.41348918      
GRID*   1625            0               0.160654921     -0.295899008    *N1625  
*N1625  0.415194743     
GRID*   1626            0               0.164704966     -0.296190989    *N1626  
*N1626  0.416146912     
GRID*   1627            0               0.162952173     -0.295693746    *N1627  
*N1627  0.415137192     
GRID*   1628            0               0.169090334     -0.298390513    *N1628  
*N1628  0.422750979     
GRID*   1629            0               0.165895094     -0.29989413     *N1629  
*N1629  0.424210403     
GRID*   1630            0               0.16907104      -0.299193081    *N1630  
*N1630  0.425553596     
GRID*   1631            0               0.166544206     -0.29766264     *N1631  
*N1631  0.419127537     
GRID*   1632            0               0.168961993     -0.297282666    *N1632  
*N1632  0.420085761     
GRID*   1633            0               0.161534355     -0.29758432     *N1633  
*N1633  0.417521273     
GRID*   1634            0               0.163366206     -0.299049899    *N1634  
*N1634  0.420519618     
GRID*   1635            0               0.164058924     -0.297753659    *N1635  
*N1635  0.418251693     
GRID*   1636            0               0.159287778     -0.29972959     *N1636  
*N1636  0.421817194     
GRID*   1637            0               0.16261155      -0.30006888     *N1637  
*N1637  0.42293692      
GRID*   1638            0               0.140914196     -0.267103675    *N1638  
*N1638  0.425134406     
GRID*   1639            0               0.141723134     -0.264880467    *N1639  
*N1639  0.4291442       
GRID*   1640            0               0.140679893     -0.266520014    *N1640  
*N1640  0.431067089     
GRID*   1641            0               0.140664088     -0.266657467    *N1641  
*N1641  0.428078605     
GRID*   1642            0               0.143062449     -0.263383311    *N1642  
*N1642  0.42726574      
GRID*   1643            0               0.144501282     -0.261650208    *N1643  
*N1643  0.43127475      
GRID*   1644            0               0.143262263     -0.263231514    *N1644  
*N1644  0.433151729     
GRID*   1645            0               0.143018865     -0.263185057    *N1645  
*N1645  0.430210451     
GRID*   1646            0               0.145403463     -0.262220828    *N1646  
*N1646  0.436955817     
GRID*   1647            0               0.144423981     -0.264244659    *N1647  
*N1647  0.438837694     
GRID*   1648            0               0.142185697     -0.265173119    *N1648  
*N1648  0.435066869     
GRID*   1649            0               0.143704494     -0.263620187    *N1649  
*N1649  0.436044142     
GRID*   1650            0               0.141375874     -0.267395711    *N1650  
*N1650  0.436929255     
GRID*   1651            0               0.140896149     -0.266806748    *N1651  
*N1651  0.434037916     
GRID*   1652            0               0.149539935     -0.259446981    *N1652  
*N1652  0.437799513     
GRID*   1653            0               0.151434662     -0.257771813    *N1653  
*N1653  0.435798988     
GRID*   1654            0               0.151801003     -0.258402705    *N1654  
*N1654  0.438096055     
GRID*   1655            0               0.146868132     -0.260211699    *N1655  
*N1655  0.434758157     
GRID*   1656            0               0.147393698     -0.260727832    *N1656  
*N1656  0.437420678     
GRID*   1657            0               0.14642311      -0.259944392    *N1657  
*N1657  0.429258897     
GRID*   1658            0               0.148786129     -0.258507394    *N1658  
*N1658  0.432743755     
GRID*   1659            0               0.146544812     -0.259947344    *N1659  
*N1659  0.432023039     
GRID*   1660            0               0.151021428     -0.257172297    *N1660  
*N1660  0.431033591     
GRID*   1661            0               0.151176586     -0.257358473    *N1661  
*N1661  0.433435042     
GRID*   1662            0               0.143612553     -0.272420677    *N1662  
*N1662  0.415439359     
GRID*   1663            0               0.143095274     -0.268304247    *N1663  
*N1663  0.418602036     
GRID*   1664            0               0.14191596      -0.269157581    *N1664  
*N1664  0.419834345     
GRID*   1665            0               0.142667751     -0.270680777    *N1665  
*N1665  0.417510184     
GRID*   1666            0               0.144391606     -0.267319983    *N1666  
*N1666  0.417621294     
GRID*   1667            0               0.144680588     -0.263919932    *N1667  
*N1667  0.421214039     
GRID*   1668            0               0.143379561     -0.26489857     *N1668  
*N1668  0.422189385     
GRID*   1669            0               0.14377861      -0.266027299    *N1669  
*N1669  0.419837826     
GRID*   1670            0               0.144320169     -0.262291161    *N1670  
*N1670  0.425935098     
GRID*   1671            0               0.142088886     -0.265967639    *N1671  
*N1671  0.423510355     
GRID*   1672            0               0.143105838     -0.264046722    *N1672  
*N1672  0.424692279     
GRID*   1673            0               0.141300598     -0.267994613    *N1673  
*N1673  0.422406694     
GRID*   1674            0               0.148540084     -0.258616095    *N1674  
*N1674  0.427567618     
GRID*   1675            0               0.151005338     -0.257557696    *N1675  
*N1675  0.425901926     
GRID*   1676            0               0.153520021     -0.256187975    *N1676  
*N1676  0.429375078     
GRID*   1677            0               0.150953787     -0.257234533    *N1677  
*N1677  0.428458134     
GRID*   1678            0               0.146383911     -0.260898498    *N1678  
*N1678  0.424229452     
GRID*   1679            0               0.146316004     -0.260311147    *N1679  
*N1679  0.426723855     
GRID*   1680            0               0.147031853     -0.262712432    *N1680  
*N1680  0.419480467     
GRID*   1681            0               0.148799987     -0.259765522    *N1681  
*N1681  0.422533938     
GRID*   1682            0               0.14662209      -0.261703594    *N1682  
*N1682  0.421804121     
GRID*   1683            0               0.151458507     -0.25897001     *N1683  
*N1683  0.420971996     
GRID*   1684            0               0.153705032     -0.2568515      *N1684  
*N1684  0.424369409     
GRID*   1685            0               0.151174158     -0.258138702    *N1685  
*N1685  0.423395731     
GRID*   1686            0               0.158087585     -0.255235488    *N1686  
*N1686  0.431194587     
GRID*   1687            0               0.160267532     -0.255083923    *N1687  
*N1687  0.429191039     
GRID*   1688            0               0.16037564      -0.255163492    *N1688  
*N1688  0.432093254     
GRID*   1689            0               0.155751724     -0.255708768    *N1689  
*N1689  0.427609205     
GRID*   1690            0               0.155773565     -0.255579019    *N1690  
*N1690  0.430287022     
GRID*   1691            0               0.156149023     -0.256818098    *N1691  
*N1691  0.422383714     
GRID*   1692            0               0.158186639     -0.255616918    *N1692  
*N1692  0.425611008     
GRID*   1693            0               0.155919143     -0.256114633    *N1693  
*N1693  0.424962458     
GRID*   1694            0               0.16072072      -0.256005724    *N1694  
*N1694  0.423484071     
GRID*   1695            0               0.160427057     -0.255365876    *N1695  
*N1695  0.426302373     
GRID*   1696            0               0.162030863     -0.258246752    *N1696  
*N1696  0.418392588     
GRID*   1697            0               0.160561976     -0.259828176    *N1697  
*N1697  0.415954257     
GRID*   1698            0               0.163971079     -0.261599966    *N1698  
*N1698  0.414259374     
GRID*   1699            0               0.162963191     -0.259797945    *N1699  
*N1699  0.416194569     
GRID*   1700            0               0.159042441     -0.257211385    *N1700  
*N1700  0.420406715     
GRID*   1701            0               0.16131874      -0.256968617    *N1701  
*N1701  0.420850863     
GRID*   1702            0               0.154450771     -0.258353033    *N1702  
*N1702  0.419841779     
GRID*   1703            0               0.157344883     -0.258774944    *N1703  
*N1703  0.417877771     
GRID*   1704            0               0.156723524     -0.257673543    *N1704  
*N1704  0.420070932     
GRID*   1705            0               0.155686501     -0.260505958    *N1705  
*N1705  0.415945022     
GRID*   1706            0               0.158901042     -0.261567967    *N1706  
*N1706  0.414025529     
GRID*   1707            0               0.158107558     -0.260065916    *N1707  
*N1707  0.415867221     
GRID*   1708            0               0.166879793     -0.266102266    *N1708  
*N1708  0.41132896      
GRID*   1709            0               0.165879076     -0.268190208    *N1709  
*N1709  0.40984565      
GRID*   1710            0               0.169619074     -0.271085659    *N1710  
*N1710  0.409947174     
GRID*   1711            0               0.168273061     -0.268536917    *N1711  
*N1711  0.410455469     
GRID*   1712            0               0.163039039     -0.263524915    *N1712  
*N1712  0.412300851     
GRID*   1713            0               0.165423919     -0.26374566     *N1713  
*N1713  0.41261166      
GRID*   1714            0               0.157684144     -0.263634131    *N1714  
*N1714  0.412282973     
GRID*   1715            0               0.161821757     -0.265649656    *N1715  
*N1715  0.410624128     
GRID*   1716            0               0.160375257     -0.263485159    *N1716  
*N1716  0.412167656     
GRID*   1717            0               0.160407778     -0.267859801    *N1717  
*N1717  0.409328104     
GRID*   1718            0               0.16446085      -0.270416256    *N1718  
*N1718  0.408584486     
GRID*   1719            0               0.163215724     -0.267954023    *N1719  
*N1719  0.409446272     
GRID*   1720            0               0.142989087     -0.267286316    *N1720  
*N1720  0.440250299     
GRID*   1721            0               0.142415735     -0.270209917    *N1721  
*N1721  0.441816158     
GRID*   1722            0               0.141785648     -0.268676754    *N1722  
*N1722  0.439463539     
GRID*   1723            0               0.144537256     -0.267806775    *N1723  
*N1723  0.442971374     
GRID*   1724            0               0.144367094     -0.265940506    *N1724  
*N1724  0.440982113     
GRID*   1725            0               0.145376613     -0.272100516    *N1725  
*N1725  0.446280415     
GRID*   1726            0               0.143961851     -0.270982313    *N1726  
*N1726  0.444323306     
GRID*   1727            0               0.144845622     -0.269895478    *N1727  
*N1727  0.444730429     
GRID*   1728            0               0.144145661     -0.274099763    *N1728  
*N1728  0.445694565     
GRID*   1729            0               0.143182457     -0.272060526    *N1729  
*N1729  0.443890493     
GRID*   1730            0               0.163630307     -0.276417811    *N1730  
*N1730  0.452833447     
GRID*   1731            0               0.168219168     -0.277385761    *N1731  
*N1731  0.451793288     
GRID*   1732            0               0.166719298     -0.281753012    *N1732  
*N1732  0.451984251     
GRID*   1733            0               0.165217961     -0.279093253    *N1733  
*N1733  0.452614755     
GRID*   1734            0               0.169412799     -0.273079288    *N1734  
*N1734  0.450737794     
GRID*   1735            0               0.17247094      -0.278361212    *N1735  
*N1735  0.449815479     
GRID*   1736            0               0.170996288     -0.275848474    *N1736  
*N1736  0.45049756      
GRID*   1737            0               0.175250599     -0.283175853    *N1737  
*N1737  0.447143073     
GRID*   1738            0               0.171227171     -0.282587461    *N1738  
*N1738  0.450028378     
GRID*   1739            0               0.173943855     -0.280835786    *N1739  
*N1739  0.448666308     
GRID*   1740            0               0.169569412     -0.286693872    *N1740  
*N1740  0.449505339     
GRID*   1741            0               0.168214721     -0.284278517    *N1741  
*N1741  0.450935133     
GRID*   1742            0               0.15659807      -0.276229495    *N1742  
*N1742  0.452668022     
GRID*   1743            0               0.156666219     -0.271795991    *N1743  
*N1743  0.451852712     
GRID*   1744            0               0.163715784     -0.272011019    *N1744  
*N1744  0.452045439     
GRID*   1745            0               0.16013336      -0.274042433    *N1745  
*N1745  0.452723935     
GRID*   1746            0               0.149187312     -0.272640965    *N1746  
*N1746  0.449308535     
GRID*   1747            0               0.158158804     -0.267017959    *N1747  
*N1747  0.450083362     
GRID*   1748            0               0.15359055      -0.269525354    *N1748  
*N1748  0.450243353     
GRID*   1749            0               0.165020713     -0.267771453    *N1749  
*N1749  0.450149254     
GRID*   1750            0               0.163017306     -0.265183622    *N1750  
*N1750  0.448952287     
GRID*   1751            0               0.167034844     -0.270318001    *N1751  
*N1751  0.450750671     
GRID*   1752            0               0.157569693     -0.279916908    *N1752  
*N1752  0.452833447     
GRID*   1753            0               0.151882861     -0.279377691    *N1753  
*N1753  0.451357823     
GRID*   1754            0               0.151010964     -0.275720286    *N1754  
*N1754  0.450872762     
GRID*   1755            0               0.154200502     -0.277807851    *N1755  
*N1755  0.452192953     
GRID*   1756            0               0.151787201     -0.283255432    *N1756  
*N1756  0.450737794     
GRID*   1757            0               0.147740172     -0.278398169    *N1757  
*N1757  0.449188058     
GRID*   1758            0               0.149667361     -0.28068644     *N1758  
*N1758  0.450192614     
GRID*   1759            0               0.146876766     -0.275056439    *N1759  
*N1759  0.448319526     
GRID*   1760            0               0.145827327     -0.276209532    *N1760  
*N1760  0.447650639     
GRID*   1761            0               0.147980954     -0.273916643    *N1761  
*N1761  0.448875939     
GRID*   1762            0               0.160645617     -0.285259654    *N1762  
*N1762  0.451984251     
GRID*   1763            0               0.156113532     -0.284374954    *N1763  
*N1763  0.451793288     
GRID*   1764            0               0.159092866     -0.282629578    *N1764  
*N1764  0.452614755     
GRID*   1765            0               0.163499471     -0.290198354    *N1765  
*N1765  0.449505339     
GRID*   1766            0               0.159114334     -0.289580811    *N1766  
*N1766  0.450028378     
GRID*   1767            0               0.162085057     -0.28781748     *N1767  
*N1767  0.450935133     
GRID*   1768            0               0.157612183     -0.293359397    *N1768  
*N1768  0.447143073     
GRID*   1769            0               0.15483241      -0.288544822    *N1769  
*N1769  0.449815479     
GRID*   1770            0               0.156238998     -0.29105769     *N1770  
*N1770  0.448666308     
GRID*   1771            0               0.153393642     -0.286011367    *N1771  
*N1771  0.45049756      
GRID*   1772            0               0.144979149     -0.271369558    *N1772  
*N1772  0.414399074     
GRID*   1773            0               0.146659837     -0.269517654    *N1773  
*N1773  0.413737637     
GRID*   1774            0               0.1461897       -0.265550449    *N1774  
*N1774  0.417086177     
GRID*   1775            0               0.14545209      -0.26834711     *N1775  
*N1775  0.415587731     
GRID*   1776            0               0.146120492     -0.276342555    *N1776  
*N1776  0.412094025     
GRID*   1777            0               0.144792815     -0.274331723    *N1777  
*N1777  0.413597842     
GRID*   1778            0               0.148785532     -0.280528113    *N1778  
*N1778  0.410290733     
GRID*   1779            0               0.14749403      -0.274599422    *N1779  
*N1779  0.411315425     
GRID*   1780            0               0.147422591     -0.27848967     *N1780  
*N1780  0.41102997      
GRID*   1781            0               0.149259597     -0.271952969    *N1781  
*N1781  0.410858772     
GRID*   1782            0               0.148679614     -0.267020361    *N1782  
*N1782  0.413651947     
GRID*   1783            0               0.147919096     -0.270690113    *N1783  
*N1783  0.412198442     
GRID*   1784            0               0.161497134     -0.272164978    *N1784  
*N1784  0.407711515     
GRID*   1785            0               0.163459387     -0.275583802    *N1785  
*N1785  0.407223716     
GRID*   1786            0               0.166443234     -0.27383556     *N1786  
*N1786  0.40807508      
GRID*   1787            0               0.16405131      -0.27309637     *N1787  
*N1787  0.407729312     
GRID*   1788            0               0.160902201     -0.276145451    *N1788  
*N1788  0.406990642     
GRID*   1789            0               0.164675906     -0.280225285    *N1789  
*N1789  0.407355753     
GRID*   1790            0               0.162804468     -0.278187837    *N1790  
*N1790  0.407005438     
GRID*   1791            0               0.168284403     -0.284202897    *N1791  
*N1791  0.409068391     
GRID*   1792            0               0.167838932     -0.27853742     *N1792  
*N1792  0.408066671     
GRID*   1793            0               0.166523056     -0.282247854    *N1793  
*N1793  0.408048304     
GRID*   1794            0               0.17116735      -0.275741108    *N1794  
*N1794  0.409602588     
GRID*   1795            0               0.168894644     -0.274762355    *N1795  
*N1795  0.408711157     
GRID*   1796            0               0.152941634     -0.260719172    *N1796  
*N1796  0.416941663     
GRID*   1797            0               0.151978325     -0.263408374    *N1797  
*N1797  0.414461368     
GRID*   1798            0               0.154711765     -0.26316962     *N1798  
*N1798  0.413446859     
GRID*   1799            0               0.153793574     -0.261862104    *N1799  
*N1799  0.415119771     
GRID*   1800            0               0.14999366      -0.26143133     *N1800  
*N1800  0.418124779     
GRID*   1801            0               0.152158104     -0.259751243    *N1801  
*N1801  0.418900854     
GRID*   1802            0               0.149080426     -0.264187863    *N1802  
*N1802  0.415665318     
GRID*   1803            0               0.147994825     -0.263376859    *N1803  
*N1803  0.417511579     
GRID*   1804            0               0.151555979     -0.266215838    *N1804  
*N1804  0.412422264     
GRID*   1805            0               0.150268706     -0.265137543    *N1805  
*N1805  0.413965716     
GRID*   1806            0               0.152623281     -0.26853862     *N1806  
*N1806  0.410576578     
GRID*   1807            0               0.155631082     -0.269023872    *N1807  
*N1807  0.409376797     
GRID*   1808            0               0.155273965     -0.26599735     *N1808  
*N1808  0.411102005     
GRID*   1809            0               0.150575596     -0.27449182     *N1809  
*N1809  0.409515573     
GRID*   1810            0               0.150827635     -0.27024291     *N1810  
*N1810  0.410626978     
GRID*   1811            0               0.151855542     -0.281171436    *N1811  
*N1811  0.408831156     
GRID*   1812            0               0.153657158     -0.275107241    *N1812  
*N1812  0.408181599     
GRID*   1813            0               0.151000237     -0.277865734    *N1813  
*N1813  0.408991345     
GRID*   1814            0               0.158315496     -0.273732011    *N1814  
*N1814  0.407445206     
GRID*   1815            0               0.157127847     -0.271364348    *N1815  
*N1815  0.408199239     
GRID*   1816            0               0.17386981      -0.287146125    *N1816  
*N1816  0.44664043      
GRID*   1817            0               0.171994251     -0.290867187    *N1817  
*N1817  0.445572264     
GRID*   1818            0               0.170876702     -0.288877655    *N1818  
*N1818  0.447699971     
GRID*   1819            0               0.177526705     -0.287087955    *N1819  
*N1819  0.442942938     
GRID*   1820            0               0.176497296     -0.285226028    *N1820  
*N1820  0.445200697     
GRID*   1821            0               0.175930029     -0.29068949     *N1821  
*N1821  0.441907832     
GRID*   1822            0               0.178425463     -0.288560417    *N1822  
*N1822  0.440384952     
GRID*   1823            0               0.173004415     -0.292547067    *N1823  
*N1823  0.443151598     
GRID*   1824            0               0.15986211      -0.297286614    *N1824  
*N1824  0.442942938     
GRID*   1825            0               0.163779468     -0.297704619    *N1825  
*N1825  0.441907832     
GRID*   1826            0               0.160687921     -0.298801192    *N1826  
*N1826  0.440384952     
GRID*   1827            0               0.161740934     -0.294148735    *N1827  
*N1827  0.44664043      
GRID*   1828            0               0.158764338     -0.295464156    *N1828  
*N1828  0.445200697     
GRID*   1829            0               0.165901248     -0.294384985    *N1829  
*N1829  0.445572264     
GRID*   1830            0               0.164737037     -0.292422392    *N1830  
*N1830  0.447699971     
GRID*   1831            0               0.166850985     -0.296099751    *N1831  
*N1831  0.443151598     
GRID*   1832            0               0.178586941     -0.28721838     *N1832  
*N1832  0.418679268     
GRID*   1833            0               0.177632325     -0.28565404     *N1833  
*N1833  0.416308414     
GRID*   1834            0               0.177331454     -0.287187833    *N1834  
*N1834  0.416873709     
GRID*   1835            0               0.179140717     -0.285474601    *N1835  
*N1835  0.418318561     
GRID*   1836            0               0.179585025     -0.286730557    *N1836  
*N1836  0.420007479     
GRID*   1837            0               0.178202791     -0.284430925    *N1837  
*N1837  0.416416204     
GRID*   1838            0               0.157657898     -0.297877713    *N1838  
*N1838  0.418318561     
GRID*   1839            0               0.158567493     -0.296661126    *N1839  
*N1839  0.416308414     
GRID*   1840            0               0.157223011     -0.296543606    *N1840  
*N1840  0.416416204     
GRID*   1841            0               0.159444943     -0.298270018    *N1841  
*N1841  0.418679268     
GRID*   1842            0               0.158523434     -0.298890472    *N1842  
*N1842  0.420007479     
GRID*   1843            0               0.160046232     -0.29716746     *N1843  
*N1843  0.416873709     
GRID*   1844            0               0.159034443     -0.289646437    *N1844  
*N1844  0.41001526      
GRID*   1845            0               0.154756218     -0.288605277    *N1845  
*N1845  0.410238672     
GRID*   1846            0               0.156204324     -0.291086424    *N1846  
*N1846  0.411361711     
GRID*   1847            0               0.161984727     -0.287840016    *N1847  
*N1847  0.409068391     
GRID*   1848            0               0.157541927     -0.287143163    *N1848  
*N1848  0.408935975     
GRID*   1849            0               0.160526953     -0.288784339    *N1849  
*N1849  0.409484533     
GRID*   1850            0               0.153215129     -0.286105828    *N1850  
*N1850  0.409602588     
GRID*   1851            0               0.154032013     -0.287294669    *N1851  
*N1851  0.409821701     
GRID*   1852            0               0.171323951     -0.282551086    *N1852  
*N1852  0.41001526      
GRID*   1853            0               0.173997385     -0.280877074    *N1853  
*N1853  0.411378037     
GRID*   1854            0               0.172674556     -0.278265706    *N1854  
*N1854  0.410307224     
GRID*   1855            0               0.172551478     -0.285015931    *N1855  
*N1855  0.411456288     
GRID*   1856            0               0.170473926     -0.28464976     *N1856  
*N1856  0.410148197     
GRID*   1857            0               0.17457075      -0.282089334    *N1857  
*N1857  0.412026512     
GRID*   1858            0               0.158047425     -0.27575857     *N1858  
*N1858  0.407168178     
GRID*   1859            0               0.154756738     -0.279536025    *N1859  
*N1859  0.407693206     
GRID*   1860            0               0.157569693     -0.279916908    *N1860  
*N1860  0.407166553     
GRID*   1861            0               0.157796636     -0.277836597    *N1861  
*N1861  0.407073122     
GRID*   1862            0               0.154953008     -0.277434527    *N1862  
*N1862  0.407612851     
GRID*   1863            0               0.15804391      -0.27476986     *N1863  
*N1863  0.407294639     
GRID*   1864            0               0.151787201     -0.283255432    *N1864  
*N1864  0.409262206     
GRID*   1865            0               0.153253827     -0.280283724    *N1865  
*N1865  0.408201726     
GRID*   1866            0               0.160565212     -0.285332892    *N1866  
*N1866  0.408039491     
GRID*   1867            0               0.159069033     -0.282572792    *N1867  
*N1867  0.407375714     
GRID*   1868            0               0.166851061     -0.282381001    *N1868  
*N1868  0.40816472      
GRID*   1869            0               0.16358936      -0.283345083    *N1869  
*N1869  0.407687113     
GRID*   1870            0               0.162795588     -0.285635169    *N1870  
*N1870  0.408250949     
GRID*   1871            0               0.160570902     -0.281676071    *N1871  
*N1871  0.407168047     
GRID*   1872            0               0.160001838     -0.265113057    *N1872  
*N1872  0.697756595     
GRID*   1873            0               0.15568676      -0.290276559    *N1873  
*N1873  0.640656717     
GRID*   1874            0               0.173595963     -0.279537608    *N1874  
*N1874  0.639760229     
GRID*   1875            0               0.167330808     -0.266966072    *N1875  
*N1875  0.602015564     
GRID*   1876            0               0.158542169     -0.291072318    *N1876  
*N1876  0.76853905      
GRID*   1877            0               0.173496012     -0.276054189    *N1877  
*N1877  0.766188129     
GRID*   1878            0               0.17331266      -0.281194057    *N1878  
*N1878  0.544385686     
GRID*   1879            0               0.154672662     -0.289813788    *N1879  
*N1879  0.544412647     
GRID*   1880            0               0.150186493     -0.270272329    *N1880  
*N1880  0.541445658     
GRID*   1881            0               0.155387302     -0.266184021    *N1881  
*N1881  0.640862081     
GRID*   1882            0               0.173630155     -0.27717354     *N1882  
*N1882  0.687386377     
GRID*   1883            0               0.157701431     -0.265424875    *N1883  
*N1883  0.775017092     
GRID*   1884            0               0.165286747     -0.265968711    *N1884  
*N1884  0.522422268     
GRID*   1885            0               0.157033531     -0.29073927     *N1885  
*N1885  0.694110493     
GRID*   1886            0               0.147802759     -0.280813726    *N1886  
*N1886  0.793162714     
GRID*   1887            0               0.173542575     -0.279973562    *N1887  
*N1887  0.702544294     
GRID*   1888            0               0.165831096     -0.266192041    *N1888  
*N1888  0.798094929     
GRID*   1889            0               0.150021504     -0.270494808    *N1889  
*N1889  0.695293767     
GRID*   1890            0               0.149501124     -0.271268985    *N1890  
*N1890  0.638846766     
GRID*   1891            0               0.147663178     -0.280014322    *N1891  
*N1891  0.548272078     
GRID*   1892            0               0.173388302     -0.280856589    *N1892  
*N1892  0.585335294     
GRID*   1893            0               0.153895377     -0.266950379    *N1893  
*N1893  0.500921892     
GRID*   1894            0               0.149266981     -0.284673918    *N1894  
*N1894  0.496123738     
GRID*   1895            0               0.167120244     -0.266842209    *N1895  
*N1895  0.64485241      
GRID*   1896            0               0.149414141     -0.284923777    *N1896  
*N1896  0.824757237     
GRID*   1897            0               0.172875917     -0.282647816    *N1897  
*N1897  0.503881671     
GRID*   1898            0               0.149110962     -0.284394288    *N1898  
*N1898  0.588472225     
GRID*   1899            0               0.148360515     -0.273588317    *N1899  
*N1899  0.577861612     
GRID*   1900            0               0.147813728     -0.280866227    *N1900  
*N1900  0.665109142     
GRID*   1901            0               0.173645542     -0.277401558    *N1901  
*N1901  0.565779583     
GRID*   1902            0               0.156198061     -0.26586307     *N1902  
*N1902  0.569134996     
GRID*   1903            0               0.148863049     -0.272421351    *N1903  
*N1903  0.615966186     
GRID*   1904            0               0.148605396     -0.283354084    *N1904  
*N1904  0.52249749      
GRID*   1905            0               0.148098306     -0.274362066    *N1905  
*N1905  0.477446046     
GRID*   1906            0               0.169271327     -0.268390821    *N1906  
*N1906  0.61483824      
GRID*   1907            0               0.148449608     -0.282977827    *N1907  
*N1907  0.615963761     
GRID*   1908            0               0.152599117     -0.267834959    *N1908  
*N1908  0.820181304     
GRID*   1909            0               0.168768641     -0.267967069    *N1909  
*N1909  0.487439352     
GRID*   1910            0               0.147786329     -0.275601731    *N1910  
*N1910  0.816361178     
GRID*   1911            0               0.15908074      -0.291146746    *N1911  
*N1911  0.66444726      
GRID*   1912            0               0.15545623      -0.290180446    *N1912  
*N1912  0.740369907     
GRID*   1913            0               0.173592383     -0.279571145    *N1913  
*N1913  0.731594157     
GRID*   1914            0               0.151037154     -0.269260923    *N1914  
*N1914  0.665756947     
GRID*   1915            0               0.151477227     -0.26881067     *N1915  
*N1915  0.4813481       
GRID*   1916            0               0.157444902     -0.265485957    *N1916  
*N1916  0.615558589     
GRID*   1917            0               0.173482628     -0.275974071    *N1917  
*N1917  0.794620647     
GRID*   1918            0               0.172627249     -0.283277928    *N1918  
*N1918  0.66353244      
GRID*   1919            0               0.153276442     -0.288990396    *N1919  
*N1919  0.522117286     
GRID*   1920            0               0.172554147     -0.283446659    *N1920  
*N1920  0.614290199     
GRID*   1921            0               0.148565078     -0.273074887    *N1921  
*N1921  0.602718614     
GRID*   1922            0               0.172040574     -0.284482888    *N1922  
*N1922  0.515105656     
GRID*   1923            0               0.15675339      -0.290656404    *N1923  
*N1923  0.475952917     
GRID*   1924            0               0.148722774     -0.272717211    *N1924  
*N1924  0.565926201     
GRID*   1925            0               0.172423021     -0.283734117    *N1925  
*N1925  0.847688804     
GRID*   1926            0               0.172361919     -0.272472635    *N1926  
*N1926  0.672511519     
GRID*   1927            0               0.148457999     -0.273335752    *N1927  
*N1927  0.52553175      
GRID*   1928            0               0.148119462     -0.282041478    *N1928  
*N1928  0.718961272     
GRID*   1929            0               0.155113048     -0.290027629    *N1929  
*N1929  0.79987015      
GRID*   1930            0               0.148501501     -0.283106889    *N1930  
*N1930  0.562515951     
GRID*   1931            0               0.148955116     -0.28409773     *N1931  
*N1931  0.760816067     
GRID*   1932            0               0.147583489     -0.279326261    *N1932  
*N1932  0.648504526     
GRID*   1933            0               0.14784044      -0.275344906    *N1933  
*N1933  0.487109927     
GRID*   1934            0               0.158375337     -0.291044607    *N1934  
*N1934  0.852196167     
GRID*   1935            0               0.173664525     -0.277866028    *N1935  
*N1935  0.574838839     
GRID*   1936            0               0.163752486     -0.265485307    *N1936  
*N1936  0.681304883     
GRID*   1937            0               0.167199501     -0.266888211    *N1937  
*N1937  0.764000198     
GRID*   1938            0               0.168995499     -0.268152959    *N1938  
*N1938  0.716758317     
GRID*   1939            0               0.152612219     -0.267824827    *N1939  
*N1939  0.489330511     
GRID*   1940            0               0.148858806     -0.283904692    *N1940  
*N1940  0.509943814     
GRID*   1941            0               0.157458671     -0.265482539    *N1941  
*N1941  0.62853793      
GRID*   1942            0               0.172303544     -0.272353609    *N1942  
*N1942  0.741270162     
GRID*   1943            0               0.156377046     -0.265800497    *N1943  
*N1943  0.60280486      
GRID*   1944            0               0.154175596     -0.289547151    *N1944  
*N1944  0.616233661     
GRID*   1945            0               0.148336595     -0.27365277     *N1945  
*N1945  0.590034752     
GRID*   1946            0               0.16087189      -0.265102188    *N1946  
*N1946  0.725461798     
GRID*   1947            0               0.159684662     -0.265131456    *N1947  
*N1947  0.654428627     
GRID*   1948            0               0.14829616      -0.282570557    *N1948  
*N1948  0.631136449     
GRID*   1949            0               0.158671048     -0.29109221     *N1949  
*N1949  0.492865287     
GRID*   1950            0               0.172256157     -0.272259176    *N1950  
*N1950  0.846383453     
GRID*   1951            0               0.155607039     -0.266090814    *N1951  
*N1951  0.719469741     
GRID*   1952            0               0.168896264     -0.268070597    *N1952  
*N1952  0.515634578     
GRID*   1953            0               0.150405424     -0.269991588    *N1953  
*N1953  0.846286801     
GRID*   1954            0               0.153036518     -0.288824111    *N1954  
*N1954  0.677875195     
GRID*   1955            0               0.155913287     -0.265968698    *N1955  
*N1955  0.46445287      
GRID*   1956            0               0.154220118     -0.289572171    *N1956  
*N1956  0.782163938     
GRID*   1957            0               0.172478767     -0.283614149    *N1957  
*N1957  0.676786651     
GRID*   1958            0               0.154477538     -0.289712406    *N1958  
*N1958  0.653639375     
GRID*   1959            0               0.155143913     -0.26629286     *N1959  
*N1959  0.590925445     
GRID*   1960            0               0.156795602     -0.290669327    *N1960  
*N1960  0.756144837     
GRID*   1961            0               0.169193019     -0.268321921    *N1961  
*N1961  0.628280179     
GRID*   1962            0               0.173624186     -0.277098157    *N1962  
*N1962  0.600114441     
GRID*   1963            0               0.148407886     -0.28287108     *N1963  
*N1963  0.533880458     
GRID*   1964            0               0.173312407     -0.281195119    *N1964  
*N1964  0.806349897     
GRID*   1965            0               0.173532203     -0.276288328    *N1965  
*N1965  0.655431861     
GRID*   1966            0               0.173649642     -0.277474926    *N1966  
*N1966  0.863934558     
GRID*   1967            0               0.17356141      -0.276501684    *N1967  
*N1967  0.512219226     
GRID*   1968            0               0.173334748     -0.281099733    *N1968  
*N1968  0.626207961     
GRID*   1969            0               0.14931306      -0.284753527    *N1969  
*N1969  0.482714212     
GRID*   1970            0               0.155021443     -0.266349901    *N1970  
*N1970  0.580101705     
GRID*   1971            0               0.161107594     -0.265109222    *N1971  
*N1971  0.786396194     
GRID*   1972            0               0.170657742     -0.269823832    *N1972  
*N1972  0.690250392     
GRID*   1973            0               0.157408702     -0.265495018    *N1973  
*N1973  0.80064691      
GRID*   1974            0               0.173325358     -0.281140219    *N1974  
*N1974  0.777857396     
GRID*   1975            0               0.158450243     -0.265277396    *N1975  
*N1975  0.531075177     
GRID*   1976            0               0.148682636     -0.283529174    *N1976  
*N1976  0.836380904     
GRID*   1977            0               0.148702736     -0.272761091    *N1977  
*N1977  0.777564586     
GRID*   1978            0               0.173653325     -0.278786503    *N1978  
*N1978  0.834165245     
GRID*   1979            0               0.147968425     -0.28151638     *N1979  
*N1979  0.745912651     
GRID*   1980            0               0.148310532     -0.273724209    *N1980  
*N1980  0.512271178     
GRID*   1981            0               0.149377801     -0.284863245    *N1981  
*N1981  0.813841826     
GRID*   1982            0               0.147910659     -0.27504434     *N1982  
*N1982  0.533730335     
GRID*   1983            0               0.165296927     -0.265972627    *N1983  
*N1983  0.772597063     
GRID*   1984            0               0.16079594      -0.265100829    *N1984  
*N1984  0.489013661     
GRID*   1985            0               0.15070876      -0.269627102    *N1985  
*N1985  0.68047158      
GRID*   1986            0               0.173123464     -0.281900385    *N1986  
*N1986  0.5567454       
GRID*   1987            0               0.15686103      -0.29068905     *N1987  
*N1987  0.559651344     
GRID*   1988            0               0.155255536     -0.290092515    *N1988  
*N1988  0.465186218     
GRID*   1989            0               0.15238786      -0.268002057    *N1989  
*N1989  0.652689024     
GRID*   1990            0               0.148740947     -0.28365694     *N1990  
*N1990  0.601939385     
GRID*   1991            0               0.157080958     -0.290752628    *N1991  
*N1991  0.599937332     
GRID*   1992            0               0.147898238     -0.28123947     *N1992  
*N1992  0.679625361     
GRID*   1993            0               0.155591966     -0.290237663    *N1993  
*N1993  0.839079092     
GRID*   1994            0               0.172422865     -0.27260027     *N1994  
*N1994  0.467154852     
GRID*   1995            0               0.170300794     -0.269411378    *N1995  
*N1995  0.659444406     
GRID*   1996            0               0.156710966     -0.265691461    *N1996  
*N1996  0.554611472     
GRID*   1997            0               0.155103598     -0.266311467    *N1997  
*N1997  0.51378422      
GRID*   1998            0               0.163455503     -0.265415155    *N1998  
*N1998  0.513803238     
GRID*   1999            0               0.164273216     -0.265626223    *N1999  
*N1999  0.590217627     
GRID*   2000            0               0.148071685     -0.281884073    *N2000  
*N2000  0.694502383     
GRID*   2001            0               0.171640058     -0.271175239    *N2001  
*N2001  0.522653476     
GRID*   2002            0               0.17353551      -0.280023487    *N2002  
*N2002  0.752518187     
GRID*   2003            0               0.169469587     -0.268570326    *N2003  
*N2003  0.779549667     
GRID*   2004            0               0.148895876     -0.272354777    *N2004  
*N2004  0.722434324     
GRID*   2005            0               0.149093157     -0.271973396    *N2005  
*N2005  0.629257793     
GRID*   2006            0               0.16766044      -0.267170869    *N2006  
*N2006  0.575032985     
GRID*   2007            0               0.148584711     -0.273028735    *N2007  
*N2007  0.805839744     
GRID*   2008            0               0.17270072      -0.273233273    *N2008  
*N2008  0.822041376     
GRID*   2009            0               0.147537352     -0.277793383    *N2009  
*N2009  0.824048988     
GRID*   2010            0               0.149058977     -0.284297402    *N2010  
*N2010  0.575433783     
GRID*   2011            0               0.161444034     -0.265126645    *N2011  
*N2011  0.825491576     
GRID*   2012            0               0.154900357     -0.289926896    *N2012  
*N2012  0.863632219     
GRID*   2013            0               0.147668934     -0.280054198    *N2013  
*N2013  0.862279408     
GRID*   2014            0               0.157800949     -0.290932074    *N2014  
*N2014  0.629027973     
GRID*   2015            0               0.170498945     -0.269636034    *N2015  
*N2015  0.587276085     
GRID*   2016            0               0.157461782     -0.265481769    *N2016  
*N2016  0.763609527     
GRID*   2017            0               0.147998596     -0.274706544    *N2017  
*N2017  0.499052706     
GRID*   2018            0               0.157783858     -0.290928315    *N2018  
*N2018  0.824374441     
GRID*   2019            0               0.160184945     -0.265105953    *N2019  
*N2019  0.740720461     
GRID*   2020            0               0.158456318     -0.291058335    *N2020  
*N2020  0.58680983      
GRID*   2021            0               0.165193341     -0.265933234    *N2021  
*N2021  0.465848439     
GRID*   2022            0               0.173024284     -0.282218261    *N2022  
*N2022  0.71835028      
GRID*   2023            0               0.155660254     -0.266068949    *N2023  
*N2023  0.809319104     
GRID*   2024            0               0.150433569     -0.269956617    *N2024  
*N2024  0.792953934     
GRID*   2025            0               0.156758728     -0.290658046    *N2025  
*N2025  0.711213605     
GRID*   2026            0               0.171979211     -0.284592793    *N2026  
*N2026  0.819372984     
GRID*   2027            0               0.149729937     -0.270913785    *N2027  
*N2027  0.737570126     
GRID*   2028            0               0.149294523     -0.271613062    *N2028  
*N2028  0.708782423     
GRID*   2029            0               0.169963188     -0.269051257    *N2029  
*N2029  0.51000103      
GRID*   2030            0               0.16840003      -0.267682506    *N2030  
*N2030  0.812764995     
GRID*   2031            0               0.149120795     -0.271922323    *N2031  
*N2031  0.831879104     
GRID*   2032            0               0.159004602     -0.291137608    *N2032  
*N2032  0.572516647     
GRID*   2033            0               0.171062508     -0.270337382    *N2033  
*N2033  0.537304738     
GRID*   2034            0               0.148481924     -0.283058665    *N2034  
*N2034  0.80244383      
GRID*   2035            0               0.149246866     -0.271695963    *N2035  
*N2035  0.469613492     
GRID*   2036            0               0.159285698     -0.291169099    *N2036  
*N2036  0.812395859     
GRID*   2037            0               0.173409582     -0.280753326    *N2037  
*N2037  0.526837231     
GRID*   2038            0               0.170177554     -0.269276742    *N2038  
*N2038  0.701037936     
GRID*   2039            0               0.161124168     -0.265109876    *N2039  
*N2039  0.66436503      
GRID*   2040            0               0.149729976     -0.285420993    *N2040  
*N2040  0.469819748     
GRID*   2041            0               0.173378748     -0.280901627    *N2041  
*N2041  0.481158976     
GRID*   2042            0               0.148898018     -0.272350467    *N2042  
*N2042  0.763223066     
GRID*   2043            0               0.151197402     -0.26909191     *N2043  
*N2043  0.748378976     
GRID*   2044            0               0.149199589     -0.271779617    *N2044  
*N2044  0.556750749     
GRID*   2045            0               0.170387885     -0.269508842    *N2045  
*N2045  0.549851786     
GRID*   2046            0               0.16647901      -0.266496461    *N2046  
*N2046  0.476836895     
GRID*   2047            0               0.156700605     -0.290640024    *N2047  
*N2047  0.508982884     
GRID*   2048            0               0.158051615     -0.290984472    *N2048  
*N2048  0.532018521     
GRID*   2049            0               0.154649103     -0.289801768    *N2049  
*N2049  0.72715353      
GRID*   2050            0               0.160374218     -0.26510131     *N2050  
*N2050  0.842082879     
GRID*   2051            0               0.168057342     -0.267436065    *N2051  
*N2051  0.750622632     
GRID*   2052            0               0.157597711     -0.265448913    *N2052  
*N2052  0.710812094     
GRID*   2053            0               0.147535603     -0.27847421     *N2053  
*N2053  0.733846031     
GRID*   2054            0               0.167198769     -0.266887782    *N2054  
*N2054  0.856907415     
GRID*   2055            0               0.172161722     -0.284258273    *N2055  
*N2055  0.468873751     
GRID*   2056            0               0.172537811     -0.272851225    *N2056  
*N2056  0.478077727     
GRID*   2057            0               0.15241472      -0.267980416    *N2057  
*N2057  0.860207098     
GRID*   2058            0               0.162720074     -0.265272481    *N2058  
*N2058  0.545696636     
GRID*   2059            0               0.173578049     -0.279697999    *N2059  
*N2059  0.492751926     
GRID*   2060            0               0.156164893     -0.265874986    *N2060  
*N2060  0.476410872     
GRID*   2061            0               0.156674829     -0.265702783    *N2061  
*N2061  0.833269731     
GRID*   2062            0               0.14824324      -0.282419782    *N2062  
*N2062  0.708825105     
GRID*   2063            0               0.153913904     -0.266939326    *N2063  
*N2063  0.732293934     
GRID*   2064            0               0.170481833     -0.269616219    *N2064  
*N2064  0.834023644     
GRID*   2065            0               0.148079933     -0.281911762    *N2065  
*N2065  0.849091426     
GRID*   2066            0               0.171493883     -0.270949609    *N2066  
*N2066  0.727632639     
GRID*   2067            0               0.161917085     -0.265165902    *N2067  
*N2067  0.582009999     
GRID*   2068            0               0.169083575     -0.268227461    *N2068  
*N2068  0.561416228     
GRID*   2069            0               0.173028504     -0.282205294    *N2069  
*N2069  0.741060777     
GRID*   2070            0               0.150598526     -0.269756466    *N2070  
*N2070  0.463558354     
GRID*   2071            0               0.147550307     -0.277475879    *N2071  
*N2071  0.465085175     
GRID*   2072            0               0.164904454     -0.265828628    *N2072  
*N2072  0.502259391     
GRID*   2073            0               0.158448695     -0.265277654    *N2073  
*N2073  0.754798449     
GRID*   2074            0               0.167444291     -0.267035051    *N2074  
*N2074  0.733453472     
GRID*   2075            0               0.172493137     -0.272752018    *N2075  
*N2075  0.485856651     
GRID*   2076            0               0.171690564     -0.27125563     *N2076  
*N2076  0.498174291     
GRID*   2077            0               0.163038798     -0.291005774    *N2077  
*N2077  0.49397616      
GRID*   2078            0               0.157704009     -0.290910431    *N2078  
*N2078  0.484409102     
GRID*   2079            0               0.162065882     -0.291152883    *N2079  
*N2079  0.478495265     
GRID*   2080            0               0.162547046     -0.291089497    *N2080  
*N2080  0.486235713     
GRID*   2081            0               0.151168533     -0.287212803    *N2081  
*N2081  0.635896583     
GRID*   2082            0               0.155074944     -0.290009926    *N2082  
*N2082  0.647148046     
GRID*   2083            0               0.149712251     -0.285394361    *N2083  
*N2083  0.65107195      
GRID*   2084            0               0.147836324     -0.280971145    *N2084  
*N2084  0.639820487     
GRID*   2085            0               0.150399788     -0.286336099    *N2085  
*N2085  0.643484267     
GRID*   2086            0               0.148348513     -0.273620528    *N2086  
*N2086  0.583948182     
GRID*   2087            0               0.1510064       -0.26929406     *N2087  
*N2087  0.590480098     
GRID*   2088            0               0.155082604     -0.266321222    *N2088  
*N2088  0.585513575     
GRID*   2089            0               0.150983903     -0.269318444    *N2089  
*N2089  0.578981658     
GRID*   2090            0               0.150995144     -0.269306245    *N2090  
*N2090  0.584730878     
GRID*   2091            0               0.171558577     -0.285286503    *N2091  
*N2091  0.637670728     
GRID*   2092            0               0.173665485     -0.277910978    *N2092  
*N2092  0.647596045     
GRID*   2093            0               0.172358764     -0.283868596    *N2093  
*N2093  0.652531254     
GRID*   2094            0               0.171993407     -0.284567587    *N2094  
*N2094  0.645100991     
GRID*   2095            0               0.153233278     -0.288961063    *N2095  
*N2095  0.494494512     
GRID*   2096            0               0.14928995      -0.284713763    *N2096  
*N2096  0.489418975     
GRID*   2097            0               0.152477989     -0.288404818    *N2097  
*N2097  0.479333565     
GRID*   2098            0               0.152850641     -0.28868972     *N2098  
*N2098  0.486914038     
GRID*   2099            0               0.16133193      -0.265119873    *N2099  
*N2099  0.642857245     
GRID*   2100            0               0.153826309     -0.266991952    *N2100  
*N2100  0.646775552     
GRID*   2101            0               0.15581588      -0.266006569    *N2101  
*N2101  0.653558825     
GRID*   2102            0               0.163530088     -0.265432085    *N2102  
*N2102  0.649640518     
GRID*   2103            0               0.158525966     -0.265264995    *N2103  
*N2103  0.648208035     
GRID*   2104            0               0.152057104     -0.268278399    *N2104  
*N2104  0.639854423     
GRID*   2105            0               0.156408286     -0.265789874    *N2105  
*N2105  0.634700005     
GRID*   2106            0               0.152589067     -0.267842749    *N2106  
*N2106  0.628897861     
GRID*   2107            0               0.149291654     -0.271618013    *N2107  
*N2107  0.634052279     
GRID*   2108            0               0.15232022      -0.268057075    *N2108  
*N2108  0.634376142     
GRID*   2109            0               0.154431644     -0.28968795     *N2109  
*N2109  0.869038767     
GRID*   2110            0               0.161072175     -0.291226827    *N2110  
*N2110  0.86200208      
GRID*   2111            0               0.160804908     -0.291233753    *N2111  
*N2111  0.867801071     
GRID*   2112            0               0.151791803     -0.287820768    *N2112  
*N2112  0.664778201     
GRID*   2113            0               0.147675652     -0.280099676    *N2113  
*N2113  0.656806834     
GRID*   2114            0               0.156712416     -0.29064371     *N2114  
*N2114  0.659043318     
GRID*   2115            0               0.150677579     -0.28667137     *N2115  
*N2115  0.657925076     
GRID*   2116            0               0.147915501     -0.27502473     *N2116  
*N2116  0.493081317     
GRID*   2117            0               0.150197106     -0.27025835     *N2117  
*N2117  0.499987299     
GRID*   2118            0               0.153240798     -0.267368528    *N2118  
*N2118  0.495126202     
GRID*   2119            0               0.149565919     -0.271165811    *N2119  
*N2119  0.488220219     
GRID*   2120            0               0.149871913     -0.270705404    *N2120  
*N2120  0.494103759     
GRID*   2121            0               0.148590476     -0.283319443    *N2121  
*N2121  0.608951573     
GRID*   2122            0               0.152131904     -0.288120449    *N2122  
*N2122  0.600938358     
GRID*   2123            0               0.155591875     -0.290237625    *N2123  
*N2123  0.608085496     
GRID*   2124            0               0.15074887      -0.286753852    *N2124  
*N2124  0.616098711     
GRID*   2125            0               0.151414936     -0.287462908    *N2125  
*N2125  0.608518535     
GRID*   2126            0               0.170218317     -0.287013862    *N2126  
*N2126  0.847005663     
GRID*   2127            0               0.173424068     -0.280680507    *N2127  
*N2127  0.855811681     
GRID*   2128            0               0.172086414     -0.284399127    *N2128  
*N2128  0.862153249     
GRID*   2129            0               0.171280091     -0.28569785     *N2129  
*N2129  0.854579456     
GRID*   2130            0               0.172175255     -0.284232514    *N2130  
*N2130  0.596773705     
GRID*   2131            0               0.173486239     -0.280339334    *N2131  
*N2131  0.60720232      
GRID*   2132            0               0.170324557     -0.286896942    *N2132  
*N2132  0.610886294     
GRID*   2133            0               0.17138131      -0.285552208    *N2133  
*N2133  0.60383         
GRID*   2134            0               0.171991806     -0.284570436    *N2134  
*N2134  0.577111195     
GRID*   2135            0               0.173612611     -0.27936927     *N2135  
*N2135  0.580087067     
GRID*   2136            0               0.171180567     -0.285837055    *N2136  
*N2136  0.589384132     
GRID*   2137            0               0.171615127     -0.285198689    *N2137  
*N2137  0.583247663     
GRID*   2138            0               0.148728908     -0.283630857    *N2138  
*N2138  0.516220652     
GRID*   2139            0               0.147533414     -0.278359606    *N2139  
*N2139  0.52401462      
GRID*   2140            0               0.148382721     -0.273529394    *N2140  
*N2140  0.518901464     
GRID*   2141            0               0.14755091      -0.278870124    *N2141  
*N2141  0.511107496     
GRID*   2142            0               0.147539667     -0.27861495     *N2142  
*N2142  0.517561058     
GRID*   2143            0               0.173000097     -0.282291705    *N2143  
*N2143  0.62024908      
GRID*   2144            0               0.171107025     -0.285937498    *N2144  
*N2144  0.623869885     
GRID*   2145            0               0.170733732     -0.286418427    *N2145  
*N2145  0.61737809      
GRID*   2146            0               0.173489043     -0.280322632    *N2146  
*N2146  0.632984095     
GRID*   2147            0               0.171340654     -0.285611215    *N2147  
*N2147  0.630770307     
GRID*   2148            0               0.173255157     -0.274908584    *N2148  
*N2148  0.58630569      
GRID*   2149            0               0.17265356      -0.27311916     *N2149  
*N2149  0.593695263     
GRID*   2150            0               0.173566641     -0.27979181     *N2150  
*N2150  0.591539697     
GRID*   2151            0               0.156598628     -0.290607683    *N2151  
*N2151  0.857914193     
GRID*   2152            0               0.16289151      -0.29103288     *N2152  
*N2152  0.849259344     
GRID*   2153            0               0.161959475     -0.291164454    *N2153  
*N2153  0.855630712     
GRID*   2154            0               0.14756431      -0.27908574     *N2154  
*N2154  0.869670284     
GRID*   2155            0               0.150057544     -0.285889358    *N2155  
*N2155  0.862955814     
GRID*   2156            0               0.149650943     -0.285301136    *N2156  
*N2156  0.869553641     
GRID*   2157            0               0.147559706     -0.279017866    *N2157  
*N2157  0.576647697     
GRID*   2158            0               0.149084868     -0.284345899    *N2158  
*N2158  0.581953004     
GRID*   2159            0               0.147565826     -0.279107007    *N2159  
*N2159  0.589253488     
GRID*   2160            0               0.14756269      -0.279062442    *N2160  
*N2160  0.582950593     
GRID*   2161            0               0.147962431     -0.28149369     *N2161  
*N2161  0.824403113     
GRID*   2162            0               0.147615517     -0.276692294    *N2162  
*N2162  0.820205083     
GRID*   2163            0               0.147720766     -0.280380491    *N2163  
*N2163  0.815101502     
GRID*   2164            0               0.14939593      -0.284893536    *N2164  
*N2164  0.819299532     
GRID*   2165            0               0.147829463     -0.280939725    *N2165  
*N2165  0.819752307     
GRID*   2166            0               0.155995823     -0.290397412    *N2166  
*N2166  0.470569568     
GRID*   2167            0               0.161267941     -0.291218278    *N2167  
*N2167  0.466087206     
GRID*   2168            0               0.161662189     -0.29119212     *N2168  
*N2168  0.472291236     
GRID*   2169            0               0.156227501     -0.290482143    *N2169  
*N2169  0.459956778     
GRID*   2170            0               0.161753452     -0.291184355    *N2170  
*N2170  0.45978747      
GRID*   2171            0               0.162602816     -0.291080971    *N2171  
*N2171  0.6323046       
GRID*   2172            0               0.155936575     -0.290374943    *N2172  
*N2172  0.622630817     
GRID*   2173            0               0.1606631       -0.291235207    *N2173  
*N2173  0.618882735     
GRID*   2174            0               0.161604866     -0.291196668    *N2174  
*N2174  0.625593667     
GRID*   2175            0               0.165844972     -0.266198112    *N2175  
*N2175  0.596116595     
GRID*   2176            0               0.159648286     -0.265134061    *N2176  
*N2176  0.590571536     
GRID*   2177            0               0.155754222     -0.266031007    *N2177  
*N2177  0.596865153     
GRID*   2178            0               0.161982741     -0.26517272     *N2178  
*N2178  0.602410212     
GRID*   2179            0               0.160816379     -0.265101151    *N2179  
*N2179  0.596490874     
GRID*   2180            0               0.172088846     -0.271940077    *N2180  
*N2180  0.787085157     
GRID*   2181            0               0.165597768     -0.266092802    *N2181  
*N2181  0.78297293      
GRID*   2182            0               0.163519977     -0.265429763    *N2182  
*N2182  0.792245561     
GRID*   2183            0               0.170893143     -0.270116034    *N2183  
*N2183  0.796357788     
GRID*   2184            0               0.168505668     -0.267761927    *N2184  
*N2184  0.789665359     
GRID*   2185            0               0.14850423      -0.283113568    *N2185  
*N2185  0.528188974     
GRID*   2186            0               0.147558291     -0.27899589     *N2186  
*N2186  0.533805397     
GRID*   2187            0               0.148154973     -0.274180642    *N2187  
*N2187  0.529631042     
GRID*   2188            0               0.147541977     -0.278677899    *N2188  
*N2188  0.528910008     
GRID*   2189            0               0.148804729     -0.272542041    *N2189  
*N2189  0.537587997     
GRID*   2190            0               0.147954601     -0.281463798    *N2190  
*N2190  0.541076268     
GRID*   2191            0               0.147949464     -0.27489069     *N2191  
*N2191  0.544858868     
GRID*   2192            0               0.147590925     -0.276927763    *N2192  
*N2192  0.539332132     
GRID*   2193            0               0.163673394     -0.265465908    *N2193  
*N2193  0.628409054     
GRID*   2194            0               0.169232242     -0.268356293    *N2194  
*N2194  0.621559209     
GRID*   2195            0               0.163717171     -0.265476581    *N2195  
*N2195  0.615198414     
GRID*   2196            0               0.157451786     -0.265484246    *N2196  
*N2196  0.62204826      
GRID*   2197            0               0.163695287     -0.265471226    *N2197  
*N2197  0.621803734     
GRID*   2198            0               0.173368011     -0.275383385    *N2198  
*N2198  0.614564219     
GRID*   2199            0               0.173031272     -0.274137955    *N2199  
*N2199  0.62724407      
GRID*   2200            0               0.17321502      -0.274756512    *N2200  
*N2200  0.620904145     
GRID*   2201            0               0.172241043     -0.272229452    *N2201  
*N2201  0.642306319     
GRID*   2202            0               0.168192764     -0.267531451    *N2202  
*N2202  0.636566294     
GRID*   2203            0               0.172673926     -0.273168065    *N2203  
*N2203  0.634775195     
GRID*   2204            0               0.147689187     -0.280188136    *N2204  
*N2204  0.48491207      
GRID*   2205            0               0.14763654      -0.279817007    *N2205  
*N2205  0.497588222     
GRID*   2206            0               0.147661533     -0.280002761    *N2206  
*N2206  0.491250146     
GRID*   2207            0               0.147887097     -0.275141683    *N2207  
*N2207  0.643675646     
GRID*   2208            0               0.147568802     -0.277187303    *N2208  
*N2208  0.630197121     
GRID*   2209            0               0.147687377     -0.27615818     *N2209  
*N2209  0.636936383     
GRID*   2210            0               0.172427291     -0.283725039    *N2210  
*N2210  0.792372745     
GRID*   2211            0               0.171094656     -0.285954196    *N2211  
*N2211  0.77696641      
GRID*   2212            0               0.173661949     -0.278564998    *N2212  
*N2212  0.786239022     
GRID*   2213            0               0.171848471     -0.284819015    *N2213  
*N2213  0.784669577     
GRID*   2214            0               0.168811619     -0.268001636    *N2214  
*N2214  0.652148408     
GRID*   2215            0               0.172427352     -0.272609808    *N2215  
*N2215  0.657438134     
GRID*   2216            0               0.172335738     -0.272418875    *N2216  
*N2216  0.649872226     
GRID*   2217            0               0.171700889     -0.271272225    *N2217  
*N2217  0.601065002     
GRID*   2218            0               0.168333946     -0.267633666    *N2218  
*N2218  0.608426902     
GRID*   2219            0               0.172710182     -0.273256543    *N2219  
*N2219  0.607814611     
GRID*   2220            0               0.149027361     -0.284237505    *N2220  
*N2220  0.83056907      
GRID*   2221            0               0.152982413     -0.288785505    *N2221  
*N2221  0.824565839     
GRID*   2222            0               0.156672701     -0.290631265    *N2222  
*N2222  0.831726766     
GRID*   2223            0               0.151496801     -0.287543094    *N2223  
*N2223  0.837729998     
GRID*   2224            0               0.15221656      -0.288191858    *N2224  
*N2224  0.831147918     
GRID*   2225            0               0.156961214     -0.290718529    *N2225  
*N2225  0.84563763      
GRID*   2226            0               0.161450839     -0.291207632    *N2226  
*N2226  0.835676097     
GRID*   2227            0               0.162157939     -0.29114216     *N2227  
*N2227  0.84246772      
GRID*   2228            0               0.162594169     -0.291082309    *N2228  
*N2228  0.821299061     
GRID*   2229            0               0.162013761     -0.291158661    *N2229  
*N2229  0.828487579     
GRID*   2230            0               0.149971194     -0.285770064    *N2230  
*N2230  0.546342363     
GRID*   2231            0               0.155747073     -0.290300856    *N2231  
*N2231  0.552031996     
GRID*   2232            0               0.151820555     -0.287846924    *N2232  
*N2232  0.561083648     
GRID*   2233            0               0.147987196     -0.281586396    *N2233  
*N2233  0.555394015     
GRID*   2234            0               0.150840472     -0.286857828    *N2234  
*N2234  0.553713005     
GRID*   2235            0               0.147959816     -0.274850979    *N2235  
*N2235  0.482277987     
GRID*   2236            0               0.152030535     -0.268301414    *N2236  
*N2236  0.485339305     
GRID*   2237            0               0.149437165     -0.27137297     *N2237  
*N2237  0.479397073     
GRID*   2238            0               0.149501059     -0.27126909     *N2238  
*N2238  0.483808646     
GRID*   2239            0               0.1485699       -0.273063507    *N2239  
*N2239  0.650596775     
GRID*   2240            0               0.150038922     -0.27047085     *N2240  
*N2240  0.645225599     
GRID*   2241            0               0.173664112     -0.277848602    *N2241  
*N2241  0.870497859     
GRID*   2242            0               0.171980685     -0.284590181    *N2242  
*N2242  0.869139934     
GRID*   2243            0               0.162068657     -0.291152569    *N2243  
*N2243  0.708520965     
GRID*   2244            0               0.156895907     -0.290699411    *N2244  
*N2244  0.702662049     
GRID*   2245            0               0.162210938     -0.291135687    *N2245  
*N2245  0.6929447       
GRID*   2246            0               0.162139667     -0.291144341    *N2246  
*N2246  0.700732832     
GRID*   2247            0               0.169884566     -0.287363525    *N2247  
*N2247  0.818798333     
GRID*   2248            0               0.17315649      -0.281787743    *N2248  
*N2248  0.826769115     
GRID*   2249            0               0.171759213     -0.284967697    *N2249  
*N2249  0.833219173     
GRID*   2250            0               0.170932273     -0.286168407    *N2250  
*N2250  0.826008753     
GRID*   2251            0               0.156524363     -0.265751169    *N2251  
*N2251  0.804983007     
GRID*   2252            0               0.16224201      -0.26520293     *N2252  
*N2252  0.811042049     
GRID*   2253            0               0.167158044     -0.266864055    *N2253  
*N2253  0.805429962     
GRID*   2254            0               0.161677801     -0.265143882    *N2254  
*N2254  0.799370919     
GRID*   2255            0               0.161960226     -0.265170344    *N2255  
*N2255  0.805206484     
GRID*   2256            0               0.154662215     -0.289808465    *N2256  
*N2256  0.791017044     
GRID*   2257            0               0.151132906     -0.287175509    *N2257  
*N2257  0.80115699      
GRID*   2258            0               0.148091875     -0.281951463    *N2258  
*N2258  0.797803272     
GRID*   2259            0               0.150058743     -0.285890994    *N2259  
*N2259  0.787663326     
GRID*   2260            0               0.15057523      -0.286550474    *N2260  
*N2260  0.794410158     
GRID*   2261            0               0.157151812     -0.290772225    *N2261  
*N2261  0.806133005     
GRID*   2262            0               0.153583454     -0.28919191     *N2262  
*N2262  0.813118843     
GRID*   2263            0               0.148895034     -0.283978245    *N2263  
*N2263  0.808142828     
GRID*   2264            0               0.152296744     -0.288258374    *N2264  
*N2264  0.807137916     
GRID*   2265            0               0.173332991     -0.281107355    *N2265  
*N2265  0.710447287     
GRID*   2266            0               0.173065735     -0.274245871    *N2266  
*N2266  0.701791115     
GRID*   2267            0               0.169604076     -0.268696392    *N2267  
*N2267  0.708898127     
GRID*   2268            0               0.173162803     -0.274568943    *N2268  
*N2268  0.717554298     
GRID*   2269            0               0.173115312     -0.274407094    *N2269  
*N2269  0.709672707     
GRID*   2270            0               0.171439965     -0.270868881    *N2270  
*N2270  0.665977963     
GRID*   2271            0               0.166146458     -0.266334802    *N2271  
*N2271  0.661904718     
GRID*   2272            0               0.162447886     -0.26523067     *N2272  
*N2272  0.672834956     
GRID*   2273            0               0.16883502      -0.268020583    *N2273  
*N2273  0.676908201     
GRID*   2274            0               0.167542099     -0.26709578     *N2274  
*N2274  0.66940646      
GRID*   2275            0               0.160404117     -0.265100828    *N2275  
*N2275  0.659396828     
GRID*   2276            0               0.164862239     -0.265813982    *N2276  
*N2276  0.655772618     
GRID*   2277            0               0.152187072     -0.288167123    *N2277  
*N2277  0.53294949      
GRID*   2278            0               0.156321905     -0.290515255    *N2278  
*N2278  0.538215584     
GRID*   2279            0               0.151003991     -0.287038055    *N2279  
*N2279  0.539645926     
GRID*   2280            0               0.154069711     -0.266847998    *N2280  
*N2280  0.814750204     
GRID*   2281            0               0.151436051     -0.268850994    *N2281  
*N2281  0.807579424     
GRID*   2282            0               0.148119039     -0.274294604    *N2282  
*N2282  0.811100461     
GRID*   2283            0               0.1494918       -0.271284008    *N2283  
*N2283  0.818271241     
GRID*   2284            0               0.150391186     -0.270009374    *N2284  
*N2284  0.812925333     
GRID*   2285            0               0.155049436     -0.289997992    *N2285  
*N2285  0.733761718     
GRID*   2286            0               0.160931895     -0.291231144    *N2286  
*N2286  0.723515638     
GRID*   2287            0               0.16137733      -0.29121222     *N2287  
*N2287  0.737148536     
GRID*   2288            0               0.161152935     -0.291223657    *N2288  
*N2288  0.730332087     
GRID*   2289            0               0.171437394     -0.285469655    *N2289  
*N2289  0.70418631      
GRID*   2290            0               0.17075155      -0.286396494    *N2290  
*N2290  0.719114012     
GRID*   2291            0               0.171110723     -0.285932495    *N2291  
*N2291  0.711650161     
GRID*   2292            0               0.147982831     -0.27476447     *N2292  
*N2292  0.827964046     
GRID*   2293            0               0.15064786      -0.269698149    *N2293  
*N2293  0.826030204     
GRID*   2294            0               0.148610351     -0.272969193    *N2294  
*N2294  0.823117644     
GRID*   2295            0               0.161189748     -0.291222045    *N2295  
*N2295  0.794997497     
GRID*   2296            0               0.163342392     -0.290944367    *N2296  
*N2296  0.808285061     
GRID*   2297            0               0.162237518     -0.291132357    *N2297  
*N2297  0.801641279     
GRID*   2298            0               0.160688635     -0.291235059    *N2298  
*N2298  0.779119681     
GRID*   2299            0               0.16093696      -0.291231015    *N2299  
*N2299  0.787058589     
GRID*   2300            0               0.172409962     -0.28376177     *N2300  
*N2300  0.764107066     
GRID*   2301            0               0.171423286     -0.285490549    *N2301  
*N2301  0.750247385     
GRID*   2302            0               0.173667353     -0.278037329    *N2302  
*N2302  0.759353158     
GRID*   2303            0               0.171968448     -0.284611816    *N2303  
*N2303  0.757177226     
GRID*   2304            0               0.147532686     -0.278033445    *N2304  
*N2304  0.804141787     
GRID*   2305            0               0.149403275     -0.271428964    *N2305  
*N2305  0.799396839     
GRID*   2306            0               0.147899537     -0.275089883    *N2306  
*N2306  0.793058324     
GRID*   2307            0               0.14763232      -0.276551222    *N2307  
*N2307  0.798600056     
GRID*   2308            0               0.149479392     -0.271304073    *N2308  
*N2308  0.78525926      
GRID*   2309            0               0.148183615     -0.282242406    *N2309  
*N2309  0.779864262     
GRID*   2310            0               0.147542295     -0.278685975    *N2310  
*N2310  0.786461293     
GRID*   2311            0               0.161501955     -0.291204196    *N2311  
*N2311  0.638118972     
GRID*   2312            0               0.151968484     -0.287979065    *N2312  
*N2312  0.630082211     
GRID*   2313            0               0.156355607     -0.29052688     *N2313  
*N2313  0.634100591     
GRID*   2314            0               0.150538199     -0.286505991    *N2314  
*N2314  0.522307388     
GRID*   2315            0               0.155564337     -0.290226162    *N2315  
*N2315  0.527067903     
GRID*   2316            0               0.151325371     -0.287373547    *N2316  
*N2316  0.527628439     
GRID*   2317            0               0.162729249     -0.291060727    *N2317  
*N2317  0.534626906     
GRID*   2318            0               0.16013427      -0.291227058    *N2318  
*N2318  0.522651579     
GRID*   2319            0               0.161378861     -0.291212129    *N2319  
*N2319  0.528639243     
GRID*   2320            0               0.161539963     -0.265133209    *N2320  
*N2320  0.773807077     
GRID*   2321            0               0.166266736     -0.266391931    *N2321  
*N2321  0.76829863      
GRID*   2322            0               0.162468058     -0.265233567    *N2322  
*N2322  0.763804863     
GRID*   2323            0               0.157581472     -0.265452757    *N2323  
*N2323  0.76931331      
GRID*   2324            0               0.162004907     -0.265175098    *N2324  
*N2324  0.76880597      
GRID*   2325            0               0.156742117     -0.265681794    *N2325  
*N2325  0.522429699     
GRID*   2326            0               0.150965609     -0.269338365    *N2326  
*N2326  0.513027699     
GRID*   2327            0               0.152396472     -0.267995105    *N2327  
*N2327  0.528303463     
GRID*   2328            0               0.151655789     -0.268639836    *N2328  
*N2328  0.520665581     
GRID*   2329            0               0.15519652      -0.266268829    *N2329  
*N2329  0.789675064     
GRID*   2330            0               0.153558431     -0.267158776    *N2330  
*N2330  0.796800422     
GRID*   2331            0               0.158365218     -0.265291865    *N2331  
*N2331  0.794522992     
GRID*   2332            0               0.152085414     -0.288080706    *N2332  
*N2332  0.509463349     
GRID*   2333            0               0.154928229     -0.289940364    *N2333  
*N2333  0.515550085     
GRID*   2334            0               0.151278494     -0.287326079    *N2334  
*N2334  0.515885369     
GRID*   2335            0               0.149056484     -0.284292706    *N2335  
*N2335  0.503033776     
GRID*   2336            0               0.148144875     -0.2742123      *N2336  
*N2336  0.505661942     
GRID*   2337            0               0.147585111     -0.279344345    *N2337  
*N2337  0.504347859     
GRID*   2338            0               0.150871234     -0.269442467    *N2338  
*N2338  0.673114263     
GRID*   2339            0               0.148008673     -0.274670061    *N2339  
*N2339  0.665433044     
GRID*   2340            0               0.147854617     -0.281053158    *N2340  
*N2340  0.672367252     
GRID*   2341            0               0.147898712     -0.275093288    *N2341  
*N2341  0.680048471     
GRID*   2342            0               0.147951922     -0.274881214    *N2342  
*N2342  0.672740758     
GRID*   2343            0               0.172103889     -0.284366808    *N2343  
*N2343  0.565556857     
GRID*   2344            0               0.173657099     -0.277633709    *N2344  
*N2344  0.570309211     
GRID*   2345            0               0.172048558     -0.284468403    *N2345  
*N2345  0.571334026     
GRID*   2346            0               0.170855571     -0.286266489    *N2346  
*N2346  0.554015055     
GRID*   2347            0               0.173580885     -0.279673761    *N2347  
*N2347  0.561262491     
GRID*   2348            0               0.171545362     -0.285306805    *N2348  
*N2348  0.559785956     
GRID*   2349            0               0.147573757     -0.279211213    *N2349  
*N2349  0.809621645     
GRID*   2350            0               0.147573776     -0.277123274    *N2350  
*N2350  0.720697798     
GRID*   2351            0               0.150600751     -0.286580899    *N2351  
*N2351  0.723057401     
GRID*   2352            0               0.149533214     -0.285117099    *N2352  
*N2352  0.730499781     
GRID*   2353            0               0.147843364     -0.275331719    *N2353  
*N2353  0.728140177     
GRID*   2354            0               0.147907735     -0.281278475    *N2354  
*N2354  0.725598789     
GRID*   2355            0               0.147532154     -0.278230876    *N2355  
*N2355  0.762019567     
GRID*   2356            0               0.14992267      -0.270632955    *N2356  
*N2356  0.755801021     
GRID*   2357            0               0.147952152     -0.274880329    *N2357  
*N2357  0.747145813     
GRID*   2358            0               0.148393344     -0.28283321     *N2358  
*N2358  0.753364359     
GRID*   2359            0               0.147633475     -0.27654198     *N2359  
*N2359  0.75458269      
GRID*   2360            0               0.155685232     -0.290275938    *N2360  
*N2360  0.719183568     
GRID*   2361            0               0.16149026      -0.291205       *N2361  
*N2361  0.716018302     
GRID*   2362            0               0.165465832     -0.266039033    *N2362  
*N2362  0.534189957     
GRID*   2363            0               0.171359442     -0.270750686    *N2363  
*N2363  0.529979107     
GRID*   2364            0               0.16888312      -0.268059811    *N2364  
*N2364  0.522537872     
GRID*   2365            0               0.161914747     -0.265165665    *N2365  
*N2365  0.526748722     
GRID*   2366            0               0.167251663     -0.266918893    *N2366  
*N2366  0.528363915     
GRID*   2367            0               0.173363024     -0.28097411     *N2367  
*N2367  0.535611458     
GRID*   2368            0               0.173450536     -0.275793259    *N2368  
*N2368  0.524745353     
GRID*   2369            0               0.173396052     -0.275515253    *N2369  
*N2369  0.540845212     
GRID*   2370            0               0.173424047     -0.275654108    *N2370  
*N2370  0.532795283     
GRID*   2371            0               0.1645877       -0.265722647    *N2371  
*N2371  0.460287889     
GRID*   2372            0               0.154972359     -0.266373197    *N2372  
*N2372  0.458695822     
GRID*   2373            0               0.16055006      -0.265099455    *N2373  
*N2373  0.465150655     
GRID*   2374            0               0.159746388     -0.265127269    *N2374  
*N2374  0.459319259     
GRID*   2375            0               0.171759611     -0.271367676    *N2375  
*N2375  0.860420986     
GRID*   2376            0               0.167212926     -0.266896076    *N2376  
*N2376  0.865676365     
GRID*   2377            0               0.171842627     -0.271505831    *N2377  
*N2377  0.868286478     
GRID*   2378            0               0.173666619     -0.277977349    *N2378  
*N2378  0.847036129     
GRID*   2379            0               0.170114386     -0.269209175    *N2379  
*N2379  0.851645434     
GRID*   2380            0               0.173155855     -0.274544774    *N2380  
*N2380  0.853728557     
GRID*   2381            0               0.170017662     -0.287227176    *N2381  
*N2381  0.467930972     
GRID*   2382            0               0.172885414     -0.28262171     *N2382  
*N2382  0.475016363     
GRID*   2383            0               0.17116704      -0.285855681    *N2383  
*N2383  0.481098295     
GRID*   2384            0               0.170629293     -0.286545062    *N2384  
*N2384  0.474514634     
GRID*   2385            0               0.173664723     -0.278460014    *N2385  
*N2385  0.468014302     
GRID*   2386            0               0.172481001     -0.272725444    *N2386  
*N2386  0.47261629      
GRID*   2387            0               0.173597281     -0.276809676    *N2387  
*N2387  0.479618351     
GRID*   2388            0               0.173657102     -0.277633779    *N2388  
*N2388  0.473816326     
GRID*   2389            0               0.148049916     -0.27452483     *N2389  
*N2389  0.735708078     
GRID*   2390            0               0.151599791     -0.268692717    *N2390  
*N2390  0.73493203      
GRID*   2391            0               0.151014499     -0.269285311    *N2391  
*N2391  0.727364129     
GRID*   2392            0               0.149226383     -0.271732031    *N2392  
*N2392  0.731536104     
GRID*   2393            0               0.17364172      -0.278995715    *N2393  
*N2393  0.82070718      
GRID*   2394            0               0.171739072     -0.271334081    *N2394  
*N2394  0.82803251      
GRID*   2395            0               0.172950259     -0.273896091    *N2395  
*N2395  0.834094445     
GRID*   2396            0               0.173549505     -0.276411529    *N2396  
*N2396  0.827400812     
GRID*   2397            0               0.15963682      -0.265134904    *N2397  
*N2397  0.858557256     
GRID*   2398            0               0.153218694     -0.267383625    *N2398  
*N2398  0.867314229     
GRID*   2399            0               0.160144276     -0.265107308    *N2399  
*N2399  0.866078654     
GRID*   2400            0               0.149643737     -0.271044654    *N2400  
*N2400  0.702038095     
GRID*   2401            0               0.147719394     -0.275962226    *N2401  
*N2401  0.694898075     
GRID*   2402            0               0.14815458      -0.282152851    *N2402  
*N2402  0.701663744     
GRID*   2403            0               0.147593399     -0.276902071    *N2403  
*N2403  0.708803764     
GRID*   2404            0               0.147647869     -0.276431005    *N2404  
*N2404  0.701850919     
GRID*   2405            0               0.148437802     -0.27338682     *N2405  
*N2405  0.861243253     
GRID*   2406            0               0.148848196     -0.27245179     *N2406  
*N2406  0.868684763     
GRID*   2407            0               0.163909322     -0.265525326    *N2407  
*N2407  0.849495147     
GRID*   2408            0               0.154844597     -0.266435013    *N2408  
*N2408  0.84418484      
GRID*   2409            0               0.151355219     -0.2689312      *N2409  
*N2409  0.85324695      
GRID*   2410            0               0.15717839      -0.265555254    *N2410  
*N2410  0.851371048     
GRID*   2411            0               0.173223003     -0.281548545    *N2411  
*N2411  0.550565543     
GRID*   2412            0               0.170733668     -0.269916214    *N2412  
*N2412  0.543578262     
GRID*   2413            0               0.173360747     -0.275350275    *N2413  
*N2413  0.553298593     
GRID*   2414            0               0.173378666     -0.275432707    *N2414  
*N2414  0.547071902     
GRID*   2415            0               0.158791959     -0.265225041    *N2415  
*N2415  0.704284345     
GRID*   2416            0               0.163616562     -0.265452291    *N2416  
*N2416  0.713785206     
GRID*   2417            0               0.165548883     -0.266072684    *N2417  
*N2417  0.699397266     
GRID*   2418            0               0.164594784     -0.265724919    *N2418  
*N2418  0.706591236     
GRID*   2419            0               0.147773801     -0.275665113    *N2419  
*N2419  0.847689113     
GRID*   2420            0               0.147840585     -0.280990469    *N2420  
*N2420  0.855685417     
GRID*   2421            0               0.148053978     -0.274510863    *N2421  
*N2421  0.854466183     
GRID*   2422            0               0.151927977     -0.287943281    *N2422  
*N2422  0.850643796     
GRID*   2423            0               0.150938028     -0.286966162    *N2423  
*N2423  0.856799805     
GRID*   2424            0               0.173281793     -0.28132089     *N2424  
*N2424  0.840927025     
GRID*   2425            0               0.171449772     -0.270883468    *N2425  
*N2425  0.840203548     
GRID*   2426            0               0.173471231     -0.275908146    *N2426  
*N2426  0.840565287     
GRID*   2427            0               0.170345532     -0.269461199    *N2427  
*N2427  0.722195478     
GRID*   2428            0               0.173297289     -0.275076814    *N2428  
*N2428  0.729613398     
GRID*   2429            0               0.173377071     -0.280909455    *N2429  
*N2429  0.724972218     
GRID*   2430            0               0.173232599     -0.274822202    *N2430  
*N2430  0.723583848     
GRID*   2431            0               0.157263942     -0.265532355    *N2431  
*N2431  0.728877866     
GRID*   2432            0               0.158188263     -0.265323834    *N2432  
*N2432  0.72246577      
GRID*   2433            0               0.151683304     -0.26861408     *N2433  
*N2433  0.720952032     
GRID*   2434            0               0.154282821     -0.266727697    *N2434  
*N2434  0.724914949     
GRID*   2435            0               0.163105743     -0.265341843    *N2435  
*N2435  0.586113813     
GRID*   2436            0               0.158388553     -0.265287836    *N2436  
*N2436  0.581055852     
GRID*   2437            0               0.159016552     -0.265195648    *N2437  
*N2437  0.585813694     
GRID*   2438            0               0.172301142     -0.272348778    *N2438  
*N2438  0.563597906     
GRID*   2439            0               0.168389942     -0.267675009    *N2439  
*N2439  0.568224607     
GRID*   2440            0               0.171995182     -0.271770294    *N2440  
*N2440  0.574935912     
GRID*   2441            0               0.172151784     -0.27205762     *N2441  
*N2441  0.569266909     
GRID*   2442            0               0.172582399     -0.272952503    *N2442  
*N2442  0.751570409     
GRID*   2443            0               0.17332884      -0.281125274    *N2443  
*N2443  0.746789482     
GRID*   2444            0               0.173632761     -0.277208312    *N2444  
*N2444  0.74116547      
GRID*   2445            0               0.170490927     -0.26962674     *N2445  
*N2445  0.745946397     
GRID*   2446            0               0.173287298     -0.275036052    *N2446  
*N2446  0.746367939     
GRID*   2447            0               0.170755842     -0.286391196    *N2447  
*N2447  0.737493971     
GRID*   2448            0               0.171104917     -0.285940347    *N2448  
*N2448  0.743870678     
GRID*   2449            0               0.171549381     -0.285300639    *N2449  
*N2449  0.732760661     
GRID*   2450            0               0.173464502     -0.275870139    *N2450  
*N2450  0.736432159     
GRID*   2451            0               0.173237272     -0.281494819    *N2451  
*N2451  0.736963065     
GRID*   2452            0               0.167676054     -0.267180909    *N2452  
*N2452  0.588746856     
GRID*   2453            0               0.169915848     -0.269002885    *N2453  
*N2453  0.594905929     
GRID*   2454            0               0.169168807     -0.268300842    *N2454  
*N2454  0.581154535     
GRID*   2455            0               0.172727115     -0.273298509    *N2455  
*N2455  0.580620801     
GRID*   2456            0               0.164907053     -0.265829535    *N2456  
*N2456  0.578521492     
GRID*   2457            0               0.166331521     -0.266423328    *N2457  
*N2457  0.583634174     
GRID*   2458            0               0.169758168     -0.268845312    *N2458  
*N2458  0.555634007     
GRID*   2459            0               0.172922672     -0.273817144    *N2459  
*N2459  0.558448249     
GRID*   2460            0               0.163223981     -0.26536551     *N2460  
*N2460  0.55801385      
GRID*   2461            0               0.156453625     -0.265774612    *N2461  
*N2461  0.561873234     
GRID*   2462            0               0.162081382     -0.265183596    *N2462  
*N2462  0.57208399      
GRID*   2463            0               0.162654695     -0.265261902    *N2463  
*N2463  0.56504892      
GRID*   2464            0               0.161890653     -0.265163251    *N2464  
*N2464  0.689530739     
GRID*   2465            0               0.170421458     -0.269546943    *N2465  
*N2465  0.695644164     
GRID*   2466            0               0.16755221      -0.267102126    *N2466  
*N2466  0.685777638     
GRID*   2467            0               0.166572767     -0.266544164    *N2467  
*N2467  0.692587452     
GRID*   2468            0               0.173661612     -0.278575905    *N2468  
*N2468  0.694965335     
GRID*   2469            0               0.172714755     -0.273267837    *N2469  
*N2469  0.688818384     
GRID*   2470            0               0.17289997      -0.273753364    *N2470  
*N2470  0.69530475      
GRID*   2471            0               0.17366065      -0.278605591    *N2471  
*N2471  0.772022763     
GRID*   2472            0               0.171837052     -0.284838288    *N2472  
*N2472  0.770536738     
GRID*   2473            0               0.162235384     -0.291132627    *N2473  
*N2473  0.603709861     
GRID*   2474            0               0.157764515     -0.290924031    *N2474  
*N2474  0.593373581     
GRID*   2475            0               0.162931931     -0.291025615    *N2475  
*N2475  0.5901214       
GRID*   2476            0               0.162580974     -0.291084339    *N2476  
*N2476  0.59691563      
GRID*   2477            0               0.148920135     -0.284028535    *N2477  
*N2477  0.595205805     
GRID*   2478            0               0.15301283      -0.28880726     *N2478  
*N2478  0.587641027     
GRID*   2479            0               0.152565026     -0.288473271    *N2479  
*N2479  0.594289693     
GRID*   2480            0               0.147671958     -0.280074805    *N2480  
*N2480  0.473632897     
GRID*   2481            0               0.149516492     -0.285090399    *N2481  
*N2481  0.47626698      
GRID*   2482            0               0.147680448     -0.28013149     *N2482  
*N2482  0.479272483     
GRID*   2483            0               0.152162987     -0.28814681     *N2483  
*N2483  0.467502983     
GRID*   2484            0               0.152319483     -0.288277041    *N2484  
*N2484  0.473418274     
GRID*   2485            0               0.157677069     -0.290904278    *N2485  
*N2485  0.500924085     
GRID*   2486            0               0.152647155     -0.28853678     *N2486  
*N2486  0.501978931     
GRID*   2487            0               0.171173065     -0.285847393    *N2487  
*N2487  0.725937337     
GRID*   2488            0               0.152423654     -0.267973244    *N2488  
*N2488  0.763416297     
GRID*   2489            0               0.148798591     -0.27255493     *N2489  
*N2489  0.770393826     
GRID*   2490            0               0.152342629     -0.268038765    *N2490  
*N2490  0.776290839     
GRID*   2491            0               0.152383076     -0.268005924    *N2491  
*N2491  0.769853568     
GRID*   2492            0               0.151181113     -0.287225903    *N2492  
*N2492  0.771490003     
GRID*   2493            0               0.147700985     -0.280262121    *N2493  
*N2493  0.770941914     
GRID*   2494            0               0.17366106      -0.278593187    *N2494  
*N2494  0.800485272     
GRID*   2495            0               0.171077826     -0.285976827    *N2495  
*N2495  0.805262079     
GRID*   2496            0               0.171841914     -0.284830091    *N2496  
*N2496  0.798817412     
GRID*   2497            0               0.163203953     -0.290973298    *N2497  
*N2497  0.575950098     
GRID*   2498            0               0.157923403     -0.290958312    *N2498  
*N2498  0.566083995     
GRID*   2499            0               0.162121754     -0.291146454    *N2499  
*N2499  0.562492737     
GRID*   2500            0               0.162656577     -0.291072518    *N2500  
*N2500  0.569221418     
GRID*   2501            0               0.14876526      -0.283709159    *N2501  
*N2501  0.568974867     
GRID*   2502            0               0.153194698     -0.288934631    *N2502  
*N2502  0.573975215     
GRID*   2503            0               0.152489372     -0.288413839    *N2503  
*N2503  0.567529431     
GRID*   2504            0               0.156645089     -0.265712188    *N2504  
*N2504  0.680888231     
GRID*   2505            0               0.15562685      -0.266082642    *N2505  
*N2505  0.665060988     
GRID*   2506            0               0.156132128     -0.265886857    *N2506  
*N2506  0.67297461      
GRID*   2507            0               0.147753685     -0.275770526    *N2507  
*N2507  0.552511413     
GRID*   2508            0               0.152371501     -0.268015294    *N2508  
*N2508  0.555681111     
GRID*   2509            0               0.153090888     -0.267472227    *N2509  
*N2509  0.548028565     
GRID*   2510            0               0.149609036     -0.271098319    *N2510  
*N2510  0.550269989     
GRID*   2511            0               0.170391989     -0.269513483    *N2511  
*N2511  0.519144027     
GRID*   2512            0               0.166331782     -0.266423455    *N2512  
*N2512  0.514718908     
GRID*   2513            0               0.164381269     -0.265658378    *N2513  
*N2513  0.518112753     
GRID*   2514            0               0.167655054     -0.267167413    *N2514  
*N2514  0.51862839      
GRID*   2515            0               0.159205572     -0.265173969    *N2515  
*N2515  0.513793729     
GRID*   2516            0               0.160559944     -0.265099421    *N2516  
*N2516  0.520271226     
GRID*   2517            0               0.153840101     -0.266983604    *N2517  
*N2517  0.536260418     
GRID*   2518            0               0.150345409     -0.27006699     *N2518  
*N2518  0.53294573      
GRID*   2519            0               0.148354551     -0.282730429    *N2519  
*N2519  0.842736165     
GRID*   2520            0               0.151710137     -0.287745614    *N2520  
*N2520  0.844186897     
GRID*   2521            0               0.172765978     -0.282938272    *N2521  
*N2521  0.461800545     
GRID*   2522            0               0.170533351     -0.2866586      *N2522  
*N2522  0.460709353     
GRID*   2523            0               0.172180139     -0.272111535    *N2523  
*N2523  0.461777426     
GRID*   2524            0               0.173650337     -0.277488152    *N2524  
*N2524  0.461962886     
GRID*   2525            0               0.151768374     -0.268535382    *N2525  
*N2525  0.567530598     
GRID*   2526            0               0.148533781     -0.273149494    *N2526  
*N2526  0.571893906     
GRID*   2527            0               0.155603819     -0.266092146    *N2527  
*N2527  0.57461835      
GRID*   2528            0               0.151367832     -0.268918592    *N2528  
*N2528  0.573256128     
GRID*   2529            0               0.1728816       -0.273702505    *N2529  
*N2529  0.809557446     
GRID*   2530            0               0.17202893      -0.271830785    *N2530  
*N2530  0.802957617     
GRID*   2531            0               0.170606927     -0.286571766    *N2531  
*N2531  0.506509062     
GRID*   2532            0               0.173587471     -0.279615884    *N2532  
*N2532  0.508050448     
GRID*   2533            0               0.173437021     -0.280613483    *N2533  
*N2533  0.513662441     
GRID*   2534            0               0.169928749     -0.287318702    *N2534  
*N2534  0.512121054     
GRID*   2535            0               0.172396571     -0.283789952    *N2535  
*N2535  0.510085751     
GRID*   2536            0               0.158531272     -0.291070576    *N2536  
*N2536  0.81838515      
GRID*   2537            0               0.162965641     -0.291019456    *N2537  
*N2537  0.814792061     
GRID*   2538            0               0.153280113     -0.288992879    *N2538  
*N2538  0.818842341     
GRID*   2539            0               0.172867637     -0.282670436    *N2539  
*N2539  0.520971443     
GRID*   2540            0               0.17121142      -0.285794311    *N2540  
*N2540  0.525011551     
GRID*   2541            0               0.170615772     -0.286561223    *N2541  
*N2541  0.518566303     
GRID*   2542            0               0.170930185     -0.270163616    *N2542  
*N2542  0.817403185     
GRID*   2543            0               0.172765014     -0.28294073     *N2543  
*N2543  0.81286144      
GRID*   2544            0               0.173535306     -0.276309814    *N2544  
*N2544  0.815132313     
GRID*   2545            0               0.156773923     -0.26567201     *N2545  
*N2545  0.82283644      
GRID*   2546            0               0.165107002     -0.265901164    *N2546  
*N2546  0.819128285     
GRID*   2547            0               0.159483064     -0.26514718     *N2547  
*N2547  0.816939245     
GRID*   2548            0               0.166413787     -0.266463834    *N2548  
*N2548  0.82975761      
GRID*   2549            0               0.168881247     -0.268058276    *N2549  
*N2549  0.823580398     
GRID*   2550            0               0.172892696     -0.273733145    *N2550  
*N2550  0.517436351     
GRID*   2551            0               0.172367503     -0.272484184    *N2551  
*N2551  0.511110128     
GRID*   2552            0               0.16944333      -0.268546126    *N2552  
*N2552  0.512817804     
GRID*   2553            0               0.171481599     -0.270931101    *N2553  
*N2553  0.515127077     
GRID*   2554            0               0.15873004      -0.291100877    *N2554  
*N2554  0.579663238     
GRID*   2555            0               0.163067609     -0.291000268    *N2555  
*N2555  0.583035749     
GRID*   2556            0               0.153103494     -0.288871332    *N2556  
*N2556  0.580808121     
GRID*   2557            0               0.148951744     -0.272243615    *N2557  
*N2557  0.561338475     
GRID*   2558            0               0.152065975     -0.268270742    *N2558  
*N2558  0.561605854     
GRID*   2559            0               0.147534963     -0.277889109    *N2559  
*N2559  0.564221076     
GRID*   2560            0               0.147601091     -0.276825354    *N2560  
*N2560  0.558366245     
GRID*   2561            0               0.156932998     -0.265624405    *N2561  
*N2561  0.736507197     
GRID*   2562            0               0.15042282      -0.269969944    *N2562  
*N2562  0.742974551     
GRID*   2563            0               0.155302025     -0.266221478    *N2563  
*N2563  0.744549718     
GRID*   2564            0               0.153344914     -0.267298305    *N2564  
*N2564  0.739740874     
GRID*   2565            0               0.171068353     -0.285989521    *N2565  
*N2565  0.840112418     
GRID*   2566            0               0.167633758     -0.267153783    *N2566  
*N2566  0.757311415     
GRID*   2567            0               0.171371377     -0.270768031    *N2567  
*N2567  0.765094164     
GRID*   2568            0               0.172029198     -0.271831267    *N2568  
*N2568  0.758332286     
GRID*   2569            0               0.154953239     -0.28995238     *N2569  
*N2569  0.685992844     
GRID*   2570            0               0.159988434     -0.291221042    *N2570  
*N2570  0.677802341     
GRID*   2571            0               0.161057519     -0.291227348    *N2571  
*N2571  0.68537352      
GRID*   2572            0               0.147541301     -0.277674392    *N2572  
*N2572  0.834130004     
GRID*   2573            0               0.147610724     -0.279599604    *N2573  
*N2573  0.829266558     
GRID*   2574            0               0.149500544     -0.285064802    *N2574  
*N2574  0.463109874     
GRID*   2575            0               0.1524245       -0.288362154    *N2575  
*N2575  0.461707227     
GRID*   2576            0               0.14817991      -0.282231101    *N2576  
*N2576  0.713893189     
GRID*   2577            0               0.151513674     -0.287559447    *N2577  
*N2577  0.710019355     
GRID*   2578            0               0.151044678     -0.287081867    *N2578  
*N2578  0.716538378     
GRID*   2579            0               0.15969105      -0.265131009    *N2579  
*N2579  0.550154054     
GRID*   2580            0               0.160584957     -0.265099368    *N2580  
*N2580  0.538385906     
GRID*   2581            0               0.156655277     -0.265708958    *N2581  
*N2581  0.543207236     
GRID*   2582            0               0.166919538     -0.266729       *N2582  
*N2582  0.547774211     
GRID*   2583            0               0.166203315     -0.26636162     *N2583  
*N2583  0.540982084     
GRID*   2584            0               0.165929721     -0.266235608    *N2584  
*N2584  0.838053261     
GRID*   2585            0               0.168169505     -0.267514885    *N2585  
*N2585  0.844849347     
GRID*   2586            0               0.153663965     -0.26709198     *N2586  
*N2586  0.478879486     
GRID*   2587            0               0.152186435     -0.268168132    *N2587  
*N2587  0.473012182     
GRID*   2588            0               0.148598324     -0.272997022    *N2588  
*N2588  0.473529769     
GRID*   2589            0               0.150681502     -0.269658775    *N2589  
*N2589  0.476204628     
GRID*   2590            0               0.156038849     -0.265921196    *N2590  
*N2590  0.470431871     
GRID*   2591            0               0.161385984     -0.265123018    *N2591  
*N2591  0.476623884     
GRID*   2592            0               0.165843743     -0.266197573    *N2592  
*N2592  0.471342667     
GRID*   2593            0               0.160968211     -0.265104548    *N2593  
*N2593  0.470887269     
GRID*   2594            0               0.165123429     -0.265907212    *N2594  
*N2594  0.552894031     
GRID*   2595            0               0.149720196     -0.270928403    *N2595  
*N2595  0.839082953     
GRID*   2596            0               0.147618618     -0.276665248    *N2596  
*N2596  0.840909559     
GRID*   2597            0               0.158502849     -0.265268733    *N2597  
*N2597  0.837676305     
GRID*   2598            0               0.152293716     -0.268078838    *N2598  
*N2598  0.832574418     
GRID*   2599            0               0.153521278     -0.267182629    *N2599  
*N2599  0.838379629     
GRID*   2600            0               0.15903273      -0.265193683    *N2600  
*N2600  0.829380653     
GRID*   2601            0               0.162552028     -0.265245974    *N2601  
*N2601  0.833716957     
GRID*   2602            0               0.160231265     -0.265104563    *N2602  
*N2602  0.576569921     
GRID*   2603            0               0.156472865     -0.265768191    *N2603  
*N2603  0.489172086     
GRID*   2604            0               0.158445362     -0.265278211    *N2604  
*N2604  0.482712266     
GRID*   2605            0               0.155028955     -0.266346358    *N2605  
*N2605  0.484025786     
GRID*   2606            0               0.170519244     -0.286675075    *N2606  
*N2606  0.812030206     
GRID*   2607            0               0.147535139     -0.278453755    *N2607  
*N2607  0.570434387     
GRID*   2608            0               0.149089224     -0.271980708    *N2608  
*N2608  0.715608373     
GRID*   2609            0               0.147583118     -0.27701263     *N2609  
*N2609  0.714750781     
GRID*   2610            0               0.152810441     -0.267674724    *N2610  
*N2610  0.709797259     
GRID*   2611            0               0.156589512     -0.265729972    *N2611  
*N2611  0.715140918     
GRID*   2612            0               0.152233678     -0.268128571    *N2612  
*N2612  0.715374646     
GRID*   2613            0               0.167506488     -0.267073531    *N2613  
*N2613  0.776073365     
GRID*   2614            0               0.159394139     -0.265155115    *N2614  
*N2614  0.780706643     
GRID*   2615            0               0.163607386     -0.265450117    *N2615  
*N2615  0.778390004     
GRID*   2616            0               0.153712484     -0.267061742    *N2616  
*N2616  0.782982952     
GRID*   2617            0               0.154415604     -0.266655371    *N2617  
*N2617  0.827705429     
GRID*   2618            0               0.165021017     -0.265869911    *N2618  
*N2618  0.488226506     
GRID*   2619            0               0.167662209     -0.267172005    *N2619  
*N2619  0.482138124     
GRID*   2620            0               0.163230148     -0.265366776    *N2620  
*N2620  0.482425195     
GRID*   2621            0               0.154491129     -0.266615117    *N2621  
*N2621  0.507353056     
GRID*   2622            0               0.150570803     -0.269789541    *N2622  
*N2622  0.506507499     
GRID*   2623            0               0.152453184     -0.267949629    *N2623  
*N2623  0.802189923     
GRID*   2624            0               0.150712774     -0.286712264    *N2624  
*N2624  0.743141279     
GRID*   2625            0               0.147662286     -0.280008061    *N2625  
*N2625  0.739879341     
GRID*   2626            0               0.150092679     -0.285937098    *N2626  
*N2626  0.73682053      
GRID*   2627            0               0.14799978      -0.274702235    *N2627  
*N2627  0.741426946     
GRID*   2628            0               0.149014187     -0.272122398    *N2628  
*N2628  0.459142846     
GRID*   2629            0               0.153015641     -0.267525456    *N2629  
*N2629  0.464005612     
GRID*   2630            0               0.151505464     -0.268783222    *N2630  
*N2630  0.458746711     
GRID*   2631            0               0.147997642     -0.2816247      *N2631  
*N2631  0.467452461     
GRID*   2632            0               0.147694276     -0.276114335    *N2632  
*N2632  0.459906256     
GRID*   2633            0               0.147784952     -0.280726102    *N2633  
*N2633  0.461681971     
GRID*   2634            0               0.148061007     -0.274486832    *N2634  
*N2634  0.467349333     
GRID*   2635            0               0.149878749     -0.270695587    *N2635  
*N2635  0.466585923     
GRID*   2636            0               0.148479802     -0.273281316    *N2636  
*N2636  0.46324609      
GRID*   2637            0               0.159275317     -0.265166674    *N2637  
*N2637  0.501590641     
GRID*   2638            0               0.162879432     -0.265299694    *N2638  
*N2638  0.495636526     
GRID*   2639            0               0.15785755      -0.265390365    *N2639  
*N2639  0.495381364     
GRID*   2640            0               0.164185943     -0.26560099     *N2640  
*N2640  0.508031314     
GRID*   2641            0               0.15924044      -0.265170275    *N2641  
*N2641  0.507692185     
GRID*   2642            0               0.15795327      -0.265370194    *N2642  
*N2642  0.759203988     
GRID*   2643            0               0.154516391     -0.266601794    *N2643  
*N2643  0.751588712     
GRID*   2644            0               0.153437123     -0.267237318    *N2644  
*N2644  0.757502505     
GRID*   2645            0               0.164308882     -0.265636724    *N2645  
*N2645  0.745671546     
GRID*   2646            0               0.163464121     -0.265417088    *N2646  
*N2646  0.75271054      
GRID*   2647            0               0.159318332     -0.265162363    *N2647  
*N2647  0.748630129     
GRID*   2648            0               0.170247658     -0.269352865    *N2648  
*N2648  0.737361817     
GRID*   2649            0               0.163956207     -0.265537692    *N2649  
*N2649  0.737086966     
GRID*   2650            0               0.167531934     -0.267089413    *N2650  
*N2650  0.741516682     
GRID*   2651            0               0.164287004     -0.26563027     *N2651  
*N2651  0.729457635     
GRID*   2652            0               0.160610422     -0.265099364    *N2652  
*N2652  0.732982416     
GRID*   2653            0               0.172515577     -0.272801575    *N2653  
*N2653  0.481967189     
GRID*   2654            0               0.173511454     -0.276150682    *N2654  
*N2654  0.489304289     
GRID*   2655            0               0.173492453     -0.28030214     *N2655  
*N2655  0.486955451     
GRID*   2656            0               0.173558557     -0.276479634    *N2656  
*N2656  0.48446132      
GRID*   2657            0               0.169682491     -0.268771564    *N2657  
*N2657  0.730543056     
GRID*   2658            0               0.172133216     -0.272022642    *N2658  
*N2658  0.733487608     
GRID*   2659            0               0.165194313     -0.265933598    *N2659  
*N2659  0.721110058     
GRID*   2660            0               0.167584071     -0.267122208    *N2660  
*N2660  0.725826557     
GRID*   2661            0               0.162974711     -0.291017783    *N2661  
*N2661  0.765282527     
GRID*   2662            0               0.157661968     -0.290900803    *N2662  
*N2662  0.762341944     
GRID*   2663            0               0.162087813     -0.291150388    *N2663  
*N2663  0.752060711     
GRID*   2664            0               0.162526827     -0.291092527    *N2664  
*N2664  0.758671619     
GRID*   2665            0               0.168761785     -0.267961583    *N2665  
*N2665  0.500216841     
GRID*   2666            0               0.170368977     -0.269487514    *N2666  
*N2666  0.492806822     
GRID*   2667            0               0.166977734     -0.266761347    *N2667  
*N2667  0.494221674     
GRID*   2668            0               0.160945115     -0.291230802    *N2668  
*N2668  0.547848679     
GRID*   2669            0               0.161814727     -0.29117878     *N2669  
*N2669  0.541237793     
GRID*   2670            0               0.161522797     -0.291202737    *N2670  
*N2670  0.555170708     
GRID*   2671            0               0.161429844     -0.291208985    *N2671  
*N2671  0.611296298     
GRID*   2672            0               0.171078152     -0.28597639     *N2672  
*N2672  0.540810489     
GRID*   2673            0               0.170968472     -0.286121441    *N2673  
*N2673  0.547412772     
GRID*   2674            0               0.171145411     -0.285885321    *N2674  
*N2674  0.53291102      
GRID*   2675            0               0.172157658     -0.284265979    *N2675  
*N2675  0.689582641     
GRID*   2676            0               0.171823068     -0.284861787    *N2676  
*N2676  0.696884476     
GRID*   2677            0               0.17026297      -0.286965066    *N2677  
*N2677  0.677258069     
GRID*   2678            0               0.173464057     -0.280467068    *N2678  
*N2678  0.682086514     
GRID*   2679            0               0.171345621     -0.285604042    *N2679  
*N2679  0.683420355     
GRID*   2680            0               0.171514408     -0.285354036    *N2680  
*N2680  0.49391948      
GRID*   2681            0               0.173312831     -0.281193341    *N2681  
*N2681  0.498316798     
GRID*   2682            0               0.171088779     -0.28596211     *N2682  
*N2682  0.500214271     
GRID*   2683            0               0.156119243     -0.290443167    *N2683  
*N2683  0.748257372     
GRID*   2684            0               0.161728894     -0.291186508    *N2684  
*N2684  0.744604623     
GRID*   2685            0               0.160835196     -0.291233243    *N2685  
*N2685  0.651635011     
GRID*   2686            0               0.161164831     -0.291223147    *N2686  
*N2686  0.644876992     
GRID*   2687            0               0.169459193     -0.268560731    *N2687  
*N2687  0.466501646     
GRID*   2688            0               0.168993299     -0.268151115    *N2688  
*N2688  0.461206558     
GRID*   2689            0               0.170058094     -0.269149761    *N2689  
*N2689  0.477457311     
GRID*   2690            0               0.169763378     -0.268850432    *N2690  
*N2690  0.471979478     
GRID*   2691            0               0.155912494     -0.290365717    *N2691  
*N2691  0.671161228     
GRID*   2692            0               0.163241515     -0.290965603    *N2692  
*N2692  0.664063664     
GRID*   2693            0               0.161536042     -0.291201793    *N2693  
*N2693  0.670933002     
GRID*   2694            0               0.147542011     -0.277655947    *N2694  
*N2694  0.615964974     
GRID*   2695            0               0.148709573     -0.272746072    *N2695  
*N2695  0.6093424       
GRID*   2696            0               0.147533804     -0.278384514    *N2696  
*N2696  0.602328999     
GRID*   2697            0               0.147532829     -0.278020174    *N2697  
*N2697  0.609146986     
GRID*   2698            0               0.152386097     -0.268003481    *N2698  
*N2698  0.615762388     
GRID*   2699            0               0.148975945     -0.272196265    *N2699  
*N2699  0.622611989     
GRID*   2700            0               0.152487184     -0.267922613    *N2700  
*N2700  0.622330125     
GRID*   2701            0               0.148371188     -0.282774831    *N2701  
*N2701  0.623550105     
GRID*   2702            0               0.147553302     -0.277421505    *N2702  
*N2702  0.623081047     
GRID*   2703            0               0.152205564     -0.288182652    *N2703  
*N2703  0.758480452     
GRID*   2704            0               0.151429651     -0.287477425    *N2704  
*N2704  0.750810865     
GRID*   2705            0               0.148447401     -0.27336247     *N2705  
*N2705  0.596376683     
GRID*   2706            0               0.15169445      -0.268603688    *N2706  
*N2706  0.602761737     
GRID*   2707            0               0.151343986     -0.268942457    *N2707  
*N2707  0.596620918     
GRID*   2708            0               0.147544816     -0.278745982    *N2708  
*N2708  0.595791244     
GRID*   2709            0               0.150355941     -0.270053675    *N2709  
*N2709  0.687882673     
GRID*   2710            0               0.154397562     -0.266665082    *N2710  
*N2710  0.696525181     
GRID*   2711            0               0.155499026     -0.266136038    *N2711  
*N2711  0.688706706     
GRID*   2712            0               0.153585812     -0.267141309    *N2712  
*N2712  0.70316122      
GRID*   2713            0               0.156314984     -0.290512855    *N2713  
*N2713  0.775351494     
GRID*   2714            0               0.161794819     -0.291180623    *N2714  
*N2714  0.772201104     
GRID*   2715            0               0.154154103     -0.289534991    *N2715  
*N2715  0.766915973     
GRID*   2716            0               0.149780955     -0.285496814    *N2716  
*N2716  0.678750278     
GRID*   2717            0               0.151415004     -0.287462976    *N2717  
*N2717  0.694306438     
GRID*   2718            0               0.147980845     -0.281562879    *N2718  
*N2718  0.687063872     
GRID*   2719            0               0.150549783     -0.28651995     *N2719  
*N2719  0.686528358     
GRID*   2720            0               0.151464212     -0.287511342    *N2720  
*N2720  0.702162897     
GRID*   2721            0               0.160909158     -0.265103017    *N2721  
*N2721  0.718125488     
GRID*   2722            0               0.173667949     -0.278204       *N2722  
*N2722  0.519203897     
GRID*   2723            0               0.162510513     -0.26523977     *N2723  
*N2723  0.63563315      
GRID*   2724            0               0.156907623     -0.265631851    *N2724  
*N2724  0.609181725     
GRID*   2725            0               0.152035014     -0.268297525    *N2725  
*N2725  0.609262062     
GRID*   2726            0               0.16285508      -0.265295404    *N2726  
*N2726  0.608804313     
GRID*   2727            0               0.173664062     -0.277846564    *N2727  
*N2727  0.668021979     
GRID*   2728            0               0.173216908     -0.2747635      *N2728  
*N2728  0.679948948     
GRID*   2729            0               0.17255419      -0.283446561    *N2729  
*N2729  0.670159545     
GRID*   2730            0               0.173630104     -0.279161857    *N2730  
*N2730  0.675054247     
GRID*   2731            0               0.1711077       -0.270398134    *N2731  
*N2731  0.682863293     
GRID*   2732            0               0.151338394     -0.287386648    *N2732  
*N2732  0.623090461     
GRID*   2733            0               0.17355983      -0.279845287    *N2733  
*N2733  0.65948215      
GRID*   2734            0               0.173318157     -0.275163845    *N2734  
*N2734  0.662730057     
GRID*   2735            0               0.167621214     -0.267145782    *N2735  
*N2735  0.50613021      
GRID*   2736            0               0.166986718     -0.266766375    *N2736  
*N2736  0.510424559     
GRID*   2737            0               0.162038419     -0.291155954    *N2737  
*N2737  0.509059668     
GRID*   2738            0               0.162532983     -0.291091608    *N2738  
*N2738  0.501517914     
GRID*   2739            0               0.152594586     -0.26783847     *N2739  
*N2739  0.468508897     
GRID*   2740            0               0.173353154     -0.2753161      *N2740  
*N2740  0.495463109     
GRID*   2741            0               0.172908722     -0.273777828    *N2741  
*N2741  0.505196759     
GRID*   2742            0               0.173648639     -0.277456274    *N2742  
*N2742  0.501756778     
GRID*   2743            0               0.170818005     -0.270020888    *N2743  
*N2743  0.505663484     
GRID*   2744            0               0.147563558     -0.277259728    *N2744  
*N2744  0.470491115     
GRID*   2745            0               0.150717827     -0.286718107    *N2745  
*N2745  0.67176424      
GRID*   2746            0               0.162967868     -0.265315674    *N2746  
*N2746  0.758257701     
GRID*   2747            0               0.170912258     -0.270140532    *N2747  
*N2747  0.486648002     
GRID*   2748            0               0.172419473     -0.272593071    *N2748  
*N2748  0.491055555     
GRID*   2749            0               0.171345385     -0.285604384    *N2749  
*N2749  0.487508887     
GRID*   2750            0               0.170385736     -0.286828307    *N2750  
*N2750  0.663606253     
GRID*   2751            0               0.171532141     -0.285327033    *N2751  
*N2751  0.658068754     
GRID*   2752            0               0.161055268     -0.291227427    *N2752  
*N2752  0.515855624     
GRID*   2753            0               0.170324727     -0.286896753    *N2753  
*N2753  0.670432161     
GRID*   2754            0               0.172108144     -0.271975813    *N2754  
*N2754  0.772868898     
GRID*   2755            0               0.169629898     -0.268721008    *N2755  
*N2755  0.770583764     
GRID*   2756            0               0.173319147     -0.27516804     *N2756  
*N2756  0.77955396      
GRID*   2757            0               0.162000001     -0.291160151    *N2757  
*N2757  0.657849337     
GRID*   2758            0               0.147801677     -0.275526235    *N2758  
*N2758  0.687473273     
GRID*   2759            0               0.151690246     -0.268607605    *N2759  
*N2759  0.659222985     
GRID*   2760            0               0.148263107     -0.273857639    *N2760  
*N2760  0.65801491      
GRID*   2761            0               0.155721217     -0.266044237    *N2761  
*N2761  0.659309907     
GRID*   2762            0               0.170497581     -0.269634452    *N2762  
*N2762  0.482052656     
GRID*   2763            0               0.165150416     -0.290417516    *N2763  
*N2763  0.494531596     
GRID*   2764            0               0.162793321     -0.291049982    *N2764  
*N2764  0.490105936     
GRID*   2765            0               0.164915782     -0.290502134    *N2765  
*N2765  0.487149018     
GRID*   2766            0               0.165033103     -0.290460456    *N2766  
*N2766  0.490840307     
GRID*   2767            0               0.16085856      -0.291232802    *N2767  
*N2767  0.493420723     
GRID*   2768            0               0.158185817     -0.291010426    *N2768  
*N2768  0.488637194     
GRID*   2769            0               0.160117154     -0.291226436    *N2769  
*N2769  0.485322407     
GRID*   2770            0               0.160487812     -0.291234878    *N2770  
*N2770  0.489371565     
GRID*   2771            0               0.157226308     -0.290792368    *N2771  
*N2771  0.48018101      
GRID*   2772            0               0.159384028     -0.291178664    *N2772  
*N2772  0.477224091     
GRID*   2773            0               0.162306758     -0.291123424    *N2773  
*N2773  0.482365489     
GRID*   2774            0               0.159750255     -0.291207703    *N2774  
*N2774  0.481273249     
GRID*   2775            0               0.164685993     -0.290580147    *N2775  
*N2775  0.479766439     
GRID*   2776            0               0.16480086      -0.290541744    *N2776  
*N2776  0.483457729     
GRID*   2777            0               0.149487237     -0.285043341    *N2777  
*N2777  0.633516516     
GRID*   2778            0               0.150774378     -0.28678303     *N2778  
*N2778  0.639690425     
GRID*   2779            0               0.148808871     -0.283801356    *N2779  
*N2779  0.641652377     
GRID*   2780            0               0.148040756     -0.281778178    *N2780  
*N2780  0.635478468     
GRID*   2781            0               0.14913123      -0.284431538    *N2781  
*N2781  0.637584446     
GRID*   2782            0               0.153265881     -0.288983242    *N2782  
*N2782  0.63827665      
GRID*   2783            0               0.15537915      -0.290147149    *N2783  
*N2783  0.643902381     
GRID*   2784            0               0.152525642     -0.288442444    *N2784  
*N2784  0.645316156     
GRID*   2785            0               0.152891018     -0.288719336    *N2785  
*N2785  0.641796403     
GRID*   2786            0               0.154774342     -0.28986498     *N2786  
*N2786  0.65039371      
GRID*   2787            0               0.151825139     -0.28785108     *N2787  
*N2787  0.652355663     
GRID*   2788            0               0.150045511     -0.285872902    *N2788  
*N2788  0.647278108     
GRID*   2789            0               0.152170203     -0.288152907    *N2789  
*N2789  0.648835909     
GRID*   2790            0               0.148268785     -0.282493299    *N2790  
*N2790  0.649788238     
GRID*   2791            0               0.147683696     -0.280152732    *N2791  
*N2791  0.644162507     
GRID*   2792            0               0.148521108     -0.283154644    *N2792  
*N2792  0.645720307     
GRID*   2793            0               0.148354503     -0.273604418    *N2793  
*N2793  0.580904897     
GRID*   2794            0               0.14946096      -0.271334028    *N2794  
*N2794  0.58433953      
GRID*   2795            0               0.150989521     -0.269312343    *N2795  
*N2795  0.581856268     
GRID*   2796            0               0.149465613     -0.271326449    *N2796  
*N2796  0.578421635     
GRID*   2797            0               0.149463286     -0.271330238    *N2797  
*N2797  0.581380582     
GRID*   2798            0               0.148342543     -0.273636645    *N2798  
*N2798  0.586991467     
GRID*   2799            0               0.149456313     -0.27134161     *N2799  
*N2799  0.590257425     
GRID*   2800            0               0.15100077      -0.26930015     *N2800  
*N2800  0.587605488     
GRID*   2801            0               0.149458636     -0.271337818    *N2801  
*N2801  0.587298477     
GRID*   2802            0               0.152926991     -0.267589196    *N2802  
*N2802  0.590702772     
GRID*   2803            0               0.15511324      -0.266307002    *N2803  
*N2803  0.58821951      
GRID*   2804            0               0.152892976     -0.267613952    *N2804  
*N2804  0.585122227     
GRID*   2805            0               0.152909973     -0.26760156     *N2805  
*N2805  0.587912499     
GRID*   2806            0               0.155052005     -0.266335522    *N2806  
*N2806  0.58280764      
GRID*   2807            0               0.152859042     -0.267638818    *N2807  
*N2807  0.579541681     
GRID*   2808            0               0.152875999     -0.267626372    *N2808  
*N2808  0.582331954     
GRID*   2809            0               0.169594639     -0.287647291    *N2809  
*N2809  0.636625978     
GRID*   2810            0               0.171781771     -0.28493054     *N2810  
*N2810  0.64138586      
GRID*   2811            0               0.16989474      -0.287353242    *N2811  
*N2811  0.643853465     
GRID*   2812            0               0.169746471     -0.287500884    *N2812  
*N2812  0.640239721     
GRID*   2813            0               0.172917364     -0.282532584    *N2813  
*N2813  0.638715478     
GRID*   2814            0               0.173656081     -0.278725377    *N2814  
*N2814  0.643678137     
GRID*   2815            0               0.173274263     -0.281351016    *N2815  
*N2815  0.646348518     
GRID*   2816            0               0.173109771     -0.281946016    *N2816  
*N2816  0.642531998     
GRID*   2817            0               0.173624139     -0.277097575    *N2817  
*N2817  0.651513953     
GRID*   2818            0               0.173514181     -0.280166497    *N2818  
*N2818  0.653981558     
GRID*   2819            0               0.17218136      -0.284220848    *N2819  
*N2819  0.648816123     
GRID*   2820            0               0.173407923     -0.280761532    *N2820  
*N2820  0.650165038     
GRID*   2821            0               0.170167712     -0.287068568    *N2821  
*N2821  0.651080951     
GRID*   2822            0               0.170032875     -0.287211336    *N2822  
*N2822  0.647467208     
GRID*   2823            0               0.155162744     -0.290050493    *N2823  
*N2823  0.48566157      
GRID*   2824            0               0.152663036     -0.288548941    *N2824  
*N2824  0.483123802     
GRID*   2825            0               0.154510716     -0.289729939    *N2825  
*N2825  0.477643241     
GRID*   2826            0               0.154834501     -0.289894749    *N2826  
*N2826  0.481652406     
GRID*   2827            0               0.155831579     -0.290334314    *N2827  
*N2827  0.493679899     
GRID*   2828            0               0.153040742     -0.288827108    *N2828  
*N2828  0.490704275     
GRID*   2829            0               0.155495188     -0.290197053    *N2829  
*N2829  0.489670735     
GRID*   2830            0               0.151007556     -0.28704191     *N2830  
*N2830  0.495309125     
GRID*   2831            0               0.149278448     -0.284693851    *N2831  
*N2831  0.492771356     
GRID*   2832            0               0.150865149     -0.286885461    *N2832  
*N2832  0.488166507     
GRID*   2833            0               0.150936036     -0.286963974    *N2833  
*N2833  0.491737816     
GRID*   2834            0               0.149301487     -0.284733655    *N2834  
*N2834  0.486066594     
GRID*   2835            0               0.150725293     -0.286726728    *N2835  
*N2835  0.481023888     
GRID*   2836            0               0.1507949       -0.286806378    *N2836  
*N2836  0.484595198     
GRID*   2837            0               0.164326945     -0.265642085    *N2837  
*N2837  0.643854827     
GRID*   2838            0               0.159925037     -0.265116802    *N2838  
*N2838  0.64553264      
GRID*   2839            0               0.161036104     -0.265106639    *N2839  
*N2839  0.648924277     
GRID*   2840            0               0.165377479     -0.266003959    *N2840  
*N2840  0.647246464     
GRID*   2841            0               0.162698671     -0.26526898     *N2841  
*N2841  0.646389552     
GRID*   2842            0               0.158297301     -0.265303838    *N2842  
*N2842  0.641859663     
GRID*   2843            0               0.154593206     -0.266561712    *N2843  
*N2843  0.643818816     
GRID*   2844            0               0.156092656     -0.26590129     *N2844  
*N2844  0.647491794     
GRID*   2845            0               0.1571819       -0.265554302    *N2845  
*N2845  0.644675728     
GRID*   2846            0               0.153090083     -0.267472793    *N2846  
*N2846  0.649732288     
GRID*   2847            0               0.154025718     -0.266873492    *N2847  
*N2847  0.653123925     
GRID*   2848            0               0.157150935     -0.265562735    *N2848  
*N2848  0.65088343      
GRID*   2849            0               0.155037905     -0.266342144    *N2849  
*N2849  0.650307859     
GRID*   2850            0               0.157716875     -0.265421372    *N2850  
*N2850  0.653993726     
GRID*   2851            0               0.161618528     -0.265139112    *N2851  
*N2851  0.652034573     
GRID*   2852            0               0.159366411     -0.265157714    *N2852  
*N2852  0.651459002     
GRID*   2853            0               0.150665932     -0.269676958    *N2853  
*N2853  0.639350595     
GRID*   2854            0               0.152187934     -0.268166871    *N2854  
*N2854  0.637115283     
GRID*   2855            0               0.150645416     -0.269701021    *N2855  
*N2855  0.634214211     
GRID*   2856            0               0.14939503      -0.271442683    *N2856  
*N2856  0.636449523     
GRID*   2857            0               0.150655667     -0.269688984    *N2857  
*N2857  0.636782403     
GRID*   2858            0               0.153642939     -0.267105175    *N2858  
*N2858  0.640358252     
GRID*   2859            0               0.155893666     -0.265976255    *N2859  
*N2859  0.637781043     
GRID*   2860            0               0.154262051     -0.266739191    *N2860  
*N2860  0.634538074     
GRID*   2861            0               0.153949977     -0.266917923    *N2861  
*N2861  0.637448163     
GRID*   2862            0               0.15693026      -0.265625206    *N2862  
*N2862  0.631618968     
GRID*   2863            0               0.154900361     -0.266407822    *N2863  
*N2863  0.628717896     
GRID*   2864            0               0.152453939     -0.267949028    *N2864  
*N2864  0.631637002     
GRID*   2865            0               0.154578926     -0.266569114    *N2865  
*N2865  0.631627985     
GRID*   2866            0               0.150624958     -0.269725134    *N2866  
*N2866  0.629077827     
GRID*   2867            0               0.149191022     -0.271794932    *N2867  
*N2867  0.631655036     
GRID*   2868            0               0.15063518      -0.269713072    *N2868  
*N2868  0.631646019     
GRID*   2869            0               0.164081109     -0.290763173    *N2869  
*N2869  0.86759886      
GRID*   2870            0               0.160938559     -0.291230973    *N2870  
*N2870  0.864901575     
GRID*   2871            0               0.164209775     -0.290726904    *N2871  
*N2871  0.86118701      
GRID*   2872            0               0.164145408     -0.290745226    *N2872  
*N2872  0.864392935     
GRID*   2873            0               0.160673808     -0.291235151    *N2873  
*N2873  0.870700567     
GRID*   2874            0               0.164028698     -0.29077754     *N2874  
*N2874  0.87070783      
GRID*   2875            0               0.154200989     -0.289561449    *N2875  
*N2875  0.871742041     
GRID*   2876            0               0.157519731     -0.290867146    *N2876  
*N2876  0.868419919     
GRID*   2877            0               0.157317578     -0.290816404    *N2877  
*N2877  0.871125393     
GRID*   2878            0               0.154664798     -0.289809782    *N2878  
*N2878  0.866335493     
GRID*   2879            0               0.157906664     -0.290954797    *N2879  
*N2879  0.862817149     
GRID*   2880            0               0.157712865     -0.29091244     *N2880  
*N2880  0.865618534     
GRID*   2881            0               0.155175092     -0.290056136    *N2881  
*N2881  0.664612731     
GRID*   2882            0               0.151217075     -0.287263147    *N2882  
*N2882  0.661351639     
GRID*   2883            0               0.153415021     -0.289082885    *N2883  
*N2883  0.658484197     
GRID*   2884            0               0.157884903     -0.290950195    *N2884  
*N2884  0.661745289     
GRID*   2885            0               0.154276305     -0.289603421    *N2885  
*N2885  0.661548464     
GRID*   2886            0               0.149256646     -0.284655884    *N2886  
*N2886  0.664943672     
GRID*   2887            0               0.147738978     -0.28048398     *N2887  
*N2887  0.660957988     
GRID*   2888            0               0.148713432     -0.283597104    *N2888  
*N2888  0.657365955     
GRID*   2889            0               0.148972981     -0.28413268     *N2889  
*N2889  0.661154813     
GRID*   2890            0               0.147623807     -0.279713656    *N2890  
*N2890  0.65265568      
GRID*   2891            0               0.150175343     -0.286047661    *N2891  
*N2891  0.654498513     
GRID*   2892            0               0.148478537     -0.283050265    *N2892  
*N2892  0.653577097     
GRID*   2893            0               0.155573362     -0.290229927    *N2893  
*N2893  0.656341346     
GRID*   2894            0               0.152596347     -0.288497614    *N2894  
*N2894  0.65541993      
GRID*   2895            0               0.147876963     -0.275184582    *N2895  
*N2895  0.490095622     
GRID*   2896            0               0.148696159     -0.272775589    *N2896  
*N2896  0.493592538     
GRID*   2897            0               0.149716481     -0.270933989    *N2897  
*N2897  0.491161989     
GRID*   2898            0               0.14852107      -0.273180169    *N2898  
*N2898  0.487665073     
GRID*   2899            0               0.148606908     -0.27297714     *N2899  
*N2899  0.490628806     
GRID*   2900            0               0.147956048     -0.274865376    *N2900  
*N2900  0.496067011     
GRID*   2901            0               0.148884795     -0.272377145    *N2901  
*N2901  0.499520003     
GRID*   2902            0               0.150032146     -0.270480157    *N2902  
*N2902  0.497045529     
GRID*   2903            0               0.148788797     -0.272575571    *N2903  
*N2903  0.49655627      
GRID*   2904            0               0.151887799     -0.268427228    *N2904  
*N2904  0.500454596     
GRID*   2905            0               0.15356498      -0.267154589    *N2905  
*N2905  0.498024047     
GRID*   2906            0               0.151403741     -0.268882887    *N2906  
*N2906  0.49461498      
GRID*   2907            0               0.151642872     -0.268651979    *N2907  
*N2907  0.497534788     
GRID*   2908            0               0.152923117     -0.267592006    *N2908  
*N2908  0.492228356     
GRID*   2909            0               0.150943481     -0.269362573    *N2909  
*N2909  0.488775365     
GRID*   2910            0               0.15117056      -0.269119803    *N2910  
*N2910  0.491695173     
GRID*   2911            0               0.148518835     -0.283149133    *N2911  
*N2911  0.612457667     
GRID*   2912            0               0.149802097     -0.285527924    *N2912  
*N2912  0.608735054     
GRID*   2913            0               0.151075302     -0.28711458     *N2913  
*N2913  0.612308623     
GRID*   2914            0               0.149438399     -0.284963777    *N2914  
*N2914  0.616031236     
GRID*   2915            0               0.149616625     -0.285248186    *N2915  
*N2915  0.612383145     
GRID*   2916            0               0.148664519     -0.283488723    *N2916  
*N2916  0.605445479     
GRID*   2917            0               0.150194282     -0.286072652    *N2917  
*N2917  0.601438872     
GRID*   2918            0               0.151767299     -0.287798352    *N2918  
*N2918  0.604728447     
GRID*   2919            0               0.149994691     -0.285802807    *N2919  
*N2919  0.605086963     
GRID*   2920            0               0.154463637     -0.289705023    *N2920  
*N2920  0.600437845     
GRID*   2921            0               0.156328648     -0.290517589    *N2921  
*N2921  0.604011414     
GRID*   2922            0               0.153369065     -0.289052496    *N2922  
*N2922  0.608302016     
GRID*   2923            0               0.153908392     -0.28939211     *N2923  
*N2923  0.60436993      
GRID*   2924            0               0.154873319     -0.289913753    *N2924  
*N2924  0.612159579     
GRID*   2925            0               0.152343252     -0.288296463    *N2925  
*N2925  0.616166186     
GRID*   2926            0               0.152846938     -0.288686991    *N2926  
*N2926  0.612234101     
GRID*   2927            0               0.168770094     -0.288366486    *N2927  
*N2927  0.846664092     
GRID*   2928            0               0.170770512     -0.286373048    *N2928  
*N2928  0.850792559     
GRID*   2929            0               0.169412835     -0.287816534    *N2929  
*N2929  0.853963343     
GRID*   2930            0               0.169097819     -0.288095083    *N2930  
*N2930  0.850313717     
GRID*   2931            0               0.171445364     -0.285457812    *N2931  
*N2931  0.847347233     
GRID*   2932            0               0.173017765     -0.2822382      *N2932  
*N2932  0.851750243     
GRID*   2933            0               0.172616855     -0.283302321    *N2933  
*N2933  0.855195568     
GRID*   2934            0               0.172081803     -0.284407618    *N2934  
*N2934  0.851271401     
GRID*   2935            0               0.173635764     -0.279084677    *N2935  
*N2935  0.859873119     
GRID*   2936            0               0.173347182     -0.281045202    *N2936  
*N2936  0.863043903     
GRID*   2937            0               0.171702259     -0.285060289    *N2937  
*N2937  0.858366352     
GRID*   2938            0               0.173033343     -0.282190368    *N2938  
*N2938  0.859119736     
GRID*   2939            0               0.16996212      -0.28728456     *N2939  
*N2939  0.861262595     
GRID*   2940            0               0.169693323     -0.287552672    *N2940  
*N2940  0.857612969     
GRID*   2941            0               0.170027743     -0.287216685    *N2941  
*N2941  0.595103337     
GRID*   2942            0               0.171797741     -0.284904067    *N2942  
*N2942  0.600301852     
GRID*   2943            0               0.169478112     -0.287756507    *N2943  
*N2943  0.602143839     
GRID*   2944            0               0.169758931     -0.287488658    *N2944  
*N2944  0.598623588     
GRID*   2945            0               0.173406557     -0.28076827     *N2945  
*N2945  0.598444073     
GRID*   2946            0               0.17365618      -0.278723043    *N2946  
*N2946  0.60365838      
GRID*   2947            0               0.172717414     -0.283060303    *N2947  
*N2947  0.60551616      
GRID*   2948            0               0.173114569     -0.281930097    *N2948  
*N2948  0.601980116     
GRID*   2949            0               0.173116991     -0.281922033    *N2949  
*N2949  0.61074626      
GRID*   2950            0               0.171575776     -0.285259959    *N2950  
*N2950  0.612588247     
GRID*   2951            0               0.170874956     -0.286241881    *N2951  
*N2951  0.607358147     
GRID*   2952            0               0.172198857     -0.284187255    *N2952  
*N2952  0.609052203     
GRID*   2953            0               0.168831594     -0.288316916    *N2953  
*N2953  0.609184342     
GRID*   2954            0               0.169161444     -0.288040267    *N2954  
*N2954  0.605664091     
GRID*   2955            0               0.169632452     -0.28761127     *N2955  
*N2955  0.584827961     
GRID*   2956            0               0.171402563     -0.285521083    *N2956  
*N2956  0.586315897     
GRID*   2957            0               0.169349469     -0.287874028    *N2957  
*N2957  0.591408551     
GRID*   2958            0               0.169492397     -0.287743262    *N2958  
*N2958  0.588118256     
GRID*   2959            0               0.169893591     -0.287354405    *N2959  
*N2959  0.578247372     
GRID*   2960            0               0.171807869     -0.284887203    *N2960  
*N2960  0.580179429     
GRID*   2961            0               0.16976438      -0.287483301    *N2961  
*N2961  0.581537667     
GRID*   2962            0               0.173279326     -0.281330795    *N2962  
*N2962  0.575975017     
GRID*   2963            0               0.173660214     -0.278618397    *N2963  
*N2963  0.577462953     
GRID*   2964            0               0.172962386     -0.282403401    *N2964  
*N2964  0.581667365     
GRID*   2965            0               0.173132336     -0.28187049     *N2965  
*N2965  0.578821191     
GRID*   2966            0               0.173521873     -0.28011616     *N2966  
*N2966  0.58271118      
GRID*   2967            0               0.172546852     -0.283463146    *N2967  
*N2967  0.587359713     
GRID*   2968            0               0.172766163     -0.2829378      *N2968  
*N2968  0.584513539     
GRID*   2969            0               0.148793063     -0.283768151    *N2969  
*N2969  0.513082233     
GRID*   2970            0               0.147884505     -0.281182126    *N2970  
*N2970  0.516890855     
GRID*   2971            0               0.147544665     -0.278742565    *N2971  
*N2971  0.514334277     
GRID*   2972            0               0.147951828     -0.281453141    *N2972  
*N2972  0.510525655     
GRID*   2973            0               0.147917442     -0.281317813    *N2973  
*N2973  0.513708255     
GRID*   2974            0               0.14866635      -0.283492829    *N2974  
*N2974  0.519359071     
GRID*   2975            0               0.147822989     -0.280909734    *N2975  
*N2975  0.523256055     
GRID*   2976            0               0.147535917     -0.278487293    *N2976  
*N2976  0.520787839     
GRID*   2977            0               0.147853019     -0.281046094    *N2977  
*N2977  0.520073455     
GRID*   2978            0               0.147747841     -0.275802062    *N2978  
*N2978  0.524773185     
GRID*   2979            0               0.148419975     -0.273432424    *N2979  
*N2979  0.522216607     
GRID*   2980            0               0.147707943     -0.27603019     *N2980  
*N2980  0.518231261     
GRID*   2981            0               0.147727387     -0.275916038    *N2981  
*N2981  0.521502223     
GRID*   2982            0               0.148346239     -0.273626658    *N2982  
*N2982  0.515586321     
GRID*   2983            0               0.147672094     -0.276258989    *N2983  
*N2983  0.511689337     
GRID*   2984            0               0.147689512     -0.27614451     *N2984  
*N2984  0.514960299     
GRID*   2985            0               0.170532027     -0.286660149    *N2985  
*N2985  0.614132192     
GRID*   2986            0               0.169073703     -0.288115675    *N2986  
*N2986  0.615942594     
GRID*   2987            0               0.168953501     -0.28821682     *N2987  
*N2987  0.612563468     
GRID*   2988            0               0.172790807     -0.282874466    *N2988  
*N2988  0.61726964      
GRID*   2989            0               0.172054292     -0.284457973    *N2989  
*N2989  0.618813585     
GRID*   2990            0               0.171822201     -0.284863242    *N2990  
*N2990  0.615700916     
GRID*   2991            0               0.173181546     -0.281699684    *N2991  
*N2991  0.623228521     
GRID*   2992            0               0.172469962     -0.283633311    *N2992  
*N2992  0.625038923     
GRID*   2993            0               0.170923179     -0.286180136    *N2993  
*N2993  0.620623987     
GRID*   2994            0               0.172269414     -0.284049315    *N2994  
*N2994  0.621926254     
GRID*   2995            0               0.169303136     -0.287915592    *N2995  
*N2995  0.622700847     
GRID*   2996            0               0.169189259     -0.288016078    *N2996  
*N2996  0.61932172      
GRID*   2997            0               0.17145083      -0.285449674    *N2997  
*N2997  0.634220517     
GRID*   2998            0               0.172707143     -0.283085663    *N2998  
*N2998  0.631877201     
GRID*   2999            0               0.173548453     -0.27993093     *N2999  
*N2999  0.636372162     
GRID*   3000            0               0.172815384     -0.282810313    *N3000  
*N3000  0.63529634      
GRID*   3001            0               0.169451788     -0.287780812    *N3001  
*N3001  0.629663412     
GRID*   3002            0               0.169523584     -0.287714206    *N3002  
*N3002  0.633144695     
GRID*   3003            0               0.171225092     -0.285775253    *N3003  
*N3003  0.627320096     
GRID*   3004            0               0.169377842     -0.287848378    *N3004  
*N3004  0.62618213      
GRID*   3005            0               0.173417786     -0.280712352    *N3005  
*N3005  0.629596028     
GRID*   3006            0               0.172591679     -0.283360841    *N3006  
*N3006  0.628458062     
GRID*   3007            0               0.17275541      -0.282965132    *N3007  
*N3007  0.590461915     
GRID*   3008            0               0.17307021      -0.282074596    *N3008  
*N3008  0.594156701     
GRID*   3009            0               0.171593382     -0.28523264     *N3009  
*N3009  0.592782626     
GRID*   3010            0               0.173664727     -0.277874909    *N3010  
*N3010  0.585820492     
GRID*   3011            0               0.173641496     -0.277335488    *N3011  
*N3011  0.588922693     
GRID*   3012            0               0.173464347     -0.280465445    *N3012  
*N3012  0.588141203     
GRID*   3013            0               0.172181098     -0.27211337     *N3013  
*N3013  0.586790887     
GRID*   3014            0               0.171713557     -0.271292662    *N3014  
*N3014  0.590485674     
GRID*   3015            0               0.173547343     -0.276395653    *N3015  
*N3015  0.59261748      
GRID*   3016            0               0.173049722     -0.274195328    *N3016  
*N3016  0.589704184     
GRID*   3017            0               0.173295725     -0.275070396    *N3017  
*N3017  0.596904852     
GRID*   3018            0               0.173661232     -0.278587895    *N3018  
*N3018  0.595530776     
GRID*   3019            0               0.164635125     -0.290596776    *N3019  
*N3019  0.854488971     
GRID*   3020            0               0.162426678     -0.291107061    *N3020  
*N3020  0.852445028     
GRID*   3021            0               0.165080147     -0.29044339     *N3021  
*N3021  0.847790932     
GRID*   3022            0               0.164857563     -0.29052235     *N3022  
*N3022  0.851139952     
GRID*   3023            0               0.161516356     -0.291203192    *N3023  
*N3023  0.858816396     
GRID*   3024            0               0.16442219      -0.290663899    *N3024  
*N3024  0.85783799      
GRID*   3025            0               0.155737564     -0.290297048    *N3025  
*N3025  0.860773206     
GRID*   3026            0               0.159250036     -0.291165445    *N3026  
*N3026  0.856772452     
GRID*   3027            0               0.158575608     -0.291077606    *N3027  
*N3027  0.859794801     
GRID*   3028            0               0.157479326     -0.290857278    *N3028  
*N3028  0.85505518      
GRID*   3029            0               0.160633934     -0.291235316    *N3029  
*N3029  0.850727755     
GRID*   3030            0               0.159941058     -0.291218736    *N3030  
*N3030  0.853750104     
GRID*   3031            0               0.151764702     -0.28779597     *N3031  
*N3031  0.869296204     
GRID*   3032            0               0.149850219     -0.285598029    *N3032  
*N3032  0.866254727     
GRID*   3033            0               0.152231794     -0.288204578    *N3033  
*N3033  0.863294016     
GRID*   3034            0               0.151995822     -0.288003047    *N3034  
*N3034  0.86629511      
GRID*   3035            0               0.149459863     -0.284998903    *N3035  
*N3035  0.872852554     
GRID*   3036            0               0.151537607     -0.287582542    *N3036  
*N3036  0.872291311     
GRID*   3037            0               0.147539139     -0.27859926     *N3037  
*N3037  0.873365721     
GRID*   3038            0               0.148211505     -0.282326424    *N3038  
*N3038  0.869611962     
GRID*   3039            0               0.148087389     -0.281936601    *N3039  
*N3039  0.873213064     
GRID*   3040            0               0.147607595     -0.279570944    *N3040  
*N3040  0.865974846     
GRID*   3041            0               0.148506042     -0.283117996    *N3041  
*N3041  0.862617611     
GRID*   3042            0               0.148352377     -0.28272459     *N3042  
*N3042  0.866114787     
GRID*   3043            0               0.147666152     -0.276299688    *N3043  
*N3043  0.583449387     
GRID*   3044            0               0.147564239     -0.279084726    *N3044  
*N3044  0.586102041     
GRID*   3045            0               0.147660562     -0.276338816    *N3045  
*N3045  0.58964412      
GRID*   3046            0               0.147663342     -0.27631925     *N3046  
*N3046  0.586546754     
GRID*   3047            0               0.14767186      -0.276260577    *N3047  
*N3047  0.577254655     
GRID*   3048            0               0.147561179     -0.279040156    *N3048  
*N3048  0.579799145     
GRID*   3049            0               0.147668991     -0.27628013     *N3049  
*N3049  0.580352021     
GRID*   3050            0               0.148029055     -0.281737229    *N3050  
*N3050  0.57604074      
GRID*   3051            0               0.149071897     -0.284321664    *N3051  
*N3051  0.578693394     
GRID*   3052            0               0.148042758     -0.281785134    *N3052  
*N3052  0.582451798     
GRID*   3053            0               0.148035884     -0.281761188    *N3053  
*N3053  0.579246269     
GRID*   3054            0               0.14909789      -0.284370108    *N3054  
*N3054  0.585212614     
GRID*   3055            0               0.148056643     -0.281832986    *N3055  
*N3055  0.588862857     
GRID*   3056            0               0.148049677     -0.281809066    *N3056  
*N3056  0.585657327     
GRID*   3057            0               0.148565453     -0.283260719    *N3057  
*N3057  0.824580175     
GRID*   3058            0               0.147892928     -0.281217432    *N3058  
*N3058  0.82207771      
GRID*   3059            0               0.148450778     -0.282980781    *N3059  
*N3059  0.81952592      
GRID*   3060            0               0.149405025     -0.284908662    *N3060  
*N3060  0.822028384     
GRID*   3061            0               0.148507306     -0.283121082    *N3061  
*N3061  0.822053047     
GRID*   3062            0               0.147617383     -0.279658758    *N3062  
*N3062  0.824226051     
GRID*   3063            0               0.147564803     -0.277242013    *N3063  
*N3063  0.822127036     
GRID*   3064            0               0.147548547     -0.278824771    *N3064  
*N3064  0.819978695     
GRID*   3065            0               0.147576287     -0.279242316    *N3065  
*N3065  0.822102373     
GRID*   3066            0               0.147689403     -0.276145208    *N3066  
*N3066  0.818283131     
GRID*   3067            0               0.14753323      -0.277988088    *N3067  
*N3067  0.81573134      
GRID*   3068            0               0.147772067     -0.2806607      *N3068  
*N3068  0.817426905     
GRID*   3069            0               0.147534189     -0.278406552    *N3069  
*N3069  0.817855018     
GRID*   3070            0               0.148342613     -0.282698263    *N3070  
*N3070  0.814471664     
GRID*   3071            0               0.149386855     -0.284878396    *N3071  
*N3071  0.816570679     
GRID*   3072            0               0.148395878     -0.282839835    *N3072  
*N3072  0.816998792     
GRID*   3073            0               0.161864187     -0.291174068    *N3073  
*N3073  0.475393251     
GRID*   3074            0               0.164492871     -0.290642061    *N3074  
*N3074  0.47315207      
GRID*   3075            0               0.164589393     -0.29061153     *N3075  
*N3075  0.476459255     
GRID*   3076            0               0.156372623     -0.290532711    *N3076  
*N3076  0.473261243     
GRID*   3077            0               0.158784976     -0.291108701    *N3077  
*N3077  0.471430402     
GRID*   3078            0               0.159084098     -0.291147139    *N3078  
*N3078  0.474327247     
GRID*   3079            0               0.155623344     -0.290250634    *N3079  
*N3079  0.467877893     
GRID*   3080            0               0.158194942     -0.291012138    *N3080  
*N3080  0.465636712     
GRID*   3081            0               0.161465164     -0.291206689    *N3081  
*N3081  0.469189221     
GRID*   3082            0               0.158489407     -0.291063794    *N3082  
*N3082  0.468533557     
GRID*   3083            0               0.164303838     -0.290699487    *N3083  
*N3083  0.4665377       
GRID*   3084            0               0.164398301     -0.29067118     *N3084  
*N3084  0.469844885     
GRID*   3085            0               0.164536564     -0.290628342    *N3085  
*N3085  0.459875477     
GRID*   3086            0               0.162004341     -0.291159682    *N3086  
*N3086  0.456637601     
GRID*   3087            0               0.164649972     -0.290591946    *N3087  
*N3087  0.456479879     
GRID*   3088            0               0.161510854     -0.291203577    *N3088  
*N3088  0.462937338     
GRID*   3089            0               0.164420123     -0.290664531    *N3089  
*N3089  0.463206588     
GRID*   3090            0               0.155737614     -0.290297068    *N3090  
*N3090  0.462571498     
GRID*   3091            0               0.158952626     -0.291131108    *N3091  
*N3091  0.459872124     
GRID*   3092            0               0.158572911     -0.291077183    *N3092  
*N3092  0.462754418     
GRID*   3093            0               0.156724409     -0.290647441    *N3093  
*N3093  0.457342058     
GRID*   3094            0               0.159333352     -0.291173828    *N3094  
*N3094  0.456970002     
GRID*   3095            0               0.164942398     -0.290492789    *N3095  
*N3095  0.633942914     
GRID*   3096            0               0.162104953     -0.291148413    *N3096  
*N3096  0.628949134     
GRID*   3097            0               0.164465415     -0.290650596    *N3097  
*N3097  0.627075093     
GRID*   3098            0               0.164703736     -0.290574292    *N3098  
*N3098  0.630509004     
GRID*   3099            0               0.160194982     -0.291229082    *N3099  
*N3099  0.630666286     
GRID*   3100            0               0.156858378     -0.290688258    *N3100  
*N3100  0.625829395     
GRID*   3101            0               0.158725148     -0.291100169    *N3101  
*N3101  0.624112242     
GRID*   3102            0               0.159458244     -0.291185386    *N3102  
*N3102  0.627389264     
GRID*   3103            0               0.155040657     -0.289993869    *N3103  
*N3103  0.619432239     
GRID*   3104            0               0.157309266     -0.290814244    *N3104  
*N3104  0.617558198     
GRID*   3105            0               0.161134331     -0.291224431    *N3105  
*N3105  0.622238201     
GRID*   3106            0               0.158013253     -0.290976785    *N3106  
*N3106  0.62083522      
GRID*   3107            0               0.164012713     -0.290781876    *N3107  
*N3107  0.620207272     
GRID*   3108            0               0.16423868      -0.29071856     *N3108  
*N3108  0.623641182     
GRID*   3109            0               0.166600189     -0.266558296    *N3109  
*N3109  0.59906608      
GRID*   3110            0               0.163385214     -0.265399619    *N3110  
*N3110  0.596303735     
GRID*   3111            0               0.161400361     -0.265123892    *N3111  
*N3111  0.599450543     
GRID*   3112            0               0.16475469      -0.265777397    *N3112  
*N3112  0.602212888     
GRID*   3113            0               0.164075089     -0.265569885    *N3113  
*N3113  0.599258311     
GRID*   3114            0               0.165068253     -0.265886996    *N3114  
*N3114  0.593167111     
GRID*   3115            0               0.161982823     -0.265172729    *N3115  
*N3115  0.590394581     
GRID*   3116            0               0.160231965     -0.265104543    *N3116  
*N3116  0.593531205     
GRID*   3117            0               0.162687104     -0.265267103    *N3117  
*N3117  0.593349158     
GRID*   3118            0               0.157344131     -0.265511454    *N3118  
*N3118  0.59074849      
GRID*   3119            0               0.155447404     -0.266158056    *N3119  
*N3119  0.593895299     
GRID*   3120            0               0.15823907      -0.265314398    *N3120  
*N3120  0.596678013     
GRID*   3121            0               0.157789873     -0.265405079    *N3121  
*N3121  0.593713252     
GRID*   3122            0               0.15606417      -0.265911795    *N3122  
*N3122  0.599835006     
GRID*   3123            0               0.159145618     -0.265180543    *N3123  
*N3123  0.602607536     
GRID*   3124            0               0.15869117      -0.265239522    *N3124  
*N3124  0.599642775     
GRID*   3125            0               0.172951537     -0.273899789    *N3125  
*N3125  0.790852902     
GRID*   3126            0               0.170519729     -0.26966021     *N3126  
*N3126  0.788375258     
GRID*   3127            0               0.169775218     -0.268862093    *N3127  
*N3127  0.793011574     
GRID*   3128            0               0.172552332     -0.272883953    *N3128  
*N3128  0.795489218     
GRID*   3129            0               0.17165418      -0.271197587    *N3129  
*N3129  0.791932238     
GRID*   3130            0               0.170917715     -0.270147548    *N3130  
*N3130  0.783317412     
GRID*   3131            0               0.167643466     -0.267159989    *N3131  
*N3131  0.781261299     
GRID*   3132            0               0.167105472     -0.266833717    *N3132  
*N3132  0.786319145     
GRID*   3133            0               0.16917323      -0.268304685    *N3133  
*N3133  0.784818279     
GRID*   3134            0               0.163396267     -0.265402035    *N3134  
*N3134  0.784684562     
GRID*   3135            0               0.162321263     -0.265213215    *N3135  
*N3135  0.789320877     
GRID*   3136            0               0.166137002     -0.266330374    *N3136  
*N3136  0.79095546      
GRID*   3137            0               0.16479241      -0.265790109    *N3137  
*N3137  0.787820011     
GRID*   3138            0               0.16469332      -0.265756987    *N3138  
*N3138  0.795170245     
GRID*   3139            0               0.168606243     -0.267839112    *N3139  
*N3139  0.797226358     
GRID*   3140            0               0.167413512     -0.267016186    *N3140  
*N3140  0.794090909     
GRID*   3141            0               0.147536726     -0.278518779    *N3141  
*N3141  0.526462314     
GRID*   3142            0               0.147651729     -0.276402453    *N3142  
*N3142  0.529270525     
GRID*   3143            0               0.14829923      -0.273755595    *N3143  
*N3143  0.527581396     
GRID*   3144            0               0.147696292     -0.276101699    *N3144  
*N3144  0.527021855     
GRID*   3145            0               0.148554213     -0.283234078    *N3145  
*N3145  0.525343232     
GRID*   3146            0               0.147829052     -0.28093783     *N3146  
*N3146  0.528549491     
GRID*   3147            0               0.147826013     -0.280923784    *N3147  
*N3147  0.525902773     
GRID*   3148            0               0.148455453     -0.282992564    *N3148  
*N3148  0.531034716     
GRID*   3149            0               0.147835176     -0.280965913    *N3149  
*N3149  0.533842927     
GRID*   3150            0               0.147549166     -0.278836944    *N3150  
*N3150  0.531357702     
GRID*   3151            0               0.147832106     -0.280951873    *N3151  
*N3151  0.531196209     
GRID*   3152            0               0.147583648     -0.277006665    *N3152  
*N3152  0.533767866     
GRID*   3153            0               0.148025398     -0.274610393    *N3153  
*N3153  0.531680689     
GRID*   3154            0               0.147614174     -0.276704163    *N3154  
*N3154  0.531519196     
GRID*   3155            0               0.149437771     -0.271371973    *N3155  
*N3155  0.539516828     
GRID*   3156            0               0.148005456     -0.274681661    *N3156  
*N3156  0.538460065     
GRID*   3157            0               0.147729828     -0.275902122    *N3157  
*N3157  0.5420955       
GRID*   3158            0               0.148839055     -0.272470624    *N3158  
*N3158  0.543152263     
GRID*   3159            0               0.148372178     -0.273557263    *N3159  
*N3159  0.540806164     
GRID*   3160            0               0.148293927     -0.273770407    *N3160  
*N3160  0.535659166     
GRID*   3161            0               0.147533627     -0.27796118     *N3161  
*N3161  0.536568765     
GRID*   3162            0               0.147741894     -0.27583461     *N3162  
*N3162  0.536113965     
GRID*   3163            0               0.148161326     -0.282173855    *N3163  
*N3163  0.537478363     
GRID*   3164            0               0.147573799     -0.279211733    *N3164  
*N3164  0.5402042       
GRID*   3165            0               0.147674694     -0.280093262    *N3165  
*N3165  0.537023564     
GRID*   3166            0               0.147788374     -0.280743185    *N3166  
*N3166  0.544674173     
GRID*   3167            0               0.147552352     -0.277438316    *N3167  
*N3167  0.546565473     
GRID*   3168            0               0.147532956     -0.278325388    *N3168  
*N3168  0.543384837     
GRID*   3169            0               0.160565029     -0.265099406    *N3169  
*N3169  0.628473492     
GRID*   3170            0               0.163684342     -0.265468562    *N3170  
*N3170  0.625106394     
GRID*   3171            0               0.160572748     -0.265099388    *N3171  
*N3171  0.621925997     
GRID*   3172            0               0.157455228     -0.265483392    *N3172  
*N3172  0.625293095     
GRID*   3173            0               0.160568888     -0.265099397    *N3173  
*N3173  0.625199745     
GRID*   3174            0               0.166605456     -0.26656102     *N3174  
*N3174  0.628344617     
GRID*   3175            0               0.169212647     -0.268339088    *N3175  
*N3175  0.624919694     
GRID*   3176            0               0.166638596     -0.266578227    *N3176  
*N3176  0.621681472     
GRID*   3177            0               0.166622032     -0.266569612    *N3177  
*N3177  0.625013044     
GRID*   3178            0               0.169251802     -0.268373538    *N3178  
*N3178  0.618198724     
GRID*   3179            0               0.166671686     -0.26659553     *N3179  
*N3179  0.615018327     
GRID*   3180            0               0.16370623      -0.265473898    *N3180  
*N3180  0.618501074     
GRID*   3181            0               0.166655147     -0.266586867    *N3181  
*N3181  0.618349899     
GRID*   3182            0               0.160580466     -0.265099374    *N3182  
*N3182  0.615378502     
GRID*   3183            0               0.157448344     -0.265485101    *N3183  
*N3183  0.618803424     
GRID*   3184            0               0.160576607     -0.265099381    *N3184  
*N3184  0.618652249     
GRID*   3185            0               0.173601937     -0.279479707    *N3185  
*N3185  0.614427209     
GRID*   3186            0               0.173295386     -0.275069004    *N3186  
*N3186  0.617734182     
GRID*   3187            0               0.173662688     -0.278539942    *N3187  
*N3187  0.620576612     
GRID*   3188            0               0.17364078      -0.279010372    *N3188  
*N3188  0.617501911     
GRID*   3189            0               0.171875429     -0.271561504    *N3189  
*N3189  0.61470123      
GRID*   3190            0               0.171695145     -0.271262985    *N3190  
*N3190  0.621231677     
GRID*   3191            0               0.171786283     -0.271411643    *N3191  
*N3191  0.617966453     
GRID*   3192            0               0.171506959     -0.270969383    *N3192  
*N3192  0.627762124     
GRID*   3193            0               0.173126965     -0.274446099    *N3193  
*N3193  0.624074107     
GRID*   3194            0               0.171602031     -0.271115557    *N3194  
*N3194  0.624496901     
GRID*   3195            0               0.173655601     -0.277598243    *N3195  
*N3195  0.626726016     
GRID*   3196            0               0.17366763      -0.278069029    *N3196  
*N3196  0.623651314     
GRID*   3197            0               0.170071731     -0.269164086    *N3197  
*N3197  0.643579364     
GRID*   3198            0               0.172466768     -0.272694477    *N3198  
*N3198  0.638540757     
GRID*   3199            0               0.170829249     -0.270035011    *N3199  
*N3199  0.635670744     
GRID*   3200            0               0.167664914     -0.267173743    *N3200  
*N3200  0.640709352     
GRID*   3201            0               0.17046011      -0.269591181    *N3201  
*N3201  0.639625054     
GRID*   3202            0               0.173449039     -0.27578517     *N3202  
*N3202  0.641033274     
GRID*   3203            0               0.173584006     -0.276688096    *N3203  
*N3203  0.633879645     
GRID*   3204            0               0.17352441      -0.276235454    *N3204  
*N3204  0.637456459     
GRID*   3205            0               0.172862192     -0.273649476    *N3205  
*N3205  0.631009632     
GRID*   3206            0               0.173627754     -0.277142544    *N3206  
*N3206  0.63030283      
GRID*   3207            0               0.168702537     -0.267914481    *N3207  
*N3207  0.632423237     
GRID*   3208            0               0.171178425     -0.270494711    *N3208  
*N3208  0.631716434     
GRID*   3209            0               0.147548974     -0.277501524    *N3209  
*N3209  0.492165731     
GRID*   3210            0               0.147648704     -0.279909929    *N3210  
*N3210  0.494419184     
GRID*   3211            0               0.147564672     -0.277243859    *N3211  
*N3211  0.498320464     
GRID*   3212            0               0.147556187     -0.277372653    *N3212  
*N3212  0.495243098     
GRID*   3213            0               0.147538368     -0.27775945     *N3213  
*N3213  0.486010999     
GRID*   3214            0               0.147675028     -0.280095498    *N3214  
*N3214  0.488081108     
GRID*   3215            0               0.147543034     -0.277630461    *N3215  
*N3215  0.489088365     
GRID*   3216            0               0.148287668     -0.282546756    *N3216  
*N3216  0.483813141     
GRID*   3217            0               0.148249048     -0.282436622    *N3217  
*N3217  0.49033456      
GRID*   3218            0               0.148268235     -0.282491732    *N3218  
*N3218  0.487073851     
GRID*   3219            0               0.148211412     -0.282326146    *N3219  
*N3219  0.49685598      
GRID*   3220            0               0.148230106     -0.282381426    *N3220  
*N3220  0.49359527      
GRID*   3221            0               0.14756626      -0.277221708    *N3221  
*N3221  0.646090086     
GRID*   3222            0               0.147777161     -0.275647951    *N3222  
*N3222  0.640306015     
GRID*   3223            0               0.147538253     -0.278571582    *N3223  
*N3223  0.638378435     
GRID*   3224            0               0.147534812     -0.277896283    *N3224  
*N3224  0.642234261     
GRID*   3225            0               0.148537676     -0.273140137    *N3225  
*N3225  0.641261206     
GRID*   3226            0               0.148278592     -0.273813566    *N3226  
*N3226  0.635494331     
GRID*   3227            0               0.148403485     -0.273475063    *N3227  
*N3227  0.638377769     
GRID*   3228            0               0.148057071     -0.274500268    *N3228  
*N3228  0.629727457     
GRID*   3229            0               0.147617888     -0.276671566    *N3229  
*N3229  0.633566752     
GRID*   3230            0               0.148163091     -0.274155388    *N3230  
*N3230  0.632610894     
GRID*   3231            0               0.147649676     -0.279917141    *N3231  
*N3231  0.630666785     
GRID*   3232            0               0.147576575     -0.279245801    *N3232  
*N3232  0.63452261      
GRID*   3233            0               0.173548529     -0.279930373    *N3233  
*N3233  0.793496696     
GRID*   3234            0               0.17215084      -0.284278883    *N3234  
*N3234  0.788521161     
GRID*   3235            0               0.173150989     -0.28180677     *N3235  
*N3235  0.785454299     
GRID*   3236            0               0.173636813     -0.277265069    *N3236  
*N3236  0.790429835     
GRID*   3237            0               0.173384231     -0.280875875    *N3237  
*N3237  0.789475498     
GRID*   3238            0               0.170221711     -0.28701017     *N3238  
*N3238  0.791248794     
GRID*   3239            0               0.169792168     -0.287455884    *N3239  
*N3239  0.783884855     
GRID*   3240            0               0.170010986     -0.287234111    *N3240  
*N3240  0.787566824     
GRID*   3241            0               0.169295383     -0.287922509    *N3241  
*N3241  0.776520916     
GRID*   3242            0               0.17148637      -0.285396438    *N3242  
*N3242  0.780817993     
GRID*   3243            0               0.169548297     -0.287691046    *N3243  
*N3243  0.780202886     
GRID*   3244            0               0.172456891     -0.283661608    *N3244  
*N3244  0.777411903     
GRID*   3245            0               0.173557787     -0.279860991    *N3245  
*N3245  0.782048209     
GRID*   3246            0               0.172839128     -0.282747357    *N3246  
*N3246  0.781433101     
GRID*   3247            0               0.172288774     -0.272323972    *N3247  
*N3247  0.646089273     
GRID*   3248            0               0.173301022     -0.275092191    *N3248  
*N3248  0.648734136     
GRID*   3249            0               0.173379728     -0.275437677    *N3249  
*N3249  0.644883705     
GRID*   3250            0               0.167988709     -0.267388695    *N3250  
*N3250  0.648500409     
GRID*   3251            0               0.170815296     -0.270017491    *N3251  
*N3251  0.651010317     
GRID*   3252            0               0.170452757     -0.269582734    *N3252  
*N3252  0.647294841     
GRID*   3253            0               0.169583901     -0.268677252    *N3253  
*N3253  0.655796407     
GRID*   3254            0               0.171482222     -0.270932039    *N3254  
*N3254  0.65844127      
GRID*   3255            0               0.172381932     -0.272514156    *N3255  
*N3255  0.65365518      
GRID*   3256            0               0.171158665     -0.270467541    *N3256  
*N3256  0.654725794     
GRID*   3257            0               0.17311566      -0.274408255    *N3257  
*N3257  0.656434998     
GRID*   3258            0               0.173212978     -0.274748967    *N3258  
*N3258  0.652584567     
GRID*   3259            0               0.173590256     -0.276744026    *N3259  
*N3259  0.607508465     
GRID*   3260            0               0.17308447      -0.27430593     *N3260  
*N3260  0.611189415     
GRID*   3261            0               0.173667881     -0.27811156     *N3261  
*N3261  0.610967837     
GRID*   3262            0               0.173009278     -0.274070722    *N3262  
*N3262  0.600589721     
GRID*   3263            0               0.172247868     -0.272242852    *N3263  
*N3263  0.604439807     
GRID*   3264            0               0.173369915     -0.275392129    *N3264  
*N3264  0.604049093     
GRID*   3265            0               0.169772137     -0.268859055    *N3265  
*N3265  0.601540283     
GRID*   3266            0               0.167840076     -0.2672883      *N3266  
*N3266  0.605221233     
GRID*   3267            0               0.170912688     -0.270141085    *N3267  
*N3267  0.608120756     
GRID*   3268            0               0.170363478     -0.269481329    *N3268  
*N3268  0.60483052      
GRID*   3269            0               0.168811368     -0.268001433    *N3269  
*N3269  0.611632571     
GRID*   3270            0               0.171417398     -0.270835475    *N3270  
*N3270  0.611410993     
GRID*   3271            0               0.14884966      -0.283885937    *N3271  
*N3271  0.833474987     
GRID*   3272            0               0.150427955     -0.286371147    *N3272  
*N3272  0.830858494     
GRID*   3273            0               0.151850665     -0.287874149    *N3273  
*N3273  0.834438958     
GRID*   3274            0               0.149899817     -0.285669274    *N3274  
*N3274  0.837055451     
GRID*   3275            0               0.150157987     -0.286024649    *N3275  
*N3275  0.833956973     
GRID*   3276            0               0.149215579     -0.284583556    *N3276  
*N3276  0.827663154     
GRID*   3277            0               0.151002051     -0.287035956    *N3277  
*N3277  0.824661538     
GRID*   3278            0               0.152593983     -0.288495782    *N3278  
*N3278  0.827856879     
GRID*   3279            0               0.150709416     -0.286708376    *N3279  
*N3279  0.827760016     
GRID*   3280            0               0.155274253     -0.290100886    *N3280  
*N3280  0.82447014      
GRID*   3281            0               0.15722501      -0.290792021    *N3281  
*N3281  0.828050604     
GRID*   3282            0               0.15432495      -0.289630185    *N3282  
*N3282  0.831437342     
GRID*   3283            0               0.154794829     -0.289875161    *N3283  
*N3283  0.827953741     
GRID*   3284            0               0.156128001     -0.29044636     *N3284  
*N3284  0.835402929     
GRID*   3285            0               0.153416902     -0.289084123    *N3285  
*N3285  0.838404545     
GRID*   3286            0               0.153865389     -0.289366361    *N3286  
*N3286  0.834920944     
GRID*   3287            0               0.164729983     -0.29056558     *N3287  
*N3287  0.840882766     
GRID*   3288            0               0.161804834     -0.2911797      *N3288  
*N3288  0.839071908     
GRID*   3289            0               0.164391594     -0.290673216    *N3289  
*N3289  0.833974599     
GRID*   3290            0               0.164560663     -0.290620704    *N3290  
*N3290  0.837428682     
GRID*   3291            0               0.1625255       -0.291092725    *N3291  
*N3291  0.845863532     
GRID*   3292            0               0.164905035     -0.290505889    *N3292  
*N3292  0.844336849     
GRID*   3293            0               0.157663745     -0.290901213    *N3293  
*N3293  0.848916898     
GRID*   3294            0               0.159538234     -0.291192154    *N3294  
*N3294  0.844052675     
GRID*   3295            0               0.160085631     -0.291225233    *N3295  
*N3295  0.847390215     
GRID*   3296            0               0.156269909     -0.290497118    *N3296  
*N3296  0.842358361     
GRID*   3297            0               0.158465573     -0.291059871    *N3297  
*N3297  0.837377594     
GRID*   3298            0               0.159000535     -0.291137107    *N3298  
*N3298  0.840715135     
GRID*   3299            0               0.164661079     -0.29058832     *N3299  
*N3299  0.826867985     
GRID*   3300            0               0.162304393     -0.291123735    *N3300  
*N3300  0.82489332      
GRID*   3301            0               0.164938272     -0.290494242    *N3301  
*N3301  0.819761371     
GRID*   3302            0               0.164799636     -0.29054216     *N3302  
*N3302  0.823314678     
GRID*   3303            0               0.161732565     -0.291186189    *N3303  
*N3303  0.832081838     
GRID*   3304            0               0.164526251     -0.290631596    *N3304  
*N3304  0.830421292     
GRID*   3305            0               0.159315864     -0.291172113    *N3305  
*N3305  0.830107173     
GRID*   3306            0               0.158889798     -0.29112297     *N3306  
*N3306  0.833742384     
GRID*   3307            0               0.160181863     -0.291228668    *N3307  
*N3307  0.822836751     
GRID*   3308            0               0.159748394     -0.291207582    *N3308  
*N3308  0.826471962     
GRID*   3309            0               0.148470827     -0.283031081    *N3309  
*N3309  0.54730722      
GRID*   3310            0               0.150391335     -0.286325532    *N3310  
*N3310  0.550027684     
GRID*   3311            0               0.149107511     -0.284387916    *N3311  
*N3311  0.55455351      
GRID*   3312            0               0.147801028     -0.280805339    *N3312  
*N3312  0.551833046     
GRID*   3313            0               0.148769701     -0.283718634    *N3313  
*N3313  0.550930365     
GRID*   3314            0               0.152078592     -0.288074843    *N3314  
*N3314  0.545377505     
GRID*   3315            0               0.155204369     -0.290069451    *N3315  
*N3315  0.548222321     
GRID*   3316            0               0.153093698     -0.288864465    *N3316  
*N3316  0.5528725       
GRID*   3317            0               0.152576425     -0.288482149    *N3317  
*N3317  0.549125003     
GRID*   3318            0               0.156299669     -0.290507529    *N3318  
*N3318  0.55584167      
GRID*   3319            0               0.154181503     -0.289550484    *N3319  
*N3319  0.560367496     
GRID*   3320            0               0.15131733      -0.287365439    *N3320  
*N3320  0.557398326     
GRID*   3321            0               0.153629156     -0.289220864    *N3321  
*N3321  0.556619998     
GRID*   3322            0               0.149895369     -0.285662925    *N3322  
*N3322  0.5617998       
GRID*   3323            0               0.148220982     -0.282354546    *N3323  
*N3323  0.558954983     
GRID*   3324            0               0.149483146     -0.285036725    *N3324  
*N3324  0.558176655     
GRID*   3325            0               0.148026684     -0.274605849    *N3325  
*N3325  0.479862016     
GRID*   3326            0               0.148596084     -0.273002224    *N3326  
*N3326  0.483043316     
GRID*   3327            0               0.14946899      -0.271320956    *N3327  
*N3327  0.48160286      
GRID*   3328            0               0.14867372      -0.272825407    *N3328  
*N3328  0.478421559     
GRID*   3329            0               0.148634575     -0.272913672    *N3329  
*N3329  0.480732438     
GRID*   3330            0               0.147897727     -0.275097362    *N3330  
*N3330  0.484693957     
GRID*   3331            0               0.149533368     -0.271217375    *N3331  
*N3331  0.486014433     
GRID*   3332            0               0.148558248     -0.273091058    *N3332  
*N3332  0.485354195     
GRID*   3333            0               0.152317948     -0.268058936    *N3333  
*N3333  0.487334908     
GRID*   3334            0               0.150654482     -0.269690374    *N3334  
*N3334  0.484573976     
GRID*   3335            0               0.150797611     -0.269525265    *N3335  
*N3335  0.48667467      
GRID*   3336            0               0.151750217     -0.268552061    *N3336  
*N3336  0.483343703     
GRID*   3337            0               0.150376604     -0.270027654    *N3337  
*N3337  0.480372587     
GRID*   3338            0               0.150514133     -0.269857852    *N3338  
*N3338  0.482473281     
GRID*   3339            0               0.150985315     -0.26931691     *N3339  
*N3339  0.642540011     
GRID*   3340            0               0.151759795     -0.268543255    *N3340  
*N3340  0.646000576     
GRID*   3341            0               0.152668706     -0.267781446    *N3341  
*N3341  0.643179414     
GRID*   3342            0               0.148730977     -0.27269937     *N3342  
*N3342  0.644450623     
GRID*   3343            0               0.149594209     -0.271121426    *N3343  
*N3343  0.641900609     
GRID*   3344            0               0.147691138     -0.276134157    *N3344  
*N3344  0.64955065      
GRID*   3345            0               0.149230268     -0.271725169    *N3345  
*N3345  0.647911187     
GRID*   3346            0               0.148092589     -0.274380899    *N3346  
*N3346  0.647000636     
GRID*   3347            0               0.15016728      -0.270297736    *N3347  
*N3347  0.651642899     
GRID*   3348            0               0.150923691     -0.269384327    *N3348  
*N3348  0.648821738     
GRID*   3349            0               0.171925943     -0.284686228    *N3349  
*N3349  0.872633277     
GRID*   3350            0               0.173278692     -0.281333332    *N3350  
*N3350  0.869818896     
GRID*   3351            0               0.173667335     -0.278035557    *N3351  
*N3351  0.873779509     
GRID*   3352            0               0.173238435     -0.281490398    *N3352  
*N3352  0.873308856     
GRID*   3353            0               0.169885622     -0.287362459    *N3353  
*N3353  0.868268292     
GRID*   3354            0               0.169848024     -0.287400272    *N3354  
*N3354  0.871763491     
GRID*   3355            0               0.172033948     -0.284494875    *N3355  
*N3355  0.865646592     
GRID*   3356            0               0.169923995     -0.287323546    *N3356  
*N3356  0.864765443     
GRID*   3357            0               0.173658214     -0.277661713    *N3357  
*N3357  0.867216208     
GRID*   3358            0               0.173313753     -0.281189461    *N3358  
*N3358  0.8664314       
GRID*   3359            0               0.164721253     -0.290568485    *N3359  
*N3359  0.699768224     
GRID*   3360            0               0.162175308     -0.291140063    *N3360  
*N3360  0.696838766     
GRID*   3361            0               0.164755303     -0.290557117    *N3361  
*N3361  0.692361803     
GRID*   3362            0               0.164738277     -0.290562814    *N3362  
*N3362  0.696065014     
GRID*   3363            0               0.164687319     -0.29057971     *N3363  
*N3363  0.707174645     
GRID*   3364            0               0.162104167     -0.291148504    *N3364  
*N3364  0.704626899     
GRID*   3365            0               0.164704285     -0.290574111    *N3365  
*N3365  0.703471435     
GRID*   3366            0               0.159388198     -0.291179053    *N3366  
*N3366  0.709867285     
GRID*   3367            0               0.156827261     -0.290678917    *N3367  
*N3367  0.706937827     
GRID*   3368            0               0.159495158     -0.291188571    *N3368  
*N3368  0.701697441     
GRID*   3369            0               0.159441668     -0.291183922    *N3369  
*N3369  0.705782363     
GRID*   3370            0               0.156964664     -0.290719529    *N3370  
*N3370  0.698386271     
GRID*   3371            0               0.159602347     -0.291197222    *N3371  
*N3371  0.693527596     
GRID*   3372            0               0.159548743     -0.291193007    *N3372  
*N3372  0.697612519     
GRID*   3373            0               0.168580068     -0.288515845    *N3373  
*N3373  0.818511007     
GRID*   3374            0               0.170426605     -0.286781908    *N3374  
*N3374  0.822403543     
GRID*   3375            0               0.169194594     -0.288011423    *N3375  
*N3375  0.825628572     
GRID*   3376            0               0.16889269      -0.288267058    *N3376  
*N3376  0.82206979      
GRID*   3377            0               0.171024354     -0.286048062    *N3377  
*N3377  0.819085658     
GRID*   3378            0               0.172649752     -0.283224642    *N3378  
*N3378  0.823071049     
GRID*   3379            0               0.1722521       -0.284083541    *N3379  
*N3379  0.826388934     
GRID*   3380            0               0.171681845     -0.285093061    *N3380  
*N3380  0.822737296     
GRID*   3381            0               0.173492537     -0.280301629    *N3381  
*N3381  0.83046718      
GRID*   3382            0               0.17309454      -0.281996078    *N3382  
*N3382  0.833692209     
GRID*   3383            0               0.171362501     -0.285579593    *N3383  
*N3383  0.829613963     
GRID*   3384            0               0.172718351     -0.283057983    *N3384  
*N3384  0.830040572     
GRID*   3385            0               0.169730334     -0.287516671    *N3385  
*N3385  0.832746137     
GRID*   3386            0               0.169467561     -0.287766265    *N3386  
*N3386  0.829187355     
GRID*   3387            0               0.156964276     -0.265615303    *N3387  
*N3387  0.802814958     
GRID*   3388            0               0.159211582     -0.265173326    *N3388  
*N3388  0.805094746     
GRID*   3389            0               0.161819085     -0.265156347    *N3389  
*N3389  0.802288702     
GRID*   3390            0               0.159528766     -0.26514334     *N3390  
*N3390  0.800008914     
GRID*   3391            0               0.159370083     -0.265157366    *N3391  
*N3391  0.80255183      
GRID*   3392            0               0.156089509     -0.265902447    *N3392  
*N3392  0.807151055     
GRID*   3393            0               0.158895223     -0.265211035    *N3393  
*N3393  0.810180577     
GRID*   3394            0               0.162101206     -0.265185873    *N3394  
*N3394  0.808124267     
GRID*   3395            0               0.159053288     -0.265191216    *N3395  
*N3395  0.807637661     
GRID*   3396            0               0.165481097     -0.266045169    *N3396  
*N3396  0.811903522     
GRID*   3397            0               0.167790691     -0.267255596    *N3397  
*N3397  0.809097478     
GRID*   3398            0               0.164648693     -0.265742356    *N3398  
*N3398  0.805318223     
GRID*   3399            0               0.165067461     -0.265886708    *N3399  
*N3399  0.808610873     
GRID*   3400            0               0.166504139     -0.266509154    *N3400  
*N3400  0.801762445     
GRID*   3401            0               0.163797688     -0.265496629    *N3401  
*N3401  0.798732924     
GRID*   3402            0               0.164225273     -0.26561228     *N3402  
*N3402  0.802025573     
GRID*   3403            0               0.154440033     -0.289692438    *N3403  
*N3403  0.786590491     
GRID*   3404            0               0.152454178     -0.288385882    *N3404  
*N3404  0.792713601     
GRID*   3405            0               0.150311701     -0.286224873    *N3405  
*N3405  0.791036742     
GRID*   3406            0               0.151941536     -0.287955292    *N3406  
*N3406  0.784913632     
GRID*   3407            0               0.152195099     -0.288173871    *N3407  
*N3407  0.788813617     
GRID*   3408            0               0.15488658      -0.289920209    *N3408  
*N3408  0.795443597     
GRID*   3409            0               0.152988199     -0.288789653    *N3409  
*N3409  0.80051357      
GRID*   3410            0               0.150849059     -0.286867461    *N3410  
*N3410  0.797783574     
GRID*   3411            0               0.152718602     -0.288591188    *N3411  
*N3411  0.796613586     
GRID*   3412            0               0.149612872     -0.28524236     *N3412  
*N3412  0.80180041      
GRID*   3413            0               0.148274461     -0.282509446    *N3413  
*N3413  0.800123551     
GRID*   3414            0               0.14910128      -0.28437639     *N3414  
*N3414  0.796106715     
GRID*   3415            0               0.149348741     -0.284814299    *N3415  
*N3415  0.798953563     
GRID*   3416            0               0.147934535     -0.281385842    *N3416  
*N3416  0.795482993     
GRID*   3417            0               0.148657805     -0.283473638    *N3417  
*N3417  0.79041302      
GRID*   3418            0               0.148870854     -0.283929282    *N3418  
*N3418  0.793259868     
GRID*   3419            0               0.151698344     -0.287734655    *N3419  
*N3419  0.804147453     
GRID*   3420            0               0.15036955      -0.286298197    *N3420  
*N3420  0.807640372     
GRID*   3421            0               0.148679608     -0.28352244     *N3421  
*N3421  0.805293329     
GRID*   3422            0               0.149978084     -0.285779686    *N3422  
*N3422  0.804720391     
GRID*   3423            0               0.156116944     -0.290442328    *N3423  
*N3423  0.803001578     
GRID*   3424            0               0.154591342     -0.289772042    *N3424  
*N3424  0.806635461     
GRID*   3425            0               0.153772079     -0.289309717    *N3425  
*N3425  0.803574515     
GRID*   3426            0               0.158210501     -0.291015041    *N3426  
*N3426  0.809264432     
GRID*   3427            0               0.15631887      -0.290514203    *N3427  
*N3427  0.812757351     
GRID*   3428            0               0.152925891     -0.288744726    *N3428  
*N3428  0.81012838      
GRID*   3429            0               0.155441741     -0.290174232    *N3429  
*N3429  0.809696406     
GRID*   3430            0               0.151227312     -0.287273695    *N3430  
*N3430  0.813480334     
GRID*   3431            0               0.14912788      -0.284425402    *N3431  
*N3431  0.810992327     
GRID*   3432            0               0.150786302     -0.28679661     *N3432  
*N3432  0.810560353     
GRID*   3433            0               0.173190895     -0.281666215    *N3433  
*N3433  0.714398783     
GRID*   3434            0               0.173661109     -0.277743028    *N3434  
*N3434  0.710059997     
GRID*   3435            0               0.173139318     -0.274487942    *N3435  
*N3435  0.713613502     
GRID*   3436            0               0.173665858     -0.278403966    *N3436  
*N3436  0.717952289     
GRID*   3437            0               0.173667663     -0.278073467    *N3437  
*N3437  0.714006143     
GRID*   3438            0               0.173450294     -0.280542771    *N3438  
*N3438  0.70649579      
GRID*   3439            0               0.173622948     -0.277083176    *N3439  
*N3439  0.702167705     
GRID*   3440            0               0.173090783     -0.274326402    *N3440  
*N3440  0.705731911     
GRID*   3441            0               0.173646201     -0.277412861    *N3441  
*N3441  0.706113851     
GRID*   3442            0               0.171898217     -0.271600556    *N3442  
*N3442  0.701414526     
GRID*   3443            0               0.169895345     -0.26898209     *N3443  
*N3443  0.704968032     
GRID*   3444            0               0.171732118     -0.271322757    *N3444  
*N3444  0.709285417     
GRID*   3445            0               0.171816027     -0.271461142    *N3445  
*N3445  0.705349971     
GRID*   3446            0               0.16930403      -0.268419925    *N3446  
*N3446  0.712828222     
GRID*   3447            0               0.171559189     -0.271049157    *N3447  
*N3447  0.717156308     
GRID*   3448            0               0.1716465       -0.271185422    *N3448  
*N3448  0.713220862     
GRID*   3449            0               0.171929355     -0.271654424    *N3449  
*N3449  0.669244741     
GRID*   3450            0               0.169688978     -0.268777839    *N3450  
*N3450  0.667692211     
GRID*   3451            0               0.168202635     -0.267538504    *N3451  
*N3451  0.67315733      
GRID*   3452            0               0.17084327      -0.270052679    *N3452  
*N3452  0.67470986      
GRID*   3453            0               0.170287118     -0.26939625     *N3453  
*N3453  0.671201036     
GRID*   3454            0               0.170896202     -0.270119947    *N3454  
*N3454  0.662711184     
GRID*   3455            0               0.168377275     -0.267665616    *N3455  
*N3455  0.660674562     
GRID*   3456            0               0.16685586      -0.26669405     *N3456  
*N3456  0.665655589     
GRID*   3457            0               0.169051443     -0.268200126    *N3457  
*N3457  0.664183387     
GRID*   3458            0               0.163696487     -0.265471518    *N3458  
*N3458  0.663134874     
GRID*   3459            0               0.161787563     -0.265153432    *N3459  
*N3459  0.668599993     
GRID*   3460            0               0.165092841     -0.26589597     *N3460  
*N3460  0.671120708     
GRID*   3461            0               0.164400594     -0.265664236    *N3461  
*N3461  0.667127791     
GRID*   3462            0               0.163103425     -0.26534139     *N3462  
*N3462  0.67706992      
GRID*   3463            0               0.166433158     -0.266473477    *N3463  
*N3463  0.679106542     
GRID*   3464            0               0.165771067     -0.266165998    *N3464  
*N3464  0.675113625     
GRID*   3465            0               0.164201229     -0.265605362    *N3465  
*N3465  0.652706568     
GRID*   3466            0               0.166932119     -0.266735961    *N3466  
*N3466  0.653960513     
GRID*   3467            0               0.166166844     -0.266344379    *N3467  
*N3467  0.650603489     
GRID*   3468            0               0.160044179     -0.265111185    *N3468  
*N3468  0.656912728     
GRID*   3469            0               0.162664209     -0.26526342     *N3469  
*N3469  0.657584723     
GRID*   3470            0               0.162142621     -0.265190729    *N3470  
*N3470  0.654809648     
GRID*   3471            0               0.160764205     -0.265100391    *N3471  
*N3471  0.661880929     
GRID*   3472            0               0.165511257     -0.266057356    *N3472  
*N3472  0.658838668     
GRID*   3473            0               0.163182445     -0.265357067    *N3473  
*N3473  0.660359799     
GRID*   3474            0               0.167669994     -0.267177009    *N3474  
*N3474  0.657317538     
GRID*   3475            0               0.149135353     -0.284439081    *N3475  
*N3475  0.540361097     
GRID*   3476            0               0.150467738     -0.286420232    *N3476  
*N3476  0.542994144     
GRID*   3477            0               0.148782102     -0.283744986    *N3477  
*N3477  0.543834159     
GRID*   3478            0               0.149962615     -0.285758056    *N3478  
*N3478  0.533414974     
GRID*   3479            0               0.151577852     -0.287621114    *N3479  
*N3479  0.536297708     
GRID*   3480            0               0.149529323     -0.285110899    *N3480  
*N3480  0.536888036     
GRID*   3481            0               0.154941205     -0.289946607    *N3481  
*N3481  0.532484005     
GRID*   3482            0               0.157178707     -0.290779551    *N3482  
*N3482  0.535117052     
GRID*   3483            0               0.153448398     -0.289104782    *N3483  
*N3483  0.538930755     
GRID*   3484            0               0.154180986     -0.289550193    *N3484  
*N3484  0.53570738      
GRID*   3485            0               0.155485244     -0.290192828    *N3485  
*N3485  0.541314116     
GRID*   3486            0               0.152746592     -0.288612292    *N3486  
*N3486  0.54215413      
GRID*   3487            0               0.153317675     -0.267316536    *N3487  
*N3487  0.817465754     
GRID*   3488            0               0.152082491     -0.268256524    *N3488  
*N3488  0.813837768     
GRID*   3489            0               0.149922456     -0.270633259    *N3489  
*N3489  0.815598287     
GRID*   3490            0               0.150891074     -0.269420396    *N3490  
*N3490  0.819226273     
GRID*   3491            0               0.151468221     -0.268819459    *N3491  
*N3491  0.816532021     
GRID*   3492            0               0.154851769     -0.266431497    *N3492  
*N3492  0.812034654     
GRID*   3493            0               0.153412268     -0.267253647    *N3493  
*N3493  0.808449264     
GRID*   3494            0               0.150896318     -0.269414579    *N3494  
*N3494  0.810252378     
GRID*   3495            0               0.152731385     -0.267733879    *N3495  
*N3495  0.811143516     
GRID*   3496            0               0.149806326     -0.270800595    *N3496  
*N3496  0.806709584     
GRID*   3497            0               0.148335532     -0.273655658    *N3497  
*N3497  0.808470103     
GRID*   3498            0               0.149054556     -0.272045649    *N3498  
*N3498  0.812012897     
GRID*   3499            0               0.149413106     -0.271412655    *N3499  
*N3499  0.80936124      
GRID*   3500            0               0.147935808     -0.274943872    *N3500  
*N3500  0.81373082      
GRID*   3501            0               0.148445797     -0.27336653     *N3501  
*N3501  0.81731621      
GRID*   3502            0               0.148731786     -0.272697614    *N3502  
*N3502  0.814664553     
GRID*   3503            0               0.155252055     -0.290090954    *N3503  
*N3503  0.737065813     
GRID*   3504            0               0.158027135     -0.29097958     *N3504  
*N3504  0.732046903     
GRID*   3505            0               0.161265157     -0.291218421    *N3505  
*N3505  0.733740311     
GRID*   3506            0               0.158356657     -0.291041366    *N3506  
*N3506  0.738759221     
GRID*   3507            0               0.158191698     -0.29101153     *N3507  
*N3507  0.735403062     
GRID*   3508            0               0.154848433     -0.289901587    *N3508  
*N3508  0.730457624     
GRID*   3509            0               0.157701022     -0.290909751    *N3509  
*N3509  0.725334584     
GRID*   3510            0               0.161042431     -0.291227868    *N3510  
*N3510  0.726923862     
GRID*   3511            0               0.157863855     -0.290945706    *N3511  
*N3511  0.728690743     
GRID*   3512            0               0.16414228      -0.290746107    *N3512  
*N3512  0.721696691     
GRID*   3513            0               0.164248597     -0.290715681    *N3513  
*N3513  0.728617271     
GRID*   3514            0               0.164195416     -0.290731022    *N3514  
*N3514  0.725156981     
GRID*   3515            0               0.164356338     -0.290683851    *N3515  
*N3515  0.73553785      
GRID*   3516            0               0.164302447     -0.290699898    *N3516  
*N3516  0.73207756      
GRID*   3517            0               0.169305457     -0.28791352     *N3517  
*N3517  0.712251598     
GRID*   3518            0               0.170933741     -0.28616651     *N3518  
*N3518  0.715382087     
GRID*   3519            0               0.169084454     -0.288106507    *N3519  
*N3519  0.719495879     
GRID*   3520            0               0.169195737     -0.288010425    *N3520  
*N3520  0.715873738     
GRID*   3521            0               0.169514664     -0.287722536    *N3521  
*N3521  0.705007318     
GRID*   3522            0               0.171276567     -0.285702845    *N3522  
*N3522  0.707918235     
GRID*   3523            0               0.169410821     -0.287818373    *N3523  
*N3523  0.708629458     
GRID*   3524            0               0.172803421     -0.282841665    *N3524  
*N3524  0.703365302     
GRID*   3525            0               0.172469627     -0.283634038    *N3525  
*N3525  0.711048724     
GRID*   3526            0               0.172643043     -0.283240598    *N3526  
*N3526  0.707207013     
GRID*   3527            0               0.172079611     -0.284411649    *N3527  
*N3527  0.718732146     
GRID*   3528            0               0.172281092     -0.28402609     *N3528  
*N3528  0.714890435     
GRID*   3529            0               0.147974938     -0.27479387     *N3529  
*N3529  0.821661364     
GRID*   3530            0               0.149020379     -0.272110545    *N3530  
*N3530  0.820694443     
GRID*   3531            0               0.14818983      -0.274073425    *N3531  
*N3531  0.819488787     
GRID*   3532            0               0.147671085     -0.276265836    *N3532  
*N3532  0.826006517     
GRID*   3533            0               0.148263889     -0.273855401    *N3533  
*N3533  0.825540845     
GRID*   3534            0               0.147801832     -0.275525481    *N3534  
*N3534  0.82383394      
GRID*   3535            0               0.148468295     -0.273309957    *N3535  
*N3535  0.829921575     
GRID*   3536            0               0.149826775     -0.270770722    *N3536  
*N3536  0.828954654     
GRID*   3537            0               0.149507865     -0.271258151    *N3537  
*N3537  0.824573924     
GRID*   3538            0               0.148942849     -0.272261137    *N3538  
*N3538  0.827247749     
GRID*   3539            0               0.151575277     -0.268716063    *N3539  
*N3539  0.823105754     
GRID*   3540            0               0.150158957     -0.270308781    *N3540  
*N3540  0.821900098     
GRID*   3541            0               0.159676931     -0.291202718    *N3541  
*N3541  0.803887142     
GRID*   3542            0               0.162791971     -0.291050212    *N3542  
*N3542  0.80496317      
GRID*   3543            0               0.161322832     -0.291215353    *N3543  
*N3543  0.81034046      
GRID*   3544            0               0.160499683     -0.291234975    *N3544  
*N3544  0.807113801     
GRID*   3545            0               0.158079621     -0.290990008    *N3545  
*N3545  0.797433824     
GRID*   3546            0               0.161714536     -0.291187745    *N3546  
*N3546  0.798319388     
GRID*   3547            0               0.158874995     -0.291121007    *N3547  
*N3547  0.800660483     
GRID*   3548            0               0.164266285     -0.290710524    *N3548  
*N3548  0.79256117      
GRID*   3549            0               0.164767999     -0.290552851    *N3549  
*N3549  0.799395415     
GRID*   3550            0               0.164516838     -0.290634557    *N3550  
*N3550  0.795978293     
GRID*   3551            0               0.165295275     -0.290362728    *N3551  
*N3551  0.806229661     
GRID*   3552            0               0.165031658     -0.290460977    *N3552  
*N3552  0.802812538     
GRID*   3553            0               0.164144719     -0.29074542     *N3553  
*N3553  0.785079361     
GRID*   3554            0               0.160812807     -0.291233627    *N3554  
*N3554  0.783089135     
GRID*   3555            0               0.164025036     -0.290778536    *N3555  
*N3555  0.777597552     
GRID*   3556            0               0.164084845     -0.290762139    *N3556  
*N3556  0.781338456     
GRID*   3557            0               0.161063376     -0.291227142    *N3557  
*N3557  0.791028043     
GRID*   3558            0               0.164205473     -0.290728139    *N3558  
*N3558  0.788820265     
GRID*   3559            0               0.157710671     -0.290911943    *N3559  
*N3559  0.789037816     
GRID*   3560            0               0.157894865     -0.290952307    *N3560  
*N3560  0.79323582      
GRID*   3561            0               0.157346349     -0.290823835    *N3561  
*N3561  0.780641809     
GRID*   3562            0               0.157528194     -0.290869195    *N3562  
*N3562  0.784839813     
GRID*   3563            0               0.17354017      -0.279990718    *N3563  
*N3563  0.765147598     
GRID*   3564            0               0.172196996     -0.28419084     *N3564  
*N3564  0.760642146     
GRID*   3565            0               0.173252393     -0.28143685     *N3565  
*N3565  0.758265192     
GRID*   3566            0               0.173619497     -0.277042492    *N3566  
*N3566  0.762770644     
GRID*   3567            0               0.173416694     -0.280717846    *N3567  
*N3567  0.761706395     
GRID*   3568            0               0.170207959     -0.287025111    *N3568  
*N3568  0.763066535     
GRID*   3569            0               0.169876873     -0.287371286    *N3569  
*N3569  0.75608926      
GRID*   3570            0               0.170044852     -0.287198827    *N3570  
*N3570  0.759577897     
GRID*   3571            0               0.169505443     -0.28773113     *N3571  
*N3571  0.749111985     
GRID*   3572            0               0.171704562     -0.285056577    *N3572  
*N3572  0.753712306     
GRID*   3573            0               0.169693833     -0.287552179    *N3573  
*N3573  0.752600622     
GRID*   3574            0               0.172789844     -0.28287696     *N3574  
*N3574  0.751382786     
GRID*   3575            0               0.173639303     -0.279032922    *N3575  
*N3575  0.755935672     
GRID*   3576            0               0.173041972     -0.282163603    *N3576  
*N3576  0.754823989     
GRID*   3577            0               0.147759082     -0.280592943    *N3577  
*N3577  0.803292809     
GRID*   3578            0               0.147561424     -0.277290916    *N3578  
*N3578  0.801370921     
GRID*   3579            0               0.147579063     -0.279275428    *N3579  
*N3579  0.798201664     
GRID*   3580            0               0.147652303     -0.279936477    *N3580  
*N3580  0.800747236     
GRID*   3581            0               0.147811489     -0.275479125    *N3581  
*N3581  0.804990766     
GRID*   3582            0               0.148966462     -0.272214763    *N3582  
*N3582  0.802618292     
GRID*   3583            0               0.148249332     -0.273897275    *N3583  
*N3583  0.798998447     
GRID*   3584            0               0.148005551     -0.274681319    *N3584  
*N3584  0.801994606     
GRID*   3585            0               0.149893083     -0.27067506     *N3585  
*N3585  0.796175387     
GRID*   3586            0               0.148882009     -0.272382785    *N3586  
*N3586  0.793006129     
GRID*   3587            0               0.147745146     -0.275816752    *N3587  
*N3587  0.79582919      
GRID*   3588            0               0.14854187      -0.273130087    *N3588  
*N3588  0.796002288     
GRID*   3589            0               0.147533868     -0.27794644     *N3589  
*N3589  0.793110519     
GRID*   3590            0               0.14753955      -0.278611509    *N3590  
*N3590  0.795656091     
GRID*   3591            0               0.148262827     -0.28247628     *N3591  
*N3591  0.78706231      
GRID*   3592            0               0.147739426     -0.280486466    *N3592  
*N3592  0.783162778     
GRID*   3593            0               0.150512568     -0.286474967    *N3593  
*N3593  0.7810141       
GRID*   3594            0               0.149210834     -0.284575131    *N3594  
*N3594  0.784038205     
GRID*   3595            0               0.147596009     -0.276875521    *N3595  
*N3595  0.789759809     
GRID*   3596            0               0.147697991     -0.280243602    *N3596  
*N3596  0.790086414     
GRID*   3597            0               0.149935178     -0.270615261    *N3597  
*N3597  0.789106597     
GRID*   3598            0               0.147959952     -0.274850464    *N3598  
*N3598  0.785860277     
GRID*   3599            0               0.14835864      -0.273593331    *N3599  
*N3599  0.789433203     
GRID*   3600            0               0.14906803      -0.272020304    *N3600  
*N3600  0.781411923     
GRID*   3601            0               0.147551544     -0.27745293     *N3601  
*N3601  0.778714424     
GRID*   3602            0               0.147690003     -0.276141379    *N3602  
*N3602  0.78228735      
GRID*   3603            0               0.164416101     -0.290665759    *N3603  
*N3603  0.6368501       
GRID*   3604            0               0.158894813     -0.291123631    *N3604  
*N3604  0.636109782     
GRID*   3605            0               0.159445478     -0.29118426     *N3605  
*N3605  0.633202596     
GRID*   3606            0               0.161951448     -0.291165291    *N3606  
*N3606  0.635026348     
GRID*   3607            0               0.158541426     -0.2910722      *N3607  
*N3607  0.639387845     
GRID*   3608            0               0.153564159     -0.289179606    *N3608  
*N3608  0.634998587     
GRID*   3609            0               0.155955371     -0.290382107    *N3609  
*N3609  0.637193216     
GRID*   3610            0               0.149788651     -0.28550816     *N3610  
*N3610  0.63060933      
GRID*   3611            0               0.154037219     -0.289467914    *N3611  
*N3611  0.632091401     
GRID*   3612            0               0.151489543     -0.287536041    *N3612  
*N3612  0.632803958     
GRID*   3613            0               0.154697075     -0.28982618     *N3613  
*N3613  0.629555092     
GRID*   3614            0               0.157006536     -0.29073158     *N3614  
*N3614  0.631378844     
GRID*   3615            0               0.149459763     -0.284998739    *N3615  
*N3615  0.522402439     
GRID*   3616            0               0.150922059     -0.286948594    *N3616  
*N3616  0.524967913     
GRID*   3617            0               0.149704572     -0.285382779    *N3617  
*N3617  0.527908706     
GRID*   3618            0               0.149580494     -0.285191826    *N3618  
*N3618  0.525155573     
GRID*   3619            0               0.151819012     -0.287845525    *N3619  
*N3619  0.522212337     
GRID*   3620            0               0.154389576     -0.289665327    *N3620  
*N3620  0.524592595     
GRID*   3621            0               0.153304079     -0.289009046    *N3621  
*N3621  0.527348171     
GRID*   3622            0               0.152540521     -0.288454119    *N3622  
*N3622  0.524780254     
GRID*   3623            0               0.156789068     -0.290667337    *N3623  
*N3623  0.529543212     
GRID*   3624            0               0.151747325     -0.287779995    *N3624  
*N3624  0.530288964     
GRID*   3625            0               0.154105701     -0.289507408    *N3625  
*N3625  0.529916088     
GRID*   3626            0               0.149831959     -0.285571542    *N3626  
*N3626  0.53066184      
GRID*   3627            0               0.16500273      -0.290471367    *N3627  
*N3627  0.535931099     
GRID*   3628            0               0.162056024     -0.291153992    *N3628  
*N3628  0.531633074     
GRID*   3629            0               0.164357072     -0.29068363     *N3629  
*N3629  0.529424912     
GRID*   3630            0               0.164679565     -0.290582261    *N3630  
*N3630  0.532678006     
GRID*   3631            0               0.160386992     -0.291233624    *N3631  
*N3631  0.533322713     
GRID*   3632            0               0.158415252     -0.291051439    *N3632  
*N3632  0.527853573     
GRID*   3633            0               0.159397666     -0.291179931    *N3633  
*N3633  0.530588143     
GRID*   3634            0               0.156547974     -0.290591276    *N3634  
*N3634  0.522384433     
GRID*   3635            0               0.160756743     -0.29123442     *N3635  
*N3635  0.525645411     
GRID*   3636            0               0.157473137     -0.290855754    *N3636  
*N3636  0.525119003     
GRID*   3637            0               0.163756744     -0.290848353    *N3637  
*N3637  0.522918726     
GRID*   3638            0               0.16405608      -0.290770063    *N3638  
*N3638  0.526171819     
GRID*   3639            0               0.159609898     -0.265136921    *N3639  
*N3639  0.774412085     
GRID*   3640            0               0.161772622     -0.265152077    *N3640  
*N3640  0.771306524     
GRID*   3641            0               0.159781332     -0.265125028    *N3641  
*N3641  0.76905964      
GRID*   3642            0               0.157641419     -0.265438675    *N3642  
*N3642  0.772165201     
GRID*   3643            0               0.159695596     -0.265130693    *N3643  
*N3643  0.771735862     
GRID*   3644            0               0.163449524     -0.265413818    *N3644  
*N3644  0.77320207      
GRID*   3645            0               0.165786071     -0.266172473    *N3645  
*N3645  0.770447846     
GRID*   3646            0               0.164187785     -0.265601516    *N3646  
*N3646  0.7685523       
GRID*   3647            0               0.163820023     -0.265502286    *N3647  
*N3647  0.770877185     
GRID*   3648            0               0.166738136     -0.26663064     *N3648  
*N3648  0.766149414     
GRID*   3649            0               0.164913856     -0.265831912    *N3649  
*N3649  0.76390253      
GRID*   3650            0               0.162236744     -0.265202264    *N3650  
*N3650  0.766305416     
GRID*   3651            0               0.1645525       -0.265711423    *N3651  
*N3651  0.766227415     
GRID*   3652            0               0.159952909     -0.265115391    *N3652  
*N3652  0.763707195     
GRID*   3653            0               0.157521593     -0.265467122    *N3653  
*N3653  0.766461419     
GRID*   3654            0               0.159867105     -0.265119927    *N3654  
*N3654  0.766383417     
GRID*   3655            0               0.157589382     -0.265450882    *N3655  
*N3655  0.526752438     
GRID*   3656            0               0.154030304     -0.266870824    *N3656  
*N3656  0.52154764      
GRID*   3657            0               0.152020072     -0.268310511    *N3657  
*N3657  0.524484522     
GRID*   3658            0               0.155247981     -0.266245593    *N3658  
*N3658  0.52968932      
GRID*   3659            0               0.15463095      -0.266542255    *N3659  
*N3659  0.52561848      
GRID*   3660            0               0.155912273     -0.265969088    *N3660  
*N3660  0.518106959     
GRID*   3661            0               0.152884707     -0.267619996    *N3661  
*N3661  0.51340596      
GRID*   3662            0               0.151304135     -0.268982615    *N3662  
*N3662  0.51684664      
GRID*   3663            0               0.15344769      -0.2672304      *N3663  
*N3663  0.5174768       
GRID*   3664            0               0.149420876     -0.271399803    *N3664  
*N3664  0.512649439     
GRID*   3665            0               0.149740483     -0.270898005    *N3665  
*N3665  0.519783523     
GRID*   3666            0               0.149577824     -0.271147085    *N3666  
*N3666  0.516216481     
GRID*   3667            0               0.150082597     -0.270411274    *N3667  
*N3667  0.526917606     
GRID*   3668            0               0.14990877      -0.270652693    *N3668  
*N3668  0.523350565     
GRID*   3669            0               0.160949467     -0.265104033    *N3669  
*N3669  0.793384276     
GRID*   3670            0               0.160016797     -0.26511238     *N3670  
*N3670  0.796946955     
GRID*   3671            0               0.162384407     -0.265221761    *N3671  
*N3671  0.7960586       
GRID*   3672            0               0.15808433      -0.265343787    *N3672  
*N3672  0.788035629     
GRID*   3673            0               0.156749756     -0.265679436    *N3673  
*N3673  0.792099028     
GRID*   3674            0               0.159510284     -0.265144874    *N3674  
*N3674  0.790709953     
GRID*   3675            0               0.152599658     -0.267834541    *N3675  
*N3675  0.791314499     
GRID*   3676            0               0.151883016     -0.268431507    *N3676  
*N3676  0.794877178     
GRID*   3677            0               0.155868825     -0.265985873    *N3677  
*N3677  0.795661707     
GRID*   3678            0               0.154167483     -0.266792152    *N3678  
*N3678  0.793488103     
GRID*   3679            0               0.15541638      -0.266171414    *N3679  
*N3679  0.798723666     
GRID*   3680            0               0.15766837      -0.26543244     *N3680  
*N3680  0.797835311     
GRID*   3681            0               0.149843829     -0.285588775    *N3681  
*N3681  0.51605301      
GRID*   3682            0               0.150899676     -0.286923862    *N3682  
*N3682  0.519096378     
GRID*   3683            0               0.149647822     -0.285296344    *N3683  
*N3683  0.519227725     
GRID*   3684            0               0.150259113     -0.286157271    *N3684  
*N3684  0.509703582     
GRID*   3685            0               0.151673975     -0.287711924    *N3685  
*N3685  0.512674359     
GRID*   3686            0               0.150047642     -0.28587582     *N3686  
*N3686  0.512878296     
GRID*   3687            0               0.154262472     -0.289595761    *N3687  
*N3687  0.509223117     
GRID*   3688            0               0.155801648     -0.290322541    *N3688  
*N3688  0.512266485     
GRID*   3689            0               0.152990256     -0.288791126    *N3689  
*N3689  0.515717727     
GRID*   3690            0               0.153614768     -0.289211777    *N3690  
*N3690  0.512470422     
GRID*   3691            0               0.154084998     -0.289495527    *N3691  
*N3691  0.518833686     
GRID*   3692            0               0.152391007     -0.288335204    *N3692  
*N3692  0.518965032     
GRID*   3693            0               0.149160144     -0.284484189    *N3693  
*N3693  0.499578757     
GRID*   3694            0               0.148074012     -0.281891906    *N3694  
*N3694  0.503690817     
GRID*   3695            0               0.147608676     -0.27958091     *N3695  
*N3695  0.50096804      
GRID*   3696            0               0.14814082      -0.282109625    *N3696  
*N3696  0.500273399     
GRID*   3697            0               0.148956029     -0.284099523    *N3697  
*N3697  0.506488795     
GRID*   3698            0               0.147565854     -0.27910739     *N3698  
*N3698  0.507727678     
GRID*   3699            0               0.148011008     -0.281673056    *N3699  
*N3699  0.507108236     
GRID*   3700            0               0.148225297     -0.273967438    *N3700  
*N3700  0.50896656      
GRID*   3701            0               0.147609047     -0.276750406    *N3701  
*N3701  0.505004901     
GRID*   3702            0               0.147638241     -0.276504398    *N3702  
*N3702  0.508347119     
GRID*   3703            0               0.148069299     -0.274458701    *N3703  
*N3703  0.502357324     
GRID*   3704            0               0.147584521     -0.276996922    *N3704  
*N3704  0.501662682     
GRID*   3705            0               0.150789563     -0.269534402    *N3705  
*N3705  0.676792922     
GRID*   3706            0               0.149085845     -0.271987       *N3706  
*N3706  0.67292751      
GRID*   3707            0               0.147924874     -0.27498714     *N3707  
*N3707  0.676394614     
GRID*   3708            0               0.148977807     -0.272192642    *N3708  
*N3708  0.680260025     
GRID*   3709            0               0.149031369     -0.272089581    *N3709  
*N3709  0.676593768     
GRID*   3710            0               0.150953767     -0.269351305    *N3710  
*N3710  0.669435605     
GRID*   3711            0               0.149197521     -0.27178331     *N3711  
*N3711  0.665594995     
GRID*   3712            0               0.147979856     -0.274775519    *N3712  
*N3712  0.669086901     
GRID*   3713            0               0.14914123      -0.271884907    *N3713  
*N3713  0.669261253     
GRID*   3714            0               0.147538463     -0.277756417    *N3714  
*N3714  0.665271093     
GRID*   3715            0               0.14783383      -0.280959767    *N3715  
*N3715  0.668738197     
GRID*   3716            0               0.147533624     -0.277961358    *N3716  
*N3716  0.672554005     
GRID*   3717            0               0.147535641     -0.277858878    *N3717  
*N3717  0.668912549     
GRID*   3718            0               0.147876086     -0.281146394    *N3718  
*N3718  0.675996307     
GRID*   3719            0               0.147532        -0.278166351    *N3719  
*N3719  0.679836916     
GRID*   3720            0               0.14753241      -0.278063851    *N3720  
*N3720  0.67619546      
GRID*   3721            0               0.169934538     -0.287312797    *N3721  
*N3721  0.571846433     
GRID*   3722            0               0.172020296     -0.284519483    *N3722  
*N3722  0.57422261      
GRID*   3723            0               0.1699141       -0.287333611    *N3723  
*N3723  0.575046903     
GRID*   3724            0               0.169974927     -0.28727139     *N3724  
*N3724  0.565445494     
GRID*   3725            0               0.172076336     -0.284417666    *N3725  
*N3725  0.568445441     
GRID*   3726            0               0.169954768     -0.287292103    *N3726  
*N3726  0.568645963     
GRID*   3727            0               0.173359205     -0.280991417    *N3727  
*N3727  0.56566822      
GRID*   3728            0               0.173651837     -0.277517608    *N3728  
*N3728  0.568044397     
GRID*   3729            0               0.173320459     -0.281161112    *N3729  
*N3729  0.570821618     
GRID*   3730            0               0.173340115     -0.281076329    *N3730  
*N3730  0.568244919     
GRID*   3731            0               0.173661329     -0.277749852    *N3731  
*N3731  0.572574025     
GRID*   3732            0               0.173300176     -0.281246022    *N3732  
*N3732  0.573398318     
GRID*   3733            0               0.171834461     -0.28484265     *N3733  
*N3733  0.562671406     
GRID*   3734            0               0.172890204     -0.282608475    *N3734  
*N3734  0.560524224     
GRID*   3735            0               0.173662712     -0.278539068    *N3735  
*N3735  0.563521037     
GRID*   3736            0               0.173150775     -0.281807508    *N3736  
*N3736  0.563096222     
GRID*   3737            0               0.169585848     -0.287655624    *N3737  
*N3737  0.559047688     
GRID*   3738            0               0.169783426     -0.287464526    *N3738  
*N3738  0.562246591     
GRID*   3739            0               0.169147599     -0.288052256    *N3739  
*N3739  0.552649883     
GRID*   3740            0               0.171211321     -0.285794449    *N3740  
*N3740  0.556900506     
GRID*   3741            0               0.169370009     -0.287855474    *N3741  
*N3741  0.555848786     
GRID*   3742            0               0.172196845     -0.28419113     *N3742  
*N3742  0.555380227     
GRID*   3743            0               0.17340068      -0.280797038    *N3743  
*N3743  0.559003945     
GRID*   3744            0               0.172569711     -0.283411275    *N3744  
*N3744  0.557952226     
GRID*   3745            0               0.147634074     -0.27979751     *N3745  
*N3745  0.812361573     
GRID*   3746            0               0.148006775     -0.281657819    *N3746  
*N3746  0.808882236     
GRID*   3747            0               0.148163808     -0.282181554    *N3747  
*N3747  0.81167695      
GRID*   3748            0               0.147611635     -0.276726872    *N3748  
*N3748  0.810361053     
GRID*   3749            0               0.147557179     -0.277356532    *N3749  
*N3749  0.813046197     
GRID*   3750            0               0.147539939     -0.278622792    *N3750  
*N3750  0.806881716     
GRID*   3751            0               0.147696471     -0.276100581    *N3751  
*N3751  0.807675909     
GRID*   3752            0               0.147871787     -0.281127972    *N3752  
*N3752  0.806087523     
GRID*   3753            0               0.148007059     -0.274675875    *N3753  
*N3753  0.721566061     
GRID*   3754            0               0.147574003     -0.279214276    *N3754  
*N3754  0.723148294     
GRID*   3755            0               0.147532766     -0.278308807    *N3755  
*N3755  0.726869483     
GRID*   3756            0               0.148279377     -0.273811343    *N3756  
*N3756  0.725287251     
GRID*   3757            0               0.147641964     -0.276475637    *N3757  
*N3757  0.724217772     
GRID*   3758            0               0.147611701     -0.27960844     *N3758  
*N3758  0.719829535     
GRID*   3759            0               0.149133231     -0.284435201    *N3759  
*N3759  0.721009337     
GRID*   3760            0               0.1489486       -0.284084918    *N3760  
*N3760  0.724328095     
GRID*   3761            0               0.148078482     -0.281906907    *N3761  
*N3761  0.722078815     
GRID*   3762            0               0.152463951     -0.288393666    *N3762  
*N3762  0.725105466     
GRID*   3763            0               0.151774644     -0.287805083    *N3763  
*N3763  0.728826655     
GRID*   3764            0               0.148566427     -0.283263019    *N3764  
*N3764  0.728049285     
GRID*   3765            0               0.150194026     -0.286072316    *N3765  
*N3765  0.726577375     
GRID*   3766            0               0.148085589     -0.281930621    *N3766  
*N3766  0.732172906     
GRID*   3767            0               0.147594222     -0.276893635    *N3767  
*N3767  0.730993104     
GRID*   3768            0               0.14768162      -0.280139184    *N3768  
*N3768  0.729521194     
GRID*   3769            0               0.147900207     -0.281247599    *N3769  
*N3769  0.761417817     
GRID*   3770            0               0.147555453     -0.277384787    *N3770  
*N3770  0.758301128     
GRID*   3771            0               0.14762629      -0.279734352    *N3771  
*N3771  0.753973524     
GRID*   3772            0               0.148657481     -0.283472911    *N3772  
*N3772  0.757090213     
GRID*   3773            0               0.147740969     -0.280495009    *N3773  
*N3773  0.757695671     
GRID*   3774            0               0.147870864     -0.275210718    *N3774  
*N3774  0.762621316     
GRID*   3775            0               0.14937744      -0.271472081    *N3775  
*N3775  0.759512044     
GRID*   3776            0               0.148414471     -0.273446606    *N3776  
*N3776  0.755191855     
GRID*   3777            0               0.148111479     -0.274319051    *N3777  
*N3777  0.758906586     
GRID*   3778            0               0.150530513     -0.269838011    *N3778  
*N3778  0.752089998     
GRID*   3779            0               0.149201229     -0.271776691    *N3779  
*N3779  0.747762395     
GRID*   3780            0               0.147765893     -0.275705991    *N3780  
*N3780  0.750864252     
GRID*   3781            0               0.148778327     -0.272597739    *N3781  
*N3781  0.751477125     
GRID*   3782            0               0.147532039     -0.278199404    *N3782  
*N3782  0.746529232     
GRID*   3783            0               0.148163443     -0.282180423    *N3783  
*N3783  0.749638505     
GRID*   3784            0               0.147556566     -0.278968266    *N3784  
*N3784  0.750251378     
GRID*   3785            0               0.164410495     -0.29066747     *N3785  
*N3785  0.714435668     
GRID*   3786            0               0.16177975      -0.291181998    *N3786  
*N3786  0.712269633     
GRID*   3787            0               0.16454882      -0.290624464    *N3787  
*N3787  0.710805157     
GRID*   3788            0               0.161211217     -0.291221058    *N3788  
*N3788  0.71976697      
GRID*   3789            0               0.164276259     -0.290707605    *N3789  
*N3789  0.71806618      
GRID*   3790            0               0.155161997     -0.290050152    *N3790  
*N3790  0.723168549     
GRID*   3791            0               0.158534823     -0.291071145    *N3791  
*N3791  0.717600935     
GRID*   3792            0               0.158116611     -0.290997223    *N3792  
*N3792  0.721467759     
GRID*   3793            0               0.156217813     -0.290478698    *N3793  
*N3793  0.715198586     
GRID*   3794            0               0.158960622     -0.291132122    *N3794  
*N3794  0.71373411      
GRID*   3795            0               0.162010422     -0.265175696    *N3795  
*N3795  0.532632567     
GRID*   3796            0               0.166375527     -0.266444906    *N3796  
*N3796  0.531276936     
GRID*   3797            0               0.164678526     -0.265752117    *N3797  
*N3797  0.527556319     
GRID*   3798            0               0.160178774     -0.26510615     *N3798  
*N3798  0.52891195      
GRID*   3799            0               0.163359566     -0.265394051    *N3799  
*N3799  0.530094443     
GRID*   3800            0               0.168559802     -0.267803279    *N3800  
*N3800  0.535747348     
GRID*   3801            0               0.171212987     -0.270542588    *N3801  
*N3801  0.533641923     
GRID*   3802            0               0.169513883     -0.268611455    *N3802  
*N3802  0.529171511     
GRID*   3803            0               0.169046514     -0.268195949    *N3803  
*N3803  0.532459429     
GRID*   3804            0               0.171501817     -0.270961597    *N3804  
*N3804  0.526316291     
GRID*   3805            0               0.170386357     -0.269507115    *N3805  
*N3805  0.522595674     
GRID*   3806            0               0.16808915      -0.267458239    *N3806  
*N3806  0.525450893     
GRID*   3807            0               0.169960838     -0.269048844    *N3807  
*N3807  0.525883592     
GRID*   3808            0               0.167168679     -0.266870233    *N3808  
*N3808  0.52248007      
GRID*   3809            0               0.163627491     -0.265454889    *N3809  
*N3809  0.524585495     
GRID*   3810            0               0.165952877     -0.266245978    *N3810  
*N3810  0.525018194     
GRID*   3811            0               0.173338317     -0.281084192    *N3811  
*N3811  0.539998572     
GRID*   3812            0               0.17366714      -0.278317248    *N3812  
*N3812  0.53420337      
GRID*   3813            0               0.173410238     -0.275584643    *N3813  
*N3813  0.536820247     
GRID*   3814            0               0.173666591     -0.27835924     *N3814  
*N3814  0.542615449     
GRID*   3815            0               0.173666883     -0.278338244    *N3815  
*N3815  0.53840941      
GRID*   3816            0               0.17338678      -0.280863818    *N3816  
*N3816  0.531224344     
GRID*   3817            0               0.173667555     -0.278275253    *N3817  
*N3817  0.525791292     
GRID*   3818            0               0.17343748      -0.275723648    *N3818  
*N3818  0.528770318     
GRID*   3819            0               0.173667364     -0.278296251    *N3819  
*N3819  0.529997331     
GRID*   3820            0               0.172766415     -0.273397561    *N3820  
*N3820  0.523699414     
GRID*   3821            0               0.172643925     -0.273096216    *N3821  
*N3821  0.531387195     
GRID*   3822            0               0.172706107     -0.273246507    *N3822  
*N3822  0.527543305     
GRID*   3823            0               0.172513972     -0.272798013    *N3823  
*N3823  0.539074975     
GRID*   3824            0               0.172579877     -0.27294671     *N3824  
*N3824  0.535231085     
GRID*   3825            0               0.164891813     -0.265824225    *N3825  
*N3825  0.463068164     
GRID*   3826            0               0.162195069     -0.265197071    *N3826  
*N3826  0.459803574     
GRID*   3827            0               0.16014801      -0.265107179    *N3827  
*N3827  0.462234957     
GRID*   3828            0               0.162909637     -0.265305081    *N3828  
*N3828  0.465499547     
GRID*   3829            0               0.1625531       -0.265246136    *N3829  
*N3829  0.462651561     
GRID*   3830            0               0.164281187     -0.265628561    *N3830  
*N3830  0.457507614     
GRID*   3831            0               0.159345575     -0.265159707    *N3831  
*N3831  0.456403562     
GRID*   3832            0               0.161840577     -0.265158378    *N3832  
*N3832  0.456935768     
GRID*   3833            0               0.154514505     -0.266602786    *N3833  
*N3833  0.455817298     
GRID*   3834            0               0.157300039     -0.265522879    *N3834  
*N3834  0.459007541     
GRID*   3835            0               0.15686628      -0.265644103    *N3835  
*N3835  0.456045938     
GRID*   3836            0               0.155438859     -0.266161726    *N3836  
*N3836  0.461574346     
GRID*   3837            0               0.158192124     -0.26532311     *N3837  
*N3837  0.464801762     
GRID*   3838            0               0.157744334     -0.265415191    *N3838  
*N3838  0.461904652     
GRID*   3839            0               0.173160337     -0.274560346    *N3839  
*N3839  0.869392168     
GRID*   3840            0               0.171883495     -0.271575291    *N3840  
*N3840  0.872219224     
GRID*   3841            0               0.173193002     -0.274676095    *N3841  
*N3841  0.873103204     
GRID*   3842            0               0.173083854     -0.27430394     *N3842  
*N3842  0.862177772     
GRID*   3843            0               0.171801332     -0.271436626    *N3843  
*N3843  0.864353732     
GRID*   3844            0               0.173122752     -0.274431947    *N3844  
*N3844  0.86578497      
GRID*   3845            0               0.169757367     -0.268844525    *N3845  
*N3845  0.8586642       
GRID*   3846            0               0.167205849     -0.266891927    *N3846  
*N3846  0.86129189      
GRID*   3847            0               0.169820502     -0.268906962    *N3847  
*N3847  0.866981421     
GRID*   3848            0               0.169788988     -0.26887569     *N3848  
*N3848  0.862822811     
GRID*   3849            0               0.16722         -0.26690023     *N3849  
*N3849  0.87006084      
GRID*   3850            0               0.169852946     -0.268939379    *N3850  
*N3850  0.871134096     
GRID*   3851            0               0.173373357     -0.280926705    *N3851  
*N3851  0.847362466     
GRID*   3852            0               0.173525689     -0.276244031    *N3852  
*N3852  0.850382343     
GRID*   3853            0               0.173655532     -0.27759666     *N3853  
*N3853  0.854770119     
GRID*   3854            0               0.173621335     -0.27927074     *N3854  
*N3854  0.851066293     
GRID*   3855            0               0.173287722     -0.275037768    *N3855  
*N3855  0.846709791     
GRID*   3856            0               0.171294559     -0.270657431    *N3856  
*N3856  0.849014443     
GRID*   3857            0               0.171953019     -0.271695762    *N3857  
*N3857  0.852686996     
GRID*   3858            0               0.172735961     -0.273320601    *N3858  
*N3858  0.849698393     
GRID*   3859            0               0.168739758     -0.267944006    *N3859  
*N3859  0.854276424     
GRID*   3860            0               0.172563667     -0.27290967     *N3860  
*N3860  0.857074772     
GRID*   3861            0               0.17095381      -0.270194202    *N3861  
*N3861  0.855675598     
GRID*   3862            0               0.173475386     -0.27593195     *N3862  
*N3862  0.858473946     
GRID*   3863            0               0.168655299     -0.288457393    *N3863  
*N3863  0.467459583     
GRID*   3864            0               0.170329457     -0.286891481    *N3864  
*N3864  0.471222803     
GRID*   3865            0               0.169011056     -0.288168698    *N3865  
*N3865  0.474263769     
GRID*   3866            0               0.168834934     -0.288314206    *N3866  
*N3866  0.470861676     
GRID*   3867            0               0.171194207     -0.285818202    *N3867  
*N3867  0.468402362     
GRID*   3868            0               0.172551613     -0.283452393    *N3868  
*N3868  0.471945057     
GRID*   3869            0               0.171928491     -0.284681799    *N3869  
*N3869  0.474765498     
GRID*   3870            0               0.171576066     -0.28525951     *N3870  
*N3870  0.47158393      
GRID*   3871            0               0.173161557     -0.281770122    *N3871  
*N3871  0.478087669     
GRID*   3872            0               0.172532817     -0.283494695    *N3872  
*N3872  0.481128635     
GRID*   3873            0               0.170903934     -0.28620487     *N3873  
*N3873  0.477806464     
GRID*   3874            0               0.17224579      -0.284095952    *N3874  
*N3874  0.477947067     
GRID*   3875            0               0.169340916     -0.287881731    *N3875  
*N3875  0.481067954     
GRID*   3876            0               0.169177714     -0.288026135    *N3876  
*N3876  0.477665861     
GRID*   3877            0               0.173249916     -0.28144642     *N3877  
*N3877  0.468444026     
GRID*   3878            0               0.173667444     -0.278046836    *N3878  
*N3878  0.470915314     
GRID*   3879            0               0.173514358     -0.280165355    *N3879  
*N3879  0.474416345     
GRID*   3880            0               0.173398176     -0.280809198    *N3880  
*N3880  0.471430186     
GRID*   3881            0               0.173384059     -0.27545803     *N3881  
*N3881  0.467584577     
GRID*   3882            0               0.172452098     -0.272662781    *N3882  
*N3882  0.469885571     
GRID*   3883            0               0.173308272     -0.275122291    *N3883  
*N3883  0.473216308     
GRID*   3884            0               0.173347271     -0.275289911    *N3884  
*N3884  0.470400442     
GRID*   3885            0               0.172509572     -0.27278826     *N3885  
*N3885  0.475347008     
GRID*   3886            0               0.17322367      -0.274788665    *N3886  
*N3886  0.478848039     
GRID*   3887            0               0.173633707     -0.277221255    *N3887  
*N3887  0.476717339     
GRID*   3888            0               0.17326707      -0.274955199    *N3888  
*N3888  0.476032173     
GRID*   3889            0               0.173649404     -0.278864271    *N3889  
*N3889  0.480388663     
GRID*   3890            0               0.17359817      -0.279516503    *N3890  
*N3890  0.477402504     
GRID*   3891            0               0.14764142      -0.276479812    *N3891  
*N3891  0.734777055     
GRID*   3892            0               0.148556919     -0.273094212    *N3892  
*N3892  0.733622091     
GRID*   3893            0               0.148401364     -0.27348058     *N3893  
*N3893  0.72983814      
GRID*   3894            0               0.147932315     -0.274957626    *N3894  
*N3894  0.732307597     
GRID*   3895            0               0.148751551     -0.272654929    *N3895  
*N3895  0.736639102     
GRID*   3896            0               0.15060299      -0.269751161    *N3896  
*N3896  0.736251078     
GRID*   3897            0               0.150300361     -0.270124346    *N3897  
*N3897  0.733234067     
GRID*   3898            0               0.149453906     -0.27134554     *N3898  
*N3898  0.734936585     
GRID*   3899            0               0.152708002     -0.267751555    *N3899  
*N3899  0.733612982     
GRID*   3900            0               0.152380077     -0.268008349    *N3900  
*N3900  0.729829031     
GRID*   3901            0               0.150049276     -0.270456662    *N3901  
*N3901  0.729450116     
GRID*   3902            0               0.151279973     -0.269007135    *N3902  
*N3902  0.731531549     
GRID*   3903            0               0.14984512      -0.270744073    *N3903  
*N3903  0.724899226     
GRID*   3904            0               0.149041969     -0.272069447    *N3904  
*N3904  0.727368683     
GRID*   3905            0               0.173127062     -0.281888293    *N3905  
*N3905  0.820040082     
GRID*   3906            0               0.173659688     -0.277701335    *N3906  
*N3906  0.824053996     
GRID*   3907            0               0.173633222     -0.279120121    *N3907  
*N3907  0.827084963     
GRID*   3908            0               0.173454871     -0.280517871    *N3908  
*N3908  0.823562523     
GRID*   3909            0               0.17349717      -0.276061267    *N3909  
*N3909  0.821374278     
GRID*   3910            0               0.172258632     -0.272264063    *N3910  
*N3910  0.825036943     
GRID*   3911            0               0.17290894      -0.273778439    *N3911  
*N3911  0.827716661     
GRID*   3912            0               0.173254636     -0.274906562    *N3912  
*N3912  0.82454547      
GRID*   3913            0               0.17114549      -0.270449507    *N3913  
*N3913  0.831028077     
GRID*   3914            0               0.17192015      -0.271638437    *N3914  
*N3914  0.834059044     
GRID*   3915            0               0.173312253     -0.275138951    *N3915  
*N3915  0.830747628     
GRID*   3916            0               0.172462899     -0.272686096    *N3916  
*N3916  0.830887853     
GRID*   3917            0               0.173535012     -0.276307768    *N3917  
*N3917  0.834129845     
GRID*   3918            0               0.173660039     -0.277711293    *N3918  
*N3918  0.830607404     
GRID*   3919            0               0.160398312     -0.265100916    *N3919  
*N3919  0.869839353     
GRID*   3920            0               0.156519539     -0.265752753    *N3920  
*N3920  0.866696442     
GRID*   3921            0               0.153637235     -0.267108764    *N3921  
*N3921  0.870867794     
GRID*   3922            0               0.156869287     -0.265643207    *N3922  
*N3922  0.870256726     
GRID*   3923            0               0.163805886     -0.265498701    *N3923  
*N3923  0.86587751      
GRID*   3924            0               0.16394413      -0.265534489    *N3924  
*N3924  0.86985407      
GRID*   3925            0               0.163550951     -0.265436904    *N3925  
*N3925  0.857732335     
GRID*   3926            0               0.159890414     -0.265118639    *N3926  
*N3926  0.862317955     
GRID*   3927            0               0.163678574     -0.265467162    *N3927  
*N3927  0.861804923     
GRID*   3928            0               0.155809612     -0.266009037    *N3928  
*N3928  0.859382177     
GRID*   3929            0               0.152810989     -0.267674318    *N3929  
*N3929  0.863760664     
GRID*   3930            0               0.156162725     -0.265875769    *N3930  
*N3930  0.863039309     
GRID*   3931            0               0.149465502     -0.27132663     *N3931  
*N3931  0.705410259     
GRID*   3932            0               0.148346184     -0.273626808    *N3932  
*N3932  0.701944507     
GRID*   3933            0               0.147618497     -0.276666291    *N3933  
*N3933  0.705327342     
GRID*   3934            0               0.148159635     -0.274166118    *N3934  
*N3934  0.708793094     
GRID*   3935            0               0.148249965     -0.273895445    *N3935  
*N3935  0.7053688       
GRID*   3936            0               0.149829111     -0.27076732     *N3936  
*N3936  0.698665931     
GRID*   3937            0               0.1485561       -0.273096158    *N3937  
*N3937  0.695095921     
GRID*   3938            0               0.147681505     -0.276196291    *N3938  
*N3938  0.698374497     
GRID*   3939            0               0.148448245     -0.273360337    *N3939  
*N3939  0.698520214     
GRID*   3940            0               0.147555063     -0.278943405    *N3940  
*N3940  0.694700229     
GRID*   3941            0               0.148112409     -0.282018685    *N3941  
*N3941  0.698083063     
GRID*   3942            0               0.147582943     -0.279320114    *N3942  
*N3942  0.701757332     
GRID*   3943            0               0.147567642     -0.27913186     *N3943  
*N3943  0.69822878      
GRID*   3944            0               0.148198191     -0.282286555    *N3944  
*N3944  0.705244425     
GRID*   3945            0               0.147621699     -0.27969586     *N3945  
*N3945  0.708814435     
GRID*   3946            0               0.147600963     -0.279508127    *N3946  
*N3946  0.705285883     
GRID*   3947            0               0.149080475     -0.271997013    *N3947  
*N3947  0.872405517     
GRID*   3948            0               0.147770063     -0.275684348    *N3948  
*N3948  0.869177523     
GRID*   3949            0               0.147877267     -0.275183286    *N3949  
*N3949  0.872988098     
GRID*   3950            0               0.150703508     -0.269633189    *N3950  
*N3950  0.867999496     
GRID*   3951            0               0.15103984      -0.269258041    *N3951  
*N3951  0.871628986     
GRID*   3952            0               0.15007326      -0.270423952    *N3952  
*N3952  0.860725176     
GRID*   3953            0               0.148633863     -0.272915295    *N3953  
*N3953  0.864964008     
GRID*   3954            0               0.150380732     -0.270022472    *N3954  
*N3954  0.864362336     
GRID*   3955            0               0.147618033     -0.276670307    *N3955  
*N3955  0.861761331     
GRID*   3956            0               0.147684636     -0.276175876    *N3956  
*N3956  0.865469427     
GRID*   3957            0               0.165600664     -0.266094001    *N3957  
*N3957  0.853201281     
GRID*   3958            0               0.160541896     -0.265099489    *N3958  
*N3958  0.850433097     
GRID*   3959            0               0.158397554     -0.265286294    *N3959  
*N3959  0.854964152     
GRID*   3960            0               0.162056229     -0.26518075     *N3960  
*N3960  0.854082716     
GRID*   3961            0               0.162156278     -0.26519236     *N3961  
*N3961  0.845789013     
GRID*   3962            0               0.157535961     -0.265463648    *N3962  
*N3962  0.843133859     
GRID*   3963            0               0.155990457     -0.265939329    *N3963  
*N3963  0.847777944     
GRID*   3964            0               0.159028346     -0.265194213    *N3964  
*N3964  0.846783478     
GRID*   3965            0               0.152429151     -0.267968837    *N3965  
*N3965  0.84523582      
GRID*   3966            0               0.150865872     -0.269448451    *N3966  
*N3966  0.849766875     
GRID*   3967            0               0.154045718     -0.266861874    *N3967  
*N3967  0.852308999     
GRID*   3968            0               0.15321666      -0.267385017    *N3968  
*N3968  0.84877241      
GRID*   3969            0               0.151872013     -0.26844137     *N3969  
*N3969  0.856727024     
GRID*   3970            0               0.15491166      -0.266402352    *N3970  
*N3970  0.855845588     
GRID*   3971            0               0.173174464     -0.281724813    *N3971  
*N3971  0.553655471     
GRID*   3972            0               0.173663769     -0.278499863    *N3972  
*N3972  0.548818722     
GRID*   3973            0               0.173369773     -0.275391476    *N3973  
*N3973  0.550185247     
GRID*   3974            0               0.173659434     -0.278640448    *N3974  
*N3974  0.555021996     
GRID*   3975            0               0.173661791     -0.278570162    *N3975  
*N3975  0.551920359     
GRID*   3976            0               0.173269072     -0.281371615    *N3976  
*N3976  0.547475614     
GRID*   3977            0               0.173387426     -0.275473966    *N3977  
*N3977  0.543958557     
GRID*   3978            0               0.173665369     -0.278429556    *N3978  
*N3978  0.545717086     
GRID*   3979            0               0.170900241     -0.270125117    *N3979  
*N3979  0.5404415       
GRID*   3980            0               0.172383534     -0.272517497    *N3980  
*N3980  0.545325082     
GRID*   3981            0               0.172449583     -0.272657369    *N3981  
*N3981  0.542200029     
GRID*   3982            0               0.170562859     -0.26971076     *N3982  
*N3982  0.546715024     
GRID*   3983            0               0.172246492     -0.272240148    *N3983  
*N3983  0.551575189     
GRID*   3984            0               0.172315834     -0.272378417    *N3984  
*N3984  0.548450136     
GRID*   3985            0               0.159395597     -0.26515498     *N3985  
*N3985  0.70102047      
GRID*   3986            0               0.161721575     -0.265147579    *N3986  
*N3986  0.70543779      
GRID*   3987            0               0.165075213     -0.26588953     *N3987  
*N3987  0.702994251     
GRID*   3988            0               0.162827648     -0.265290628    *N3988  
*N3988  0.69857693      
GRID*   3989            0               0.162276138     -0.265207299    *N3989  
*N3989  0.70200736      
GRID*   3990            0               0.158192232     -0.26532309     *N3990  
*N3990  0.707548219     
GRID*   3991            0               0.160607333     -0.265099362    *N3991  
*N3991  0.71229865      
GRID*   3992            0               0.164108322     -0.265579099    *N3992  
*N3992  0.710188221     
GRID*   3993            0               0.161164969     -0.265111578    *N3993  
*N3993  0.70886822      
GRID*   3994            0               0.166463633     -0.266488728    *N3994  
*N3994  0.715271761     
GRID*   3995            0               0.167267084     -0.266928026    *N3995  
*N3995  0.707744681     
GRID*   3996            0               0.166869207     -0.266701337    *N3996  
*N3996  0.711508221     
GRID*   3997            0               0.168037798     -0.267422511    *N3997  
*N3997  0.700217601     
GRID*   3998            0               0.167656773     -0.267168516    *N3998  
*N3998  0.703981141     
GRID*   3999            0               0.149353092     -0.271513061    *N3999  
*N3999  0.853856566     
GRID*   4000            0               0.148233113     -0.273944478    *N4000  
*N4000  0.857854718     
GRID*   4001            0               0.149699565     -0.270959506    *N4001  
*N4001  0.857290871     
GRID*   4002            0               0.148745202     -0.272668598    *N4002  
*N4002  0.846987957     
GRID*   4003            0               0.147900769     -0.275084803    *N4003  
*N4003  0.851077648     
GRID*   4004            0               0.149034706     -0.272083233    *N4004  
*N4004  0.850422262     
GRID*   4005            0               0.147547665     -0.278807021    *N4005  
*N4005  0.848390269     
GRID*   4006            0               0.147951868     -0.281453295    *N4006  
*N4006  0.852388421     
GRID*   4007            0               0.147539081     -0.277737223    *N4007  
*N4007  0.8550758       
GRID*   4008            0               0.147532421     -0.27827221     *N4008  
*N4008  0.851733035     
GRID*   4009            0               0.147746232     -0.280523897    *N4009  
*N4009  0.858982413     
GRID*   4010            0               0.147567634     -0.277202957    *N4010  
*N4010  0.858418565     
GRID*   4011            0               0.153529858     -0.289157615    *N4011  
*N4011  0.857356999     
GRID*   4012            0               0.151419993     -0.287467902    *N4012  
*N4012  0.853721801     
GRID*   4013            0               0.154935285     -0.289943761    *N4013  
*N4013  0.851419982     
GRID*   4014            0               0.15422045      -0.289572357    *N4014  
*N4014  0.85438849      
GRID*   4015            0               0.150483449     -0.286439483    *N4015  
*N4015  0.859877809     
GRID*   4016            0               0.152866132     -0.288701111    *N4016  
*N4016  0.860325508     
GRID*   4017            0               0.14899798      -0.284181156    *N4017  
*N4017  0.856242611     
GRID*   4018            0               0.148740092     -0.283655091    *N4018  
*N4018  0.859430111     
GRID*   4019            0               0.14958315      -0.28519599     *N4019  
*N4019  0.849867611     
GRID*   4020            0               0.149279188     -0.284695134    *N4020  
*N4020  0.853055111     
GRID*   4021            0               0.172911677     -0.282548595    *N4021  
*N4021  0.844307915     
GRID*   4022            0               0.173660004     -0.27862444     *N4022  
*N4022  0.840746156     
GRID*   4023            0               0.173610127     -0.276938857    *N4023  
*N4023  0.843800708     
GRID*   4024            0               0.173567873     -0.279781946    *N4024  
*N4024  0.844054311     
GRID*   4025            0               0.173529805     -0.280062821    *N4025  
*N4025  0.837546135     
GRID*   4026            0               0.173250809     -0.274891745    *N4026  
*N4026  0.837329866     
GRID*   4027            0               0.173649021     -0.277463325    *N4027  
*N4027  0.837438        
GRID*   4028            0               0.17098515      -0.270235066    *N4028  
*N4028  0.837113596     
GRID*   4029            0               0.172723668     -0.273289933    *N4029  
*N4029  0.840384417     
GRID*   4030            0               0.172350958     -0.272450052    *N4030  
*N4030  0.837221731     
GRID*   4031            0               0.171873968     -0.271559011    *N4031  
*N4031  0.843293501     
GRID*   4032            0               0.173036438     -0.274153929    *N4032  
*N4032  0.843547104     
GRID*   4033            0               0.169694071     -0.268782771    *N4033  
*N4033  0.719476897     
GRID*   4034            0               0.172105662     -0.271971203    *N4034  
*N4034  0.722889663     
GRID*   4035            0               0.173198337     -0.274695397    *N4035  
*N4035  0.720569073     
GRID*   4036            0               0.171841883     -0.271504575    *N4036  
*N4036  0.720022985     
GRID*   4037            0               0.170946507     -0.270184727    *N4037  
*N4037  0.724914059     
GRID*   4038            0               0.172574736     -0.272934931    *N4038  
*N4038  0.728623019     
GRID*   4039            0               0.173265584     -0.274949345    *N4039  
*N4039  0.726598623     
GRID*   4040            0               0.172350084     -0.272448256    *N4040  
*N4040  0.725756341     
GRID*   4041            0               0.173639922     -0.27731117     *N4041  
*N4041  0.730603778     
GRID*   4042            0               0.173502091     -0.280243094    *N4042  
*N4042  0.728283188     
GRID*   4043            0               0.173664321     -0.277857297    *N4043  
*N4043  0.724278033     
GRID*   4044            0               0.173654978     -0.277584106    *N4044  
*N4044  0.727440905     
GRID*   4045            0               0.173217659     -0.281568435    *N4045  
*N4045  0.721661249     
GRID*   4046            0               0.173667948     -0.278130623    *N4046  
*N4046  0.721115161     
GRID*   4047            0               0.152546482     -0.267875933    *N4047  
*N4047  0.726139539     
GRID*   4048            0               0.152924888     -0.267590722    *N4048  
*N4048  0.722933491     
GRID*   4049            0               0.150121319     -0.270359039    *N4049  
*N4049  0.721693178     
GRID*   4050            0               0.151251093     -0.269036611    *N4050  
*N4050  0.723916359     
GRID*   4051            0               0.155539784     -0.266118839    *N4051  
*N4051  0.7305859       
GRID*   4052            0               0.155736518     -0.266038091    *N4052  
*N4052  0.726896408     
GRID*   4053            0               0.153984537     -0.266897565    *N4053  
*N4053  0.728362719     
GRID*   4054            0               0.159052892     -0.265191263    *N4054  
*N4054  0.727169832     
GRID*   4055            0               0.159524352     -0.265143704    *N4055  
*N4055  0.723963784     
GRID*   4056            0               0.156179457     -0.265869741    *N4056  
*N4056  0.723690359     
GRID*   4057            0               0.157596952     -0.265449092    *N4057  
*N4057  0.725430096     
GRID*   4058            0               0.156877843     -0.265640661    *N4058  
*N4058  0.720967755     
GRID*   4059            0               0.153531665     -0.267175942    *N4059  
*N4059  0.720210887     
GRID*   4060            0               0.154818554     -0.266447825    *N4060  
*N4060  0.721950623     
GRID*   4061            0               0.159332045     -0.265161018    *N4061  
*N4061  0.588192615     
GRID*   4062            0               0.15700525      -0.265603507    *N4062  
*N4062  0.585663634     
GRID*   4063            0               0.157174382     -0.265556342    *N4063  
*N4063  0.588206062     
GRID*   4064            0               0.16369275      -0.265470607    *N4064  
*N4064  0.58816572      
GRID*   4065            0               0.161066905     -0.265107703    *N4065  
*N4065  0.585963753     
GRID*   4066            0               0.161525435     -0.265132169    *N4066  
*N4066  0.588179167     
GRID*   4067            0               0.162513437     -0.265240203    *N4067  
*N4067  0.584061906     
GRID*   4068            0               0.160148682     -0.265107155    *N4068  
*N4068  0.581532925     
GRID*   4069            0               0.158701992     -0.265237928    *N4069  
*N4069  0.583434773     
GRID*   4070            0               0.160607798     -0.265099362    *N4070  
*N4070  0.583748339     
GRID*   4071            0               0.156668965     -0.265704632    *N4071  
*N4071  0.580578778     
GRID*   4072            0               0.156836768     -0.26565294     *N4072  
*N4072  0.583121206     
GRID*   4073            0               0.173228628     -0.274807244    *N4073  
*N4073  0.564688744     
GRID*   4074            0               0.172227375     -0.272202732    *N4074  
*N4074  0.566432407     
GRID*   4075            0               0.173216357     -0.27476146     *N4075  
*N4075  0.56978806      
GRID*   4076            0               0.173222513     -0.274784347    *N4076  
*N4076  0.567238402     
GRID*   4077            0               0.170900583     -0.270125556    *N4077  
*N4077  0.562507067     
GRID*   4078            0               0.168741446     -0.26794535     *N4078  
*N4078  0.564820417     
GRID*   4079            0               0.170516018     -0.269655884    *N4079  
*N4079  0.568745758     
GRID*   4080            0               0.170711028     -0.269888487    *N4080  
*N4080  0.565626412     
GRID*   4081            0               0.168029469     -0.267416749    *N4081  
*N4081  0.571628796     
GRID*   4082            0               0.170110056     -0.269204578    *N4082  
*N4082  0.574984449     
GRID*   4083            0               0.172074382     -0.271913467    *N4083  
*N4083  0.57210141      
GRID*   4084            0               0.170315658     -0.269427874    *N4084  
*N4084  0.571865103     
GRID*   4085            0               0.173203921     -0.274715721    *N4085  
*N4085  0.574887376     
GRID*   4086            0               0.17321016      -0.274738585    *N4086  
*N4086  0.572337718     
GRID*   4087            0               0.170703646     -0.269879479    *N4087  
*N4087  0.75109652      
GRID*   4088            0               0.172978764     -0.27397942     *N4088  
*N4088  0.748969174     
GRID*   4089            0               0.172208584     -0.272166244    *N4089  
*N4089  0.746157168     
GRID*   4090            0               0.169343018     -0.26845488     *N4090  
*N4090  0.748284514     
GRID*   4091            0               0.17151616      -0.270983345    *N4091  
*N4091  0.748626844     
GRID*   4092            0               0.173550878     -0.276421688    *N4092  
*N4092  0.752044298     
GRID*   4093            0               0.173443995     -0.280576597    *N4093  
*N4093  0.749653834     
GRID*   4094            0               0.173667696     -0.278078209    *N4094  
*N4094  0.746578711     
GRID*   4095            0               0.173635627     -0.277248091    *N4095  
*N4095  0.749311504     
GRID*   4096            0               0.173190258     -0.281668506    *N4096  
*N4096  0.74392513      
GRID*   4097            0               0.173573491     -0.279736171    *N4097  
*N4097  0.741113124     
GRID*   4098            0               0.173505814     -0.276114901    *N4098  
*N4098  0.743766705     
GRID*   4099            0               0.173646956     -0.278908688    *N4099  
*N4099  0.743845917     
GRID*   4100            0               0.173204095     -0.274716359    *N4100  
*N4100  0.741217816     
GRID*   4101            0               0.17148298      -0.270933178    *N4101  
*N4101  0.743608279     
GRID*   4102            0               0.1727733       -0.273415162    *N4102  
*N4102  0.743687492     
GRID*   4103            0               0.169087047     -0.288104294    *N4103  
*N4103  0.735710568     
GRID*   4104            0               0.170932839     -0.286167676    *N4104  
*N4104  0.740682325     
GRID*   4105            0               0.169301814     -0.287916773    *N4105  
*N4105  0.742411276     
GRID*   4106            0               0.169195168     -0.288010922    *N4106  
*N4106  0.739060922     
GRID*   4107            0               0.172084495     -0.284402663    *N4107  
*N4107  0.739277374     
GRID*   4108            0               0.172463731     -0.283646823    *N4108  
*N4108  0.74533008      
GRID*   4109            0               0.172280228     -0.284027811    *N4109  
*N4109  0.742303727     
GRID*   4110            0               0.171266473     -0.285717127    *N4110  
*N4110  0.747059032     
GRID*   4111            0               0.172632946     -0.2832645      *N4111  
*N4111  0.748356433     
GRID*   4112            0               0.169404348     -0.287824279    *N4112  
*N4112  0.74576163      
GRID*   4113            0               0.173612731     -0.279367962    *N4113  
*N4113  0.739064267     
GRID*   4114            0               0.173657349     -0.278694859    *N4114  
*N4114  0.736697612     
GRID*   4115            0               0.173009218     -0.274070541    *N4115  
*N4115  0.738851161     
GRID*   4116            0               0.173584011     -0.276688146    *N4116  
*N4116  0.738957714     
GRID*   4117            0               0.172256549     -0.284074769    *N4117  
*N4117  0.737228518     
GRID*   4118            0               0.173104622     -0.281963022    *N4118  
*N4118  0.739170821     
GRID*   4119            0               0.16958852      -0.287653093    *N4119  
*N4119  0.733343913     
GRID*   4120            0               0.172545862     -0.283465379    *N4120  
*N4120  0.734861863     
GRID*   4121            0               0.171073        -0.285983298    *N4121  
*N4121  0.735286215     
GRID*   4122            0               0.172908891     -0.282556418    *N4122  
*N4122  0.732177409     
GRID*   4123            0               0.173660206     -0.277716089    *N4123  
*N4123  0.734013158     
GRID*   4124            0               0.173429242     -0.28065396     *N4124  
*N4124  0.734437511     
GRID*   4125            0               0.171481123     -0.270930386    *N4125  
*N4125  0.594300596     
GRID*   4126            0               0.170871235     -0.270088105    *N4126  
*N4126  0.597985466     
GRID*   4127            0               0.17235058      -0.272449274    *N4127  
*N4127  0.597445159     
GRID*   4128            0               0.169175812     -0.26830693     *N4128  
*N4128  0.588011471     
GRID*   4129            0               0.168846424     -0.268029849    *N4129  
*N4129  0.591826393     
GRID*   4130            0               0.170416502     -0.269541299    *N4130  
*N4130  0.591156033     
GRID*   4131            0               0.166030558     -0.266281163    *N4131  
*N4131  0.589482241     
GRID*   4132            0               0.168014247     -0.267406246    *N4132  
*N4132  0.595511262     
GRID*   4133            0               0.167046992     -0.26680035     *N4133  
*N4133  0.592496752     
GRID*   4134            0               0.168924944     -0.26809423     *N4134  
*N4134  0.598525773     
GRID*   4135            0               0.173531163     -0.27628119     *N4135  
*N4135  0.580353934     
GRID*   4136            0               0.17301726      -0.274094979    *N4136  
*N4136  0.583463245     
GRID*   4137            0               0.173622349     -0.277076004    *N4137  
*N4137  0.583087213     
GRID*   4138            0               0.172385944     -0.272522526    *N4138  
*N4138  0.577778356     
GRID*   4139            0               0.173391513     -0.275493444    *N4139  
*N4139  0.577620655     
GRID*   4140            0               0.168435021     -0.267708628    *N4140  
*N4140  0.57809376      
GRID*   4141            0               0.171245396     -0.270587903    *N4141  
*N4141  0.580887668     
GRID*   4142            0               0.170701434     -0.269876783    *N4142  
*N4142  0.577936058     
GRID*   4143            0               0.169857977     -0.268944428    *N4143  
*N4143  0.58421531      
GRID*   4144            0               0.171739391     -0.2713346      *N4144  
*N4144  0.583839278     
GRID*   4145            0               0.164753978     -0.265777158    *N4145  
*N4145  0.584873993     
GRID*   4146            0               0.16562806      -0.266105385    *N4146  
*N4146  0.581077833     
GRID*   4147            0               0.163431578     -0.265409821    *N4147  
*N4147  0.580265745     
GRID*   4148            0               0.164097604     -0.265576117    *N4148  
*N4148  0.582569869     
GRID*   4149            0               0.16701498      -0.266782253    *N4149  
*N4149  0.586190515     
GRID*   4150            0               0.165398889     -0.26601239     *N4150  
*N4150  0.587178117     
GRID*   4151            0               0.167811526     -0.267269354    *N4151  
*N4151  0.582394354     
GRID*   4152            0               0.168510699     -0.267765751    *N4152  
*N4152  0.585202913     
GRID*   4153            0               0.166323178     -0.26641926     *N4153  
*N4153  0.576777238     
GRID*   4154            0               0.167081305     -0.266819879    *N4154  
*N4154  0.579585796     
GRID*   4155            0               0.173165114     -0.274577022    *N4155  
*N4155  0.555873421     
GRID*   4156            0               0.173586242     -0.276707863    *N4156  
*N4156  0.55985537      
GRID*   4157            0               0.173658638     -0.2776728      *N4157  
*N4157  0.557438683     
GRID*   4158            0               0.170078834     -0.269171565    *N4158  
*N4158  0.552742896     
GRID*   4159            0               0.171624355     -0.271150507    *N4159  
*N4159  0.557041128     
GRID*   4160            0               0.171948509     -0.271687856    *N4160  
*N4160  0.554308159     
GRID*   4161            0               0.169426279     -0.268530482    *N4161  
*N4161  0.558525118     
GRID*   4162            0               0.172634324     -0.273073473    *N4162  
*N4162  0.561023077     
GRID*   4163            0               0.171274778     -0.27062934     *N4163  
*N4163  0.559774097     
GRID*   4164            0               0.173442643     -0.275750929    *N4164  
*N4164  0.562272057     
GRID*   4165            0               0.165668036     -0.266122127    *N4165  
*N4165  0.566636763     
GRID*   4166            0               0.162368472     -0.265219575    *N4166  
*N4166  0.568566455     
GRID*   4167            0               0.164984974     -0.265857013    *N4167  
*N4167  0.573558488     
GRID*   4168            0               0.165328363     -0.265984782    *N4168  
*N4168  0.570097626     
GRID*   4169            0               0.166335167     -0.266425108    *N4169  
*N4169  0.559715039     
GRID*   4170            0               0.162939912     -0.265310555    *N4170  
*N4170  0.561531385     
GRID*   4171            0               0.166003725     -0.266268941    *N4171  
*N4171  0.563175901     
GRID*   4172            0               0.159946815     -0.265115694    *N4172  
*N4172  0.556312661     
GRID*   4173            0               0.15658208      -0.265732371    *N4173  
*N4173  0.558242353     
GRID*   4174            0               0.1595232       -0.265143799    *N4174  
*N4174  0.563461077     
GRID*   4175            0               0.159734893     -0.265128026    *N4175  
*N4175  0.559886869     
GRID*   4176            0               0.156325614     -0.26581818     *N4176  
*N4176  0.565504115     
GRID*   4177            0               0.159100722     -0.26518565     *N4177  
*N4177  0.570609493     
GRID*   4178            0               0.159311791     -0.265163009    *N4178  
*N4178  0.567035285     
GRID*   4179            0               0.162827398     -0.265290585    *N4179  
*N4179  0.685417811     
GRID*   4180            0               0.164296762     -0.265633143    *N4180  
*N4180  0.691059095     
GRID*   4181            0               0.167068507     -0.266812579    *N4181  
*N4181  0.689182545     
GRID*   4182            0               0.165716615     -0.266142682    *N4182  
*N4182  0.68354126      
GRID*   4183            0               0.165014047     -0.265867408    *N4183  
*N4183  0.687300178     
GRID*   4184            0               0.160947154     -0.265103972    *N4184  
*N4184  0.693643667     
GRID*   4185            0               0.166065911     -0.266297379    *N4185  
*N4185  0.695992359     
GRID*   4186            0               0.163567151     -0.26544067     *N4186  
*N4186  0.694818013     
GRID*   4187            0               0.170300447     -0.269410993    *N4187  
*N4187  0.69834105      
GRID*   4188            0               0.168638567     -0.26786425     *N4188  
*N4188  0.694115808     
GRID*   4189            0               0.168341334     -0.267639094    *N4189  
*N4189  0.697166704     
GRID*   4190            0               0.170540564     -0.269684565    *N4190  
*N4190  0.692947278     
GRID*   4191            0               0.169213161     -0.268339538    *N4191  
*N4191  0.688014015     
GRID*   4192            0               0.168929255     -0.268097795    *N4192  
*N4192  0.691064911     
GRID*   4193            0               0.17362086      -0.279276332    *N4193  
*N4193  0.698754815     
GRID*   4194            0               0.173508009     -0.276128749    *N4194  
*N4194  0.695135043     
GRID*   4195            0               0.172985301     -0.273998793    *N4195  
*N4195  0.698547932     
GRID*   4196            0               0.173574258     -0.276604905    *N4196  
*N4196  0.698651374     
GRID*   4197            0               0.173664714     -0.2778743      *N4197  
*N4197  0.691175856     
GRID*   4198            0               0.173323217     -0.275185353    *N4198  
*N4198  0.688102381     
GRID*   4199            0               0.172809776     -0.27350968     *N4199  
*N4199  0.692061567     
GRID*   4200            0               0.173424291     -0.275655351    *N4200  
*N4200  0.691618712     
GRID*   4201            0               0.171819189     -0.271466433    *N4201  
*N4201  0.689534388     
GRID*   4202            0               0.171858903     -0.271533376    *N4202  
*N4202  0.695474457     
GRID*   4203            0               0.171839096     -0.271499875    *N4203  
*N4203  0.692504423     
GRID*   4204            0               0.17187861      -0.271566937    *N4204  
*N4204  0.698444491     
GRID*   4205            0               0.169784203     -0.287463759    *N4205  
*N4205  0.769793726     
GRID*   4206            0               0.17148017      -0.285405766    *N4206  
*N4206  0.773751574     
GRID*   4207            0               0.169544164     -0.287694928    *N4207  
*N4207  0.773157321     
GRID*   4208            0               0.172136071     -0.284306716    *N4208  
*N4208  0.767321902     
GRID*   4209            0               0.170000001     -0.287245498    *N4209  
*N4209  0.76643013      
GRID*   4210            0               0.173640878     -0.277325854    *N4210  
*N4210  0.769105446     
GRID*   4211            0               0.173142177     -0.281837021    *N4211  
*N4211  0.77127975      
GRID*   4212            0               0.173374573     -0.280921069    *N4212  
*N4212  0.768213674     
GRID*   4213            0               0.173555139     -0.279881125    *N4213  
*N4213  0.774940079     
GRID*   4214            0               0.172833597     -0.282762109    *N4214  
*N4214  0.774345827     
GRID*   4215            0               0.16476698      -0.290553194    *N4215  
*N4215  0.605596125     
GRID*   4216            0               0.16240834      -0.291109637    *N4216  
*N4216  0.600312745     
GRID*   4217            0               0.164931974     -0.290496456    *N4217  
*N4217  0.598686655     
GRID*   4218            0               0.164849467     -0.290525137    *N4218  
*N4218  0.60214139      
GRID*   4219            0               0.159639198     -0.291199991    *N4219  
*N4219  0.601823596     
GRID*   4220            0               0.157421581     -0.290842938    *N4220  
*N4220  0.596655457     
GRID*   4221            0               0.160165291     -0.291228127    *N4221  
*N4221  0.595144606     
GRID*   4222            0               0.159902102     -0.291216711    *N4222  
*N4222  0.598484101     
GRID*   4223            0               0.158109511     -0.290995847    *N4223  
*N4223  0.590091706     
GRID*   4224            0               0.160695536     -0.29123501     *N4224  
*N4224  0.588465615     
GRID*   4225            0               0.162756652     -0.291056172    *N4225  
*N4225  0.593518515     
GRID*   4226            0               0.160430378     -0.291234259    *N4226  
*N4226  0.59180511      
GRID*   4227            0               0.165099431     -0.290436335    *N4227  
*N4227  0.591777185     
GRID*   4228            0               0.165015704     -0.290466717    *N4228  
*N4228  0.59523192      
GRID*   4229            0               0.148829074     -0.283843444    *N4229  
*N4229  0.598572595     
GRID*   4230            0               0.150495167     -0.286453793    *N4230  
*N4230  0.594747749     
GRID*   4231            0               0.152346579     -0.288299175    *N4231  
*N4231  0.597614026     
GRID*   4232            0               0.150342954     -0.28626462     *N4232  
*N4232  0.59809331      
GRID*   4233            0               0.149014105     -0.284212164    *N4233  
*N4233  0.591839015     
GRID*   4234            0               0.150810005     -0.286823492    *N4234  
*N4234  0.588056626     
GRID*   4235            0               0.152787143     -0.288642659    *N4235  
*N4235  0.59096536      
GRID*   4236            0               0.150650869     -0.286640105    *N4236  
*N4236  0.591402188     
GRID*   4237            0               0.155606084     -0.290243511    *N4237  
*N4237  0.587225429     
GRID*   4238            0               0.155028351     -0.289988077    *N4238  
*N4238  0.593831637     
GRID*   4239            0               0.155315674     -0.290119285    *N4239  
*N4239  0.590528533     
GRID*   4240            0               0.154744283     -0.289849962    *N4240  
*N4240  0.597134741     
GRID*   4241            0               0.14755025      -0.277476956    *N4241  
*N4241  0.480775235     
GRID*   4242            0               0.147684787     -0.280159818    *N4242  
*N4242  0.482092277     
GRID*   4243            0               0.147543545     -0.277618171    *N4243  
*N4243  0.483393117     
GRID*   4244            0               0.147568242     -0.277194786    *N4244  
*N4244  0.475539471     
GRID*   4245            0               0.147676172     -0.280103152    *N4245  
*N4245  0.47645269      
GRID*   4246            0               0.147558483     -0.277335822    *N4246  
*N4246  0.478157353     
GRID*   4247            0               0.14840441      -0.282862059    *N4247  
*N4247  0.471726322     
GRID*   4248            0               0.149621989     -0.2852565      *N4248  
*N4248  0.473043364     
GRID*   4249            0               0.148345025     -0.282704783    *N4249  
*N4249  0.477769732     
GRID*   4250            0               0.148374464     -0.282783516    *N4250  
*N4250  0.474748027     
GRID*   4251            0               0.149413508     -0.284922729    *N4251  
*N4251  0.479490596     
GRID*   4252            0               0.148316092     -0.282625862    *N4252  
*N4252  0.480791436     
GRID*   4253            0               0.154071001     -0.289487465    *N4253  
*N4253  0.471993921     
GRID*   4254            0               0.152240981     -0.288212231    *N4254  
*N4254  0.470460628     
GRID*   4255            0               0.153640926     -0.289228278    *N4255  
*N4255  0.466344601     
GRID*   4256            0               0.153854718     -0.289359937    *N4256  
*N4256  0.469169261     
GRID*   4257            0               0.152398487     -0.288341238    *N4257  
*N4257  0.476375919     
GRID*   4258            0               0.154289694     -0.289610814    *N4258  
*N4258  0.474818581     
GRID*   4259            0               0.150787761     -0.286798268    *N4259  
*N4259  0.474842627     
GRID*   4260            0               0.150756462     -0.286762555    *N4260  
*N4260  0.477933258     
GRID*   4261            0               0.150850747     -0.286869353    *N4261  
*N4261  0.468661366     
GRID*   4262            0               0.150819189     -0.286833868    *N4262  
*N4262  0.471751996     
GRID*   4263            0               0.150623524     -0.286607891    *N4263  
*N4263  0.502506353     
GRID*   4264            0               0.152363127     -0.288312632    *N4264  
*N4264  0.50572114      
GRID*   4265            0               0.150438821     -0.286384601    *N4265  
*N4265  0.506104967     
GRID*   4266            0               0.152937279     -0.288752979    *N4266  
*N4266  0.498236721     
GRID*   4267            0               0.150813134     -0.286827029    *N4267  
*N4267  0.498907739     
GRID*   4268            0               0.158172239     -0.291007866    *N4268  
*N4268  0.496894686     
GRID*   4269            0               0.155034761     -0.289991096    *N4269  
*N4269  0.501451508     
GRID*   4270            0               0.155430321     -0.29016932     *N4270  
*N4270  0.497565704     
GRID*   4271            0               0.157186279     -0.290781603    *N4271  
*N4271  0.504953485     
GRID*   4272            0               0.154645335     -0.289799839    *N4272  
*N4272  0.505337312     
GRID*   4273            0               0.170965944     -0.286124735    *N4273  
*N4273  0.722525674     
GRID*   4274            0               0.169344724     -0.287878303    *N4274  
*N4274  0.726419896     
GRID*   4275            0               0.169215681     -0.287992972    *N4275  
*N4275  0.722957887     
GRID*   4276            0               0.172533274     -0.283493672    *N4276  
*N4276  0.725454777     
GRID*   4277            0               0.172315437     -0.283957106    *N4277  
*N4277  0.722093462     
GRID*   4278            0               0.171364695     -0.285576406    *N4278  
*N4278  0.729348999     
GRID*   4279            0               0.172730138     -0.283028674    *N4279  
*N4279  0.728816093     
GRID*   4280            0               0.169467678     -0.287766157    *N4280  
*N4280  0.729881904     
GRID*   4281            0               0.154807185     -0.26645344     *N4281  
*N4281  0.763512912     
GRID*   4282            0               0.152403349     -0.267989564    *N4282  
*N4282  0.766634932     
GRID*   4283            0               0.154839053     -0.266437734    *N4283  
*N4283  0.769583439     
GRID*   4284            0               0.154823114     -0.266445576    *N4284  
*N4284  0.766548175     
GRID*   4285            0               0.150422721     -0.269970066    *N4285  
*N4285  0.763319682     
GRID*   4286            0               0.14884786      -0.272452482    *N4286  
*N4286  0.766808446     
GRID*   4287            0               0.150335655     -0.270079353    *N4287  
*N4287  0.770123697     
GRID*   4288            0               0.150379042     -0.270024594    *N4288  
*N4288  0.766721689     
GRID*   4289            0               0.148750215     -0.272657802    *N4289  
*N4289  0.773979206     
GRID*   4290            0               0.150249762     -0.270189565    *N4290  
*N4290  0.776927713     
GRID*   4291            0               0.152362836     -0.268022324    *N4291  
*N4291  0.773072204     
GRID*   4292            0               0.150292561     -0.270134345    *N4292  
*N4292  0.773525705     
GRID*   4293            0               0.154870963     -0.266422115    *N4293  
*N4293  0.775653966     
GRID*   4294            0               0.154855003     -0.266429914    *N4294  
*N4294  0.772618702     
GRID*   4295            0               0.147903632     -0.281261688    *N4295  
*N4295  0.775403088     
GRID*   4296            0               0.148910443     -0.284009181    *N4296  
*N4296  0.771215958     
GRID*   4297            0               0.15261398      -0.288511252    *N4297  
*N4297  0.77682697      
GRID*   4298            0               0.149641928     -0.285287281    *N4298  
*N4298  0.776115029     
GRID*   4299            0               0.147662537     -0.276324893    *N4299  
*N4299  0.77066787      
GRID*   4300            0               0.147594804     -0.276887707    *N4300  
*N4300  0.774691147     
GRID*   4301            0               0.147576907     -0.279249796    *N4301  
*N4301  0.76648074      
GRID*   4302            0               0.147754615     -0.275765546    *N4302  
*N4302  0.766644593     
GRID*   4303            0               0.149952607     -0.285744011    *N4303  
*N4303  0.766153035     
GRID*   4304            0               0.148327401     -0.282656896    *N4304  
*N4304  0.766316888     
GRID*   4305            0               0.169787592     -0.28746041     *N4305  
*N4305  0.797983482     
GRID*   4306            0               0.171474996     -0.285413538    *N4306  
*N4306  0.802039746     
GRID*   4307            0               0.169284851     -0.287931887    *N4307  
*N4307  0.804718171     
GRID*   4308            0               0.169540839     -0.287698048    *N4308  
*N4308  0.801350827     
GRID*   4309            0               0.172147829     -0.284284571    *N4309  
*N4309  0.795595079     
GRID*   4310            0               0.170008781     -0.287236399    *N4310  
*N4310  0.794616138     
GRID*   4311            0               0.173637779     -0.277279137    *N4311  
*N4311  0.79755296      
GRID*   4312            0               0.173145253     -0.281826491    *N4312  
*N4312  0.799651342     
GRID*   4313            0               0.173382099     -0.28088592     *N4313  
*N4313  0.796574019     
GRID*   4314            0               0.173552236     -0.27990293     *N4314  
*N4314  0.803417584     
GRID*   4315            0               0.172439042     -0.283699964    *N4315  
*N4315  0.805805988     
GRID*   4316            0               0.17282808      -0.282776772    *N4316  
*N4316  0.802728665     
GRID*   4317            0               0.165229213     -0.290387957    *N4317  
*N4317  0.577666824     
GRID*   4318            0               0.162930793     -0.291025821    *N4318  
*N4318  0.572585758     
GRID*   4319            0               0.164968054     -0.29048372     *N4319  
*N4319  0.570790129     
GRID*   4320            0               0.16509865      -0.290436621    *N4320  
*N4320  0.574228477     
GRID*   4321            0               0.161110926     -0.291225368    *N4321  
*N4321  0.574233373     
GRID*   4322            0               0.158462122     -0.291059299    *N4322  
*N4322  0.569300321     
GRID*   4323            0               0.160284775     -0.291231557    *N4323  
*N4323  0.567652707     
GRID*   4324            0               0.160697899     -0.291234993    *N4324  
*N4324  0.57094304      
GRID*   4325            0               0.157389392     -0.290834823    *N4325  
*N4325  0.56286767      
GRID*   4326            0               0.159468047     -0.291186242    *N4326  
*N4326  0.561072041     
GRID*   4327            0               0.162389547     -0.291112248    *N4327  
*N4327  0.565857078     
GRID*   4328            0               0.159876056     -0.291215292    *N4328  
*N4328  0.564362374     
GRID*   4329            0               0.164712694     -0.290571326    *N4329  
*N4329  0.563913434     
GRID*   4330            0               0.164840347     -0.290528269    *N4330  
*N4330  0.567351781     
GRID*   4331            0               0.148908418     -0.284005128    *N4331  
*N4331  0.572204325     
GRID*   4332            0               0.150353638     -0.286278136    *N4332  
*N4332  0.568252149     
GRID*   4333            0               0.152837666     -0.288680152    *N4333  
*N4333  0.570752323     
GRID*   4334            0               0.150847217     -0.286865397    *N4334  
*N4334  0.574704499     
GRID*   4335            0               0.150596117     -0.286575389    *N4335  
*N4335  0.571478324     
GRID*   4336            0               0.148629592     -0.283409683    *N4336  
*N4336  0.565745409     
GRID*   4337            0               0.152150208     -0.288135992    *N4337  
*N4337  0.56430654      
GRID*   4338            0               0.150119988     -0.285973894    *N4338  
*N4338  0.565025974     
GRID*   4339            0               0.155058372     -0.29000218     *N4339  
*N4339  0.566806713     
GRID*   4340            0               0.154615674     -0.289784609    *N4340  
*N4340  0.563587105     
GRID*   4341            0               0.155966812     -0.290386451    *N4341  
*N4341  0.573245931     
GRID*   4342            0               0.155508965     -0.29020289     *N4342  
*N4342  0.570026322     
GRID*   4343            0               0.153282438     -0.267340268    *N4343  
*N4343  0.673044437     
GRID*   4344            0               0.155878474     -0.26598213     *N4344  
*N4344  0.669017799     
GRID*   4345            0               0.153160298     -0.267423829    *N4345  
*N4345  0.665408967     
GRID*   4346            0               0.15322125      -0.267381876    *N4346  
*N4346  0.669226702     
GRID*   4347            0               0.153405516     -0.267258097    *N4347  
*N4347  0.680679906     
GRID*   4348            0               0.156387703     -0.265796863    *N4348  
*N4348  0.676931421     
GRID*   4349            0               0.15334386      -0.267299008    *N4349  
*N4349  0.676862171     
GRID*   4350            0               0.160183059     -0.265106013    *N4350  
*N4350  0.681096557     
GRID*   4351            0               0.159249546     -0.265169325    *N4351  
*N4351  0.672904783     
GRID*   4352            0               0.159715735     -0.265129312    *N4352  
*N4352  0.67700067      
GRID*   4353            0               0.158322956     -0.265299271    *N4353  
*N4353  0.664713009     
GRID*   4354            0               0.158785087     -0.265226003    *N4354  
*N4354  0.668808896     
GRID*   4355            0               0.147534971     -0.277888725    *N4355  
*N4355  0.550391746     
GRID*   4356            0               0.148454575     -0.273344365    *N4356  
*N4356  0.551390701     
GRID*   4357            0               0.148628131     -0.272928374    *N4357  
*N4357  0.547564429     
GRID*   4358            0               0.147838227     -0.275354926    *N4358  
*N4358  0.548978087     
GRID*   4359            0               0.148313513     -0.273715972    *N4359  
*N4359  0.554631081     
GRID*   4360            0               0.1506067       -0.269746756    *N4360  
*N4360  0.55621593      
GRID*   4361            0               0.150867416     -0.269446728    *N4361  
*N4361  0.55297555      
GRID*   4362            0               0.149385434     -0.271458699    *N4362  
*N4362  0.553803316     
GRID*   4363            0               0.154430827     -0.266647207    *N4363  
*N4363  0.555146291     
GRID*   4364            0               0.154831793     -0.266441303    *N4364  
*N4364  0.551320019     
GRID*   4365            0               0.151173954     -0.269116267    *N4365  
*N4365  0.549149277     
GRID*   4366            0               0.152705269     -0.267753626    *N4366  
*N4366  0.552147784     
GRID*   4367            0               0.151529983     -0.268759522    *N4367  
*N4367  0.544737112     
GRID*   4368            0               0.149874559     -0.270701601    *N4368  
*N4368  0.54615077      
GRID*   4369            0               0.17104911      -0.270319511    *N4369  
*N4369  0.520898751     
GRID*   4370            0               0.169104806     -0.268245621    *N4370  
*N4370  0.518886209     
GRID*   4371            0               0.168282057     -0.267595764    *N4371  
*N4371  0.520583131     
GRID*   4372            0               0.169767306     -0.268854298    *N4372  
*N4372  0.520740941     
GRID*   4373            0               0.169672855     -0.268762259    *N4373  
*N4373  0.517389303     
GRID*   4374            0               0.167662208     -0.267172004    *N4374  
*N4374  0.515176743     
GRID*   4375            0               0.16700423      -0.266776202    *N4375  
*N4375  0.516673649     
GRID*   4376            0               0.168401996     -0.267683969    *N4376  
*N4376  0.517031476     
GRID*   4377            0               0.164923139     -0.265835162    *N4377  
*N4377  0.514261073     
GRID*   4378            0               0.163920614     -0.265528287    *N4378  
*N4378  0.515957995     
GRID*   4379            0               0.166070445     -0.266299468    *N4379  
*N4379  0.518370572     
GRID*   4380            0               0.165502292     -0.266053725    *N4380  
*N4380  0.516315822     
GRID*   4381            0               0.16483685      -0.265805251    *N4381  
*N4381  0.52026751      
GRID*   4382            0               0.166626323     -0.266571841    *N4382  
*N4382  0.520425321     
GRID*   4383            0               0.161238205     -0.265114953    *N4383  
*N4383  0.523509974     
GRID*   4384            0               0.158629398     -0.265248794    *N4384  
*N4384  0.521350462     
GRID*   4385            0               0.159401961     -0.265154392    *N4385  
*N4385  0.525131206     
GRID*   4386            0               0.162491369     -0.265236956    *N4386  
*N4386  0.519191989     
GRID*   4387            0               0.163061843     -0.265333344    *N4387  
*N4387  0.521888742     
GRID*   4388            0               0.161340424     -0.265120353    *N4388  
*N4388  0.513798484     
GRID*   4389            0               0.15988179      -0.265119111    *N4389  
*N4389  0.517032477     
GRID*   4390            0               0.161917187     -0.265165912    *N4390  
*N4390  0.516495236     
GRID*   4391            0               0.157107958     -0.265574574    *N4391  
*N4391  0.513788975     
GRID*   4392            0               0.157863825     -0.26538902     *N4392  
*N4392  0.517569718     
GRID*   4393            0               0.151312981     -0.268973671    *N4393  
*N4393  0.530624597     
GRID*   4394            0               0.15195419      -0.268368248    *N4394  
*N4394  0.534603074     
GRID*   4395            0               0.156064222     -0.265911775    *N4395  
*N4395  0.533667797     
GRID*   4396            0               0.153521072     -0.267182761    *N4396  
*N4396  0.532146197     
GRID*   4397            0               0.149065326     -0.272025379    *N4397  
*N4397  0.531288386     
GRID*   4398            0               0.149544465     -0.271199737    *N4398  
*N4398  0.529102996     
GRID*   4399            0               0.149505832     -0.271261416    *N4399  
*N4399  0.535266863     
GRID*   4400            0               0.148647737     -0.272883796    *N4400  
*N4400  0.533473776     
GRID*   4401            0               0.151857266     -0.268454624    *N4401  
*N4401  0.538853038     
GRID*   4402            0               0.150582755     -0.269775254    *N4402  
*N4402  0.537059951     
GRID*   4403            0               0.151818501     -0.287845061    *N4403  
*N4403  0.847415347     
GRID*   4404            0               0.15416173      -0.289539312    *N4404  
*N4404  0.844912263     
GRID*   4405            0               0.154545129     -0.289747997    *N4405  
*N4405  0.848166123     
GRID*   4406            0               0.148210478     -0.282323365    *N4406  
*N4406  0.845913795     
GRID*   4407            0               0.149738906     -0.285434357    *N4407  
*N4407  0.843461531     
GRID*   4408            0               0.149660379     -0.285315598    *N4408  
*N4408  0.846664571     
GRID*   4409            0               0.148511994     -0.283132512    *N4409  
*N4409  0.839558534     
GRID*   4410            0               0.151602899     -0.287644954    *N4410  
*N4410  0.840958448     
GRID*   4411            0               0.149818722     -0.285552254    *N4411  
*N4411  0.840258491     
GRID*   4412            0               0.153785514     -0.289317938    *N4412  
*N4412  0.841658404     
GRID*   4413            0               0.170770152     -0.286373493    *N4413  
*N4413  0.457098543     
GRID*   4414            0               0.168954038     -0.288216373    *N4414  
*N4414  0.460336418     
GRID*   4415            0               0.169101149     -0.288092232    *N4415  
*N4415  0.45671035      
GRID*   4416            0               0.173012197     -0.282255144    *N4416  
*N4416  0.458263941     
GRID*   4417            0               0.171805146     -0.284891743    *N4417  
*N4417  0.461254949     
GRID*   4418            0               0.17207969      -0.284411504    *N4418  
*N4418  0.457661414     
GRID*   4419            0               0.172482194     -0.28360667     *N4419  
*N4419  0.465337148     
GRID*   4420            0               0.170279682     -0.286946675    *N4420  
*N4420  0.464320163     
GRID*   4421            0               0.171509516     -0.285361461    *N4421  
*N4421  0.464828655     
GRID*   4422            0               0.168805893     -0.288337706    *N4422  
*N4422  0.463898001     
GRID*   4423            0               0.172051176     -0.271871075    *N4423  
*N4423  0.459088713     
GRID*   4424            0               0.173205241     -0.274720545    *N4424  
*N4424  0.461870156     
GRID*   4425            0               0.173616051     -0.277003294    *N4425  
*N4425  0.458937178     
GRID*   4426            0               0.173101434     -0.274361212    *N4426  
*N4426  0.459071451     
GRID*   4427            0               0.172304053     -0.272354636    *N4427  
*N4427  0.464466139     
GRID*   4428            0               0.173666569     -0.277973949    *N4428  
*N4428  0.464988594     
GRID*   4429            0               0.173300004     -0.275087989    *N4429  
*N4429  0.464727367     
GRID*   4430            0               0.173499286     -0.280260452    *N4430  
*N4430  0.461881715     
GRID*   4431            0               0.173388357     -0.280856328    *N4431  
*N4431  0.465162871     
GRID*   4432            0               0.173581786     -0.279665974    *N4432  
*N4432  0.458626368     
GRID*   4433            0               0.153849657     -0.266977834    *N4433  
*N4433  0.568332797     
GRID*   4434            0               0.151566071     -0.268724863    *N4434  
*N4434  0.570393363     
GRID*   4435            0               0.153346816     -0.267297036    *N4435  
*N4435  0.573937239     
GRID*   4436            0               0.155899544     -0.265973987    *N4436  
*N4436  0.571876673     
GRID*   4437            0               0.153596418     -0.267134569    *N4437  
*N4437  0.571135018     
GRID*   4438            0               0.150036569     -0.27047408     *N4438  
*N4438  0.5667284       
GRID*   4439            0               0.148626326     -0.2729325      *N4439  
*N4439  0.568910054     
GRID*   4440            0               0.149742723     -0.270894659    *N4440  
*N4440  0.572575017     
GRID*   4441            0               0.149887582     -0.270682927    *N4441  
*N4441  0.569651708     
GRID*   4442            0               0.148445167     -0.273368123    *N4442  
*N4442  0.574877759     
GRID*   4443            0               0.151173747     -0.269116482    *N4443  
*N4443  0.576118893     
GRID*   4444            0               0.149602049     -0.271109194    *N4444  
*N4444  0.575498326     
GRID*   4445            0               0.15531106      -0.266217475    *N4445  
*N4445  0.577360027     
GRID*   4446            0               0.153100981     -0.267465148    *N4446  
*N4446  0.57673946      
GRID*   4447            0               0.169930054     -0.269017348    *N4447  
*N4447  0.804193789     
GRID*   4448            0               0.171494825     -0.270951029    *N4448  
*N4448  0.799657702     
GRID*   4449            0               0.169288145     -0.268405763    *N4449  
*N4449  0.800710074     
GRID*   4450            0               0.171082274     -0.270363863    *N4450  
*N4450  0.81116122      
GRID*   4451            0               0.172492146     -0.272749844    *N4451  
*N4451  0.806257531     
GRID*   4452            0               0.170529016     -0.269671051    *N4452  
*N4452  0.807677505     
GRID*   4453            0               0.173646452     -0.27741722     *N4453  
*N4453  0.807953671     
GRID*   4454            0               0.173303245     -0.275101386    *N4454  
*N4454  0.801721444     
GRID*   4455            0               0.173526813     -0.276251602    *N4455  
*N4455  0.804837558     
GRID*   4456            0               0.172977545     -0.27397582     *N4456  
*N4456  0.798605331     
GRID*   4457            0               0.168997719     -0.288179899    *N4457  
*N4457  0.507822757     
GRID*   4458            0               0.17159012      -0.285237712    *N4458  
*N4458  0.508297406     
GRID*   4459            0               0.171309006     -0.285656674    *N4459  
*N4459  0.511103403     
GRID*   4460            0               0.168604964     -0.288496598    *N4460  
*N4460  0.510628753     
GRID*   4461            0               0.170235446     -0.286995202    *N4461  
*N4461  0.50946308      
GRID*   4462            0               0.171912852     -0.284708919    *N4462  
*N4462  0.505195366     
GRID*   4463            0               0.173322336     -0.281153122    *N4463  
*N4463  0.505966059     
GRID*   4464            0               0.173166539     -0.281752709    *N4464  
*N4464  0.5090681       
GRID*   4465            0               0.17263084      -0.283269467    *N4465  
*N4465  0.507131733     
GRID*   4466            0               0.173667542     -0.278058005    *N4466  
*N4466  0.510134837     
GRID*   4467            0               0.173662024     -0.278562509    *N4467  
*N4467  0.512940833     
GRID*   4468            0               0.173018774     -0.28223512     *N4468  
*N4468  0.511874096     
GRID*   4469            0               0.173513178     -0.280172969    *N4469  
*N4469  0.511004467     
GRID*   4470            0               0.172892008     -0.282603479    *N4470  
*N4470  0.514384049     
GRID*   4471            0               0.171081014     -0.285972549    *N4471  
*N4471  0.513613355     
GRID*   4472            0               0.172201386     -0.284182379    *N4472  
*N4472  0.512743726     
GRID*   4473            0               0.165115514     -0.290430425    *N4473  
*N4473  0.812995516     
GRID*   4474            0               0.163154292     -0.290983296    *N4474  
*N4474  0.811538561     
GRID*   4475            0               0.165205411     -0.290396947    *N4475  
*N4475  0.809612589     
GRID*   4476            0               0.162780132     -0.291052221    *N4476  
*N4476  0.818045561     
GRID*   4477            0               0.165026895     -0.290462693    *N4477  
*N4477  0.816378444     
GRID*   4478            0               0.15815653      -0.291004886    *N4478  
*N4478  0.821379795     
GRID*   4479            0               0.160750641     -0.291234491    *N4479  
*N4479  0.816588605     
GRID*   4480            0               0.16046622      -0.291234675    *N4480  
*N4480  0.819712678     
GRID*   4481            0               0.158907768     -0.291125329    *N4481  
*N4481  0.815390504     
GRID*   4482            0               0.161036841     -0.291228056    *N4482  
*N4482  0.813464533     
GRID*   4483            0               0.151113936     -0.287155531    *N4483  
*N4483  0.819070936     
GRID*   4484            0               0.153130543     -0.288890225    *N4484  
*N4484  0.82170409      
GRID*   4485            0               0.151057806     -0.287095919    *N4485  
*N4485  0.821866237     
GRID*   4486            0               0.153431093     -0.289093447    *N4486  
*N4486  0.815980592     
GRID*   4487            0               0.151170439     -0.28721479     *N4487  
*N4487  0.816275635     
GRID*   4488            0               0.155792118     -0.290318775    *N4488  
*N4488  0.818613745     
GRID*   4489            0               0.156054444     -0.29041932     *N4489  
*N4489  0.815685548     
GRID*   4490            0               0.155532015     -0.290212614    *N4490  
*N4490  0.821541943     
GRID*   4491            0               0.170279673     -0.286946686    *N4491  
*N4491  0.515343679     
GRID*   4492            0               0.16900299      -0.288175476    *N4492  
*N4492  0.517363733     
GRID*   4493            0               0.16880615      -0.288337498    *N4493  
*N4493  0.513996243     
GRID*   4494            0               0.172488695     -0.283592446    *N4494  
*N4494  0.51803855      
GRID*   4495            0               0.171910267     -0.284713388    *N4495  
*N4495  0.519768873     
GRID*   4496            0               0.171513815     -0.285354938    *N4496  
*N4496  0.516691114     
GRID*   4497            0               0.173175196     -0.281722224    *N4497  
*N4497  0.523904337     
GRID*   4498            0               0.172578678     -0.283390759    *N4498  
*N4498  0.525924391     
GRID*   4499            0               0.170920722     -0.286183301    *N4499  
*N4499  0.521788927     
GRID*   4500            0               0.172263236     -0.284061556    *N4500  
*N4500  0.522846632     
GRID*   4501            0               0.16936903      -0.287856361    *N4501  
*N4501  0.524098712     
GRID*   4502            0               0.169188146     -0.288017049    *N4502  
*N4502  0.520731222     
GRID*   4503            0               0.169749598     -0.2688369      *N4503  
*N4503  0.81508409      
GRID*   4504            0               0.17263182      -0.273067563    *N4504  
*N4504  0.816267749     
GRID*   4505            0               0.17327567      -0.274989307    *N4505  
*N4505  0.812344879     
GRID*   4506            0               0.171937928     -0.271669359    *N4506  
*N4506  0.813714485     
GRID*   4507            0               0.171919985     -0.271638152    *N4507  
*N4507  0.819722281     
GRID*   4508            0               0.173657756     -0.277650021    *N4508  
*N4508  0.817919746     
GRID*   4509            0               0.173154051     -0.274538528    *N4509  
*N4509  0.818821014     
GRID*   4510            0               0.172401057     -0.283780529    *N4510  
*N4510  0.816117212     
GRID*   4511            0               0.173580708     -0.279675287    *N4511  
*N4511  0.813996877     
GRID*   4512            0               0.173401794     -0.280791611    *N4512  
*N4512  0.817018479     
GRID*   4513            0               0.173069295     -0.282077515    *N4513  
*N4513  0.809605669     
GRID*   4514            0               0.173662465     -0.278547677    *N4514  
*N4514  0.810975274     
GRID*   4515            0               0.154588442     -0.266564179    *N4515  
*N4515  0.821508872     
GRID*   4516            0               0.158114602     -0.265337885    *N4516  
*N4516  0.819887842     
GRID*   4517            0               0.15668296      -0.265700226    *N4517  
*N4517  0.815844724     
GRID*   4518            0               0.155616942     -0.266086724    *N4518  
*N4518  0.818676798     
GRID*   4519            0               0.159084249     -0.265187563    *N4519  
*N4519  0.824164008     
GRID*   4520            0               0.163303399     -0.265382046    *N4520  
*N4520  0.822309931     
GRID*   4521            0               0.16233645      -0.265215242    *N4521  
*N4521  0.818033765     
GRID*   4522            0               0.160711214     -0.265099833    *N4522  
*N4522  0.821098886     
GRID*   4523            0               0.166817641     -0.266673293    *N4523  
*N4523  0.81594664      
GRID*   4524            0               0.160864013     -0.265102027    *N4524  
*N4524  0.813990647     
GRID*   4525            0               0.163934693     -0.265531995    *N4525  
*N4525  0.814968644     
GRID*   4526            0               0.15777847      -0.265407595    *N4526  
*N4526  0.813012651     
GRID*   4527            0               0.170447331     -0.26957651     *N4527  
*N4527  0.825806454     
GRID*   4528            0               0.167692465     -0.267191497    *N4528  
*N4528  0.826669004     
GRID*   4529            0               0.16860453      -0.267837785    *N4529  
*N4529  0.831890627     
GRID*   4530            0               0.169568167     -0.268662382    *N4530  
*N4530  0.82884854      
GRID*   4531            0               0.169965066     -0.269053186    *N4531  
*N4531  0.820491792     
GRID*   4532            0               0.171233739     -0.270571557    *N4532  
*N4532  0.822764367     
GRID*   4533            0               0.167084452     -0.266821677    *N4533  
*N4533  0.821354342     
GRID*   4534            0               0.168481698     -0.267743758    *N4534  
*N4534  0.818219216     
GRID*   4535            0               0.163995389     -0.26554817     *N4535  
*N4535  0.827624593     
GRID*   4536            0               0.16558079      -0.266085789    *N4536  
*N4536  0.824489467     
GRID*   4537            0               0.170961067     -0.270203635    *N4537  
*N4537  0.517135552     
GRID*   4538            0               0.170534296     -0.269677225    *N4538  
*N4538  0.513972441     
GRID*   4539            0               0.169173095     -0.268304568    *N4539  
*N4539  0.514226191     
GRID*   4540            0               0.17011458      -0.269209381    *N4540  
*N4540  0.515680872     
GRID*   4541            0               0.172336271     -0.272419964    *N4541  
*N4541  0.520044913     
GRID*   4542            0               0.17227154      -0.272289624    *N4542  
*N4542  0.516281714     
GRID*   4543            0               0.171704104     -0.271277403    *N4543  
*N4543  0.518590233     
GRID*   4544            0               0.173302703     -0.275099142    *N4544  
*N4544  0.514827788     
GRID*   4545            0               0.173126566     -0.274444759    *N4545  
*N4545  0.511664677     
GRID*   4546            0               0.171951144     -0.271692474    *N4546  
*N4546  0.513118603     
GRID*   4547            0               0.172746944     -0.273348191    *N4547  
*N4547  0.513973195     
GRID*   4548            0               0.171303868     -0.270670704    *N4548  
*N4548  0.510555579     
GRID*   4549            0               0.169706762     -0.268795087    *N4549  
*N4549  0.511409417     
GRID*   4550            0               0.170931031     -0.270164708    *N4550  
*N4550  0.51226401      
GRID*   4551            0               0.162999803     -0.29101312     *N4551  
*N4551  0.586578574     
GRID*   4552            0               0.165164161     -0.290412402    *N4552  
*N4552  0.584722004     
GRID*   4553            0               0.165131797     -0.290424416    *N4553  
*N4553  0.588249595     
GRID*   4554            0               0.158593066     -0.291080332    *N4554  
*N4554  0.583236534     
GRID*   4555            0               0.160903029     -0.291231846    *N4555  
*N4555  0.581349494     
GRID*   4556            0               0.160799288     -0.29123384     *N4556  
*N4556  0.584907554     
GRID*   4557            0               0.158867224     -0.29111997     *N4557  
*N4557  0.576089943     
GRID*   4558            0               0.163135817     -0.290986964    *N4558  
*N4558  0.579492924     
GRID*   4559            0               0.16100699      -0.29122902     *N4559  
*N4559  0.577791433     
GRID*   4560            0               0.165196689     -0.290400228    *N4560  
*N4560  0.581194414     
GRID*   4561            0               0.150828588     -0.286844464    *N4561  
*N4561  0.581380563     
GRID*   4562            0               0.153058094     -0.288839392    *N4562  
*N4562  0.584224574     
GRID*   4563            0               0.150819291     -0.286833983    *N4563  
*N4563  0.584718594     
GRID*   4564            0               0.153149029     -0.288903078    *N4564  
*N4564  0.577391668     
GRID*   4565            0               0.150837897     -0.286854935    *N4565  
*N4565  0.578042531     
GRID*   4566            0               0.155785917     -0.29031632     *N4566  
*N4566  0.58023568      
GRID*   4567            0               0.155876235     -0.290351721    *N4567  
*N4567  0.576740805     
GRID*   4568            0               0.155695865     -0.290280249    *N4568  
*N4568  0.583730554     
GRID*   4569            0               0.152217765     -0.268141854    *N4569  
*N4569  0.558643483     
GRID*   4570            0               0.154138127     -0.266808803    *N4570  
*N4570  0.561739544     
GRID*   4571            0               0.15428396      -0.266727069    *N4571  
*N4571  0.558442918     
GRID*   4572            0               0.149073332     -0.272010368    *N4572  
*N4572  0.559044612     
GRID*   4573            0               0.150315203     -0.270105376    *N4573  
*N4573  0.561472165     
GRID*   4574            0               0.150459366     -0.269924777    *N4574  
*N4574  0.558844047     
GRID*   4575            0               0.148834876     -0.272479261    *N4575  
*N4575  0.563632338     
GRID*   4576            0               0.151916166     -0.268401928    *N4576  
*N4576  0.564568226     
GRID*   4577            0               0.150174256     -0.270288496    *N4577  
*N4577  0.564100282     
GRID*   4578            0               0.153993351     -0.266892395    *N4578  
*N4578  0.565036171     
GRID*   4579            0               0.147574761     -0.279223666    *N4579  
*N4579  0.55688013      
GRID*   4580            0               0.147666629     -0.276296384    *N4580  
*N4580  0.555438829     
GRID*   4581            0               0.147537801     -0.278556704    *N4581  
*N4581  0.553635938     
GRID*   4582            0               0.147750595     -0.280547576    *N4582  
*N4582  0.563368514     
GRID*   4583            0               0.147557177     -0.277356557    *N4583  
*N4583  0.56129366      
GRID*   4584            0               0.147645755     -0.279887869    *N4584  
*N4584  0.560124322     
GRID*   4585            0               0.147863585     -0.275242234    *N4585  
*N4585  0.565073638     
GRID*   4586            0               0.148065297     -0.274472248    *N4586  
*N4586  0.55985236      
GRID*   4587            0               0.147958577     -0.274855705    *N4587  
*N4587  0.562462999     
GRID*   4588            0               0.148183646     -0.27409222     *N4588  
*N4588  0.557241721     
GRID*   4589            0               0.158542575     -0.265262336    *N4589  
*N4589  0.738613829     
GRID*   4590            0               0.155075193     -0.266324677    *N4590  
*N4590  0.738124036     
GRID*   4591            0               0.154300419     -0.266717997    *N4591  
*N4591  0.742145296     
GRID*   4592            0               0.15768954      -0.265427586    *N4592  
*N4592  0.742635089     
GRID*   4593            0               0.156358582     -0.265806818    *N4593  
*N4593  0.740379562     
GRID*   4594            0               0.155381867     -0.266186387    *N4594  
*N4594  0.734400565     
GRID*   4595            0               0.152442503     -0.267958154    *N4595  
*N4595  0.737336452     
GRID*   4596            0               0.153853767     -0.266975355    *N4596  
*N4596  0.735868509     
GRID*   4597            0               0.150065802     -0.2704341      *N4597  
*N4597  0.740272339     
GRID*   4598            0               0.151782098     -0.268522816    *N4598  
*N4598  0.741357713     
GRID*   4599            0               0.151172517     -0.269117764    *N4599  
*N4599  0.738804395     
GRID*   4600            0               0.150800272     -0.269522248    *N4600  
*N4600  0.745676763     
GRID*   4601            0               0.153110904     -0.267458202    *N4601  
*N4601  0.746464347     
GRID*   4602            0               0.152429144     -0.267968844    *N4602  
*N4602  0.74391103      
GRID*   4603            0               0.169278932     -0.287937148    *N4603  
*N4603  0.839705114     
GRID*   4604            0               0.170656386     -0.286512522    *N4604  
*N4604  0.84355904      
GRID*   4605            0               0.16902839      -0.288154094    *N4605  
*N4605  0.843184603     
GRID*   4606            0               0.171425846     -0.285486765    *N4606  
*N4606  0.836665796     
GRID*   4607            0               0.16950831      -0.28772846     *N4607  
*N4607  0.836225626     
GRID*   4608            0               0.172408105     -0.283765688    *N4608  
*N4608  0.840519721     
GRID*   4609            0               0.172783494     -0.282893363    *N4609  
*N4609  0.837105965     
GRID*   4610            0               0.171958289     -0.284629703    *N4610  
*N4610  0.843933477     
GRID*   4611            0               0.172319215     -0.272385265    *N4611  
*N4611  0.754951348     
GRID*   4612            0               0.173235231     -0.274832158    *N4612  
*N4612  0.758842722     
GRID*   4613            0               0.173417718     -0.275622025    *N4613  
*N4613  0.75544351      
GRID*   4614            0               0.167846924     -0.267292861    *N4614  
*N4614  0.753967023     
GRID*   4615            0               0.170123124     -0.269218464    *N4615  
*N4615  0.757821851     
GRID*   4616            0               0.170418949     -0.269544085    *N4616  
*N4616  0.754459186     
GRID*   4617            0               0.167417923     -0.267018882    *N4617  
*N4617  0.760655807     
GRID*   4618            0               0.169499444     -0.268598006    *N4618  
*N4618  0.764547181     
GRID*   4619            0               0.17171301      -0.271291777    *N4619  
*N4619  0.761713225     
GRID*   4620            0               0.169816507     -0.268902986    *N4620  
*N4620  0.761184516     
GRID*   4621            0               0.172725271     -0.273293918    *N4621  
*N4621  0.765641146     
GRID*   4622            0               0.173004118     -0.274055125    *N4622  
*N4622  0.762241934     
GRID*   4623            0               0.161635244     -0.291194289    *N4623  
*N4623  0.68915911      
GRID*   4624            0               0.164202728     -0.290728927    *N4624  
*N4624  0.685063858     
GRID*   4625            0               0.164478619     -0.2906465      *N4625  
*N4625  0.688712831     
GRID*   4626            0               0.155976613     -0.290390163    *N4626  
*N4626  0.690051669     
GRID*   4627            0               0.157928213     -0.290959317    *N4627  
*N4627  0.685683182     
GRID*   4628            0               0.158761428     -0.291105376    *N4628  
*N4628  0.689605389     
GRID*   4629            0               0.153970831     -0.289429098    *N4629  
*N4629  0.68193402      
GRID*   4630            0               0.156340402     -0.290521648    *N4630  
*N4630  0.677838768     
GRID*   4631            0               0.160522912     -0.291235132    *N4631  
*N4631  0.681587931     
GRID*   4632            0               0.157127406     -0.290765523    *N4632  
*N4632  0.681760975     
GRID*   4633            0               0.163685876     -0.290865785    *N4633  
*N4633  0.677765914     
GRID*   4634            0               0.163943619     -0.290800366    *N4634  
*N4634  0.681414886     
GRID*   4635            0               0.148102022     -0.281984843    *N4635  
*N4635  0.829917814     
GRID*   4636            0               0.147751627     -0.280553137    *N4636  
*N4636  0.826834835     
GRID*   4637            0               0.14831716      -0.282628802    *N4637  
*N4637  0.827248995     
GRID*   4638            0               0.147773444     -0.280667775    *N4638  
*N4638  0.835255454     
GRID*   4639            0               0.147540488     -0.278638279    *N4639  
*N4639  0.831698281     
GRID*   4640            0               0.14792062      -0.281330578    *N4640  
*N4640  0.832586634     
GRID*   4641            0               0.147998462     -0.274707031    *N4641  
*N4641  0.833004554     
GRID*   4642            0               0.147570528     -0.277164625    *N4642  
*N4642  0.828615302     
GRID*   4643            0               0.147725719     -0.275925593    *N4643  
*N4643  0.830809928     
GRID*   4644            0               0.147534305     -0.278412812    *N4644  
*N4644  0.826420676     
GRID*   4645            0               0.154237087     -0.289581648    *N4645  
*N4645  0.460832003     
GRID*   4646            0               0.152557328     -0.288467265    *N4646  
*N4646  0.458809349     
GRID*   4647            0               0.154547249     -0.289749105    *N4647  
*N4647  0.458101512     
GRID*   4648            0               0.152293046     -0.28825533     *N4648  
*N4648  0.464605105     
GRID*   4649            0               0.153936664     -0.289408915    *N4649  
*N4649  0.463588302     
GRID*   4650            0               0.149613816     -0.285243827    *N4650  
*N4650  0.466464811     
GRID*   4651            0               0.15082252      -0.286837626    *N4651  
*N4651  0.46240855      
GRID*   4652            0               0.150836621     -0.286853501    *N4652  
*N4652  0.465534958     
GRID*   4653            0               0.149390189     -0.284883963    *N4653  
*N4653  0.459754937     
GRID*   4654            0               0.15081205      -0.286825804    *N4654  
*N4654  0.459340648     
GRID*   4655            0               0.150819507     -0.286834226    *N4655  
*N4655  0.71979789      
GRID*   4656            0               0.15319079      -0.288931942    *N4656  
*N4656  0.717860973     
GRID*   4657            0               0.152822712     -0.288669094    *N4657  
*N4657  0.721483219     
GRID*   4658            0               0.148149325     -0.282136404    *N4658  
*N4658  0.71642723      
GRID*   4659            0               0.149347793     -0.284812693    *N4659  
*N4659  0.715215783     
GRID*   4660            0               0.149238944     -0.284624838    *N4660  
*N4660  0.71811256      
GRID*   4661            0               0.148211216     -0.282325562    *N4661  
*N4661  0.711359147     
GRID*   4662            0               0.149574778     -0.28518285     *N4662  
*N4662  0.70942223      
GRID*   4663            0               0.151276118     -0.287323661    *N4663  
*N4663  0.713278867     
GRID*   4664            0               0.149459748     -0.284998714    *N4664  
*N4664  0.712319007     
GRID*   4665            0               0.153953119     -0.289418653    *N4665  
*N4665  0.71061648      
GRID*   4666            0               0.153567742     -0.289181895    *N4666  
*N4666  0.714238727     
GRID*   4667            0               0.158184697     -0.265324504    *N4667  
*N4667  0.552382763     
GRID*   4668            0               0.158156019     -0.265329931    *N4668  
*N4668  0.546680645     
GRID*   4669            0               0.154805618     -0.266454215    *N4669  
*N4669  0.545617901     
GRID*   4670            0               0.156456476     -0.265773659    *N4670  
*N4670  0.549000332     
GRID*   4671            0               0.161209679     -0.26511359     *N4671  
*N4671  0.547925345     
GRID*   4672            0               0.161656069     -0.265142102    *N4672  
*N4672  0.542041271     
GRID*   4673            0               0.158596793     -0.265253809    *N4673  
*N4673  0.540796571     
GRID*   4674            0               0.159899718     -0.265118136    *N4674  
*N4674  0.544360958     
GRID*   4675            0               0.159513946     -0.265144568    *N4675  
*N4675  0.534730542     
GRID*   4676            0               0.155209878     -0.266262772    *N4676  
*N4676  0.539733827     
GRID*   4677            0               0.157313998     -0.265519245    *N4677  
*N4677  0.537232184     
GRID*   4678            0               0.153262947     -0.267353467    *N4678  
*N4678  0.542235469     
GRID*   4679            0               0.168666718     -0.267886276    *N4679  
*N4679  0.542280173     
GRID*   4680            0               0.166564256     -0.266539794    *N4680  
*N4680  0.544378148     
GRID*   4681            0               0.168772769     -0.267970376    *N4681  
*N4681  0.548812998     
GRID*   4682            0               0.168719852     -0.267928189    *N4682  
*N4682  0.545546586     
GRID*   4683            0               0.165837058     -0.266194647    *N4683  
*N4683  0.537586021     
GRID*   4684            0               0.168613368     -0.267844639    *N4684  
*N4684  0.53901376      
GRID*   4685            0               0.163464527     -0.265417179    *N4685  
*N4685  0.539683995     
GRID*   4686            0               0.162740882     -0.265275919    *N4686  
*N4686  0.536158281     
GRID*   4687            0               0.164882187     -0.265820883    *N4687  
*N4687  0.546735423     
GRID*   4688            0               0.164179054     -0.265599027    *N4688  
*N4688  0.543209709     
GRID*   4689            0               0.16918385      -0.268313927    *N4689  
*N4689  0.848247391     
GRID*   4690            0               0.16612963      -0.266326928    *N4690  
*N4690  0.847172247     
GRID*   4691            0               0.167482352     -0.267058541    *N4691  
*N4691  0.850724336     
GRID*   4692            0               0.169962386     -0.269050433    *N4692  
*N4692  0.842526448     
GRID*   4693            0               0.17066061      -0.269827291    *N4693  
*N4693  0.845770446     
GRID*   4694            0               0.16839134      -0.267676047    *N4694  
*N4694  0.836038453     
GRID*   4695            0               0.167081253     -0.26681985     *N4695  
*N4695  0.841451304     
GRID*   4696            0               0.169204349     -0.268331822    *N4696  
*N4696  0.83928245      
GRID*   4697            0               0.163214232     -0.265363516    *N4697  
*N4697  0.84006807      
GRID*   4698            0               0.164700324     -0.265759299    *N4698  
*N4698  0.843620158     
GRID*   4699            0               0.150024544     -0.270490619    *N4699  
*N4699  0.47780085      
GRID*   4700            0               0.149513545     -0.271249041    *N4700  
*N4700  0.474867198     
GRID*   4701            0               0.148329318     -0.273672585    *N4701  
*N4701  0.475487907     
GRID*   4702            0               0.149066669     -0.272022859    *N4702  
*N4702  0.476644379     
GRID*   4703            0               0.152524741     -0.267892983    *N4703  
*N4703  0.480113793     
GRID*   4704            0               0.152075568     -0.268262478    *N4704  
*N4704  0.477542057     
GRID*   4705            0               0.151184629     -0.269105163    *N4705  
*N4705  0.478957322     
GRID*   4706            0               0.154881959     -0.266416758    *N4706  
*N4706  0.477645179     
GRID*   4707            0               0.15407415      -0.266845438    *N4707  
*N4707  0.474711527     
GRID*   4708            0               0.151403716     -0.268882911    *N4708  
*N4708  0.474608405     
GRID*   4709            0               0.153041578     -0.267507018    *N4709  
*N4709  0.476126792     
GRID*   4710            0               0.150560478     -0.269801917    *N4710  
*N4710  0.471312837     
GRID*   4711            0               0.148904489     -0.272337467    *N4711  
*N4711  0.47157163      
GRID*   4712            0               0.150012259     -0.270507571    *N4712  
*N4712  0.473090018     
GRID*   4713            0               0.160759156     -0.265100329    *N4713  
*N4713  0.468018962     
GRID*   4714            0               0.163458703     -0.265415872    *N4714  
*N4714  0.471114968     
GRID*   4715            0               0.165520318     -0.266061035    *N4715  
*N4715  0.468595553     
GRID*   4716            0               0.163184763     -0.265357534    *N4716  
*N4716  0.468307258     
GRID*   4717            0               0.155976007     -0.265944786    *N4717  
*N4717  0.467442371     
GRID*   4718            0               0.158464136     -0.265275086    *N4718  
*N4718  0.47065957      
GRID*   4719            0               0.158328003     -0.265298379    *N4719  
*N4719  0.467730666     
GRID*   4720            0               0.156101812     -0.265897929    *N4720  
*N4720  0.473421372     
GRID*   4721            0               0.158737102     -0.265232823    *N4721  
*N4721  0.476517378     
GRID*   4722            0               0.161177172     -0.265112112    *N4722  
*N4722  0.473755576     
GRID*   4723            0               0.158600508     -0.265253234    *N4723  
*N4723  0.473588474     
GRID*   4724            0               0.164002517     -0.26555009     *N4724  
*N4724  0.476730389     
GRID*   4725            0               0.166163384     -0.26634275     *N4725  
*N4725  0.474089781     
GRID*   4726            0               0.163731329     -0.265480067    *N4726  
*N4726  0.473922679     
GRID*   4727            0               0.164183954     -0.265600423    *N4727  
*N4727  0.55545394      
GRID*   4728            0               0.162448442     -0.265230749    *N4728  
*N4728  0.551524042     
GRID*   4729            0               0.16120039      -0.265113159    *N4729  
*N4729  0.553918352     
GRID*   4730            0               0.167596759     -0.267130241    *N4730  
*N4730  0.554264019     
GRID*   4731            0               0.166975718     -0.26676022     *N4731  
*N4731  0.556989529     
GRID*   4732            0               0.166037032     -0.266284123    *N4732  
*N4732  0.550334121     
GRID*   4733            0               0.168196387     -0.267534038    *N4733  
*N4733  0.551538509     
GRID*   4734            0               0.163679483     -0.265467383    *N4734  
*N4734  0.549129733     
GRID*   4735            0               0.147686523     -0.276163678    *N4735  
*N4735  0.844299336     
GRID*   4736            0               0.147627149     -0.279741452    *N4736  
*N4736  0.841822862     
GRID*   4737            0               0.147579022     -0.27927495     *N4737  
*N4737  0.845106566     
GRID*   4738            0               0.150052404     -0.270452384    *N4738  
*N4738  0.842684877     
GRID*   4739            0               0.14832943      -0.273672281    *N4739  
*N4739  0.839996256     
GRID*   4740            0               0.148526881     -0.273166117    *N4740  
*N4740  0.843492106     
GRID*   4741            0               0.149409456     -0.271418705    *N4741  
*N4741  0.835481028     
GRID*   4742            0               0.147570186     -0.277169071    *N4742  
*N4742  0.837519781     
GRID*   4743            0               0.148153189     -0.274186215    *N4743  
*N4743  0.836500405     
GRID*   4744            0               0.147691984     -0.280205926    *N4744  
*N4744  0.838539158     
GRID*   4745            0               0.159435521     -0.265151346    *N4745  
*N4745  0.839879592     
GRID*   4746            0               0.155913326     -0.265968683    *N4746  
*N4746  0.838027967     
GRID*   4747            0               0.154172059     -0.266789566    *N4747  
*N4747  0.841282234     
GRID*   4748            0               0.156716425     -0.265689761    *N4748  
*N4748  0.840580913     
GRID*   4749            0               0.157581028     -0.265452863    *N4749  
*N4749  0.835473018     
GRID*   4750            0               0.154369949     -0.266680015    *N4750  
*N4750  0.832922074     
GRID*   4751            0               0.152894456     -0.267612872    *N4751  
*N4751  0.835477023     
GRID*   4752            0               0.155130062     -0.266299234    *N4752  
*N4752  0.835475021     
GRID*   4753            0               0.150522327     -0.269847916    *N4753  
*N4753  0.832226761     
GRID*   4754            0               0.151427494     -0.268859419    *N4754  
*N4754  0.838731291     
GRID*   4755            0               0.150962229     -0.269342055    *N4755  
*N4755  0.835479026     
GRID*   4756            0               0.151916897     -0.268401278    *N4756  
*N4756  0.841983556     
GRID*   4757            0               0.164274345     -0.265626554    *N4757  
*N4757  0.835885109     
GRID*   4758            0               0.160526551     -0.265099566    *N4758  
*N4758  0.835696631     
GRID*   4759            0               0.161877228     -0.265161926    *N4759  
*N4759  0.83788235      
GRID*   4760            0               0.164530365     -0.26570442     *N4760  
*N4760  0.831737284     
GRID*   4761            0               0.166543182     -0.266529009    *N4761  
*N4761  0.833887868     
GRID*   4762            0               0.160236832     -0.265104407    *N4762  
*N4762  0.827436115     
GRID*   4763            0               0.160794148     -0.265100802    *N4763  
*N4763  0.831548805     
GRID*   4764            0               0.162408653     -0.265225127    *N4764  
*N4764  0.829586699     
GRID*   4765            0               0.157842008     -0.265393711    *N4765  
*N4765  0.831325192     
GRID*   4766            0               0.159176661     -0.265177105    *N4766  
*N4766  0.833510912     
GRID*   4767            0               0.159306658     -0.265163518    *N4767  
*N4767  0.578812886     
GRID*   4768            0               0.157872471     -0.265387171    *N4768  
*N4768  0.575594136     
GRID*   4769            0               0.157266936     -0.265531565    *N4769  
*N4769  0.578086457     
GRID*   4770            0               0.162602245     -0.26525366     *N4770  
*N4770  0.577545706     
GRID*   4771            0               0.161378915     -0.265122594    *N4771  
*N4771  0.579539316     
GRID*   4772            0               0.161157725     -0.265111267    *N4772  
*N4772  0.574326956     
GRID*   4773            0               0.163807826     -0.265499192    *N4773  
*N4773  0.575552097     
GRID*   4774            0               0.158484196     -0.265271779    *N4774  
*N4774  0.573101814     
GRID*   4775            0               0.153462489     -0.267220737    *N4775  
*N4775  0.484682546     
GRID*   4776            0               0.154335357     -0.266698843    *N4776  
*N4776  0.481452636     
GRID*   4777            0               0.152986192     -0.267546505    *N4777  
*N4777  0.482398169     
GRID*   4778            0               0.154455878     -0.266633827    *N4778  
*N4778  0.489251298     
GRID*   4779            0               0.155742301     -0.266035773    *N4779  
*N4779  0.486598936     
GRID*   4780            0               0.153952703     -0.266916313    *N4780  
*N4780  0.486966922     
GRID*   4781            0               0.158606281     -0.265252341    *N4781  
*N4781  0.489092873     
GRID*   4782            0               0.159616643     -0.265136411    *N4782  
*N4782  0.485862963     
GRID*   4783            0               0.156700413     -0.265694756    *N4783  
*N4783  0.483369026     
GRID*   4784            0               0.157645056     -0.26543783     *N4784  
*N4784  0.48623095      
GRID*   4785            0               0.157291644     -0.265525073    *N4785  
*N4785  0.479561569     
GRID*   4786            0               0.155777655     -0.266021677    *N4786  
*N4786  0.480507103     
GRID*   4787            0               0.168945696     -0.288223303    *N4787  
*N4787  0.811614589     
GRID*   4788            0               0.170208073     -0.287024986    *N4788  
*N4788  0.815414269     
GRID*   4789            0               0.168764685     -0.288370817    *N4789  
*N4789  0.815062798     
GRID*   4790            0               0.170804509     -0.28633073     *N4790  
*N4790  0.808646143     
GRID*   4791            0               0.169117057     -0.288078584    *N4791  
*N4791  0.80816638      
GRID*   4792            0               0.171798881     -0.284902171    *N4792  
*N4792  0.812445823     
GRID*   4793            0               0.172134635     -0.284309413    *N4793  
*N4793  0.809125906     
GRID*   4794            0               0.171426788     -0.28548537     *N4794  
*N4794  0.815765741     
GRID*   4795            0               0.147532001     -0.278171433    *N4795  
*N4795  0.567327731     
GRID*   4796            0               0.147757625     -0.275749504    *N4796  
*N4796  0.571164147     
GRID*   4797            0               0.14780809      -0.275495344    *N4797  
*N4797  0.568118892     
GRID*   4798            0               0.147875914     -0.281145659    *N4798  
*N4798  0.569704627     
GRID*   4799            0               0.147809758     -0.28084735     *N4799  
*N4799  0.56653657      
GRID*   4800            0               0.147544375     -0.278735944    *N4800  
*N4800  0.573541042     
GRID*   4801            0               0.147949026     -0.281442339    *N4801  
*N4801  0.572872684     
GRID*   4802            0               0.147712209     -0.276004616    *N4802  
*N4802  0.574209401     
GRID*   4803            0               0.147616626     -0.279652159    *N4803  
*N4803  0.714321985     
GRID*   4804            0               0.147588141     -0.27695734     *N4804  
*N4804  0.711777273     
GRID*   4805            0               0.147619144     -0.279674012    *N4805  
*N4805  0.71156821      
GRID*   4806            0               0.147578329     -0.277067942    *N4806  
*N4806  0.71772429      
GRID*   4807            0               0.147614145     -0.279630302    *N4807  
*N4807  0.71707576      
GRID*   4808            0               0.148991043     -0.272166964    *N4808  
*N4808  0.719021349     
GRID*   4809            0               0.148080752     -0.27442022     *N4809  
*N4809  0.715179577     
GRID*   4810            0               0.148043255     -0.27454786     *N4810  
*N4810  0.718372819     
GRID*   4811            0               0.149190393     -0.271796058    *N4811  
*N4811  0.712195398     
GRID*   4812            0               0.148119547     -0.274292968    *N4812  
*N4812  0.711986335     
GRID*   4813            0               0.155090503     -0.266317547    *N4813  
*N4813  0.710304677     
GRID*   4814            0               0.152518873     -0.267897598    *N4814  
*N4814  0.712585952     
GRID*   4815            0               0.154296455     -0.266720179    *N4815  
*N4815  0.715257782     
GRID*   4816            0               0.157090796     -0.265579345    *N4816  
*N4816  0.712976506     
GRID*   4817            0               0.154690049     -0.266512099    *N4817  
*N4817  0.712781229     
GRID*   4818            0               0.150851527     -0.269464492    *N4818  
*N4818  0.709289841     
GRID*   4819            0               0.150476537     -0.269903697    *N4819  
*N4819  0.71549151      
GRID*   4820            0               0.150661606     -0.269682023    *N4820  
*N4820  0.712390675     
GRID*   4821            0               0.151955082     -0.268367461    *N4821  
*N4821  0.718163339     
GRID*   4822            0               0.150296412     -0.270129405    *N4822  
*N4822  0.718592344     
GRID*   4823            0               0.156094661     -0.265900553    *N4823  
*N4823  0.717305329     
GRID*   4824            0               0.153910178     -0.266941546    *N4824  
*N4824  0.717734334     
GRID*   4825            0               0.168523461     -0.267775469    *N4825  
*N4825  0.777811516     
GRID*   4826            0               0.165622956     -0.266103259    *N4826  
*N4826  0.777231684     
GRID*   4827            0               0.164615456     -0.265731575    *N4827  
*N4827  0.780681467     
GRID*   4828            0               0.166656303     -0.266587471    *N4828  
*N4828  0.779246492     
GRID*   4829            0               0.166427762     -0.266470787    *N4829  
*N4829  0.774335214     
GRID*   4830            0               0.162580025     -0.265250234    *N4830  
*N4830  0.776098541     
GRID*   4831            0               0.164551306     -0.265711044    *N4831  
*N4831  0.775216877     
GRID*   4832            0               0.158543357     -0.265262212    *N4832  
*N4832  0.777861868     
GRID*   4833            0               0.161512759     -0.265131275    *N4833  
*N4833  0.779548323     
GRID*   4834            0               0.160561226     -0.265099417    *N4834  
*N4834  0.776980204     
GRID*   4835            0               0.160250113     -0.265104045    *N4835  
*N4835  0.783551418     
GRID*   4836            0               0.162459448     -0.265232327    *N4836  
*N4836  0.782116443     
GRID*   4837            0               0.15134946      -0.268936967    *N4837  
*N4837  0.784121106     
GRID*   4838            0               0.153011815     -0.267528183    *N4838  
*N4838  0.779636895     
GRID*   4839            0               0.15077962      -0.269545715    *N4839  
*N4839  0.780524409     
GRID*   4840            0               0.154441727     -0.266641376    *N4840  
*N4840  0.786329008     
GRID*   4841            0               0.151956964     -0.268365801    *N4841  
*N4841  0.787717802     
GRID*   4842            0               0.156442537     -0.265778327    *N4842  
*N4842  0.781844797     
GRID*   4843            0               0.157256367     -0.265534358    *N4843  
*N4843  0.784940213     
GRID*   4844            0               0.155646281     -0.266074664    *N4844  
*N4844  0.778749382     
GRID*   4845            0               0.155570672     -0.266105913    *N4845  
*N4845  0.825270934     
GRID*   4846            0               0.156655864     -0.265708772    *N4846  
*N4846  0.828543041     
GRID*   4847            0               0.157857646     -0.265390344    *N4847  
*N4847  0.826353524     
GRID*   4848            0               0.152389545     -0.268000696    *N4848  
*N4848  0.826867816     
GRID*   4849            0               0.153452811     -0.267227053    *N4849  
*N4849  0.824188344     
GRID*   4850            0               0.153319786     -0.26731512     *N4850  
*N4850  0.830139923     
GRID*   4851            0               0.151409409     -0.268877275    *N4851  
*N4851  0.829547289     
GRID*   4852            0               0.15548978      -0.266139963    *N4852  
*N4852  0.830732558     
GRID*   4853            0               0.160841844     -0.265101598    *N4853  
*N4853  0.482568731     
GRID*   4854            0               0.162312409     -0.265212041    *N4854  
*N4854  0.479524539     
GRID*   4855            0               0.159786822     -0.265124685    *N4855  
*N4855  0.479543054     
GRID*   4856            0               0.162940287     -0.265310623    *N4856  
*N4856  0.488620084     
GRID*   4857            0               0.164134546     -0.265586437    *N4857  
*N4857  0.485325851     
GRID*   4858            0               0.161895289     -0.265163712    *N4858  
*N4858  0.485594407     
GRID*   4859            0               0.166981566     -0.26676349     *N4859  
*N4859  0.487832929     
GRID*   4860            0               0.168225794     -0.267555108    *N4860  
*N4860  0.484788738     
GRID*   4861            0               0.165529519     -0.266064779    *N4861  
*N4861  0.482281659     
GRID*   4862            0               0.166266323     -0.266391732    *N4862  
*N4862  0.485057294     
GRID*   4863            0               0.167079419     -0.266818803    *N4863  
*N4863  0.479487509     
GRID*   4864            0               0.164773959     -0.265783875    *N4864  
*N4864  0.479506024     
GRID*   4865            0               0.14914241      -0.271882755    *N4865  
*N4865  0.506084721     
GRID*   4866            0               0.150381266     -0.270021803    *N4866  
*N4866  0.503247399     
GRID*   4867            0               0.149010966     -0.272128576    *N4867  
*N4867  0.502802362     
GRID*   4868            0               0.150765619     -0.269561689    *N4868  
*N4868  0.509767599     
GRID*   4869            0               0.149279067     -0.271639794    *N4869  
*N4869  0.50936708      
GRID*   4870            0               0.154795378     -0.266459286    *N4870  
*N4870  0.510568638     
GRID*   4871            0               0.152376342     -0.268011373    *N4871  
*N4871  0.506930278     
GRID*   4872            0               0.152628122     -0.267812564    *N4872  
*N4872  0.510168119     
GRID*   4873            0               0.15419106      -0.266778852    *N4873  
*N4873  0.504137474     
GRID*   4874            0               0.152129518     -0.268216302    *N4874  
*N4874  0.503692437     
GRID*   4875            0               0.15299552      -0.267539825    *N4875  
*N4875  0.799495172     
GRID*   4876            0               0.154390701     -0.266668785    *N4876  
*N4876  0.803586465     
GRID*   4877            0               0.154898115     -0.266408911    *N4877  
*N4877  0.801155065     
GRID*   4878            0               0.150773017     -0.269553241    *N4878  
*N4878  0.800793381     
GRID*   4879            0               0.151311069     -0.268975603    *N4879  
*N4879  0.79783528      
GRID*   4880            0               0.151932892     -0.26838708     *N4880  
*N4880  0.804884673     
GRID*   4881            0               0.150270826     -0.270162313    *N4881  
*N4881  0.803751483     
GRID*   4882            0               0.153895104     -0.266950542    *N4882  
*N4882  0.806017864     
GRID*   4883            0               0.152318296     -0.288276069    *N4883  
*N4883  0.735291124     
GRID*   4884            0               0.149805158     -0.285532413    *N4884  
*N4884  0.733660155     
GRID*   4885            0               0.152043229     -0.288044317    *N4885  
*N4885  0.73205889      
GRID*   4886            0               0.152887038     -0.288716428    *N4886  
*N4886  0.741755593     
GRID*   4887            0               0.150395364     -0.286330571    *N4887  
*N4887  0.739980904     
GRID*   4888            0               0.152599636     -0.288500162    *N4888  
*N4888  0.738523358     
GRID*   4889            0               0.149044767     -0.284270574    *N4889  
*N4889  0.744526965     
GRID*   4890            0               0.147793131     -0.280766731    *N4890  
*N4890  0.742895996     
GRID*   4891            0               0.148508442     -0.283123855    *N4891  
*N4891  0.738349935     
GRID*   4892            0               0.148762711     -0.283703712    *N4892  
*N4892  0.74143845      
GRID*   4893            0               0.147576344     -0.279243002    *N4893  
*N4893  0.736862686     
GRID*   4894            0               0.148282558     -0.282532361    *N4894  
*N4894  0.73526142      
GRID*   4895            0               0.148968099     -0.272211565    *N4895  
*N4895  0.742200748     
GRID*   4896            0               0.147975652     -0.274791198    *N4896  
*N4896  0.744286379     
GRID*   4897            0               0.149082611     -0.271993028    *N4897  
*N4897  0.744981571     
GRID*   4898            0               0.148024535     -0.274613444    *N4898  
*N4898  0.738567512     
GRID*   4899            0               0.148857732     -0.272432225    *N4899  
*N4899  0.739419925     
GRID*   4900            0               0.147558357     -0.277337803    *N4900  
*N4900  0.740653143     
GRID*   4901            0               0.147592812     -0.276908122    *N4901  
*N4901  0.737715099     
GRID*   4902            0               0.147538092     -0.277768387    *N4902  
*N4902  0.743591188     
GRID*   4903            0               0.148424575     -0.273420607    *N4903  
*N4903  0.456935092     
GRID*   4904            0               0.150125902     -0.270352893    *N4904  
*N4904  0.458944779     
GRID*   4905            0               0.150825553     -0.269493675    *N4905  
*N4905  0.456117261     
GRID*   4906            0               0.149448306     -0.271354699    *N4906  
*N4906  0.45650636      
GRID*   4907            0               0.149741724     -0.270896151    *N4907  
*N4907  0.4613506       
GRID*   4908            0               0.151736607     -0.268564606    *N4908  
*N4908  0.463781983     
GRID*   4909            0               0.152236873     -0.268125909    *N4909  
*N4909  0.461376162     
GRID*   4910            0               0.150889998     -0.26942159     *N4910  
*N4910  0.461363381     
GRID*   4911            0               0.154415287     -0.266655542    *N4911  
*N4911  0.464229241     
GRID*   4912            0               0.153140933     -0.267437264    *N4912  
*N4912  0.458721267     
GRID*   4913            0               0.153766922     -0.267028165    *N4913  
*N4913  0.461475254     
GRID*   4914            0               0.152534274     -0.267885498    *N4914  
*N4914  0.45590276      
GRID*   4915            0               0.147702548     -0.280271728    *N4915  
*N4915  0.458796726     
GRID*   4916            0               0.147534525     -0.27842425     *N4916  
*N4916  0.460794114     
GRID*   4917            0               0.147819544     -0.275441087    *N4917  
*N4917  0.457316797     
GRID*   4918            0               0.147535976     -0.277845015    *N4918  
*N4918  0.458082571     
GRID*   4919            0               0.148447553     -0.282972635    *N4919  
*N4919  0.462395922     
GRID*   4920            0               0.148325881     -0.282652738    *N4920  
*N4920  0.459334336     
GRID*   4921            0               0.148711302     -0.283592439    *N4921  
*N4921  0.468636105     
GRID*   4922            0               0.147883357     -0.28117728     *N4922  
*N4922  0.464567216     
GRID*   4923            0               0.148575434     -0.283284236    *N4923  
*N4923  0.465516014     
GRID*   4924            0               0.147607306     -0.27956826     *N4924  
*N4924  0.466268818     
GRID*   4925            0               0.147604448     -0.27679322     *N4925  
*N4925  0.462495715     
GRID*   4926            0               0.147558365     -0.278997054    *N4926  
*N4926  0.463531466     
GRID*   4927            0               0.148732839     -0.272695329    *N4927  
*N4927  0.461194468     
GRID*   4928            0               0.14910633      -0.271948986    *N4928  
*N4928  0.464916007     
GRID*   4929            0               0.150228003     -0.270217876    *N4929  
*N4929  0.465072139     
GRID*   4930            0               0.149411636     -0.27141509     *N4930  
*N4930  0.463133303     
GRID*   4931            0               0.148007117     -0.274675665    *N4931  
*N4931  0.461576173     
GRID*   4932            0               0.148199958     -0.274042851    *N4932  
*N4932  0.459255633     
GRID*   4933            0               0.147718664     -0.275966492    *N4933  
*N4933  0.466217254     
GRID*   4934            0               0.14825568      -0.273878959    *N4934  
*N4934  0.465297712     
GRID*   4935            0               0.147846549     -0.275317427    *N4935  
*N4935  0.463896714     
GRID*   4936            0               0.148572712     -0.273056884    *N4936  
*N4936  0.468481413     
GRID*   4937            0               0.149551479     -0.271188619    *N4937  
*N4937  0.468099708     
GRID*   4938            0               0.148826482     -0.272496655    *N4938  
*N4938  0.46669871      
GRID*   4939            0               0.155453241     -0.266155553    *N4939  
*N4939  0.495253783     
GRID*   4940            0               0.157160016     -0.265560253    *N4940  
*N4940  0.492276725     
GRID*   4941            0               0.154949497     -0.266384133    *N4941  
*N4941  0.49225254      
GRID*   4942            0               0.156487477     -0.265763337    *N4942  
*N4942  0.501256267     
GRID*   4943            0               0.15856336      -0.26525904     *N4943  
*N4943  0.498486003     
GRID*   4944            0               0.155966208     -0.265948498    *N4944  
*N4944  0.498255025     
GRID*   4945            0               0.162126206     -0.265188788    *N4945  
*N4945  0.501925016     
GRID*   4946            0               0.163902549     -0.265523555    *N4946  
*N4946  0.498947958     
GRID*   4947            0               0.160364093     -0.265101489    *N4947  
*N4947  0.495508945     
GRID*   4948            0               0.161246625     -0.265115367    *N4948  
*N4948  0.49871698      
GRID*   4949            0               0.161841673     -0.265158483    *N4949  
*N4949  0.492325093     
GRID*   4950            0               0.159482638     -0.265147217    *N4950  
*N4950  0.492300909     
GRID*   4951            0               0.159223004     -0.26517211     *N4951  
*N4951  0.510742957     
GRID*   4952            0               0.156796546     -0.265665105    *N4952  
*N4952  0.507522621     
GRID*   4953            0               0.156951971     -0.265618873    *N4953  
*N4953  0.510655798     
GRID*   4954            0               0.163822063     -0.265502806    *N4954  
*N4954  0.510917276     
GRID*   4955            0               0.161733832     -0.26514864     *N4955  
*N4955  0.50786175      
GRID*   4956            0               0.161537235     -0.265133012    *N4956  
*N4956  0.510830117     
GRID*   4957            0               0.16454684      -0.265709628    *N4957  
*N4957  0.505145352     
GRID*   4958            0               0.159257877     -0.265168462    *N4958  
*N4958  0.504641413     
GRID*   4959            0               0.16193017      -0.265167234    *N4959  
*N4959  0.504893383     
GRID*   4960            0               0.156641707     -0.265713262    *N4960  
*N4960  0.504389444     
GRID*   4961            0               0.152921567     -0.267593132    *N4961  
*N4961  0.760459401     
GRID*   4962            0               0.151519756     -0.268769392    *N4962  
*N4962  0.756651763     
GRID*   4963            0               0.150952542     -0.269352646    *N4963  
*N4963  0.759985722     
GRID*   4964            0               0.157706988     -0.265423612    *N4964  
*N4964  0.761406758     
GRID*   4965            0               0.155607142     -0.266090771    *N4965  
*N4965  0.758353246     
GRID*   4966            0               0.155204116     -0.266265383    *N4966  
*N4966  0.760933079     
GRID*   4967            0               0.158200536     -0.265321536    *N4967  
*N4967  0.757001218     
GRID*   4968            0               0.156429653     -0.265782658    *N4968  
*N4968  0.753193581     
GRID*   4969            0               0.153969139     -0.266906618    *N4969  
*N4969  0.754545608     
GRID*   4970            0               0.156015808     -0.265929802    *N4970  
*N4970  0.755773413     
GRID*   4971            0               0.152757435     -0.267714284    *N4971  
*N4971  0.749983844     
GRID*   4972            0               0.152122165     -0.268222565    *N4972  
*N4972  0.753317803     
GRID*   4973            0               0.166255134     -0.266386355    *N4973  
*N4973  0.748147089     
GRID*   4974            0               0.161836567     -0.265157997    *N4974  
*N4974  0.747150838     
GRID*   4975            0               0.161401412     -0.265123957    *N4975  
*N4975  0.750670335     
GRID*   4976            0               0.165858538     -0.266204066    *N4976  
*N4976  0.751666586     
GRID*   4977            0               0.163889401     -0.265520128    *N4977  
*N4977  0.749408712     
GRID*   4978            0               0.162268159     -0.265206269    *N4978  
*N4978  0.743196003     
GRID*   4979            0               0.15726783      -0.265531329    *N4979  
*N4979  0.746589924     
GRID*   4980            0               0.159752268     -0.265126885    *N4980  
*N4980  0.744892963     
GRID*   4981            0               0.156847692     -0.26564966     *N4981  
*N4981  0.750109421     
GRID*   4982            0               0.154907022     -0.266404595    *N4982  
*N4982  0.748286884     
GRID*   4983            0               0.160963163     -0.265104407    *N4983  
*N4983  0.753754495     
GRID*   4984            0               0.158883637     -0.265212564    *N4984  
*N4984  0.751931958     
GRID*   4985            0               0.169106567     -0.26824713     *N4985  
*N4985  0.743731539     
GRID*   4986            0               0.16596976      -0.266253573    *N4986  
*N4986  0.743594114     
GRID*   4987            0               0.167741713     -0.267223477    *N4987  
*N4987  0.745939314     
GRID*   4988            0               0.171380518     -0.270781356    *N4988  
*N4988  0.73931599      
GRID*   4989            0               0.168966692     -0.268128879    *N4989  
*N4989  0.739439249     
GRID*   4990            0               0.170326432     -0.269439866    *N4990  
*N4990  0.741523764     
GRID*   4991            0               0.168927014     -0.268095942    *N4991  
*N4991  0.735407645     
GRID*   4992            0               0.165754906     -0.266159047    *N4992  
*N4992  0.735270219     
GRID*   4993            0               0.165802251     -0.266179482    *N4993  
*N4993  0.739301824     
GRID*   4994            0               0.167432164     -0.267027604    *N4994  
*N4994  0.737354734     
GRID*   4995            0               0.162086335     -0.265184162    *N4995  
*N4995  0.738903713     
GRID*   4996            0               0.164069498     -0.265568344    *N4996  
*N4996  0.741248914     
GRID*   4997            0               0.162297522     -0.265210082    *N4997  
*N4997  0.735034691     
GRID*   4998            0               0.158752959     -0.265230549    *N4998  
*N4998  0.734744807     
GRID*   4999            0               0.160418162     -0.265100625    *N4999  
*N4999  0.73682426      
GRID*   5000            0               0.165912287     -0.266227836    *N5000  
*N5000  0.731455554     
GRID*   5001            0               0.162467673     -0.265233512    *N5001  
*N5001  0.731220026     
GRID*   5002            0               0.164141654     -0.265588436    *N5002  
*N5002  0.733245123     
GRID*   5003            0               0.162596979     -0.265252845    *N5003  
*N5003  0.727459717     
GRID*   5004            0               0.158923148     -0.265207391    *N5004  
*N5004  0.730930141     
GRID*   5005            0               0.160761669     -0.26510036     *N5005  
*N5005  0.729194929     
GRID*   5006            0               0.15711793      -0.265571812    *N5006  
*N5006  0.732665353     
GRID*   5007            0               0.17252672      -0.272826389    *N5007  
*N5007  0.480022458     
GRID*   5008            0               0.173172298     -0.274602257    *N5008  
*N5008  0.483214255     
GRID*   5009            0               0.173578968     -0.276644532    *N5009  
*N5009  0.482039836     
GRID*   5010            0               0.173198329     -0.274695366    *N5010  
*N5010  0.481031147     
GRID*   5011            0               0.172504383     -0.272776785    *N5011  
*N5011  0.48391192      
GRID*   5012            0               0.173118173     -0.274416631    *N5012  
*N5012  0.48758047      
GRID*   5013            0               0.173536051     -0.276315008    *N5013  
*N5013  0.486882804     
GRID*   5014            0               0.173145579     -0.274509344    *N5014  
*N5014  0.485397362     
GRID*   5015            0               0.173665698     -0.27792207     *N5015  
*N5015  0.491028108     
GRID*   5016            0               0.173538778     -0.280000569    *N5016  
*N5016  0.489853689     
GRID*   5017            0               0.173666046     -0.278393317    *N5017  
*N5017  0.485708385     
GRID*   5018            0               0.173667996     -0.278157692    *N5018  
*N5018  0.488368246     
GRID*   5019            0               0.1734391       -0.280602547    *N5019  
*N5019  0.484057213     
GRID*   5020            0               0.173659848     -0.278628869    *N5020  
*N5020  0.483048524     
GRID*   5021            0               0.172811115     -0.27351319     *N5021  
*N5021  0.731550503     
GRID*   5022            0               0.172949614     -0.273894227    *N5022  
*N5022  0.734959884     
GRID*   5023            0               0.173409216     -0.275579577    *N5023  
*N5023  0.732781831     
GRID*   5024            0               0.170647381     -0.269811358    *N5024  
*N5024  0.729087848     
GRID*   5025            0               0.171035239     -0.270301077    *N5025  
*N5025  0.732015332     
GRID*   5026            0               0.171882112     -0.271572925    *N5026  
*N5026  0.730319175     
GRID*   5027            0               0.168610585     -0.267842479    *N5027  
*N5027  0.731998264     
GRID*   5028            0               0.171274234     -0.27062857     *N5028  
*N5028  0.735424712     
GRID*   5029            0               0.170045697     -0.269136777    *N5029  
*N5029  0.733711488     
GRID*   5030            0               0.172269329     -0.272285236    *N5030  
*N5030  0.737137937     
GRID*   5031            0               0.167189021     -0.266882085    *N5031  
*N5031  0.718934187     
GRID*   5032            0               0.166419617     -0.266466732    *N5032  
*N5032  0.723468307     
GRID*   5033            0               0.16904616      -0.26819565     *N5033  
*N5033  0.724011017     
GRID*   5034            0               0.168146226     -0.267498382    *N5034  
*N5034  0.721472602     
GRID*   5035            0               0.163068358     -0.265334596    *N5035  
*N5035  0.723285928     
GRID*   5036            0               0.165987433     -0.266261555    *N5036  
*N5036  0.727642096     
GRID*   5037            0               0.164555146     -0.265712262    *N5037  
*N5037  0.725464012     
GRID*   5038            0               0.1686755       -0.267893173    *N5038  
*N5038  0.728184806     
GRID*   5039            0               0.167345484     -0.266974904    *N5039  
*N5039  0.72982018      
GRID*   5040            0               0.169881993     -0.268968597    *N5040  
*N5040  0.726549433     
GRID*   5041            0               0.164906132     -0.290505506    *N5041  
*N5041  0.756836456     
GRID*   5042            0               0.162307565     -0.291123318    *N5042  
*N5042  0.755366165     
GRID*   5043            0               0.164696474     -0.290576692    *N5043  
*N5043  0.750018647     
GRID*   5044            0               0.164801281     -0.290541602    *N5044  
*N5044  0.753427552     
GRID*   5045            0               0.165119841     -0.29042883     *N5045  
*N5045  0.763654265     
GRID*   5046            0               0.162751093     -0.291057101    *N5046  
*N5046  0.761977073     
GRID*   5047            0               0.165012987     -0.290467692    *N5047  
*N5047  0.760245361     
GRID*   5048            0               0.160760769     -0.291234371    *N5048  
*N5048  0.766910789     
GRID*   5049            0               0.158100597     -0.290994113    *N5049  
*N5049  0.765440497     
GRID*   5050            0               0.16008539      -0.291225223    *N5050  
*N5050  0.760506781     
GRID*   5051            0               0.16042302      -0.291234161    *N5051  
*N5051  0.763708785     
GRID*   5052            0               0.157226799     -0.290792499    *N5052  
*N5052  0.75924339      
GRID*   5053            0               0.159416997     -0.291181703    *N5053  
*N5053  0.754102774     
GRID*   5054            0               0.159750914     -0.291207746    *N5054  
*N5054  0.757304778     
GRID*   5055            0               0.164989845     -0.26585875     *N5055  
*N5055  0.4949291       
GRID*   5056            0               0.166017741     -0.266275316    *N5056  
*N5056  0.49122409      
GRID*   5057            0               0.163976208     -0.265543024    *N5057  
*N5057  0.491774592     
GRID*   5058            0               0.166923698     -0.2667313      *N5058  
*N5058  0.501238116     
GRID*   5059            0               0.167894488     -0.267324709    *N5059  
*N5059  0.497219257     
GRID*   5060            0               0.165974508     -0.266255715    *N5060  
*N5060  0.498083608     
GRID*   5061            0               0.17036606      -0.269484233    *N5061  
*N5061  0.499195566     
GRID*   5062            0               0.171067171     -0.270343617    *N5062  
*N5062  0.495490557     
GRID*   5063            0               0.168787617     -0.267982294    *N5063  
*N5063  0.493514248     
GRID*   5064            0               0.169608195     -0.268700309    *N5064  
*N5064  0.496354907     
GRID*   5065            0               0.169600971     -0.26869344     *N5065  
*N5065  0.490123087     
GRID*   5066            0               0.167910037     -0.267335186    *N5066  
*N5066  0.490673589     
GRID*   5067            0               0.162273029     -0.291127823    *N5067  
*N5067  0.537932349     
GRID*   5068            0               0.159032798     -0.291141045    *N5068  
*N5068  0.539726688     
GRID*   5069            0               0.159708692     -0.291204928    *N5069  
*N5069  0.536524701     
GRID*   5070            0               0.164565888     -0.29061904     *N5070  
*N5070  0.542748897     
GRID*   5071            0               0.164784204     -0.290547386    *N5071  
*N5071  0.539339998     
GRID*   5072            0               0.164148645     -0.290744313    *N5072  
*N5072  0.549566695     
GRID*   5073            0               0.161380354     -0.291212039    *N5073  
*N5073  0.544543236     
GRID*   5074            0               0.164356989     -0.290683655    *N5074  
*N5074  0.546157796     
GRID*   5075            0               0.157720367     -0.290914137    *N5075  
*N5075  0.546130663     
GRID*   5076            0               0.15837369      -0.291044322    *N5076  
*N5076  0.542928676     
GRID*   5077            0               0.161822599     -0.291178043    *N5077  
*N5077  0.558831723     
GRID*   5078            0               0.164426091     -0.290662705    *N5078  
*N5078  0.556740064     
GRID*   5079            0               0.164569303     -0.290617952    *N5079  
*N5079  0.560326749     
GRID*   5080            0               0.158583858     -0.291078897    *N5080  
*N5080  0.553601352     
GRID*   5081            0               0.159025038     -0.291140105    *N5081  
*N5081  0.557336696     
GRID*   5082            0               0.161234111     -0.291219966    *N5082  
*N5082  0.551509694     
GRID*   5083            0               0.158150727     -0.29100378     *N5083  
*N5083  0.549866008     
GRID*   5084            0               0.164287232     -0.290704383    *N5084  
*N5084  0.55315338      
GRID*   5085            0               0.161046665     -0.291227724    *N5085  
*N5085  0.615089516     
GRID*   5086            0               0.164381527     -0.290676264    *N5086  
*N5086  0.612901698     
GRID*   5087            0               0.164196851     -0.290730611    *N5087  
*N5087  0.616554485     
GRID*   5088            0               0.158455147     -0.291058141    *N5088  
*N5088  0.609690897     
GRID*   5089            0               0.157879472     -0.29094904     *N5089  
*N5089  0.613624547     
GRID*   5090            0               0.161833205     -0.291177042    *N5090  
*N5090  0.607503079     
GRID*   5091            0               0.159045554     -0.291142579    *N5091  
*N5091  0.605757247     
GRID*   5092            0               0.164574095     -0.290616424    *N5092  
*N5092  0.609248912     
GRID*   5093            0               0.170912276     -0.286194164    *N5093  
*N5093  0.550713914     
GRID*   5094            0               0.172320914     -0.28394601     *N5094  
*N5094  0.548989157     
GRID*   5095            0               0.172259524     -0.284068896    *N5095  
*N5095  0.552184692     
GRID*   5096            0               0.169216906     -0.287991898    *N5096  
*N5096  0.545836387     
GRID*   5097            0               0.169182329     -0.288022118    *N5097  
*N5097  0.549243135     
GRID*   5098            0               0.169285055     -0.287931705    *N5098  
*N5098  0.53902289      
GRID*   5099            0               0.171023564     -0.286049106    *N5099  
*N5099  0.54411163      
GRID*   5100            0               0.169251056     -0.28796184     *N5100  
*N5100  0.542429638     
GRID*   5101            0               0.172439388     -0.283699223    *N5101  
*N5101  0.542598087     
GRID*   5102            0               0.172380797     -0.283822926    *N5102  
*N5102  0.545793622     
GRID*   5103            0               0.171178514     -0.285839887    *N5103  
*N5103  0.528961286     
GRID*   5104            0               0.16932727      -0.287893992    *N5104  
*N5104  0.531560801     
GRID*   5105            0               0.169348179     -0.287875191    *N5105  
*N5105  0.527829756     
GRID*   5106            0               0.172510113     -0.283545263    *N5106  
*N5106  0.534261239     
GRID*   5107            0               0.172544645     -0.283468122    *N5107  
*N5107  0.530092815     
GRID*   5108            0               0.17111188      -0.285930928    *N5108  
*N5108  0.536860754     
GRID*   5109            0               0.172475        -0.283622357    *N5109  
*N5109  0.538429663     
GRID*   5110            0               0.169306192     -0.287912863    *N5110  
*N5110  0.535291845     
GRID*   5111            0               0.169774471     -0.287473363    *N5111  
*N5111  0.697844046     
GRID*   5112            0               0.171634418     -0.285168377    *N5112  
*N5112  0.700535393     
GRID*   5113            0               0.169645853     -0.287598435    *N5113  
*N5113  0.701425682     
GRID*   5114            0               0.170014641     -0.287230314    *N5114  
*N5114  0.690680774     
GRID*   5115            0               0.171994258     -0.28456607     *N5115  
*N5115  0.693233558     
GRID*   5116            0               0.169895766     -0.287352204    *N5116  
*N5116  0.69426241      
GRID*   5117            0               0.173395148     -0.280823825    *N5117  
*N5117  0.688484509     
GRID*   5118            0               0.173142508     -0.28183589     *N5118  
*N5118  0.695924905     
GRID*   5119            0               0.17327893      -0.281332379    *N5119  
*N5119  0.692204707     
GRID*   5120            0               0.17298318      -0.282342222    *N5120  
*N5120  0.699645104     
GRID*   5121            0               0.16879588      -0.288345777    *N5121  
*N5121  0.677493778     
GRID*   5122            0               0.170826962     -0.286302584    *N5122  
*N5122  0.680339212     
GRID*   5123            0               0.169454997     -0.287777857    *N5123  
*N5123  0.684087276     
GRID*   5124            0               0.169132211     -0.288065541    *N5124  
*N5124  0.680790527     
GRID*   5125            0               0.171500402     -0.285375262    *N5125  
*N5125  0.67702236      
GRID*   5126            0               0.173071081     -0.282071813    *N5126  
*N5126  0.679436582     
GRID*   5127            0               0.172681033     -0.283149455    *N5127  
*N5127  0.682753434     
GRID*   5128            0               0.172144485     -0.284290878    *N5128  
*N5128  0.679887897     
GRID*   5129            0               0.173651413     -0.278825564    *N5129  
*N5129  0.684736445     
GRID*   5130            0               0.171771691     -0.284947179    *N5130  
*N5130  0.686501498     
GRID*   5131            0               0.173092327     -0.282003294    *N5131  
*N5131  0.685618972     
GRID*   5132            0               0.169741001     -0.287506242    *N5132  
*N5132  0.687384025     
GRID*   5133            0               0.169291703     -0.287925788    *N5133  
*N5133  0.501163007     
GRID*   5134            0               0.170852385     -0.286270521    *N5134  
*N5134  0.503361666     
GRID*   5135            0               0.169146066     -0.288053581    *N5135  
*N5135  0.504492882     
GRID*   5136            0               0.169565327     -0.287675016    *N5136  
*N5136  0.494503256     
GRID*   5137            0               0.171305912     -0.285661096    *N5137  
*N5137  0.497066875     
GRID*   5138            0               0.169429826     -0.287800988    *N5138  
*N5138  0.497833131     
GRID*   5139            0               0.172876403     -0.282646484    *N5139  
*N5139  0.493335703     
GRID*   5140            0               0.173467181     -0.280449526    *N5140  
*N5140  0.495534362     
GRID*   5141            0               0.172443309     -0.283690824    *N5141  
*N5141  0.499265534     
GRID*   5142            0               0.172671155     -0.28317334     *N5142  
*N5142  0.496300619     
GRID*   5143            0               0.17311552      -0.281926931    *N5143  
*N5143  0.501099234     
GRID*   5144            0               0.172189266     -0.284205699    *N5144  
*N5144  0.50223045      
GRID*   5145            0               0.164524809     -0.29063205     *N5145  
*N5145  0.742778249     
GRID*   5146            0               0.161553199     -0.291200549    *N5146  
*N5146  0.740876579     
GRID*   5147            0               0.164440534     -0.290658273    *N5147  
*N5147  0.739158049     
GRID*   5148            0               0.161908478     -0.291169687    *N5148  
*N5148  0.748332667     
GRID*   5149            0               0.164610613     -0.290604707    *N5149  
*N5149  0.746398448     
GRID*   5150            0               0.156455879     -0.290560862    *N5150  
*N5150  0.752201104     
GRID*   5151            0               0.158883351     -0.291122117    *N5151  
*N5151  0.746430997     
GRID*   5152            0               0.159149868     -0.291154651    *N5152  
*N5152  0.750266886     
GRID*   5153            0               0.155785944     -0.29031633     *N5153  
*N5153  0.744313639     
GRID*   5154            0               0.158619592     -0.291084426    *N5154  
*N5154  0.742595109     
GRID*   5155            0               0.164254313     -0.290714017    *N5155  
*N5155  0.643741465     
GRID*   5156            0               0.161333454     -0.291214761    *N5156  
*N5156  0.641497982     
GRID*   5157            0               0.164335164     -0.290690186    *N5157  
*N5157  0.640295783     
GRID*   5158            0               0.164095706     -0.290759129    *N5158  
*N5158  0.650632829     
GRID*   5159            0               0.161000045     -0.291229235    *N5159  
*N5159  0.648256001     
GRID*   5160            0               0.164174958     -0.290736858    *N5160  
*N5160  0.647187147     
GRID*   5161            0               0.157559735     -0.290876782    *N5161  
*N5161  0.652637193     
GRID*   5162            0               0.158046779     -0.290983509    *N5162  
*N5162  0.646012519     
GRID*   5163            0               0.157802748     -0.290932469    *N5163  
*N5163  0.649324856     
GRID*   5164            0               0.158293676     -0.291030232    *N5164  
*N5164  0.642700182     
GRID*   5165            0               0.166908458     -0.266722886    *N5165  
*N5165  0.460747223     
GRID*   5166            0               0.168753191     -0.267954716    *N5166  
*N5166  0.458559014     
GRID*   5167            0               0.166625144     -0.266571229    *N5167  
*N5167  0.458059122     
GRID*   5168            0               0.167453365     -0.267040634    *N5168  
*N5168  0.466175043     
GRID*   5169            0               0.169228677     -0.268353158    *N5169  
*N5169  0.463854102     
GRID*   5170            0               0.167182829     -0.266878472    *N5170  
*N5170  0.463461133     
GRID*   5171            0               0.17113643      -0.270437142    *N5171  
*N5171  0.466828249     
GRID*   5172            0               0.170781148     -0.269974873    *N5172  
*N5172  0.461491992     
GRID*   5173            0               0.170961367     -0.270204026    *N5173  
*N5173  0.464160121     
GRID*   5174            0               0.170592361     -0.26974564     *N5174  
*N5174  0.458882369     
GRID*   5175            0               0.16838246      -0.267669458    *N5175  
*N5175  0.477147103     
GRID*   5176            0               0.169911938     -0.268998912    *N5176  
*N5176  0.474718395     
GRID*   5177            0               0.167924663     -0.267345071    *N5177  
*N5177  0.471661073     
GRID*   5178            0               0.168155303     -0.267504807    *N5178  
*N5178  0.474404088     
GRID*   5179            0               0.171456859     -0.270894037    *N5179  
*N5179  0.477767519     
GRID*   5180            0               0.171299084     -0.270663879    *N5180  
*N5180  0.472297884     
GRID*   5181            0               0.171378586     -0.270778536    *N5181  
*N5181  0.475032701     
GRID*   5182            0               0.169612449     -0.268704359    *N5182  
*N5182  0.469240562     
GRID*   5183            0               0.171218362     -0.270550076    *N5183  
*N5183  0.469563067     
GRID*   5184            0               0.167690648     -0.267190323    *N5184  
*N5184  0.468918058     
GRID*   5185            0               0.164432439     -0.290660759    *N5185  
*N5185  0.67081889      
GRID*   5186            0               0.162392673     -0.291111816    *N5186  
*N5186  0.667498333     
GRID*   5187            0               0.165247136     -0.290381153    *N5187  
*N5187  0.663871865     
GRID*   5188            0               0.164839518     -0.290528553    *N5188  
*N5188  0.667345377     
GRID*   5189            0               0.160762523     -0.291234349    *N5189  
*N5189  0.674367672     
GRID*   5190            0               0.164057882     -0.290769569    *N5190  
*N5190  0.674292402     
GRID*   5191            0               0.154426199     -0.289685033    *N5191  
*N5191  0.674518212     
GRID*   5192            0               0.158678249     -0.291093283    *N5192  
*N5192  0.671047115     
GRID*   5193            0               0.157496138     -0.2908614      *N5193  
*N5193  0.674442942     
GRID*   5194            0               0.157472143     -0.290855509    *N5194  
*N5194  0.667804244     
GRID*   5195            0               0.16116839      -0.291222993    *N5195  
*N5195  0.664255462     
GRID*   5196            0               0.159920219     -0.291217667    *N5196  
*N5196  0.667651289     
GRID*   5197            0               0.147784747     -0.280725074    *N5197  
*N5197  0.60904928      
GRID*   5198            0               0.147532047     -0.278202347    *N5198  
*N5198  0.605737993     
GRID*   5199            0               0.147861608     -0.281083865    *N5199  
*N5199  0.602134192     
GRID*   5200            0               0.147821918     -0.280904739    *N5200  
*N5200  0.605591736     
GRID*   5201            0               0.147717988     -0.280364267    *N5201  
*N5201  0.615964367     
GRID*   5202            0               0.14753615      -0.277838028    *N5202  
*N5202  0.61255598      
GRID*   5203            0               0.147750101     -0.280544905    *N5203  
*N5203  0.612506823     
GRID*   5204            0               0.147929266     -0.274969686    *N5204  
*N5204  0.61596558      
GRID*   5205            0               0.148785195     -0.272583184    *N5205  
*N5205  0.612654293     
GRID*   5206            0               0.14784561      -0.275321634    *N5206  
*N5206  0.609244693     
GRID*   5207            0               0.14788622      -0.275145371    *N5207  
*N5207  0.612605137     
GRID*   5208            0               0.148636196     -0.272909983    *N5208  
*N5208  0.606030507     
GRID*   5209            0               0.147771728     -0.275675761    *N5209  
*N5209  0.602523807     
GRID*   5210            0               0.147807444     -0.275498442    *N5210  
*N5210  0.60588425      
GRID*   5211            0               0.154777799     -0.266468018    *N5211  
*N5211  0.615660489     
GRID*   5212            0               0.15243654      -0.267962922    *N5212  
*N5212  0.619046256     
GRID*   5213            0               0.154839001     -0.26643776     *N5213  
*N5213  0.622189192     
GRID*   5214            0               0.15480838      -0.266452849    *N5214  
*N5214  0.61892484      
GRID*   5215            0               0.150382929     -0.270019717    *N5215  
*N5215  0.615864287     
GRID*   5216            0               0.148918955     -0.272308536    *N5216  
*N5216  0.619289088     
GRID*   5217            0               0.150502869     -0.269871543    *N5217  
*N5217  0.622471057     
GRID*   5218            0               0.150442629     -0.269945411    *N5218  
*N5218  0.619167672     
GRID*   5219            0               0.149034014     -0.272084548    *N5219  
*N5219  0.625934891     
GRID*   5220            0               0.152538027     -0.267882555    *N5220  
*N5220  0.625613993     
GRID*   5221            0               0.150563647     -0.269798116    *N5221  
*N5221  0.625774442     
GRID*   5222            0               0.154869661     -0.266422751    *N5222  
*N5222  0.625453544     
GRID*   5223            0               0.147560526     -0.277304369    *N5223  
*N5223  0.626639084     
GRID*   5224            0               0.147681898     -0.280141       *N5224  
*N5224  0.623315576     
GRID*   5225            0               0.148333249     -0.28267285     *N5225  
*N5225  0.627343277     
GRID*   5226            0               0.147665303     -0.28002914     *N5226  
*N5226  0.62699118      
GRID*   5227            0               0.147990984     -0.274734383    *N5227  
*N5227  0.622846518     
GRID*   5228            0               0.148023483     -0.274617172    *N5228  
*N5228  0.626286987     
GRID*   5229            0               0.14754713      -0.277538701    *N5229  
*N5229  0.61952301      
GRID*   5230            0               0.147959577     -0.274851891    *N5230  
*N5230  0.619406049     
GRID*   5231            0               0.148409976     -0.282876492    *N5231  
*N5231  0.619756933     
GRID*   5232            0               0.14769946      -0.280252711    *N5232  
*N5232  0.619639972     
GRID*   5233            0               0.153615225     -0.289212066    *N5233  
*N5233  0.749534119     
GRID*   5234            0               0.151063535     -0.287102037    *N5234  
*N5234  0.746976072     
GRID*   5235            0               0.153246954     -0.288970384    *N5235  
*N5235  0.745644856     
GRID*   5236            0               0.154375148     -0.289657523    *N5236  
*N5236  0.757312645     
GRID*   5237            0               0.151810532     -0.287837824    *N5237  
*N5237  0.754645659     
GRID*   5238            0               0.153991433     -0.289441199    *N5238  
*N5238  0.753423382     
GRID*   5239            0               0.150374286     -0.286304152    *N5239  
*N5239  0.75964826      
GRID*   5240            0               0.149662163     -0.285318328    *N5240  
*N5240  0.752087612     
GRID*   5241            0               0.150006751     -0.285819529    *N5241  
*N5241  0.755867936     
GRID*   5242            0               0.14934127      -0.284801637    *N5242  
*N5242  0.748307288     
GRID*   5243            0               0.153400398     -0.267261473    *N5243  
*N5243  0.596743035     
GRID*   5244            0               0.151517639     -0.268771439    *N5244  
*N5244  0.599691327     
GRID*   5245            0               0.153887782     -0.266954922    *N5245  
*N5245  0.602783299     
GRID*   5246            0               0.153642402     -0.267105513    *N5246  
*N5246  0.599763167     
GRID*   5247            0               0.151173553     -0.269116684    *N5247  
*N5247  0.593550508     
GRID*   5248            0               0.153161889     -0.267422727    *N5248  
*N5248  0.593722903     
GRID*   5249            0               0.148391135     -0.273507291    *N5249  
*N5249  0.593205717     
GRID*   5250            0               0.149669936     -0.271004517    *N5250  
*N5250  0.5964988       
GRID*   5251            0               0.149561837     -0.271172248    *N5251  
*N5251  0.593378113     
GRID*   5252            0               0.148505385     -0.273218329    *N5252  
*N5252  0.599547648     
GRID*   5253            0               0.149893752     -0.270674104    *N5253  
*N5253  0.602740175     
GRID*   5254            0               0.149780583     -0.270838456    *N5254  
*N5254  0.599619488     
GRID*   5255            0               0.147953578     -0.28145987     *N5255  
*N5255  0.595498524     
GRID*   5256            0               0.147554072     -0.278926567    *N5256  
*N5256  0.592522366     
GRID*   5257            0               0.148003729     -0.281646809    *N5257  
*N5257  0.59218069      
GRID*   5258            0               0.14753806      -0.278565286    *N5258  
*N5258  0.599060121     
GRID*   5259            0               0.147906201     -0.281272208    *N5259  
*N5259  0.598816358     
GRID*   5260            0               0.14771188      -0.276006573    *N5260  
*N5260  0.596083963     
GRID*   5261            0               0.14774074      -0.275840975    *N5261  
*N5261  0.599303885     
GRID*   5262            0               0.147685153     -0.276172529    *N5262  
*N5262  0.592864042     
GRID*   5263            0               0.156067101     -0.26591071     *N5263  
*N5263  0.684797469     
GRID*   5264            0               0.158633731     -0.265248133    *N5264  
*N5264  0.689118722     
GRID*   5265            0               0.159406278     -0.265153995    *N5265  
*N5265  0.68510764      
GRID*   5266            0               0.150530092     -0.26983852     *N5266  
*N5266  0.684177127     
GRID*   5267            0               0.152681384     -0.267771777    *N5267  
*N5267  0.68829469      
GRID*   5268            0               0.153039086     -0.267508785    *N5268  
*N5268  0.684487298     
GRID*   5269            0               0.150186386     -0.270272471    *N5269  
*N5269  0.69158822      
GRID*   5270            0               0.151993803     -0.268333439    *N5270  
*N5270  0.695909474     
GRID*   5271            0               0.154942107     -0.266387679    *N5271  
*N5271  0.692615943     
GRID*   5272            0               0.152332822     -0.268046767    *N5272  
*N5272  0.692102082     
GRID*   5273            0               0.157112274     -0.265573377    *N5273  
*N5273  0.697140888     
GRID*   5274            0               0.157868158     -0.265388093    *N5274  
*N5274  0.693129805     
GRID*   5275            0               0.153193323     -0.267401034    *N5275  
*N5275  0.706479239     
GRID*   5276            0               0.151405257     -0.268881385    *N5276  
*N5276  0.702599657     
GRID*   5277            0               0.151123906     -0.269168679    *N5277  
*N5277  0.705944749     
GRID*   5278            0               0.156086027     -0.265903728    *N5278  
*N5278  0.703722782     
GRID*   5279            0               0.155583996     -0.266100366    *N5279  
*N5279  0.707013729     
GRID*   5280            0               0.153987399     -0.266895886    *N5280  
*N5280  0.6998432       
GRID*   5281            0               0.156595742     -0.265727965    *N5281  
*N5281  0.700431835     
GRID*   5282            0               0.151695314     -0.268602884    *N5282  
*N5282  0.699254565     
GRID*   5283            0               0.164556362     -0.29062207     *N5283  
*N5283  0.770625909     
GRID*   5284            0               0.162386621     -0.291112653    *N5284  
*N5284  0.768741815     
GRID*   5285            0               0.16483797      -0.290529084    *N5285  
*N5285  0.767140087     
GRID*   5286            0               0.161242304     -0.291219565    *N5286  
*N5286  0.775660392     
GRID*   5287            0               0.164290205     -0.290703508    *N5287  
*N5287  0.77411173      
GRID*   5288            0               0.155246848     -0.290088618    *N5288  
*N5288  0.778757716     
GRID*   5289            0               0.159019238     -0.2911394      *N5289  
*N5289  0.773776299     
GRID*   5290            0               0.15817765      -0.291008888    *N5290  
*N5290  0.777209054     
GRID*   5291            0               0.157416264     -0.290841603    *N5291  
*N5291  0.771945272     
GRID*   5292            0               0.159888418     -0.291215972    *N5292  
*N5292  0.770343544     
GRID*   5293            0               0.155858598     -0.290344869    *N5293  
*N5293  0.764628958     
GRID*   5294            0               0.153149089     -0.28890312     *N5294  
*N5294  0.762698213     
GRID*   5295            0               0.155106113     -0.290024418    *N5295  
*N5295  0.760970801     
GRID*   5296            0               0.155212313     -0.290073049    *N5296  
*N5296  0.771133734     
GRID*   5297            0               0.156629655     -0.29061762     *N5297  
*N5297  0.768287115     
GRID*   5298            0               0.152584028     -0.288488058    *N5298  
*N5298  0.769202988     
GRID*   5299            0               0.153867704     -0.289367753    *N5299  
*N5299  0.773980352     
GRID*   5300            0               0.151414025     -0.287462008    *N5300  
*N5300  0.764425624     
GRID*   5301            0               0.148648501     -0.28345265     *N5301  
*N5301  0.67918782      
GRID*   5302            0               0.150152837     -0.286017799    *N5302  
*N5302  0.682639318     
GRID*   5303            0               0.14899749      -0.284180211    *N5303  
*N5303  0.686796115     
GRID*   5304            0               0.147938509     -0.281401439    *N5304  
*N5304  0.683344617     
GRID*   5305            0               0.148817378     -0.283819125    *N5305  
*N5305  0.682991968     
GRID*   5306            0               0.151259387     -0.287306592    *N5306  
*N5306  0.678312737     
GRID*   5307            0               0.152566061     -0.288474078    *N5307  
*N5307  0.686260601     
GRID*   5308            0               0.151893134     -0.287912261    *N5308  
*N5308  0.682286669     
GRID*   5309            0               0.154017182     -0.289456254    *N5309  
*N5309  0.694208466     
GRID*   5310            0               0.150970843     -0.287002061    *N5310  
*N5310  0.690417398     
GRID*   5311            0               0.153275141     -0.288989516    *N5311  
*N5311  0.690234533     
GRID*   5312            0               0.149390718     -0.284884846    *N5312  
*N5312  0.694404411     
GRID*   5313            0               0.14802524      -0.281723766    *N5313  
*N5313  0.690783128     
GRID*   5314            0               0.149188664     -0.284535564    *N5314  
*N5314  0.690600263     
GRID*   5315            0               0.151488911     -0.287535427    *N5315  
*N5315  0.706091126     
GRID*   5316            0               0.153985124     -0.289437499    *N5316  
*N5316  0.702412473     
GRID*   5317            0               0.153969115     -0.289428087    *N5317  
*N5317  0.706514476     
GRID*   5318            0               0.149481749     -0.285034465    *N5318  
*N5318  0.70191332      
GRID*   5319            0               0.149528015     -0.285108813    *N5319  
*N5319  0.705667775     
GRID*   5320            0               0.151439576     -0.287487191    *N5320  
*N5320  0.698234667     
GRID*   5321            0               0.149435983     -0.284959808    *N5321  
*N5321  0.698158865     
GRID*   5322            0               0.154001146     -0.289446888    *N5322  
*N5322  0.698310469     
GRID*   5323            0               0.163086659     -0.265338129    *N5323  
*N5323  0.719617773     
GRID*   5324            0               0.159542929     -0.265142183    *N5324  
*N5324  0.720295629     
GRID*   5325            0               0.161312172     -0.26511878     *N5325  
*N5325  0.721790778     
GRID*   5326            0               0.162272005     -0.265206765    *N5326  
*N5326  0.715955347     
GRID*   5327            0               0.164814595     -0.265797646    *N5327  
*N5327  0.717444767     
GRID*   5328            0               0.158722973     -0.265234866    *N5328  
*N5328  0.716633203     
GRID*   5329            0               0.159662701     -0.265133017    *N5329  
*N5329  0.714465926     
GRID*   5330            0               0.157793065     -0.265404376    *N5330  
*N5330  0.718800479     
GRID*   5331            0               0.173608392     -0.279414099    *N5331  
*N5331  0.516433169     
GRID*   5332            0               0.173463135     -0.28047222     *N5332  
*N5332  0.52008767      
GRID*   5333            0               0.173222634     -0.281549925    *N5333  
*N5333  0.517235859     
GRID*   5334            0               0.173475857     -0.275934666    *N5334  
*N5334  0.518320124     
GRID*   5335            0               0.17363533      -0.277243884    *N5335  
*N5335  0.515630479     
GRID*   5336            0               0.173615179     -0.276993585    *N5336  
*N5336  0.521974625     
GRID*   5337            0               0.173185232     -0.274648191    *N5337  
*N5337  0.521009769     
GRID*   5338            0               0.173611796     -0.279378059    *N5338  
*N5338  0.522939481     
GRID*   5339            0               0.161922581     -0.26516646     *N5339  
*N5339  0.639245197     
GRID*   5340            0               0.159426704     -0.265152138    *N5340  
*N5340  0.635166578     
GRID*   5341            0               0.158860348     -0.265215671    *N5341  
*N5341  0.63851312      
GRID*   5342            0               0.165487844     -0.266047887    *N5342  
*N5342  0.636099722     
GRID*   5343            0               0.164912171     -0.265831323    *N5343  
*N5343  0.639977275     
GRID*   5344            0               0.163094517     -0.265339655    *N5344  
*N5344  0.632021102     
GRID*   5345            0               0.166052689     -0.2662913      *N5345  
*N5345  0.632222169     
GRID*   5346            0               0.159995292     -0.265113358    *N5346  
*N5346  0.631820035     
GRID*   5347            0               0.150133225     -0.270343086    *N5347  
*N5347  0.609302231     
GRID*   5348            0               0.151863391     -0.268449115    *N5348  
*N5348  0.6060119       
GRID*   5349            0               0.150012195     -0.270507659    *N5349  
*N5349  0.606021203     
GRID*   5350            0               0.152209268     -0.268148965    *N5350  
*N5350  0.612512225     
GRID*   5351            0               0.150256813     -0.270180426    *N5351  
*N5351  0.612583259     
GRID*   5352            0               0.157175486     -0.265556042    *N5352  
*N5352  0.612370157     
GRID*   5353            0               0.154328064     -0.26670283     *N5353  
*N5353  0.609221894     
GRID*   5354            0               0.154551792     -0.266583241    *N5354  
*N5354  0.612441191     
GRID*   5355            0               0.156641437     -0.265713348    *N5355  
*N5355  0.605993293     
GRID*   5356            0               0.154106699     -0.266826739    *N5356  
*N5356  0.606002596     
GRID*   5357            0               0.165729525     -0.266148183    *N5357  
*N5357  0.608615608     
GRID*   5358            0               0.163287653     -0.265378726    *N5358  
*N5358  0.612001364     
GRID*   5359            0               0.16620507      -0.266362453    *N5359  
*N5359  0.611816967     
GRID*   5360            0               0.162419945     -0.26522671     *N5360  
*N5360  0.605607263     
GRID*   5361            0               0.165245808     -0.265953061    *N5361  
*N5361  0.605414248     
GRID*   5362            0               0.159861925     -0.265120219    *N5362  
*N5362  0.608993019     
GRID*   5363            0               0.159503357     -0.265145455    *N5363  
*N5363  0.605800278     
GRID*   5364            0               0.160221052     -0.265104855    *N5364  
*N5364  0.61218576      
GRID*   5365            0               0.173436214     -0.280617712    *N5365  
*N5365  0.66577721      
GRID*   5366            0               0.173663647     -0.278504638    *N5366  
*N5366  0.671538113     
GRID*   5367            0               0.173274518     -0.281350003    *N5367  
*N5367  0.672606896     
GRID*   5368            0               0.172591016     -0.283362373    *N5368  
*N5368  0.666845992     
GRID*   5369            0               0.17336062      -0.280985018    *N5369  
*N5369  0.669192053     
GRID*   5370            0               0.173300477     -0.27508994     *N5370  
*N5370  0.670266749     
GRID*   5371            0               0.172843113     -0.273598026    *N5371  
*N5371  0.676230234     
GRID*   5372            0               0.173610714     -0.276945091    *N5372  
*N5372  0.677501597     
GRID*   5373            0               0.173489016     -0.276011927    *N5373  
*N5373  0.673884173     
GRID*   5374            0               0.173480025     -0.275958833    *N5374  
*N5374  0.683667662     
GRID*   5375            0               0.173563517     -0.279816554    *N5375  
*N5375  0.67857038      
GRID*   5376            0               0.17366494      -0.277884595    *N5376  
*N5376  0.681119021     
GRID*   5377            0               0.172516773     -0.283530488    *N5377  
*N5377  0.673473098     
GRID*   5378            0               0.173177978     -0.281712368    *N5378  
*N5378  0.676021739     
GRID*   5379            0               0.169484145     -0.268583801    *N5379  
*N5379  0.684320465     
GRID*   5380            0               0.170046458     -0.269137573    *N5380  
*N5380  0.679885747     
GRID*   5381            0               0.168033917     -0.267419825    *N5381  
*N5381  0.681713504     
GRID*   5382            0               0.172001871     -0.271782224    *N5382  
*N5382  0.685840839     
GRID*   5383            0               0.170754477     -0.269941837    *N5383  
*N5383  0.686927427     
GRID*   5384            0               0.172366519     -0.272482146    *N5384  
*N5384  0.68140612      
GRID*   5385            0               0.172919238     -0.27380743     *N5385  
*N5385  0.68475425      
GRID*   5386            0               0.171671734     -0.271225506    *N5386  
*N5386  0.67805799      
GRID*   5387            0               0.151038396     -0.287075129    *N5387  
*N5387  0.619594586     
GRID*   5388            0               0.149610154     -0.285238138    *N5388  
*N5388  0.623320283     
GRID*   5389            0               0.149523427     -0.285101489    *N5389  
*N5389  0.619675759     
GRID*   5390            0               0.153478968     -0.28912471     *N5390  
*N5390  0.622860639     
GRID*   5391            0               0.152899966     -0.288725868    *N5391  
*N5391  0.619513412     
GRID*   5392            0               0.151648537     -0.287688071    *N5392  
*N5392  0.626586336     
GRID*   5393            0               0.154078583     -0.289491835    *N5393  
*N5393  0.626207865     
GRID*   5394            0               0.149698566     -0.285373702    *N5394  
*N5394  0.626964806     
GRID*   5395            0               0.173210879     -0.281593487    *N5395  
*N5395  0.661507295     
GRID*   5396            0               0.173650622     -0.277493641    *N5396  
*N5396  0.661106104     
GRID*   5397            0               0.173560708     -0.27649623     *N5397  
*N5397  0.665376018     
GRID*   5398            0               0.173637332     -0.279062122    *N5398  
*N5398  0.663441657     
GRID*   5399            0               0.173667606     -0.278065863    *N5399  
*N5399  0.657457006     
GRID*   5400            0               0.172939014     -0.273863716    *N5400  
*N5400  0.660084095     
GRID*   5401            0               0.173475892     -0.275934866    *N5401  
*N5401  0.658770551     
GRID*   5402            0               0.172573218     -0.272931458    *N5402  
*N5402  0.66435401      
GRID*   5403            0               0.172071365     -0.271907933    *N5403  
*N5403  0.66139764      
GRID*   5404            0               0.172983964     -0.273994824    *N5404  
*N5404  0.66731038      
GRID*   5405            0               0.166661675     -0.266590282    *N5405  
*N5405  0.512571734     
GRID*   5406            0               0.165620261     -0.266102137    *N5406  
*N5406  0.509227937     
GRID*   5407            0               0.165273607     -0.265963671    *N5407  
*N5407  0.511744505     
GRID*   5408            0               0.168266842     -0.267584725    *N5408  
*N5408  0.511621182     
GRID*   5409            0               0.167967416     -0.26737413     *N5409  
*N5409  0.513398962     
GRID*   5410            0               0.168847416     -0.268030656    *N5410  
*N5410  0.50806562      
GRID*   5411            0               0.16730665      -0.266951591    *N5411  
*N5411  0.508277385     
GRID*   5412            0               0.168560252     -0.267803625    *N5412  
*N5412  0.509843401     
GRID*   5413            0               0.166301001     -0.266408482    *N5413  
*N5413  0.5041948       
GRID*   5414            0               0.165962819     -0.266250448    *N5414  
*N5414  0.506711368     
GRID*   5415            0               0.16490907      -0.29050448     *N5415  
*N5415  0.501814828     
GRID*   5416            0               0.162786312     -0.291051174    *N5416  
*N5416  0.497747037     
GRID*   5417            0               0.165029747     -0.290461666    *N5417  
*N5417  0.498173212     
GRID*   5418            0               0.164672866     -0.29058446     *N5418  
*N5418  0.50909806      
GRID*   5419            0               0.162286008     -0.291126141    *N5419  
*N5419  0.505288791     
GRID*   5420            0               0.164790938     -0.290545108    *N5420  
*N5420  0.505456444     
GRID*   5421            0               0.159342762     -0.291174741    *N5421  
*N5421  0.509021276     
GRID*   5422            0               0.160096241     -0.291225646    *N5422  
*N5422  0.501221        
GRID*   5423            0               0.159719134     -0.291205638    *N5423  
*N5423  0.505121138     
GRID*   5424            0               0.160477349     -0.291234784    *N5424  
*N5424  0.497320861     
GRID*   5425            0               0.152803542     -0.267679849    *N5425  
*N5425  0.466257255     
GRID*   5426            0               0.154244009     -0.266749216    *N5426  
*N5426  0.469470384     
GRID*   5427            0               0.154329473     -0.266702059    *N5427  
*N5427  0.466849813     
GRID*   5428            0               0.151128317     -0.269164036    *N5428  
*N5428  0.46754741      
GRID*   5429            0               0.151427564     -0.26885935     *N5429  
*N5429  0.465664697     
GRID*   5430            0               0.152388856     -0.268001253    *N5430  
*N5430  0.47076054      
GRID*   5431            0               0.150839186     -0.269478336    *N5431  
*N5431  0.469430124     
GRID*   5432            0               0.1541589       -0.26679701     *N5432  
*N5432  0.472090956     
GRID*   5433            0               0.173650823     -0.277497543    *N5433  
*N5433  0.494107518     
GRID*   5434            0               0.173545201     -0.27638007     *N5434  
*N5434  0.498609944     
GRID*   5435            0               0.173615558     -0.279336923    *N5435  
*N5435  0.500036788     
GRID*   5436            0               0.173665599     -0.278417854    *N5436  
*N5436  0.497072153     
GRID*   5437            0               0.172693493     -0.273215588    *N5437  
*N5437  0.4968187       
GRID*   5438            0               0.172367414     -0.272483998    *N5438  
*N5438  0.501685525     
GRID*   5439            0               0.173411389     -0.275590357    *N5439  
*N5439  0.503476768     
GRID*   5440            0               0.173108924     -0.274385898    *N5440  
*N5440  0.500147734     
GRID*   5441            0               0.173308255     -0.275122219    *N5441  
*N5441  0.508707992     
GRID*   5442            0               0.173662761     -0.278537345    *N5442  
*N5442  0.504903613     
GRID*   5443            0               0.173598157     -0.276818088    *N5443  
*N5443  0.506805803     
GRID*   5444            0               0.173500948     -0.280250189    *N5444  
*N5444  0.503001424     
GRID*   5445            0               0.169338663     -0.268450961    *N5445  
*N5445  0.505896847     
GRID*   5446            0               0.169847397     -0.268933819    *N5446  
*N5446  0.502940163     
GRID*   5447            0               0.168180104     -0.267522425    *N5447  
*N5447  0.503567481     
GRID*   5448            0               0.171661537     -0.271209269    *N5448  
*N5448  0.508386806     
GRID*   5449            0               0.170384417     -0.269504923    *N5449  
*N5449  0.508226213     
GRID*   5450            0               0.172018932     -0.271812785    *N5450  
*N5450  0.505430121     
GRID*   5451            0               0.172644855     -0.273098427    *N5451  
*N5451  0.508547399     
GRID*   5452            0               0.17125629      -0.270603226    *N5452  
*N5452  0.502312844     
GRID*   5453            0               0.147737342     -0.275859836    *N5453  
*N5453  0.468920224     
GRID*   5454            0               0.147900807     -0.275084648    *N5454  
*N5454  0.472010442     
GRID*   5455            0               0.148195256     -0.274057014    *N5455  
*N5455  0.470245927     
GRID*   5456            0               0.147596144     -0.279460558    *N5456  
*N5456  0.468971788     
GRID*   5457            0               0.147540027     -0.277709409    *N5457  
*N5457  0.467594521     
GRID*   5458            0               0.147541678     -0.278670196    *N5458  
*N5458  0.472062006     
GRID*   5459            0               0.147886009     -0.281188461    *N5459  
*N5459  0.470349055     
GRID*   5460            0               0.147691335     -0.27613291     *N5460  
*N5460  0.473774957     
GRID*   5461            0               0.15309033      -0.2888621      *N5461  
*N5461  0.671462734     
GRID*   5462            0               0.151238566     -0.287285264    *N5462  
*N5462  0.668271221     
GRID*   5463            0               0.154105213     -0.289507129    *N5463  
*N5463  0.668037732     
GRID*   5464            0               0.150231394     -0.286121266    *N5464  
*N5464  0.675257259     
GRID*   5465            0               0.152139036     -0.288126512    *N5465  
*N5465  0.674887735     
GRID*   5466            0               0.148937046     -0.284062115    *N5466  
*N5466  0.672065746     
GRID*   5467            0               0.148788842     -0.283759244    *N5467  
*N5467  0.675626783     
GRID*   5468            0               0.149093016     -0.284361061    *N5468  
*N5468  0.668504709     
GRID*   5469            0               0.162718361     -0.265272199    *N5469  
*N5469  0.761031282     
GRID*   5470            0               0.160457929     -0.265100132    *N5470  
*N5470  0.758730845     
GRID*   5471            0               0.160205345     -0.26510532     *N5471  
*N5471  0.76121902      
GRID*   5472            0               0.165389812     -0.26600881     *N5472  
*N5472  0.757784558     
GRID*   5473            0               0.165152693     -0.265918049    *N5473  
*N5473  0.760843544     
GRID*   5474            0               0.163216486     -0.265363976    *N5474  
*N5474  0.755484121     
GRID*   5475            0               0.165625123     -0.266104161    *N5475  
*N5475  0.754725572     
GRID*   5476            0               0.160710567     -0.265099827    *N5476  
*N5476  0.75624267      
GRID*   5477            0               0.171505339     -0.270966928    *N5477  
*N5477  0.491931189     
GRID*   5478            0               0.171733603     -0.271325174    *N5478  
*N5478  0.488851779     
GRID*   5479            0               0.169904133     -0.268990992    *N5479  
*N5479  0.487043677     
GRID*   5480            0               0.170752919     -0.269939914    *N5480  
*N5480  0.489487433     
GRID*   5481            0               0.172961522     -0.273928798    *N5481  
*N5481  0.493259332     
GRID*   5482            0               0.17215425      -0.272062285    *N5482  
*N5482  0.494374944     
GRID*   5483            0               0.173092751     -0.274332807    *N5483  
*N5483  0.490179922     
GRID*   5484            0               0.173469438     -0.275897955    *N5484  
*N5484  0.49214372      
GRID*   5485            0               0.171779215     -0.271399955    *N5485  
*N5485  0.486252327     
GRID*   5486            0               0.172526479     -0.27282585     *N5486  
*N5486  0.488216124     
GRID*   5487            0               0.171256953     -0.285730559    *N5487  
*N5487  0.484303591     
GRID*   5488            0               0.169454844     -0.287777998    *N5488  
*N5488  0.487785605     
GRID*   5489            0               0.169398105     -0.287829967    *N5489  
*N5489  0.48442678      
GRID*   5490            0               0.172712609     -0.283072188    *N5490  
*N5490  0.487232169     
GRID*   5491            0               0.172624569     -0.283284231    *N5491  
*N5491  0.484180402     
GRID*   5492            0               0.17143062      -0.285479698    *N5492  
*N5492  0.490714183     
GRID*   5493            0               0.172796363     -0.28286005     *N5493  
*N5493  0.490283936     
GRID*   5494            0               0.169510306     -0.2877266      *N5494  
*N5494  0.491144431     
GRID*   5495            0               0.169577072     -0.287663928    *N5495  
*N5495  0.657362056     
GRID*   5496            0               0.170986099     -0.28609841     *N5496  
*N5496  0.660837504     
GRID*   5497            0               0.168867248     -0.288287895    *N5497  
*N5497  0.66364316      
GRID*   5498            0               0.169230319     -0.287980118    *N5498  
*N5498  0.660502608     
GRID*   5499            0               0.171968863     -0.284611083    *N5499  
*N5499  0.655300004     
GRID*   5500            0               0.169879657     -0.287368479    *N5500  
*N5500  0.654221503     
GRID*   5501            0               0.172856384     -0.282700976    *N5501  
*N5501  0.658775452     
GRID*   5502            0               0.173248922     -0.281450254    *N5502  
*N5502  0.656378505     
GRID*   5503            0               0.171650017     -0.285143731    *N5503  
*N5503  0.663569346     
GRID*   5504            0               0.172317032     -0.283953877    *N5504  
*N5504  0.661172399     
GRID*   5505            0               0.164201645     -0.290729238    *N5505  
*N5505  0.516008393     
GRID*   5506            0               0.161547517     -0.291200964    *N5506  
*N5506  0.512457646     
GRID*   5507            0               0.164436945     -0.290659376    *N5507  
*N5507  0.512553227     
GRID*   5508            0               0.160594765     -0.291235359    *N5508  
*N5508  0.519253601     
GRID*   5509            0               0.163978704     -0.290791027    *N5509  
*N5509  0.519463559     
GRID*   5510            0               0.157913532     -0.290956242    *N5510  
*N5510  0.515702854     
GRID*   5511            0               0.157225815     -0.290792236    *N5511  
*N5511  0.519043644     
GRID*   5512            0               0.158625123     -0.291085273    *N5512  
*N5512  0.512362065     
GRID*   5513            0               0.168831693     -0.288316836    *N5513  
*N5513  0.670568469     
GRID*   5514            0               0.170293909     -0.286930964    *N5514  
*N5514  0.673845115     
GRID*   5515            0               0.168813804     -0.288331318    *N5515  
*N5515  0.674031123     
GRID*   5516            0               0.170355291     -0.286862583    *N5516  
*N5516  0.667019207     
GRID*   5517            0               0.168849488     -0.288302377    *N5517  
*N5517  0.667105815     
GRID*   5518            0               0.171575874     -0.285259807    *N5518  
*N5518  0.670295853     
GRID*   5519            0               0.171613099     -0.285201866    *N5519  
*N5519  0.6669326       
GRID*   5520            0               0.171538291     -0.285317634    *N5520  
*N5520  0.673659107     
GRID*   5521            0               0.168610658     -0.267842536    *N5521  
*N5521  0.773328565     
GRID*   5522            0               0.168040021     -0.26742405     *N5522  
*N5522  0.769441197     
GRID*   5523            0               0.167250992     -0.266918496    *N5523  
*N5523  0.771888206     
GRID*   5524            0               0.170930165     -0.270163591    *N5524  
*N5524  0.776209283     
GRID*   5525            0               0.170997174     -0.270250833    *N5525  
*N5525  0.771726331     
GRID*   5526            0               0.169843553     -0.268929971    *N5526  
*N5526  0.774768924     
GRID*   5527            0               0.172971297     -0.273957416    *N5527  
*N5527  0.769528514     
GRID*   5528            0               0.170553401     -0.269699631    *N5528  
*N5528  0.767838964     
GRID*   5529            0               0.171963548     -0.271714267    *N5529  
*N5529  0.768683739     
GRID*   5530            0               0.168790792     -0.267984848    *N5530  
*N5530  0.766994189     
GRID*   5531            0               0.173601964     -0.276855275    *N5531  
*N5531  0.782896491     
GRID*   5532            0               0.172811129     -0.273513226    *N5532  
*N5532  0.783319559     
GRID*   5533            0               0.173362591     -0.275358641    *N5533  
*N5533  0.786874697     
GRID*   5534            0               0.173603987     -0.276875481    *N5534  
*N5534  0.775788361     
GRID*   5535            0               0.173666436     -0.27836956     *N5535  
*N5535  0.778918285     
GRID*   5536            0               0.172818346     -0.273532207    *N5536  
*N5536  0.776211429     
GRID*   5537            0               0.173371258     -0.275398319    *N5537  
*N5537  0.772658438     
GRID*   5538            0               0.171994406     -0.271768912    *N5538  
*N5538  0.779764421     
GRID*   5539            0               0.162623098     -0.291077809    *N5539  
*N5539  0.660956501     
GRID*   5540            0               0.164654501     -0.290590469    *N5540  
*N5540  0.657252347     
GRID*   5541            0               0.164950773     -0.290489835    *N5541  
*N5541  0.660562106     
GRID*   5542            0               0.159329687     -0.291173471    *N5542  
*N5542  0.658446328     
GRID*   5543            0               0.160248166     -0.291230623    *N5543  
*N5543  0.661350895     
GRID*   5544            0               0.161418415     -0.291209707    *N5544  
*N5544  0.654742174     
GRID*   5545            0               0.158439612     -0.291055546    *N5545  
*N5545  0.65554176      
GRID*   5546            0               0.16437462      -0.29067835     *N5546  
*N5546  0.653942588     
GRID*   5547            0               0.147848357     -0.27530935     *N5547  
*N5547  0.683760872     
GRID*   5548            0               0.148758333     -0.272640376    *N5548  
*N5548  0.687677973     
GRID*   5549            0               0.148865934     -0.272415462    *N5549  
*N5549  0.683968999     
GRID*   5550            0               0.147537752     -0.278555049    *N5550  
*N5550  0.687268572     
GRID*   5551            0               0.147533431     -0.278360721    *N5551  
*N5551  0.683552744     
GRID*   5552            0               0.147758685     -0.275743881    *N5552  
*N5552  0.691185674     
GRID*   5553            0               0.147544963     -0.278749291    *N5553  
*N5553  0.690984401     
GRID*   5554            0               0.148655042     -0.272867302    *N5554  
*N5554  0.691386947     
GRID*   5555            0               0.148129272     -0.274261777    *N5555  
*N5555  0.661723977     
GRID*   5556            0               0.147589491     -0.276942905    *N5556  
*N5556  0.657410872     
GRID*   5557            0               0.147557633     -0.277349263    *N5557  
*N5557  0.661340983     
GRID*   5558            0               0.151357926     -0.268928492    *N5558  
*N5558  0.662489966     
GRID*   5559            0               0.149657162     -0.271024047    *N5559  
*N5559  0.658618947     
GRID*   5560            0               0.149420893     -0.271399776    *N5560  
*N5560  0.662106971     
GRID*   5561            0               0.152033701     -0.268298665    *N5561  
*N5561  0.655956004     
GRID*   5562            0               0.148410035     -0.273458074    *N5562  
*N5562  0.654305842     
GRID*   5563            0               0.149906053     -0.27065656     *N5563  
*N5563  0.655130923     
GRID*   5564            0               0.147634008     -0.276537739    *N5564  
*N5564  0.653480761     
GRID*   5565            0               0.155673996     -0.266063348    *N5565  
*N5565  0.662185447     
GRID*   5566            0               0.153587607     -0.267140167    *N5566  
*N5566  0.659266446     
GRID*   5567            0               0.153372561     -0.267279901    *N5567  
*N5567  0.662337707     
GRID*   5568            0               0.158019193     -0.265356737    *N5568  
*N5568  0.659353368     
GRID*   5569            0               0.158170905     -0.265327106    *N5569  
*N5569  0.662033188     
GRID*   5570            0               0.155768512     -0.266025311    *N5570  
*N5570  0.656434366     
GRID*   5571            0               0.157867843     -0.26538816     *N5571  
*N5571  0.656673547     
GRID*   5572            0               0.153805354     -0.26700468     *N5572  
*N5572  0.656195185     
GRID*   5573            0               0.169168811     -0.268300846    *N5573  
*N5573  0.48209539      
GRID*   5574            0               0.170280871     -0.269389355    *N5574  
*N5574  0.479754984     
GRID*   5575            0               0.168781729     -0.267977564    *N5575  
*N5575  0.479621247     
GRID*   5576            0               0.170708087     -0.269884897    *N5576  
*N5576  0.484350329     
GRID*   5577            0               0.169543132     -0.268638823    *N5577  
*N5577  0.484569534     
GRID*   5578            0               0.171620941     -0.271145146    *N5578  
*N5578  0.482009923     
GRID*   5579            0               0.171700809     -0.271272096    *N5579  
*N5579  0.484131125     
GRID*   5580            0               0.171539621     -0.27101912     *N5580  
*N5580  0.479888721     
GRID*   5581            0               0.17600029      -0.278441444    *N5581  
*N5581  0.409535217     
GRID*   5582            0               0.168062781     -0.264693276    *N5582  
*N5582  0.409535217     
GRID*   5583            0               0.179438933     -0.284397349    *N5583  
*N5583  0.414438197     
GRID*   5584            0               0.164135934     -0.257891777    *N5584  
*N5584  0.446131672     
GRID*   5585            0               0.164624137     -0.25873737     *N5585  
*N5585  0.414438197     
GRID*   5586            0               0.179927137     -0.285242942    *N5586  
*N5586  0.446131672     
GRID*   5587            0               0.163022834     -0.255963831    *N5587  
*N5587  0.41806226      
GRID*   5588            0               0.181040237     -0.287170888    *N5588  
*N5588  0.41806226      
GRID*   5589            0               0.180370135     -0.286010238    *N5589  
*N5589  0.443487125     
GRID*   5590            0               0.163692936     -0.257124481    *N5590  
*N5590  0.443487125     
GRID*   5591            0               0.174015912     -0.275004402    *N5591  
*N5591  0.406567609     
GRID*   5592            0               0.177315912     -0.280720169    *N5592  
*N5592  0.408336073     
GRID*   5593            0               0.166747158     -0.26241455     *N5593  
*N5593  0.408336073     
GRID*   5594            0               0.170047158     -0.268130318    *N5594  
*N5594  0.406567609     
GRID*   5595            0               0.165298065     -0.259904647    *N5595  
*N5595  0.445734126     
GRID*   5596            0               0.165076566     -0.259520999    *N5596  
*N5596  0.444411853     
GRID*   5597            0               0.163914435     -0.257508129    *N5597  
*N5597  0.444809399     
GRID*   5598            0               0.164783735     -0.259013801    *N5598  
*N5598  0.449497371     
GRID*   5599            0               0.165945866     -0.261026671    *N5599  
*N5599  0.449099826     
GRID*   5600            0               0.178765006     -0.283230072    *N5600  
*N5600  0.445734126     
GRID*   5601            0               0.180148636     -0.28562659     *N5601  
*N5601  0.444809399     
GRID*   5602            0               0.178986505     -0.28361372     *N5602  
*N5602  0.444411853     
GRID*   5603            0               0.178117205     -0.282108049    *N5603  
*N5603  0.449099826     
GRID*   5604            0               0.179279336     -0.284120919    *N5604  
*N5604  0.449497371     
GRID*   5605            0               0.181695104     -0.288305151    *N5605  
*N5605  0.444665836     
GRID*   5606            0               0.181916603     -0.288688799    *N5606  
*N5606  0.443343563     
GRID*   5607            0               0.162367967     -0.254829568    *N5607  
*N5607  0.444665836     
GRID*   5608            0               0.162146468     -0.25444592     *N5608  
*N5608  0.443343563     
GRID*   5609            0               0.180708143     -0.286595686    *N5609  
*N5609  0.439672589     
GRID*   5610            0               0.182254611     -0.289274246    *N5610  
*N5610  0.439529026     
GRID*   5611            0               0.163354927     -0.256539034    *N5611  
*N5611  0.439672589     
GRID*   5612            0               0.16180846      -0.253860473    *N5612  
*N5612  0.439529026     
GRID*   5613            0               0.176801582     -0.279829323    *N5613  
*N5613  0.412099318     
GRID*   5614            0               0.178520904     -0.282807276    *N5614  
*N5614  0.414550808     
GRID*   5615            0               0.179035234     -0.283698122    *N5615  
*N5615  0.410787563     
GRID*   5616            0               0.177918408     -0.281763723    *N5616  
*N5616  0.411443441     
GRID*   5617            0               0.165027836     -0.259436597    *N5617  
*N5617  0.410787563     
GRID*   5618            0               0.165542167     -0.260327444    *N5618  
*N5618  0.414550808     
GRID*   5619            0               0.167261489     -0.263305396    *N5619  
*N5619  0.412099318     
GRID*   5620            0               0.166144662     -0.261370997    *N5620  
*N5620  0.411443441     
GRID*   5621            0               0.183138843     -0.290805782    *N5621  
*N5621  0.427070974     
GRID*   5622            0               0.18314591      -0.290818021    *N5622  
*N5622  0.433416411     
GRID*   5623            0               0.181043194     -0.287176011    *N5623  
*N5623  0.421102104     
GRID*   5624            0               0.182251654     -0.289269124    *N5624  
*N5624  0.41743113      
GRID*   5625            0               0.182912475     -0.2904137      *N5625  
*N5625  0.42213464      
GRID*   5626            0               0.180239585     -0.285784119    *N5626  
*N5626  0.416250229     
GRID*   5627            0               0.180802465     -0.286759055    *N5627  
*N5627  0.413791305     
GRID*   5628            0               0.163823486     -0.257350601    *N5628  
*N5628  0.416250229     
GRID*   5629            0               0.161811417     -0.253865595    *N5629  
*N5629  0.41743113      
GRID*   5630            0               0.163260606     -0.256375664    *N5630  
*N5630  0.413791305     
GRID*   5631            0               0.160924227     -0.252328938    *N5631  
*N5631  0.427070974     
GRID*   5632            0               0.163019877     -0.255958709    *N5632  
*N5632  0.421102104     
GRID*   5633            0               0.161150595     -0.252721019    *N5633  
*N5633  0.42213464      
GRID*   5634            0               0.160917161     -0.252316698    *N5634  
*N5634  0.433416411     
GRID*   5635            0               0.179969705     -0.285316674    *N5635  
*N5635  0.417553775     
GRID*   5636            0               0.172031535     -0.27156736     *N5636  
*N5636  0.407321472     
GRID*   5637            0               0.174488237     -0.275822492    *N5637  
*N5637  0.409269188     
GRID*   5638            0               0.169574834     -0.267312227    *N5638  
*N5638  0.409269188     
GRID*   5639            0               0.164093365     -0.257818046    *N5639  
*N5639  0.417553775     
GRID*   5640            0               0.172031535     -0.27156736     *N5640  
*N5640  0.452678528     
GRID*   5641            0               0.175204254     -0.27706267     *N5641  
*N5641  0.451764837     
GRID*   5642            0               0.168858816     -0.266072049    *N5642  
*N5642  0.451764837     
GRID*   5643            0               0.175573855     -0.277702838    *N5643  
*N5643  0.406612564     
GRID*   5644            0               0.168489215     -0.265431882    *N5644  
*N5644  0.406612564     
GRID*   5645            0               0.164763022     -0.258977925    *N5645  
*N5645  0.444985126     
GRID*   5646            0               0.165342555     -0.259981706    *N5646  
*N5646  0.448110441     
GRID*   5647            0               0.179300049     -0.284156794    *N5647  
*N5647  0.444985126     
GRID*   5648            0               0.178720515     -0.283153013    *N5648  
*N5648  0.448110441     
GRID*   5649            0               0.180726921     -0.28662821     *N5649  
*N5649  0.447504261     
GRID*   5650            0               0.181253447     -0.28754018     *N5650  
*N5650  0.444272932     
GRID*   5651            0               0.163336149     -0.25650651     *N5651  
*N5651  0.447504261     
GRID*   5652            0               0.162809623     -0.255594539    *N5652  
*N5652  0.444272932     
GRID*   5653            0               0.179735606     -0.284911201    *N5653  
*N5653  0.44165148      
GRID*   5654            0               0.181626452     -0.288186244    *N5654  
*N5654  0.440848393     
GRID*   5655            0               0.164327465     -0.258223518    *N5655  
*N5655  0.44165148      
GRID*   5656            0               0.162436618     -0.254948476    *N5656  
*N5656  0.440848393     
GRID*   5657            0               0.176400936     -0.279135383    *N5657  
*N5657  0.410817267     
GRID*   5658            0               0.177359995     -0.280796523    *N5658  
*N5658  0.411771379     
GRID*   5659            0               0.17761716      -0.281241946    *N5659  
*N5659  0.409889757     
GRID*   5660            0               0.176658101     -0.279580807    *N5660  
*N5660  0.408935645     
GRID*   5661            0               0.177009048     -0.280188665    *N5661  
*N5661  0.410353512     
GRID*   5662            0               0.177202228     -0.280523263    *N5662  
*N5662  0.413381368     
GRID*   5663            0               0.178061889     -0.282012239    *N5663  
*N5663  0.414607113     
GRID*   5664            0               0.178219656     -0.282285499    *N5664  
*N5664  0.412997124     
GRID*   5665            0               0.177710942     -0.281404381    *N5665  
*N5665  0.413189246     
GRID*   5666            0               0.178979919     -0.283602312    *N5666  
*N5666  0.414494503     
GRID*   5667            0               0.179237084     -0.284047736    *N5667  
*N5667  0.41261288      
GRID*   5668            0               0.178476821     -0.282730922    *N5668  
*N5668  0.411115502     
GRID*   5669            0               0.17872837      -0.283166617    *N5669  
*N5669  0.412805002     
GRID*   5670            0               0.178833385     -0.283348509    *N5670  
*N5670  0.408962246     
GRID*   5671            0               0.177973724     -0.281859532    *N5671  
*N5671  0.407736501     
GRID*   5672            0               0.178225273     -0.282295227    *N5672  
*N5672  0.409426002     
GRID*   5673            0               0.16740497      -0.263553913    *N5673  
*N5673  0.408935645     
GRID*   5674            0               0.16644591      -0.261892773    *N5674  
*N5674  0.409889757     
GRID*   5675            0               0.166703076     -0.262338197    *N5675  
*N5675  0.411771379     
GRID*   5676            0               0.167662135     -0.263999336    *N5676  
*N5676  0.410817267     
GRID*   5677            0               0.167054023     -0.262946055    *N5677  
*N5677  0.410353512     
GRID*   5678            0               0.166089347     -0.261275187    *N5678  
*N5678  0.407736501     
GRID*   5679            0               0.165229686     -0.259786211    *N5679  
*N5679  0.408962246     
GRID*   5680            0               0.165586249     -0.260403797    *N5680  
*N5680  0.411115502     
GRID*   5681            0               0.165837798     -0.260839492    *N5681  
*N5681  0.409426002     
GRID*   5682            0               0.164825987     -0.259086984    *N5682  
*N5682  0.41261288      
GRID*   5683            0               0.165083152     -0.259532407    *N5683  
*N5683  0.414494503     
GRID*   5684            0               0.165843415     -0.26084922     *N5684  
*N5684  0.412997124     
GRID*   5685            0               0.165334701     -0.259968102    *N5685  
*N5685  0.412805002     
GRID*   5686            0               0.166001181     -0.26112248     *N5686  
*N5686  0.414607113     
GRID*   5687            0               0.166860842     -0.262611457    *N5687  
*N5687  0.413381368     
GRID*   5688            0               0.166352129     -0.261730339    *N5688  
*N5688  0.413189246     
GRID*   5689            0               0.182327987     -0.289401337    *N5689  
*N5689  0.431708206     
GRID*   5690            0               0.183142377     -0.290811901    *N5690  
*N5690  0.430243693     
GRID*   5691            0               0.182092497     -0.288993457    *N5691  
*N5691  0.42560646      
GRID*   5692            0               0.182267872     -0.289297215    *N5692  
*N5692  0.428639078     
GRID*   5693            0               0.181650381     -0.28822769     *N5693  
*N5693  0.43769354      
GRID*   5694            0               0.182700261     -0.290046134    *N5694  
*N5694  0.436472719     
GRID*   5695            0               0.182046814     -0.288914331    *N5695  
*N5695  0.434719128     
GRID*   5696            0               0.182858841     -0.290320803    *N5696  
*N5696  0.441364513     
GRID*   5697            0               0.183963833     -0.292234706    *N5697  
*N5697  0.435124617     
GRID*   5698            0               0.183463503     -0.291368108    *N5698  
*N5698  0.438287781     
GRID*   5699            0               0.184185189     -0.292618106    *N5699  
*N5699  0.428535487     
GRID*   5700            0               0.184130492     -0.292523368    *N5700  
*N5700  0.431844792     
GRID*   5701            0               0.181041715     -0.287173449    *N5701  
*N5701  0.419582182     
GRID*   5702            0               0.181977835     -0.288794855    *N5702  
*N5702  0.421618372     
GRID*   5703            0               0.182582064     -0.289841412    *N5703  
*N5703  0.419782885     
GRID*   5704            0               0.181645945     -0.288220006    *N5704  
*N5704  0.417746695     
GRID*   5705            0               0.18181189      -0.288507431    *N5705  
*N5705  0.419682534     
GRID*   5706            0               0.181044673     -0.287178572    *N5706  
*N5706  0.422622025     
GRID*   5707            0               0.183025659     -0.290609741    *N5707  
*N5707  0.424602807     
GRID*   5708            0               0.182035166     -0.288894156    *N5708  
*N5708  0.423612416     
GRID*   5709            0               0.183847116     -0.292032545    *N5709  
*N5709  0.422650909     
GRID*   5710            0               0.184072133     -0.292422287    *N5710  
*N5710  0.425578458     
GRID*   5711            0               0.182857362     -0.290318242    *N5711  
*N5711  0.417115565     
GRID*   5712            0               0.183404405     -0.291265747    *N5712  
*N5712  0.419840021     
GRID*   5713            0               0.181527059     -0.28801409     *N5713  
*N5713  0.415611217     
GRID*   5714            0               0.180521025     -0.286271587    *N5714  
*N5714  0.415020767     
GRID*   5715            0               0.180639911     -0.286477504    *N5715  
*N5715  0.417156244     
GRID*   5716            0               0.181083485     -0.287245797    *N5716  
*N5716  0.416383731     
GRID*   5717            0               0.181083905     -0.287246524    *N5717  
*N5717  0.412561843     
GRID*   5718            0               0.182015429     -0.288859971    *N5718  
*N5718  0.414769958     
GRID*   5719            0               0.17991885      -0.285228589    *N5719  
*N5719  0.412289434     
GRID*   5720            0               0.179993018     -0.285357052    *N5720  
*N5720  0.410672453     
GRID*   5721            0               0.179839259     -0.285090734    *N5721  
*N5721  0.415344213     
GRID*   5722            0               0.179879054     -0.285159661    *N5722  
*N5722  0.413816823     
GRID*   5723            0               0.16342316      -0.256657216    *N5723  
*N5723  0.417156244     
GRID*   5724            0               0.163542046     -0.256863132    *N5724  
*N5724  0.415020767     
GRID*   5725            0               0.162536011     -0.25512063     *N5725  
*N5725  0.415611217     
GRID*   5726            0               0.162417125     -0.254914713    *N5726  
*N5726  0.417746695     
GRID*   5727            0               0.162979586     -0.255888923    *N5727  
*N5727  0.416383731     
GRID*   5728            0               0.164223812     -0.258043985    *N5728  
*N5728  0.415344213     
GRID*   5729            0               0.164144221     -0.257906131    *N5729  
*N5729  0.412289434     
GRID*   5730            0               0.164184016     -0.257975058    *N5730  
*N5730  0.413816823     
GRID*   5731            0               0.162979166     -0.255888196    *N5731  
*N5731  0.412561843     
GRID*   5732            0               0.164070053     -0.257777667    *N5732  
*N5732  0.410672453     
GRID*   5733            0               0.161205708     -0.252816478    *N5733  
*N5733  0.417115565     
GRID*   5734            0               0.162047641     -0.254274748    *N5734  
*N5734  0.414769958     
GRID*   5735            0               0.161481006     -0.253293307    *N5735  
*N5735  0.419782885     
GRID*   5736            0               0.162085236     -0.254339864    *N5736  
*N5736  0.421618372     
GRID*   5737            0               0.163021355     -0.25596127     *N5737  
*N5737  0.419582182     
GRID*   5738            0               0.162251181     -0.254627289    *N5738  
*N5738  0.419682534     
GRID*   5739            0               0.160215955     -0.251102174    *N5739  
*N5739  0.422650909     
GRID*   5740            0               0.160658666     -0.251868972    *N5740  
*N5740  0.419840021     
GRID*   5741            0               0.159877881     -0.250516613    *N5741  
*N5741  0.428535487     
GRID*   5742            0               0.161037411     -0.252524978    *N5742  
*N5742  0.424602807     
GRID*   5743            0               0.159990937     -0.250712432    *N5743  
*N5743  0.425578458     
GRID*   5744            0               0.161970573     -0.254141262    *N5744  
*N5744  0.42560646      
GRID*   5745            0               0.163018398     -0.255956148    *N5745  
*N5745  0.422622025     
GRID*   5746            0               0.162027905     -0.254240563    *N5746  
*N5746  0.423612416     
GRID*   5747            0               0.160920694     -0.252322818    *N5747  
*N5747  0.430243693     
GRID*   5748            0               0.161735084     -0.253733383    *N5748  
*N5748  0.431708206     
GRID*   5749            0               0.161795199     -0.253837505    *N5749  
*N5749  0.428639078     
GRID*   5750            0               0.160099238     -0.250900014    *N5750  
*N5750  0.435124617     
GRID*   5751            0               0.159932579     -0.250611352    *N5751  
*N5751  0.431844792     
GRID*   5752            0               0.16120423      -0.252813916    *N5752  
*N5752  0.441364513     
GRID*   5753            0               0.16136281      -0.253088586    *N5753  
*N5753  0.436472719     
GRID*   5754            0               0.160599568     -0.251766611    *N5754  
*N5754  0.438287781     
GRID*   5755            0               0.162412689     -0.25490703     *N5755  
*N5755  0.43769354      
GRID*   5756            0               0.162016257     -0.254220388    *N5756  
*N5756  0.434719128     
GRID*   5757            0               0.179245305     -0.284061975    *N5757  
*N5757  0.416052292     
GRID*   5758            0               0.180104645     -0.285550396    *N5758  
*N5758  0.416902002     
GRID*   5759            0               0.179542282     -0.284576354    *N5759  
*N5759  0.415698252     
GRID*   5760            0               0.179834766     -0.285082951    *N5760  
*N5760  0.418205548     
GRID*   5761            0               0.178989586     -0.283619057    *N5761  
*N5761  0.416323814     
GRID*   5762            0               0.18050645      -0.286246342    *N5762  
*N5762  0.419327939     
GRID*   5763            0               0.180491708     -0.286220808    *N5763  
*N5763  0.420360808     
GRID*   5764            0               0.18057318      -0.286361923    *N5764  
*N5764  0.418242092     
GRID*   5765            0               0.172031535     -0.27156736     *N5765  
*N5765  0.405460736     
GRID*   5766            0               0.173259886     -0.273694926    *N5766  
*N5766  0.40829533      
GRID*   5767            0               0.174252075     -0.275413447    *N5767  
*N5767  0.407918398     
GRID*   5768            0               0.173023724     -0.273285881    *N5768  
*N5768  0.405083804     
GRID*   5769            0               0.173141805     -0.273490403    *N5769  
*N5769  0.406689567     
GRID*   5770            0               0.172031535     -0.27156736     *N5770  
*N5770  0.409182207     
GRID*   5771            0               0.174724399     -0.276231537    *N5771  
*N5771  0.410619978     
GRID*   5772            0               0.173387095     -0.273915258    *N5772  
*N5772  0.409785833     
GRID*   5773            0               0.17564491      -0.277825907    *N5773  
*N5773  0.410684253     
GRID*   5774            0               0.175989803     -0.278423281    *N5774  
*N5774  0.411896696     
GRID*   5775            0               0.175008101     -0.276722923    *N5775  
*N5775  0.408051413     
GRID*   5776            0               0.175326505     -0.277274415    *N5776  
*N5776  0.409367833     
GRID*   5777            0               0.171039347     -0.269848839    *N5777  
*N5777  0.405083804     
GRID*   5778            0               0.169810996     -0.267721273    *N5778  
*N5778  0.407918398     
GRID*   5779            0               0.170803184     -0.269439794    *N5779  
*N5779  0.40829533      
GRID*   5780            0               0.170921266     -0.269644316    *N5780  
*N5780  0.406689567     
GRID*   5781            0               0.16905497      -0.266411797    *N5781  
*N5781  0.408051413     
GRID*   5782            0               0.168418161     -0.265308812    *N5782  
*N5782  0.410684253     
GRID*   5783            0               0.168736565     -0.265860304    *N5783  
*N5783  0.409367833     
GRID*   5784            0               0.169338671     -0.266903182    *N5784  
*N5784  0.410619978     
GRID*   5785            0               0.168073267     -0.264711438    *N5785  
*N5785  0.411896696     
GRID*   5786            0               0.170675976     -0.269219461    *N5786  
*N5786  0.409785833     
GRID*   5787            0               0.163958425     -0.257584323    *N5787  
*N5787  0.416902002     
GRID*   5788            0               0.164817766     -0.259072745    *N5788  
*N5788  0.416052292     
GRID*   5789            0               0.164520789     -0.258558365    *N5789  
*N5789  0.415698252     
GRID*   5790            0               0.163556621     -0.256888377    *N5790  
*N5790  0.419327939     
GRID*   5791            0               0.16348989      -0.256772797    *N5791  
*N5791  0.418242092     
GRID*   5792            0               0.164228305     -0.258051768    *N5792  
*N5792  0.418205548     
GRID*   5793            0               0.163571363     -0.256913911    *N5793  
*N5793  0.420360808     
GRID*   5794            0               0.165073485     -0.259515663    *N5794  
*N5794  0.416323814     
GRID*   5795            0               0.175082408     -0.276851626    *N5795  
*N5795  0.449897035     
GRID*   5796            0               0.17666073      -0.279585359    *N5796  
*N5796  0.450432331     
GRID*   5797            0               0.17786004      -0.281662625    *N5797  
*N5797  0.447218203     
GRID*   5798            0               0.176497713     -0.279303007    *N5798  
*N5798  0.448661596     
GRID*   5799            0               0.172031535     -0.27156736     *N5799  
*N5799  0.450817793     
GRID*   5800            0               0.173617895     -0.274315015    *N5800  
*N5800  0.452221683     
GRID*   5801            0               0.173566099     -0.274225302    *N5801  
*N5801  0.450472673     
GRID*   5802            0               0.172031535     -0.27156736     *N5802  
*N5802  0.454539264     
GRID*   5803            0               0.1753261       -0.277273714    *N5803  
*N5803  0.453632639     
GRID*   5804            0               0.173686188     -0.274433302    *N5804  
*N5804  0.454197914     
GRID*   5805            0               0.17837437      -0.282553472    *N5805  
*N5805  0.450981448     
GRID*   5806            0               0.176871843     -0.279951019    *N5806  
*N5806  0.452411376     
GRID*   5807            0               0.170445176     -0.268819705    *N5807  
*N5807  0.452221683     
GRID*   5808            0               0.16873697      -0.265861005    *N5808  
*N5808  0.453632639     
GRID*   5809            0               0.170376883     -0.268701417    *N5809  
*N5809  0.454197914     
GRID*   5810            0               0.168980663     -0.266283093    *N5810  
*N5810  0.449897035     
GRID*   5811            0               0.170496971     -0.268909417    *N5811  
*N5811  0.450472673     
GRID*   5812            0               0.166203031     -0.261472094    *N5812  
*N5812  0.447218203     
GRID*   5813            0               0.167402341     -0.26354936     *N5813  
*N5813  0.450432331     
GRID*   5814            0               0.167565357     -0.263831712    *N5814  
*N5814  0.448661596     
GRID*   5815            0               0.165688701     -0.260581248    *N5815  
*N5815  0.450981448     
GRID*   5816            0               0.167191228     -0.263183701    *N5816  
*N5816  0.452411376     
GRID*   5817            0               0.175510901     -0.277593798    *N5817  
*N5817  0.405556061     
GRID*   5818            0               0.176444884     -0.279211504    *N5818  
*N5818  0.407474319     
GRID*   5819            0               0.17676392      -0.279764091    *N5819  
*N5819  0.40654195      
GRID*   5820            0               0.174794884     -0.27635362     *N5820  
*N5820  0.406590086     
GRID*   5821            0               0.174274682     -0.275452605    *N5821  
*N5821  0.405207971     
GRID*   5822            0               0.175726492     -0.277967213    *N5822  
*N5822  0.407762866     
GRID*   5823            0               0.16855217      -0.265540922    *N5823  
*N5823  0.405556061     
GRID*   5824            0               0.169268187     -0.2667811      *N5824  
*N5824  0.406590086     
GRID*   5825            0               0.169788388     -0.267682115    *N5825  
*N5825  0.405207971     
GRID*   5826            0               0.167618187     -0.263923216    *N5826  
*N5826  0.407474319     
GRID*   5827            0               0.16729915      -0.263370629    *N5827  
*N5827  0.40654195      
GRID*   5828            0               0.168336578     -0.265167506    *N5828  
*N5828  0.407762866     
GRID*   5829            0               0.164717        -0.258898212    *N5829  
*N5829  0.445932899     
GRID*   5830            0               0.165030543     -0.259441286    *N5830  
*N5830  0.445359626     
GRID*   5831            0               0.164338728     -0.258243027    *N5831  
*N5831  0.444897262     
GRID*   5832            0               0.164025184     -0.257699953    *N5832  
*N5832  0.445470535     
GRID*   5833            0               0.164527864     -0.25857062     *N5833  
*N5833  0.445415081     
GRID*   5834            0               0.165879131     -0.260911082    *N5834  
*N5834  0.445535354     
GRID*   5835            0               0.165768381     -0.260719258    *N5835  
*N5835  0.444874217     
GRID*   5836            0               0.164919794     -0.259249462    *N5836  
*N5836  0.44469849      
GRID*   5837            0               0.165399462     -0.260080272    *N5837  
*N5837  0.445116922     
GRID*   5838            0               0.164384751     -0.25832274     *N5838  
*N5838  0.443949489     
GRID*   5839            0               0.163803685     -0.257316305    *N5839  
*N5839  0.444148262     
GRID*   5840            0               0.16436174      -0.258282884    *N5840  
*N5840  0.444423376     
GRID*   5841            0               0.16532031      -0.259943177    *N5841  
*N5841  0.446922284     
GRID*   5842            0               0.16564421      -0.260504188    *N5842  
*N5842  0.448605134     
GRID*   5843            0               0.165761671     -0.260707635    *N5843  
*N5843  0.447070244     
GRID*   5844            0               0.164459834     -0.258452789    *N5844  
*N5844  0.447814522     
GRID*   5845            0               0.165063145     -0.259497753    *N5845  
*N5845  0.448803906     
GRID*   5846            0               0.164890072     -0.259197983    *N5846  
*N5846  0.447368403     
GRID*   5847            0               0.165107635     -0.259574813    *N5847  
*N5847  0.451180221     
GRID*   5848            0               0.165375923     -0.260039501    *N5848  
*N5848  0.449892677     
GRID*   5849            0               0.17818394      -0.282223637    *N5849  
*N5849  0.445535354     
GRID*   5850            0               0.179032527     -0.283693433    *N5850  
*N5850  0.445359626     
GRID*   5851            0               0.179143277     -0.283885257    *N5851  
*N5851  0.44469849      
GRID*   5852            0               0.17829469      -0.282415461    *N5852  
*N5852  0.444874217     
GRID*   5853            0               0.178663608     -0.283054447    *N5853  
*N5853  0.445116922     
GRID*   5854            0               0.179346071     -0.284236507    *N5854  
*N5854  0.445932899     
GRID*   5855            0               0.180037886     -0.285434766    *N5855  
*N5855  0.445470535     
GRID*   5856            0               0.179724342     -0.284891692    *N5856  
*N5856  0.444897262     
GRID*   5857            0               0.179535207     -0.2845641      *N5857  
*N5857  0.445415081     
GRID*   5858            0               0.180259386     -0.285818414    *N5858  
*N5858  0.444148262     
GRID*   5859            0               0.17967832      -0.284811979    *N5859  
*N5859  0.443949489     
GRID*   5860            0               0.179701331     -0.284851836    *N5860  
*N5860  0.444423376     
GRID*   5861            0               0.178742761     -0.283191543    *N5861  
*N5861  0.446922284     
GRID*   5862            0               0.178999926     -0.283636966    *N5862  
*N5862  0.448803906     
GRID*   5863            0               0.179603236     -0.28468193     *N5863  
*N5863  0.447814522     
GRID*   5864            0               0.179172998     -0.283936737    *N5864  
*N5864  0.447368403     
GRID*   5865            0               0.17841886      -0.282630531    *N5865  
*N5865  0.448605134     
GRID*   5866            0               0.1783014       -0.282427084    *N5866  
*N5866  0.447070244     
GRID*   5867            0               0.178955436     -0.283559907    *N5867  
*N5867  0.451180221     
GRID*   5868            0               0.178687148     -0.283095219    *N5868  
*N5868  0.449892677     
GRID*   5869            0               0.182579087     -0.289836255    *N5869  
*N5869  0.443932918     
GRID*   5870            0               0.181211012     -0.28746668     *N5870  
*N5870  0.446085049     
GRID*   5871            0               0.181046133     -0.287181101    *N5871  
*N5871  0.44808594      
GRID*   5872            0               0.181857406     -0.288586267    *N5872  
*N5872  0.446078175     
GRID*   5873            0               0.18081112      -0.286774047    *N5873  
*N5873  0.445398754     
GRID*   5874            0               0.180003129     -0.285374564    *N5874  
*N5874  0.448500816     
GRID*   5875            0               0.180407124     -0.286074305    *N5875  
*N5875  0.446949785     
GRID*   5876            0               0.180035157     -0.28543004     *N5876  
*N5876  0.449722672     
GRID*   5877            0               0.181474276     -0.287922666    *N5877  
*N5877  0.444469384     
GRID*   5878            0               0.180701042     -0.286583385    *N5878  
*N5878  0.444541165     
GRID*   5879            0               0.180756081     -0.286678716    *N5879  
*N5879  0.44496996      
GRID*   5880            0               0.182689837     -0.290028079    *N5880  
*N5880  0.443271781     
GRID*   5881            0               0.181585025     -0.28811449     *N5881  
*N5881  0.443808247     
GRID*   5882            0               0.182082056     -0.288975372    *N5882  
*N5882  0.443870583     
GRID*   5883            0               0.181143369     -0.287349519    *N5883  
*N5883  0.443415344     
GRID*   5884            0               0.180922205     -0.286966452    *N5884  
*N5884  0.443978255     
GRID*   5885            0               0.163251951     -0.256360673    *N5885  
*N5885  0.445398754     
GRID*   5886            0               0.162852058     -0.255668039    *N5886  
*N5886  0.446085049     
GRID*   5887            0               0.164059942     -0.257760155    *N5887  
*N5887  0.448500816     
GRID*   5888            0               0.163655946     -0.257060414    *N5888  
*N5888  0.446949785     
GRID*   5889            0               0.161483984     -0.253298464    *N5889  
*N5889  0.443932918     
GRID*   5890            0               0.163016938     -0.255953619    *N5890  
*N5890  0.44808594      
GRID*   5891            0               0.162205665     -0.254548453    *N5891  
*N5891  0.446078175     
GRID*   5892            0               0.164027913     -0.25770468     *N5892  
*N5892  0.449722672     
GRID*   5893            0               0.162588795     -0.255212054    *N5893  
*N5893  0.444469384     
GRID*   5894            0               0.162478045     -0.25502023     *N5894  
*N5894  0.443808247     
GRID*   5895            0               0.161373234     -0.25310664     *N5895  
*N5895  0.443271781     
GRID*   5896            0               0.161981014     -0.254159347    *N5896  
*N5896  0.443870583     
GRID*   5897            0               0.163362029     -0.256551334    *N5897  
*N5897  0.444541165     
GRID*   5898            0               0.16330699      -0.256456003    *N5898  
*N5898  0.44496996      
GRID*   5899            0               0.162919702     -0.255785201    *N5899  
*N5899  0.443415344     
GRID*   5900            0               0.163140865     -0.256168267    *N5900  
*N5900  0.443978255     
GRID*   5901            0               0.180539139     -0.286302962    *N5901  
*N5901  0.441579857     
GRID*   5902            0               0.180221875     -0.285753443    *N5902  
*N5902  0.440662034     
GRID*   5903            0               0.179361055     -0.284262461    *N5903  
*N5903  0.443031667     
GRID*   5904            0               0.179950097     -0.285282711    *N5904  
*N5904  0.442305762     
GRID*   5905            0               0.180877147     -0.286888409    *N5905  
*N5905  0.437765321     
GRID*   5906            0               0.179717716     -0.284880215    *N5906  
*N5906  0.441397079     
GRID*   5907            0               0.18034942      -0.285974359    *N5907  
*N5907  0.439634179     
GRID*   5908            0               0.179047461     -0.2837193      *N5908  
*N5908  0.443218165     
GRID*   5909            0               0.181167298     -0.287390965    *N5909  
*N5909  0.440260491     
GRID*   5910            0               0.181940532     -0.288730245    *N5910  
*N5910  0.440188709     
GRID*   5911            0               0.18140884      -0.287809327    *N5911  
*N5911  0.438977015     
GRID*   5912            0               0.181771528     -0.288437521    *N5912  
*N5912  0.442095978     
GRID*   5913            0               0.181155333     -0.287370242    *N5913  
*N5913  0.441837917     
GRID*   5914            0               0.182315184     -0.289379162    *N5914  
*N5914  0.441730245     
GRID*   5915            0               0.163185923     -0.25624631     *N5915  
*N5915  0.437765321     
GRID*   5916            0               0.163841196     -0.257381276    *N5916  
*N5916  0.440662034     
GRID*   5917            0               0.164345355     -0.258254504    *N5917  
*N5917  0.441397079     
GRID*   5918            0               0.16371365      -0.25716036     *N5918  
*N5918  0.439634179     
GRID*   5919            0               0.163523931     -0.256831757    *N5919  
*N5919  0.441579857     
GRID*   5920            0               0.164702015     -0.258872259    *N5920  
*N5920  0.443031667     
GRID*   5921            0               0.164112973     -0.257852008    *N5921  
*N5921  0.442305762     
GRID*   5922            0               0.165015609     -0.25941542     *N5922  
*N5922  0.443218165     
GRID*   5923            0               0.162895773     -0.255743755    *N5923  
*N5923  0.440260491     
GRID*   5924            0               0.162291543     -0.254697198    *N5924  
*N5924  0.442095978     
GRID*   5925            0               0.162907737     -0.255764478    *N5925  
*N5925  0.441837917     
GRID*   5926            0               0.162122539     -0.254404474    *N5926  
*N5926  0.440188709     
GRID*   5927            0               0.162654231     -0.255325392    *N5927  
*N5927  0.438977015     
GRID*   5928            0               0.161747886     -0.253755557    *N5928  
*N5928  0.441730245     
GRID*   5929            0               0.183770515     -0.278168841    *N5929  
*N5929  0.887347441     
GRID*   5930            0               0.136394663     -0.27698472     *N5930  
*N5930  0.88946142      
GRID*   5931            0               0.176699777     -0.278181322    *N5931  
*N5931  0.879077352     
GRID*   5932            0               0.182942731     -0.27813582     *N5932  
*N5932  0.914062801     
GRID*   5933            0               0.14324221      -0.278175118    *N5933  
*N5933  0.919891383     
GRID*   5934            0               0.134271823     -0.277971554    *N5934  
*N5934  0.901946053     
GRID*   5935            0               0.152564234     -0.273800045    *N5935  
*N5935  0.925147295     
GRID*   5936            0               0.152551874     -0.282588983    *N5936  
*N5936  0.925143342     
GRID*   5937            0               0.186998591     -0.278162345    *N5937  
*N5937  0.900272771     
GRID*   5938            0               0.168527537     -0.277983185    *N5938  
*N5938  0.925181623     
GRID*   5939            0               0.142046737     -0.280357116    *N5939  
*N5939  0.881218721     
GRID*   5940            0               0.140975012     -0.275467644    *N5940  
*N5940  0.882341579     
GRID*   5941            0               0.150640016     -0.26590875     *N5941  
*N5941  0.875550895     
GRID*   5942            0               0.157307288     -0.26590875     *N5942  
*N5942  0.873806145     
GRID*   5943            0               0.147466004     -0.27153977     *N5943  
*N5943  0.877098949     
GRID*   5944            0               0.163940383     -0.265935874    *N5944  
*N5944  0.873812181     
GRID*   5945            0               0.170604469     -0.265935874    *N5945  
*N5945  0.875569065     
GRID*   5946            0               0.163892711     -0.29042597     *N5946  
*N5946  0.873806145     
GRID*   5947            0               0.157259617     -0.290398845    *N5947  
*N5947  0.873812181     
GRID*   5948            0               0.170559983     -0.29042597     *N5948  
*N5948  0.875550895     
GRID*   5949            0               0.150595531     -0.290398845    *N5949  
*N5949  0.875569065     
GRID*   5950            0               0.147466004     -0.28473977     *N5950  
*N5950  0.877098949     
GRID*   5951            0               0.149920868     -0.269383703    *N5951  
*N5951  0.924143656     
GRID*   5952            0               0.156533588     -0.275983703    *N5952  
*N5952  0.926084944     
GRID*   5953            0               0.155127262     -0.270475531    *N5953  
*N5953  0.92582652      
GRID*   5954            0               0.156527178     -0.280378171    *N5954  
*N5954  0.926083944     
GRID*   5955            0               0.149914934     -0.286978171    *N5955  
*N5955  0.924141031     
GRID*   5956            0               0.155124149     -0.285872765    *N5956  
*N5956  0.92582586      
GRID*   5957            0               0.147628457     -0.28038205     *N5957  
*N5957  0.922993457     
GRID*   5958            0               0.140213164     -0.284771239    *N5958  
*N5958  0.916773101     
GRID*   5959            0               0.144633242     -0.285874705    *N5959  
*N5959  0.921024334     
GRID*   5960            0               0.136985923     -0.278073336    *N5960  
*N5960  0.91180404      
GRID*   5961            0               0.134217962     -0.284669457    *N5961  
*N5961  0.900973689     
GRID*   5962            0               0.135917268     -0.284720348    *N5962  
*N5962  0.909366043     
GRID*   5963            0               0.140213164     -0.271571239    *N5963  
*N5963  0.916773101     
GRID*   5964            0               0.147634109     -0.275987582    *N5964  
*N5964  0.922996645     
GRID*   5965            0               0.144635826     -0.270477471    *N5965  
*N5965  0.921026296     
GRID*   5966            0               0.134217962     -0.271469457    *N5966  
*N5966  0.900973689     
GRID*   5967            0               0.135917268     -0.271520348    *N5967  
*N5967  0.909366043     
GRID*   5968            0               0.134573561     -0.277478137    *N5968  
*N5968  0.895574563     
GRID*   5969            0               0.137028205     -0.28417604     *N5969  
*N5969  0.888111751     
GRID*   5970            0               0.134808456     -0.284422748    *N5970  
*N5970  0.89436473      
GRID*   5971            0               0.137028205     -0.27097604     *N5971  
*N5971  0.888111751     
GRID*   5972            0               0.134808456     -0.271222748    *N5972  
*N5972  0.89436473      
GRID*   5973            0               0.18361842      -0.284768101    *N5973  
*N5973  0.887072806     
GRID*   5974            0               0.17528198      -0.284774341    *N5974  
*N5974  0.878059183     
GRID*   5975            0               0.18066583      -0.278175082    *N5975  
*N5975  0.882844171     
GRID*   5976            0               0.17998147      -0.284771221    *N5976  
*N5976  0.882074638     
GRID*   5977            0               0.175218631     -0.27820193     *N5977  
*N5977  0.878016924     
GRID*   5978            0               0.173612113     -0.284778074    *N5978  
*N5978  0.877029477     
GRID*   5979            0               0.17528198      -0.271574341    *N5979  
*N5979  0.878059183     
GRID*   5980            0               0.18361842      -0.271568101    *N5980  
*N5980  0.887072806     
GRID*   5981            0               0.17998147      -0.271571221    *N5981  
*N5981  0.882074638     
GRID*   5982            0               0.173637877     -0.271609671    *N5982  
*N5982  0.877044091     
GRID*   5983            0               0.183207017     -0.28475159     *N5983  
*N5983  0.913633883     
GRID*   5984            0               0.186999648     -0.284764853    *N5984  
*N5984  0.900136387     
GRID*   5985            0               0.185927265     -0.278149083    *N5985  
*N5985  0.907449138     
GRID*   5986            0               0.186015722     -0.284758221    *N5986  
*N5986  0.907141505     
GRID*   5987            0               0.18621328      -0.278165593    *N5987  
*N5987  0.893603133     
GRID*   5988            0               0.18615779      -0.284766477    *N5988  
*N5988  0.893384914     
GRID*   5989            0               0.186999648     -0.271564853    *N5989  
*N5989  0.900136387     
GRID*   5990            0               0.183207017     -0.27155159     *N5990  
*N5990  0.913633883     
GRID*   5991            0               0.186015722     -0.271558221    *N5991  
*N5991  0.907141505     
GRID*   5992            0               0.18615779      -0.271566477    *N5992  
*N5992  0.893384914     
GRID*   5993            0               0.164610308     -0.278075272    *N5993  
*N5993  0.926093628     
GRID*   5994            0               0.171227188     -0.271475272    *N5994  
*N5994  0.924166565     
GRID*   5995            0               0.166045503     -0.271521316    *N5995  
*N5995  0.925832276     
GRID*   5996            0               0.176723874     -0.278059502    *N5996  
*N5996  0.920904083     
GRID*   5997            0               0.178031651     -0.271513431    *N5997  
*N5997  0.919826688     
GRID*   5998            0               0.171227188     -0.284675272    *N5998  
*N5998  0.924166565     
GRID*   5999            0               0.178031651     -0.284713431    *N5999  
*N5999  0.919826688     
GRID*   6000            0               0.139704645     -0.285862238    *N6000  
*N6000  0.883864816     
GRID*   6001            0               0.144653353     -0.279234648    *N6001  
*N6001  0.878960408     
GRID*   6002            0               0.143252279     -0.285301004    *N6002  
*N6002  0.880099835     
GRID*   6003            0               0.14150262      -0.27791238     *N6003  
*N6003  0.881772272     
GRID*   6004            0               0.143982477     -0.270217502    *N6004  
*N6004  0.879486153     
GRID*   6005            0               0.144315793     -0.274726075    *N6005  
*N6005  0.879220573     
GRID*   6006            0               0.138397582     -0.276226182    *N6006  
*N6006  0.885716702     
GRID*   6007            0               0.140047736     -0.270596771    *N6007  
*N6007  0.883430014     
GRID*   6008            0               0.139031229     -0.28104421     *N6008  
*N6008  0.884776724     
GRID*   6009            0               0.151922398     -0.278182876    *N6009  
*N6009  0.924933095     
GRID*   6010            0               0.166045503     -0.284721316    *N6010  
*N6010  0.925832276     
GRID*   6011            0               0.153866683     -0.265594953    *N6011  
*N6011  0.874473104     
GRID*   6012            0               0.149354674     -0.269821643    *N6012  
*N6012  0.876114803     
GRID*   6013            0               0.160632763     -0.265944329    *N6013  
*N6013  0.87360002      
GRID*   6014            0               0.167364288     -0.265613036    *N6014  
*N6014  0.874481293     
GRID*   6015            0               0.160566424     -0.290390387    *N6015  
*N6015  0.873600021     
GRID*   6016            0               0.167333317     -0.290739766    *N6016  
*N6016  0.874473104     
GRID*   6017            0               0.149324067     -0.286456673    *N6017  
*N6017  0.876129237     
GRID*   6018            0               0.153835712     -0.290721683    *N6018  
*N6018  0.874481293     
GRID*   6019            0               0.157848648     -0.271021445    *N6019  
*N6019  0.926256239     
GRID*   6020            0               0.155828675     -0.273229617    *N6020  
*N6020  0.925965255     
GRID*   6021            0               0.158560701     -0.277075531    *N6021  
*N6021  0.926321118     
GRID*   6022            0               0.158204018     -0.274048488    *N6022  
*N6022  0.926291049     
GRID*   6023            0               0.15444506      -0.267721445    *N6023  
*N6023  0.925672489     
GRID*   6024            0               0.157500567     -0.267994403    *N6024  
*N6024  0.926217428     
GRID*   6025            0               0.148643277     -0.267175531    *N6025  
*N6025  0.923537136     
GRID*   6026            0               0.152480349     -0.269929617    *N6026  
*N6026  0.925120336     
GRID*   6027            0               0.151481447     -0.267448488    *N6027  
*N6027  0.924775229     
GRID*   6028            0               0.151229105     -0.271591874    *N6028  
*N6028  0.92468089      
GRID*   6029            0               0.154530776     -0.274891874    *N6029  
*N6029  0.925692889     
GRID*   6030            0               0.153499789     -0.272410745    *N6030  
*N6030  0.925427289     
GRID*   6031            0               0.154443513     -0.288620063    *N6031  
*N6031  0.925672118     
GRID*   6032            0               0.152475748     -0.286425468    *N6032  
*N6032  0.925118848     
GRID*   6033            0               0.148640385     -0.289172765    *N6033  
*N6033  0.923535667     
GRID*   6034            0               0.151479178     -0.288896414    *N6034  
*N6034  0.924774394     
GRID*   6035            0               0.157847066     -0.285320063    *N6035  
*N6035  0.926256073     
GRID*   6036            0               0.157499779     -0.288343711    *N6036  
*N6036  0.926217335     
GRID*   6037            0               0.158557466     -0.279272765    *N6037  
*N6037  0.926320867     
GRID*   6038            0               0.15582392      -0.283125468    *N6038  
*N6038  0.925964381     
GRID*   6039            0               0.158201612     -0.282296414    *N6039  
*N6039  0.92629083      
GRID*   6040            0               0.154521305     -0.281483577    *N6040  
*N6040  0.925690649     
GRID*   6041            0               0.151220006     -0.284783577    *N6041  
*N6041  0.924677433     
GRID*   6042            0               0.153492774     -0.283954523    *N6042  
*N6042  0.925425329     
GRID*   6043            0               0.150035336     -0.281485516    *N6043  
*N6043  0.924193964     
GRID*   6044            0               0.146097391     -0.283128378    *N6044  
*N6044  0.92205979      
GRID*   6045            0               0.14718328      -0.286426438    *N6045  
*N6045  0.92273657      
GRID*   6046            0               0.148587186     -0.283955977    *N6046  
*N6046  0.923508558     
GRID*   6047            0               0.14535622      -0.279278584    *N6047  
*N6047  0.921554284     
GRID*   6048            0               0.141663392     -0.281473178    *N6048  
*N6048  0.918394697     
GRID*   6049            0               0.142299339     -0.285322972    *N6049  
*N6049  0.919027501     
GRID*   6050            0               0.143780264     -0.282300778    *N6050  
*N6050  0.920348377     
GRID*   6051            0               0.138901374     -0.288069299    *N6051  
*N6051  0.915037607     
GRID*   6052            0               0.143242767     -0.288621032    *N6052  
*N6052  0.919891869     
GRID*   6053            0               0.140921814     -0.288345166    *N6053  
*N6053  0.917599119     
GRID*   6054            0               0.145828788     -0.288896899    *N6054  
*N6054  0.921880843     
GRID*   6055            0               0.135476465     -0.288043854    *N6055  
*N6055  0.908109746     
GRID*   6056            0               0.134725098     -0.284694902    *N6056  
*N6056  0.90523922      
GRID*   6057            0               0.134204491     -0.288018408    *N6057  
*N6057  0.900486927     
GRID*   6058            0               0.134560034     -0.288031131    *N6058  
*N6058  0.904345132     
GRID*   6059            0               0.137762912     -0.284745793    *N6059  
*N6059  0.913244901     
GRID*   6060            0               0.136934043     -0.288056577    *N6060  
*N6060  0.911699679     
GRID*   6061            0               0.139718794     -0.278124227    *N6061  
*N6061  0.91615349      
GRID*   6062            0               0.136420848     -0.281396842    *N6062  
*N6062  0.910598519     
GRID*   6063            0               0.138692529     -0.28143501     *N6063  
*N6063  0.914731691     
GRID*   6064            0               0.13514706      -0.278022445    *N6064  
*N6064  0.907007699     
GRID*   6065            0               0.134240409     -0.281320505    *N6065  
*N6065  0.901460119     
GRID*   6066            0               0.13492085      -0.281358674    *N6066  
*N6066  0.906127093     
GRID*   6067            0               0.147187471     -0.269930587    *N6067  
*N6067  0.922739043     
GRID*   6068            0               0.146101457     -0.273232526    *N6068  
*N6068  0.922062463     
GRID*   6069            0               0.150044256     -0.274893814    *N6069  
*N6069  0.924197857     
GRID*   6070            0               0.148593687     -0.2724122      *N6070  
*N6070  0.923511879     
GRID*   6071            0               0.143243989     -0.267722415    *N6071  
*N6071  0.919892936     
GRID*   6072            0               0.145830805     -0.267448973    *N6072  
*N6072  0.921882204     
GRID*   6073            0               0.138901374     -0.268269299    *N6073  
*N6073  0.915037607     
GRID*   6074            0               0.142300508     -0.271024355    *N6074  
*N6074  0.919028626     
GRID*   6075            0               0.140922355     -0.267995857    *N6075  
*N6075  0.917599724     
GRID*   6076            0               0.141663392     -0.274873178    *N6076  
*N6076  0.918394697     
GRID*   6077            0               0.145358869     -0.27708135     *N6077  
*N6077  0.921556157     
GRID*   6078            0               0.143782139     -0.274052852    *N6078  
*N6078  0.920349928     
GRID*   6079            0               0.134204491     -0.268218408    *N6079  
*N6079  0.900486927     
GRID*   6080            0               0.134725098     -0.271494902    *N6080  
*N6080  0.90523922      
GRID*   6081            0               0.135476465     -0.268243854    *N6081  
*N6081  0.908109746     
GRID*   6082            0               0.134560034     -0.268231131    *N6082  
*N6082  0.904345132     
GRID*   6083            0               0.134240409     -0.274720505    *N6083  
*N6083  0.901460119     
GRID*   6084            0               0.136420848     -0.274796842    *N6084  
*N6084  0.910598519     
GRID*   6085            0               0.13492085      -0.274758674    *N6085  
*N6085  0.906127093     
GRID*   6086            0               0.137762912     -0.271545793    *N6086  
*N6086  0.913244901     
GRID*   6087            0               0.138692529     -0.27483501     *N6087  
*N6087  0.914731691     
GRID*   6088            0               0.136934043     -0.268256577    *N6088  
*N6088  0.911699679     
GRID*   6089            0               0.134229554     -0.277724846    *N6089  
*N6089  0.898751161     
GRID*   6090            0               0.134683948     -0.280950443    *N6090  
*N6090  0.894968275     
GRID*   6091            0               0.134304749     -0.284546103    *N6091  
*N6091  0.897650584     
GRID*   6092            0               0.134261402     -0.281135474    *N6092  
*N6092  0.89820048      
GRID*   6093            0               0.135298806     -0.277231429    *N6093  
*N6093  0.892462789     
GRID*   6094            0               0.136701904     -0.28058038     *N6094  
*N6094  0.888782112     
GRID*   6095            0               0.135721098     -0.284299394    *N6095  
*N6095  0.891168225     
GRID*   6096            0               0.135501604     -0.280765411    *N6096  
*N6096  0.891812783     
GRID*   6097            0               0.137373305     -0.2877717      *N6097  
*N6097  0.887450871     
GRID*   6098            0               0.134947018     -0.287895054    *N6098  
*N6098  0.893764255     
GRID*   6099            0               0.135957143     -0.287833377    *N6099  
*N6099  0.890529541     
GRID*   6100            0               0.134359574     -0.287956731    *N6100  
*N6100  0.897101714     
GRID*   6101            0               0.134304749     -0.271346103    *N6101  
*N6101  0.897650584     
GRID*   6102            0               0.134683948     -0.274350443    *N6102  
*N6102  0.894968275     
GRID*   6103            0               0.134261402     -0.274535474    *N6103  
*N6103  0.89820048      
GRID*   6104            0               0.134947018     -0.268095054    *N6104  
*N6104  0.893764255     
GRID*   6105            0               0.134359574     -0.268156731    *N6105  
*N6105  0.897101714     
GRID*   6106            0               0.137373305     -0.2679717      *N6106  
*N6106  0.887450871     
GRID*   6107            0               0.135721098     -0.271099394    *N6107  
*N6107  0.891168225     
GRID*   6108            0               0.135957143     -0.268033377    *N6108  
*N6108  0.890529541     
GRID*   6109            0               0.136701904     -0.27398038     *N6109  
*N6109  0.888782112     
GRID*   6110            0               0.135501604     -0.274165411    *N6110  
*N6110  0.891812783     
GRID*   6111            0               0.183694876     -0.281468471    *N6111  
*N6111  0.887209898     
GRID*   6112            0               0.181946735     -0.284769661    *N6112  
*N6112  0.88446691      
GRID*   6113            0               0.180327403     -0.281473151    *N6113  
*N6113  0.882456067     
GRID*   6114            0               0.182335115     -0.278171961    *N6114  
*N6114  0.885015182     
GRID*   6115            0               0.18214267      -0.281470811    *N6115  
*N6115  0.88473981      
GRID*   6116            0               0.183541151     -0.28806773     *N6116  
*N6116  0.886936172     
GRID*   6117            0               0.179628164     -0.28806929     *N6117  
*N6117  0.881700028     
GRID*   6118            0               0.181747344     -0.28806851     *N6118  
*N6118  0.884196524     
GRID*   6119            0               0.174548614     -0.28807085     *N6119  
*N6119  0.877585805     
GRID*   6120            0               0.177749654     -0.284772781    *N6120  
*N6120  0.879928892     
GRID*   6121            0               0.177216218     -0.28807007     *N6121  
*N6121  0.879485095     
GRID*   6122            0               0.175999296     -0.281477831    *N6122  
*N6122  0.878556547     
GRID*   6123            0               0.178780622     -0.278178202    *N6123  
*N6123  0.880857769     
GRID*   6124            0               0.178271242     -0.281475491    *N6124  
*N6124  0.880386556     
GRID*   6125            0               0.172749641     -0.284779941    *N6125  
*N6125  0.876561864     
GRID*   6126            0               0.172109815     -0.287602022    *N6126  
*N6126  0.876241125     
GRID*   6127            0               0.168866307     -0.289955275    *N6127  
*N6127  0.874927542     
GRID*   6128            0               0.17097164      -0.287520019    *N6128  
*N6128  0.875722663     
GRID*   6129            0               0.174451503     -0.278212235    *N6129  
*N6129  0.877525662     
GRID*   6130            0               0.174424191     -0.281490002    *N6130  
*N6130  0.877508852     
GRID*   6131            0               0.173814981     -0.281568477    *N6131  
*N6131  0.877145585     
GRID*   6132            0               0.175968353     -0.278191626    *N6132  
*N6132  0.878534359     
GRID*   6133            0               0.174456615     -0.284776208    *N6133  
*N6133  0.877528813     
GRID*   6134            0               0.175221131     -0.281483917    *N6134  
*N6134  0.878018586     
GRID*   6135            0               0.172207113     -0.290896665    *N6135  
*N6135  0.876288507     
GRID*   6136            0               0.173346959     -0.287836436    *N6136  
*N6136  0.876881284     
GRID*   6137            0               0.180327403     -0.274873151    *N6137  
*N6137  0.882456067     
GRID*   6138            0               0.181946735     -0.271569661    *N6138  
*N6138  0.88446691      
GRID*   6139            0               0.183694876     -0.274868471    *N6139  
*N6139  0.887209898     
GRID*   6140            0               0.18214267      -0.274870811    *N6140  
*N6140  0.88473981      
GRID*   6141            0               0.175999296     -0.274877831    *N6141  
*N6141  0.878556547     
GRID*   6142            0               0.177749654     -0.271572781    *N6142  
*N6142  0.879928892     
GRID*   6143            0               0.178271242     -0.274875491    *N6143  
*N6143  0.880386556     
GRID*   6144            0               0.174548614     -0.26827085     *N6144  
*N6144  0.877585805     
GRID*   6145            0               0.179628164     -0.26826929     *N6145  
*N6145  0.881700028     
GRID*   6146            0               0.177216218     -0.26827007     *N6146  
*N6146  0.879485095     
GRID*   6147            0               0.183541151     -0.26826773     *N6147  
*N6147  0.886936172     
GRID*   6148            0               0.181747344     -0.26826851     *N6148  
*N6148  0.884196524     
GRID*   6149            0               0.168934731     -0.266420131    *N6149  
*N6149  0.874950204     
GRID*   6150            0               0.172144754     -0.268772772    *N6150  
*N6150  0.876258082     
GRID*   6151            0               0.17278907      -0.271627336    *N6151  
*N6151  0.876582345     
GRID*   6152            0               0.171026332     -0.268872341    *N6152  
*N6152  0.875746101     
GRID*   6153            0               0.172228688     -0.265451617    *N6153  
*N6153  0.87629908      
GRID*   6154            0               0.174469219     -0.271592006    *N6154  
*N6154  0.87753659      
GRID*   6155            0               0.17336396      -0.268521811    *N6155  
*N6155  0.876890666     
GRID*   6156            0               0.174436806     -0.274905801    *N6156  
*N6156  0.877516611     
GRID*   6157            0               0.175227296     -0.274891816    *N6157  
*N6157  0.878022689     
GRID*   6158            0               0.173835363     -0.27484897     *N6158  
*N6158  0.877157383     
GRID*   6159            0               0.183075897     -0.281443705    *N6159  
*N6159  0.913848973     
GRID*   6160            0               0.184829808     -0.284754906    *N6160  
*N6160  0.910482194     
GRID*   6161            0               0.185971959     -0.281453652    *N6161  
*N6161  0.907295456     
GRID*   6162            0               0.184663297     -0.278142451    *N6162  
*N6162  0.910858994     
GRID*   6163            0               0.184747287     -0.281448678    *N6163  
*N6163  0.910670919     
GRID*   6164            0               0.183336079     -0.288059475    *N6164  
*N6164  0.913417552     
GRID*   6165            0               0.18605855      -0.28806279     *N6165  
*N6165  0.906987293     
GRID*   6166            0               0.184910854     -0.288061133    *N6166  
*N6166  0.910292832     
GRID*   6167            0               0.186999912     -0.288066106    *N6167  
*N6167  0.900068194     
GRID*   6168            0               0.186743375     -0.284761537    *N6168  
*N6168  0.903672051     
GRID*   6169            0               0.186759004     -0.288064448    *N6169  
*N6169  0.903559004     
GRID*   6170            0               0.186999207     -0.281463599    *N6170  
*N6170  0.90020458      
GRID*   6171            0               0.186710651     -0.278155714    *N6171  
*N6171  0.903897936     
GRID*   6172            0               0.186727257     -0.281458625    *N6172  
*N6172  0.903785029     
GRID*   6173            0               0.185092299     -0.284767289    *N6173  
*N6173  0.890146713     
GRID*   6174            0               0.186129348     -0.288066918    *N6174  
*N6174  0.893275985     
GRID*   6175            0               0.185041678     -0.288067324    *N6175  
*N6175  0.890021805     
GRID*   6176            0               0.185191626     -0.278167217    *N6176  
*N6176  0.890397295     
GRID*   6177            0               0.186185768     -0.281466035    *N6177  
*N6177  0.893493965     
GRID*   6178            0               0.185142282     -0.281467253    *N6178  
*N6178  0.890271877     
GRID*   6179            0               0.18681888      -0.278163969    *N6179  
*N6179  0.896912879     
GRID*   6180            0               0.186797126     -0.284765665    *N6180  
*N6180  0.896733417     
GRID*   6181            0               0.186808157     -0.281464817    *N6181  
*N6181  0.896823129     
GRID*   6182            0               0.186785789     -0.288066512    *N6182  
*N6182  0.896643743     
GRID*   6183            0               0.185971959     -0.274853652    *N6183  
*N6183  0.907295456     
GRID*   6184            0               0.184829808     -0.271554906    *N6184  
*N6184  0.910482194     
GRID*   6185            0               0.183075897     -0.274843705    *N6185  
*N6185  0.913848973     
GRID*   6186            0               0.184747287     -0.274848678    *N6186  
*N6186  0.910670919     
GRID*   6187            0               0.186999207     -0.274863599    *N6187  
*N6187  0.90020458      
GRID*   6188            0               0.186743375     -0.271561537    *N6188  
*N6188  0.903672051     
GRID*   6189            0               0.186727257     -0.274858625    *N6189  
*N6189  0.903785029     
GRID*   6190            0               0.186999912     -0.268266106    *N6190  
*N6190  0.900068194     
GRID*   6191            0               0.18605855      -0.26826279     *N6191  
*N6191  0.906987293     
GRID*   6192            0               0.186759004     -0.268264448    *N6192  
*N6192  0.903559004     
GRID*   6193            0               0.183336079     -0.268259475    *N6193  
*N6193  0.913417552     
GRID*   6194            0               0.184910854     -0.268261133    *N6194  
*N6194  0.910292832     
GRID*   6195            0               0.186129348     -0.268266918    *N6195  
*N6195  0.893275985     
GRID*   6196            0               0.185092299     -0.271567289    *N6196  
*N6196  0.890146713     
GRID*   6197            0               0.185041678     -0.268267324    *N6197  
*N6197  0.890021805     
GRID*   6198            0               0.186797126     -0.271565665    *N6198  
*N6198  0.896733417     
GRID*   6199            0               0.186785789     -0.268266512    *N6199  
*N6199  0.896643743     
GRID*   6200            0               0.186185768     -0.274866035    *N6200  
*N6200  0.893493965     
GRID*   6201            0               0.186808157     -0.274864817    *N6201  
*N6201  0.896823129     
GRID*   6202            0               0.185142282     -0.274867253    *N6202  
*N6202  0.890271877     
GRID*   6203            0               0.162610997     -0.278121316    *N6203  
*N6203  0.926323296     
GRID*   6204            0               0.165329711     -0.274798294    *N6204  
*N6204  0.925972867     
GRID*   6205            0               0.163337509     -0.271544338    *N6205  
*N6205  0.926257685     
GRID*   6206            0               0.162974931     -0.274832827    *N6206  
*N6206  0.926292959     
GRID*   6207            0               0.166586316     -0.278029228    *N6207  
*N6207  0.925712332     
GRID*   6208            0               0.169891235     -0.274729228    *N6208  
*N6208  0.924710989     
GRID*   6209            0               0.168679387     -0.271498294    *N6209  
*N6209  0.925133315     
GRID*   6210            0               0.167638808     -0.274763761    *N6210  
*N6210  0.925444355     
GRID*   6211            0               0.172531408     -0.268221316    *N6211  
*N6211  0.923549979     
GRID*   6212            0               0.166741405     -0.268244338    *N6212  
*N6212  0.925675731     
GRID*   6213            0               0.1696987       -0.268232827    *N6213  
*N6213  0.924782527     
GRID*   6214            0               0.163692543     -0.268255849    *N6214  
*N6214  0.926218241     
GRID*   6215            0               0.178658936     -0.268240395    *N6215  
*N6215  0.919257072     
GRID*   6216            0               0.18085738      -0.27153251     *N6216  
*N6216  0.916929222     
GRID*   6217            0               0.18120542      -0.268249935    *N6217  
*N6217  0.916503839     
GRID*   6218            0               0.17479624      -0.271494352    *N6218  
*N6218  0.922258184     
GRID*   6219            0               0.175748018     -0.268230856    *N6219  
*N6219  0.921621692     
GRID*   6220            0               0.172814415     -0.278021344    *N6220  
*N6220  0.923404445     
GRID*   6221            0               0.177386409     -0.274786467    *N6221  
*N6221  0.92037588      
GRID*   6222            0               0.173817759     -0.274757848    *N6222  
*N6222  0.922852808     
GRID*   6223            0               0.180135115     -0.278097661    *N6223  
*N6223  0.917757795     
GRID*   6224            0               0.18050056      -0.274815086    *N6224  
*N6224  0.917347268     
GRID*   6225            0               0.18085738      -0.28473251     *N6225  
*N6225  0.916929222     
GRID*   6226            0               0.178658936     -0.288040395    *N6226  
*N6226  0.919257072     
GRID*   6227            0               0.18120542      -0.288049935    *N6227  
*N6227  0.916503839     
GRID*   6228            0               0.177386409     -0.281386467    *N6228  
*N6228  0.92037588      
GRID*   6229            0               0.18050056      -0.281415086    *N6229  
*N6229  0.917347268     
GRID*   6230            0               0.169891235     -0.281329228    *N6230  
*N6230  0.924710989     
GRID*   6231            0               0.17479624      -0.284694352    *N6231  
*N6231  0.922258184     
GRID*   6232            0               0.173817759     -0.281357848    *N6232  
*N6232  0.922852808     
GRID*   6233            0               0.172531408     -0.288021316    *N6233  
*N6233  0.923549979     
GRID*   6234            0               0.175748018     -0.288030856    *N6234  
*N6234  0.921621692     
GRID*   6235            0               0.138671622     -0.288614799    *N6235  
*N6235  0.885299448     
GRID*   6236            0               0.141386021     -0.285581621    *N6236  
*N6236  0.881895221     
GRID*   6237            0               0.142581788     -0.288334182    *N6237  
*N6237  0.880704819     
GRID*   6238            0               0.140495021     -0.28847449     *N6238  
*N6238  0.882890067     
GRID*   6239            0               0.140831368     -0.283109677    *N6239  
*N6239  0.882502538     
GRID*   6240            0               0.143313128     -0.279795882    *N6240  
*N6240  0.880046954     
GRID*   6241            0               0.14394307      -0.282267826    *N6241  
*N6241  0.879518138     
GRID*   6242            0               0.142326192     -0.282688752    *N6242  
*N6242  0.880946708     
GRID*   6243            0               0.146061687     -0.278673414    *N6243  
*N6243  0.877963724     
GRID*   6244            0               0.147499046     -0.281425975    *N6244  
*N6244  0.87708003      
GRID*   6245            0               0.145285461     -0.285020387    *N6245  
*N6245  0.878495933     
GRID*   6246            0               0.145671202     -0.281846901    *N6246  
*N6246  0.878226369     
GRID*   6247            0               0.147432988     -0.288053565    *N6247  
*N6247  0.877117915     
GRID*   6248            0               0.144904586     -0.288193873    *N6248  
*N6248  0.87877233      
GRID*   6249            0               0.147432988     -0.268253565    *N6249  
*N6249  0.877117915     
GRID*   6250            0               0.145852695     -0.273132922    *N6250  
*N6250  0.878103037     
GRID*   6251            0               0.144148599     -0.272471788    *N6251  
*N6251  0.87935269      
GRID*   6252            0               0.145645038     -0.267592431    *N6252  
*N6252  0.878244331     
GRID*   6253            0               0.145748699     -0.270362677    *N6253  
*N6253  0.878173437     
GRID*   6254            0               0.147499046     -0.274825975    *N6254  
*N6254  0.87708003      
GRID*   6255            0               0.144484048     -0.276980362    *N6255  
*N6255  0.879089809     
GRID*   6256            0               0.145957026     -0.275903168    *N6256  
*N6256  0.878033132     
GRID*   6257            0               0.141772644     -0.279134748    *N6257  
*N6257  0.881493497     
GRID*   6258            0               0.142863259     -0.276319227    *N6258  
*N6258  0.880445767     
GRID*   6259            0               0.143087058     -0.278057555    *N6259  
*N6259  0.88024508      
GRID*   6260            0               0.141236723     -0.276690012    *N6260  
*N6260  0.882054986     
GRID*   6261            0               0.142422589     -0.272842573    *N6261  
*N6261  0.88085472      
GRID*   6262            0               0.14264176      -0.2745809      *N6262  
*N6262  0.880648989     
GRID*   6263            0               0.141910785     -0.270407136    *N6263  
*N6263  0.881354002     
GRID*   6264            0               0.140962031     -0.267782065    *N6264  
*N6264  0.882356016     
GRID*   6265            0               0.143181785     -0.267687248    *N6265  
*N6265  0.880161507     
GRID*   6266            0               0.139618321     -0.275846913    *N6266  
*N6266  0.88397723      
GRID*   6267            0               0.139192105     -0.273411476    *N6267  
*N6267  0.884551309     
GRID*   6268            0               0.140721235     -0.273127024    *N6268  
*N6268  0.882627761     
GRID*   6269            0               0.137320703     -0.276605451    *N6269  
*N6269  0.887548721     
GRID*   6270            0               0.13841413      -0.270786405    *N6270  
*N6270  0.88569101      
GRID*   6271            0               0.137848448     -0.273695928    *N6271  
*N6271  0.886608701     
GRID*   6272            0               0.139016806     -0.267876883    *N6272  
*N6272  0.884797179     
GRID*   6273            0               0.138709359     -0.278635196    *N6273  
*N6273  0.885243312     
GRID*   6274            0               0.137968202     -0.282610125    *N6274  
*N6274  0.886407292     
GRID*   6275            0               0.137637359     -0.279607788    *N6275  
*N6275  0.886973983     
GRID*   6276            0               0.140211507     -0.279478295    *N6276  
*N6276  0.883228913     
GRID*   6277            0               0.13991153      -0.277662604    *N6277  
*N6277  0.88360039      
GRID*   6278            0               0.139363042     -0.283453224    *N6278  
*N6278  0.884317155     
GRID*   6279            0               0.140518153     -0.281293986    *N6279  
*N6279  0.882862923     
GRID*   6280            0               0.138313027     -0.285612462    *N6280  
*N6280  0.885848998     
GRID*   6281            0               0.154202019     -0.277083289    *N6281  
*N6281  0.925613001     
GRID*   6282            0               0.154198872     -0.279280524    *N6282  
*N6282  0.925612215     
GRID*   6283            0               0.156363771     -0.278178027    *N6283  
*N6283  0.926057904     
GRID*   6284            0               0.149735026     -0.277085229    *N6284  
*N6284  0.924060597     
GRID*   6285            0               0.152093658     -0.275988552    *N6285  
*N6285  0.924992042     
GRID*   6286            0               0.149732069     -0.279282463    *N6286  
*N6286  0.924059262     
GRID*   6287            0               0.147485613     -0.278181907    *N6287  
*N6287  0.922912286     
GRID*   6288            0               0.152087516     -0.28038302     *N6288  
*N6288  0.92498995      
GRID*   6289            0               0.163337509     -0.284744338    *N6289  
*N6289  0.926257685     
GRID*   6290            0               0.165329711     -0.281398294    *N6290  
*N6290  0.925972867     
GRID*   6291            0               0.162974931     -0.281432827    *N6291  
*N6291  0.926292959     
GRID*   6292            0               0.166741405     -0.288044338    *N6292  
*N6292  0.925675731     
GRID*   6293            0               0.163692543     -0.288055849    *N6293  
*N6293  0.926218241     
GRID*   6294            0               0.168679387     -0.284698294    *N6294  
*N6294  0.925133315     
GRID*   6295            0               0.1696987       -0.288032827    *N6295  
*N6295  0.924782527     
GRID*   6296            0               0.167638808     -0.281363761    *N6296  
*N6296  0.925444355     
GRID*   6297            0               0.152333692     -0.266379444    *N6297  
*N6297  0.874927542     
GRID*   6298            0               0.152235971     -0.265751851    *N6298  
*N6298  0.874959972     
GRID*   6299            0               0.155575906     -0.265751851    *N6299  
*N6299  0.874082468     
GRID*   6300            0               0.155677024     -0.266379444    *N6300  
*N6300  0.874063071     
GRID*   6301            0               0.153941379     -0.266065648    *N6301  
*N6301  0.874453518     
GRID*   6302            0               0.148992886     -0.265438055    *N6302  
*N6302  0.876288507     
GRID*   6303            0               0.153816917     -0.265281156    *N6303  
*N6303  0.874486282     
GRID*   6304            0               0.151360853     -0.265359605    *N6304  
*N6304  0.875269489     
GRID*   6305            0               0.158950421     -0.265438055    *N6305  
*N6305  0.873651587     
GRID*   6306            0               0.156363064     -0.265359605    *N6306  
*N6306  0.873942211     
GRID*   6307            0               0.149993597     -0.267865196    *N6307  
*N6307  0.875824305     
GRID*   6308            0               0.148400411     -0.270680706    *N6308  
*N6308  0.876587823     
GRID*   6309            0               0.148695708     -0.268059381    *N6309  
*N6309  0.876436303     
GRID*   6310            0               0.149342508     -0.270686651    *N6310  
*N6310  0.876120534     
GRID*   6311            0               0.150687951     -0.268380666    *N6311  
*N6311  0.875531422     
GRID*   6312            0               0.148201773     -0.272683759    *N6312  
*N6312  0.876692405     
GRID*   6313            0               0.162273558     -0.265451617    *N6313  
*N6313  0.873653099     
GRID*   6314            0               0.162289906     -0.265940101    *N6314  
*N6314  0.873654142     
GRID*   6315            0               0.158966771     -0.265926539    *N6315  
*N6315  0.873650568     
GRID*   6316            0               0.160620204     -0.265689078    *N6316  
*N6316  0.873600008     
GRID*   6317            0               0.165593772     -0.266420131    *N6317  
*N6317  0.874076608     
GRID*   6318            0               0.160642593     -0.265521897    *N6318  
*N6318  0.873600034     
GRID*   6319            0               0.163187445     -0.265755944    *N6319  
*N6319  0.873727103     
GRID*   6320            0               0.158092989     -0.265735026    *N6320  
*N6320  0.873719306     
GRID*   6321            0               0.1656634       -0.265774455    *N6321  
*N6321  0.874090118     
GRID*   6322            0               0.169002001     -0.265774455    *N6322  
*N6322  0.874972687     
GRID*   6323            0               0.167312855     -0.266097293    *N6323  
*N6323  0.874467715     
GRID*   6324            0               0.167398562     -0.265290198    *N6324  
*N6324  0.874490403     
GRID*   6325            0               0.164856697     -0.265370907    *N6325  
*N6325  0.873945432     
GRID*   6326            0               0.1698579       -0.265370907    *N6326  
*N6326  0.875276503     
GRID*   6327            0               0.165522975     -0.289955275    *N6327  
*N6327  0.87406307      
GRID*   6328            0               0.162232823     -0.290408178    *N6328  
*N6328  0.873650543     
GRID*   6329            0               0.160554562     -0.29081281     *N6329  
*N6329  0.873600039     
GRID*   6330            0               0.163105986     -0.290599912    *N6330  
*N6330  0.873719208     
GRID*   6331            0               0.162249579     -0.290896665    *N6331  
*N6331  0.873651587     
GRID*   6332            0               0.158926442     -0.290883102    *N6332  
*N6332  0.873653099     
GRID*   6333            0               0.158909688     -0.290394616    *N6333  
*N6333  0.873654168     
GRID*   6334            0               0.160579593     -0.29064564     *N6334  
*N6334  0.873600008     
GRID*   6335            0               0.155606228     -0.289914588    *N6335  
*N6335  0.874076608     
GRID*   6336            0               0.158011466     -0.290578531    *N6336  
*N6336  0.87372721      
GRID*   6337            0               0.165624094     -0.290582868    *N6337  
*N6337  0.874082468     
GRID*   6338            0               0.167383083     -0.291053563    *N6338  
*N6338  0.874486282     
GRID*   6339            0               0.164836936     -0.290975114    *N6339  
*N6339  0.873942211     
GRID*   6340            0               0.168964029     -0.290582868    *N6340  
*N6340  0.874959972     
GRID*   6341            0               0.167258621     -0.290269071    *N6341  
*N6341  0.874453517     
GRID*   6342            0               0.169839147     -0.290975114    *N6342  
*N6342  0.875269489     
GRID*   6343            0               0.152265269     -0.289914588    *N6343  
*N6343  0.874950204     
GRID*   6344            0               0.149956113     -0.288427759    *N6344  
*N6344  0.875840785     
GRID*   6345            0               0.14930059      -0.285574114    *N6345  
*N6345  0.876140341     
GRID*   6346            0               0.150632036     -0.287895759    *N6346  
*N6346  0.875554148     
GRID*   6347            0               0.148971312     -0.290883102    *N6347  
*N6347  0.87629908      
GRID*   6348            0               0.148385408     -0.285598222    *N6348  
*N6348  0.876595647     
GRID*   6349            0               0.148677438     -0.288240662    *N6349  
*N6349  0.876445542     
GRID*   6350            0               0.148179991     -0.283570653    *N6350  
*N6350  0.876704005     
GRID*   6351            0               0.152197999     -0.290560264    *N6351  
*N6351  0.874972687     
GRID*   6352            0               0.153801438     -0.291044522    *N6352  
*N6352  0.874490403     
GRID*   6353            0               0.1513421       -0.290963812    *N6353  
*N6353  0.875276503     
GRID*   6354            0               0.1555366       -0.290560264    *N6354  
*N6354  0.874090118     
GRID*   6355            0               0.153887145     -0.290237426    *N6355  
*N6355  0.874467715     
GRID*   6356            0               0.156343303     -0.290963812    *N6356  
*N6356  0.873945432     
GRID*   6357            0               0.166764976     -0.26496736     *N6357  
*N6357  0.912054807     
GRID*   6358            0               0.154435024     -0.26496736     *N6358  
*N6358  0.887945194     
GRID*   6359            0               0.154435023     -0.26496736     *N6359  
*N6359  0.912054807     
GRID*   6360            0               0.166764978     -0.26496736     *N6360  
*N6360  0.887945193     
GRID*   6361            0               0.160600001     -0.26496736     *N6361  
*N6361  0.882961627     
GRID*   6362            0               0.148459187     -0.26496736     *N6362  
*N6362  0.9             
GRID*   6363            0               0.172740813     -0.26496736     *N6363  
*N6363  0.9             
GRID*   6364            0               0.1606          -0.26496736     *N6364  
*N6364  0.917038374     
GRID*   6365            0               0.170282489     -0.26496736     *N6365  
*N6365  0.882541061     
GRID*   6366            0               0.1606          -0.26496736     *N6366  
*N6366  0.878280813     
GRID*   6367            0               0.163682489     -0.26496736     *N6367  
*N6367  0.88545341      
GRID*   6368            0               0.165557656     -0.26496736     *N6368  
*N6368  0.879976484     
GRID*   6369            0               0.150917511     -0.26496736     *N6369  
*N6369  0.917458939     
GRID*   6370            0               0.1606          -0.26496736     *N6370  
*N6370  0.921719187     
GRID*   6371            0               0.157517511     -0.26496736     *N6371  
*N6371  0.91454659      
GRID*   6372            0               0.155642344     -0.26496736     *N6372  
*N6372  0.920023516     
GRID*   6373            0               0.169752895     -0.26496736     *N6373  
*N6373  0.893972597     
GRID*   6374            0               0.163682489     -0.26496736     *N6374  
*N6374  0.890672597     
GRID*   6375            0               0.169970406     -0.26496736     *N6375  
*N6375  0.9             
GRID*   6376            0               0.1675099       -0.26496736     *N6376  
*N6376  0.894652846     
GRID*   6377            0               0.151229594     -0.26496736     *N6377  
*N6377  0.9             
GRID*   6378            0               0.157517512     -0.26496736     *N6378  
*N6378  0.890672597     
GRID*   6379            0               0.151447106     -0.26496736     *N6379  
*N6379  0.893972597     
GRID*   6380            0               0.153690101     -0.26496736     *N6380  
*N6380  0.894652846     
GRID*   6381            0               0.163682488     -0.26496736     *N6381  
*N6381  0.909327403     
GRID*   6382            0               0.169752895     -0.26496736     *N6382  
*N6382  0.906027403     
GRID*   6383            0               0.1675099       -0.26496736     *N6383  
*N6383  0.905347154     
GRID*   6384            0               0.157517513     -0.26496736     *N6384  
*N6384  0.88545341      
GRID*   6385            0               0.160600001     -0.26496736     *N6385  
*N6385  0.888063003     
GRID*   6386            0               0.151447105     -0.26496736     *N6386  
*N6386  0.906027404     
GRID*   6387            0               0.157517511     -0.26496736     *N6387  
*N6387  0.909327404     
GRID*   6388            0               0.1536901       -0.26496736     *N6388  
*N6388  0.905347154     
GRID*   6389            0               0.163682488     -0.26496736     *N6389  
*N6389  0.91454659      
GRID*   6390            0               0.1606          -0.26496736     *N6390  
*N6390  0.911936997     
GRID*   6391            0               0.150917512     -0.26496736     *N6391  
*N6391  0.882541062     
GRID*   6392            0               0.143098058     -0.26496736     *N6392  
*N6392  0.8934          
GRID*   6393            0               0.146689743     -0.26496736     *N6393  
*N6393  0.887652489     
GRID*   6394            0               0.178101942     -0.26496736     *N6394  
*N6394  0.8934          
GRID*   6395            0               0.174510257     -0.26496736     *N6395  
*N6395  0.887652489     
GRID*   6396            0               0.178101942     -0.26496736     *N6396  
*N6396  0.9066          
GRID*   6397            0               0.182535645     -0.26496736     *N6397  
*N6397  0.9             
GRID*   6398            0               0.143098058     -0.26496736     *N6398  
*N6398  0.9066          
GRID*   6399            0               0.138664355     -0.26496736     *N6399  
*N6399  0.9             
GRID*   6400            0               0.155642345     -0.26496736     *N6400  
*N6400  0.879976484     
GRID*   6401            0               0.170282488     -0.26496736     *N6401  
*N6401  0.917458939     
GRID*   6402            0               0.165557655     -0.26496736     *N6402  
*N6402  0.920023516     
GRID*   6403            0               0.174510257     -0.26496736     *N6403  
*N6403  0.912347511     
GRID*   6404            0               0.146689743     -0.26496736     *N6404  
*N6404  0.912347511     
GRID*   6405            0               0.168523733     -0.26496736     *N6405  
*N6405  0.885243127     
GRID*   6406            0               0.167920072     -0.26496736     *N6406  
*N6406  0.881258773     
GRID*   6407            0               0.164620073     -0.26496736     *N6407  
*N6407  0.882714947     
GRID*   6408            0               0.165223734     -0.26496736     *N6408  
*N6408  0.886699302     
GRID*   6409            0               0.166571903     -0.26496736     *N6409  
*N6409  0.883979037     
GRID*   6410            0               0.172041244     -0.26496736     *N6410  
*N6410  0.879838995     
GRID*   6411            0               0.166495239     -0.26496736     *N6411  
*N6411  0.877238021     
GRID*   6412            0               0.169311458     -0.26496736     *N6412  
*N6412  0.878434177     
GRID*   6413            0               0.1606          -0.26496736     *N6413  
*N6413  0.875940407     
GRID*   6414            0               0.163078828     -0.26496736     *N6414  
*N6414  0.879128649     
GRID*   6415            0               0.16356236      -0.26496736     *N6415  
*N6415  0.876477252     
GRID*   6416            0               0.160600001     -0.26496736     *N6416  
*N6416  0.88062122      
GRID*   6417            0               0.162141245     -0.26496736     *N6417  
*N6417  0.884207518     
GRID*   6418            0               0.162610037     -0.26496736     *N6418  
*N6418  0.881668084     
GRID*   6419            0               0.152676267     -0.26496736     *N6419  
*N6419  0.914756873     
GRID*   6420            0               0.153279928     -0.26496736     *N6420  
*N6420  0.918741228     
GRID*   6421            0               0.156579928     -0.26496736     *N6421  
*N6421  0.917285053     
GRID*   6422            0               0.155976267     -0.26496736     *N6422  
*N6422  0.913300699     
GRID*   6423            0               0.154628097     -0.26496736     *N6423  
*N6423  0.916020963     
GRID*   6424            0               0.149158756     -0.26496736     *N6424  
*N6424  0.920161005     
GRID*   6425            0               0.154704761     -0.26496736     *N6425  
*N6425  0.922761979     
GRID*   6426            0               0.151888543     -0.26496736     *N6426  
*N6426  0.921565824     
GRID*   6427            0               0.1606          -0.26496736     *N6427  
*N6427  0.924059593     
GRID*   6428            0               0.158121172     -0.26496736     *N6428  
*N6428  0.920871351     
GRID*   6429            0               0.15763764      -0.26496736     *N6429  
*N6429  0.923522748     
GRID*   6430            0               0.1606          -0.26496736     *N6430  
*N6430  0.91937878      
GRID*   6431            0               0.159058755     -0.26496736     *N6431  
*N6431  0.915792482     
GRID*   6432            0               0.158589964     -0.26496736     *N6432  
*N6432  0.918331917     
GRID*   6433            0               0.171246854     -0.26496736     *N6433  
*N6433  0.896986298     
GRID*   6434            0               0.168631398     -0.26496736     *N6434  
*N6434  0.894312721     
GRID*   6435            0               0.168740153     -0.26496736     *N6435  
*N6435  0.897326423     
GRID*   6436            0               0.17135561      -0.26496736     *N6436  
*N6436  0.9             
GRID*   6437            0               0.169993504     -0.26496736     *N6437  
*N6437  0.897156361     
GRID*   6438            0               0.168258937     -0.26496736     *N6438  
*N6438  0.890958895     
GRID*   6439            0               0.165223733     -0.26496736     *N6439  
*N6439  0.889308895     
GRID*   6440            0               0.165596194     -0.26496736     *N6440  
*N6440  0.892662721     
GRID*   6441            0               0.166927566     -0.26496736     *N6441  
*N6441  0.891810808     
GRID*   6442            0               0.162141244     -0.26496736     *N6442  
*N6442  0.892036298     
GRID*   6443            0               0.166388402     -0.26496736     *N6443  
*N6443  0.894992971     
GRID*   6444            0               0.164360953     -0.26496736     *N6444  
*N6444  0.893282558     
GRID*   6445            0               0.168585203     -0.26496736     *N6445  
*N6445  0.9             
GRID*   6446            0               0.167718879     -0.26496736     *N6446  
*N6446  0.897400356     
GRID*   6447            0               0.149844391     -0.26496736     *N6447  
*N6447  0.9             
GRID*   6448            0               0.152459847     -0.26496736     *N6448  
*N6448  0.897326423     
GRID*   6449            0               0.152568603     -0.26496736     *N6449  
*N6449  0.894312722     
GRID*   6450            0               0.149953147     -0.26496736     *N6450  
*N6450  0.896986299     
GRID*   6451            0               0.151206497     -0.26496736     *N6451  
*N6451  0.897156361     
GRID*   6452            0               0.152614797     -0.26496736     *N6452  
*N6452  0.9             
GRID*   6453            0               0.154811598     -0.26496736     *N6453  
*N6453  0.894992971     
GRID*   6454            0               0.153481121     -0.26496736     *N6454  
*N6454  0.897400356     
GRID*   6455            0               0.159058756     -0.26496736     *N6455  
*N6455  0.892036298     
GRID*   6456            0               0.155603806     -0.26496736     *N6456  
*N6456  0.892662722     
GRID*   6457            0               0.156839048     -0.26496736     *N6457  
*N6457  0.893282558     
GRID*   6458            0               0.155976268     -0.26496736     *N6458  
*N6458  0.889308895     
GRID*   6459            0               0.152941065     -0.26496736     *N6459  
*N6459  0.890958895     
GRID*   6460            0               0.154272436     -0.26496736     *N6460  
*N6460  0.891810808     
GRID*   6461            0               0.162141244     -0.26496736     *N6461  
*N6461  0.907963702     
GRID*   6462            0               0.165596194     -0.26496736     *N6462  
*N6462  0.907337279     
GRID*   6463            0               0.166388402     -0.26496736     *N6463  
*N6463  0.905007029     
GRID*   6464            0               0.164360952     -0.26496736     *N6464  
*N6464  0.906717442     
GRID*   6465            0               0.165223732     -0.26496736     *N6465  
*N6465  0.910691105     
GRID*   6466            0               0.168258935     -0.26496736     *N6466  
*N6466  0.909041105     
GRID*   6467            0               0.168631397     -0.26496736     *N6467  
*N6467  0.905687279     
GRID*   6468            0               0.166927565     -0.26496736     *N6468  
*N6468  0.908189192     
GRID*   6469            0               0.171246854     -0.26496736     *N6469  
*N6469  0.903013702     
GRID*   6470            0               0.168740153     -0.26496736     *N6470  
*N6470  0.902673577     
GRID*   6471            0               0.169993503     -0.26496736     *N6471  
*N6471  0.902843639     
GRID*   6472            0               0.167718879     -0.26496736     *N6472  
*N6472  0.902599644     
GRID*   6473            0               0.162141245     -0.26496736     *N6473  
*N6473  0.886758207     
GRID*   6474            0               0.162141245     -0.26496736     *N6474  
*N6474  0.8893678       
GRID*   6475            0               0.163682489     -0.26496736     *N6475  
*N6475  0.888033551     
GRID*   6476            0               0.159058757     -0.26496736     *N6476  
*N6476  0.884207518     
GRID*   6477            0               0.159058757     -0.26496736     *N6477  
*N6477  0.886758207     
GRID*   6478            0               0.160600001     -0.26496736     *N6478  
*N6478  0.885482863     
GRID*   6479            0               0.155976269     -0.26496736     *N6479  
*N6479  0.886699302     
GRID*   6480            0               0.159058757     -0.26496736     *N6480  
*N6480  0.8893678       
GRID*   6481            0               0.157517513     -0.26496736     *N6481  
*N6481  0.888033551     
GRID*   6482            0               0.1606          -0.26496736     *N6482  
*N6482  0.890702049     
GRID*   6483            0               0.154811598     -0.26496736     *N6483  
*N6483  0.905007029     
GRID*   6484            0               0.155603806     -0.26496736     *N6484  
*N6484  0.907337279     
GRID*   6485            0               0.159058756     -0.26496736     *N6485  
*N6485  0.907963702     
GRID*   6486            0               0.156839048     -0.26496736     *N6486  
*N6486  0.906717442     
GRID*   6487            0               0.152459847     -0.26496736     *N6487  
*N6487  0.902673577     
GRID*   6488            0               0.153481121     -0.26496736     *N6488  
*N6488  0.902599644     
GRID*   6489            0               0.149953146     -0.26496736     *N6489  
*N6489  0.903013702     
GRID*   6490            0               0.152568603     -0.26496736     *N6490  
*N6490  0.905687279     
GRID*   6491            0               0.151206497     -0.26496736     *N6491  
*N6491  0.90284364      
GRID*   6492            0               0.152941064     -0.26496736     *N6492  
*N6492  0.909041105     
GRID*   6493            0               0.155976267     -0.26496736     *N6493  
*N6493  0.910691105     
GRID*   6494            0               0.154272435     -0.26496736     *N6494  
*N6494  0.908189192     
GRID*   6495            0               0.159058755     -0.26496736     *N6495  
*N6495  0.913241794     
GRID*   6496            0               0.159058756     -0.26496736     *N6496  
*N6496  0.9106322       
GRID*   6497            0               0.157517511     -0.26496736     *N6497  
*N6497  0.91196645      
GRID*   6498            0               0.162141244     -0.26496736     *N6498  
*N6498  0.915792482     
GRID*   6499            0               0.162141244     -0.26496736     *N6499  
*N6499  0.913241794     
GRID*   6500            0               0.1606          -0.26496736     *N6500  
*N6500  0.914517138     
GRID*   6501            0               0.165223732     -0.26496736     *N6501  
*N6501  0.913300698     
GRID*   6502            0               0.162141244     -0.26496736     *N6502  
*N6502  0.9106322       
GRID*   6503            0               0.163682488     -0.26496736     *N6503  
*N6503  0.911966449     
GRID*   6504            0               0.1606          -0.26496736     *N6504  
*N6504  0.909297951     
GRID*   6505            0               0.149068425     -0.26496736     *N6505  
*N6505  0.890812543     
GRID*   6506            0               0.144893901     -0.26496736     *N6506  
*N6506  0.890526245     
GRID*   6507            0               0.145778623     -0.26496736     *N6507  
*N6507  0.8967          
GRID*   6508            0               0.147423524     -0.26496736     *N6508  
*N6508  0.893756272     
GRID*   6509            0               0.152676268     -0.26496736     *N6509  
*N6509  0.885243128     
GRID*   6510            0               0.148803628     -0.26496736     *N6510  
*N6510  0.885096775     
GRID*   6511            0               0.150872347     -0.26496736     *N6511  
*N6511  0.888027835     
GRID*   6512            0               0.149158756     -0.26496736     *N6512  
*N6512  0.879838995     
GRID*   6513            0               0.144311062     -0.26496736     *N6513  
*N6513  0.884492435     
GRID*   6514            0               0.146666163     -0.26496736     *N6514  
*N6514  0.882076124     
GRID*   6515            0               0.140417494     -0.26496736     *N6515  
*N6515  0.8901          
GRID*   6516            0               0.142274686     -0.26496736     *N6516  
*N6516  0.887227471     
GRID*   6517            0               0.175421377     -0.26496736     *N6517  
*N6517  0.8967          
GRID*   6518            0               0.176306099     -0.26496736     *N6518  
*N6518  0.890526244     
GRID*   6519            0               0.172131576     -0.26496736     *N6519  
*N6519  0.890812543     
GRID*   6520            0               0.173776477     -0.26496736     *N6520  
*N6520  0.893756271     
GRID*   6521            0               0.180782506     -0.26496736     *N6521  
*N6521  0.8901          
GRID*   6522            0               0.176888938     -0.26496736     *N6522  
*N6522  0.884492435     
GRID*   6523            0               0.178925314     -0.26496736     *N6523  
*N6523  0.887227471     
GRID*   6524            0               0.172396373     -0.26496736     *N6524  
*N6524  0.885096775     
GRID*   6525            0               0.174533837     -0.26496736     *N6525  
*N6525  0.882076123     
GRID*   6526            0               0.170327655     -0.26496736     *N6526  
*N6526  0.888027835     
GRID*   6527            0               0.180318793     -0.26496736     *N6527  
*N6527  0.8967          
GRID*   6528            0               0.184318043     -0.26496736     *N6528  
*N6528  0.896583589     
GRID*   6529            0               0.182654607     -0.26496736     *N6529  
*N6529  0.893298579     
GRID*   6530            0               0.175421377     -0.26496736     *N6530  
*N6530  0.9033          
GRID*   6531            0               0.180318793     -0.26496736     *N6531  
*N6531  0.9033          
GRID*   6532            0               0.177870085     -0.26496736     *N6532  
*N6532  0.9             
GRID*   6533            0               0.180782506     -0.26496736     *N6533  
*N6533  0.9099          
GRID*   6534            0               0.184318043     -0.26496736     *N6534  
*N6534  0.903416411     
GRID*   6535            0               0.182654607     -0.26496736     *N6535  
*N6535  0.906701421     
GRID*   6536            0               0.185658056     -0.26496736     *N6536  
*N6536  0.9             
GRID*   6537            0               0.136881957     -0.26496736     *N6537  
*N6537  0.896583589     
GRID*   6538            0               0.140881207     -0.26496736     *N6538  
*N6538  0.8967          
GRID*   6539            0               0.138545394     -0.26496736     *N6539  
*N6539  0.893298579     
GRID*   6540            0               0.136881957     -0.26496736     *N6540  
*N6540  0.903416411     
GRID*   6541            0               0.135541944     -0.26496736     *N6541  
*N6541  0.9             
GRID*   6542            0               0.140417494     -0.26496736     *N6542  
*N6542  0.9099          
GRID*   6543            0               0.140881207     -0.26496736     *N6543  
*N6543  0.9033          
GRID*   6544            0               0.138545394     -0.26496736     *N6544  
*N6544  0.906701421     
GRID*   6545            0               0.145778623     -0.26496736     *N6545  
*N6545  0.9033          
GRID*   6546            0               0.143329915     -0.26496736     *N6546  
*N6546  0.9             
GRID*   6547            0               0.154704761     -0.26496736     *N6547  
*N6547  0.877238021     
GRID*   6548            0               0.158121173     -0.26496736     *N6548  
*N6548  0.879128649     
GRID*   6549            0               0.157637641     -0.26496736     *N6549  
*N6549  0.876477252     
GRID*   6550            0               0.153279929     -0.26496736     *N6550  
*N6550  0.881258773     
GRID*   6551            0               0.151888543     -0.26496736     *N6551  
*N6551  0.878434177     
GRID*   6552            0               0.156579929     -0.26496736     *N6552  
*N6552  0.882714947     
GRID*   6553            0               0.154628099     -0.26496736     *N6553  
*N6553  0.883979037     
GRID*   6554            0               0.158589965     -0.26496736     *N6554  
*N6554  0.881668084     
GRID*   6555            0               0.166495239     -0.26496736     *N6555  
*N6555  0.922761979     
GRID*   6556            0               0.163078828     -0.26496736     *N6556  
*N6556  0.920871351     
GRID*   6557            0               0.16356236      -0.26496736     *N6557  
*N6557  0.923522748     
GRID*   6558            0               0.172041244     -0.26496736     *N6558  
*N6558  0.920161005     
GRID*   6559            0               0.167920072     -0.26496736     *N6559  
*N6559  0.918741227     
GRID*   6560            0               0.169311457     -0.26496736     *N6560  
*N6560  0.921565824     
GRID*   6561            0               0.168523732     -0.26496736     *N6561  
*N6561  0.914756873     
GRID*   6562            0               0.164620072     -0.26496736     *N6562  
*N6562  0.917285053     
GRID*   6563            0               0.166571902     -0.26496736     *N6563  
*N6563  0.916020963     
GRID*   6564            0               0.162610036     -0.26496736     *N6564  
*N6564  0.918331917     
GRID*   6565            0               0.176888938     -0.26496736     *N6565  
*N6565  0.915507565     
GRID*   6566            0               0.172396372     -0.26496736     *N6566  
*N6566  0.914903225     
GRID*   6567            0               0.174533837     -0.26496736     *N6567  
*N6567  0.917923877     
GRID*   6568            0               0.176306099     -0.26496736     *N6568  
*N6568  0.909473756     
GRID*   6569            0               0.178925314     -0.26496736     *N6569  
*N6569  0.912772529     
GRID*   6570            0               0.172131576     -0.26496736     *N6570  
*N6570  0.909187457     
GRID*   6571            0               0.173776476     -0.26496736     *N6571  
*N6571  0.906243729     
GRID*   6572            0               0.170327654     -0.26496736     *N6572  
*N6572  0.911972165     
GRID*   6573            0               0.148803627     -0.26496736     *N6573  
*N6573  0.914903225     
GRID*   6574            0               0.144311062     -0.26496736     *N6574  
*N6574  0.915507565     
GRID*   6575            0               0.146666163     -0.26496736     *N6575  
*N6575  0.917923877     
GRID*   6576            0               0.149068424     -0.26496736     *N6576  
*N6576  0.909187458     
GRID*   6577            0               0.150872346     -0.26496736     *N6577  
*N6577  0.911972165     
GRID*   6578            0               0.144893901     -0.26496736     *N6578  
*N6578  0.909473756     
GRID*   6579            0               0.147423523     -0.26496736     *N6579  
*N6579  0.906243729     
GRID*   6580            0               0.142274686     -0.26496736     *N6580  
*N6580  0.912772529     
GRID*   6581            0               0.166764976     -0.29136736     *N6581  
*N6581  0.912054807     
GRID*   6582            0               0.154435024     -0.29136736     *N6582  
*N6582  0.887945194     
GRID*   6583            0               0.154435023     -0.29136736     *N6583  
*N6583  0.912054807     
GRID*   6584            0               0.166764978     -0.29136736     *N6584  
*N6584  0.887945193     
GRID*   6585            0               0.160600001     -0.29136736     *N6585  
*N6585  0.882961627     
GRID*   6586            0               0.148459187     -0.29136736     *N6586  
*N6586  0.9             
GRID*   6587            0               0.172740813     -0.29136736     *N6587  
*N6587  0.9             
GRID*   6588            0               0.1606          -0.29136736     *N6588  
*N6588  0.917038374     
GRID*   6589            0               0.163682489     -0.29136736     *N6589  
*N6589  0.88545341      
GRID*   6590            0               0.1606          -0.29136736     *N6590  
*N6590  0.878280813     
GRID*   6591            0               0.170282489     -0.29136736     *N6591  
*N6591  0.882541061     
GRID*   6592            0               0.165557656     -0.29136736     *N6592  
*N6592  0.879976484     
GRID*   6593            0               0.157517511     -0.29136736     *N6593  
*N6593  0.91454659      
GRID*   6594            0               0.1606          -0.29136736     *N6594  
*N6594  0.921719187     
GRID*   6595            0               0.150917511     -0.29136736     *N6595  
*N6595  0.917458939     
GRID*   6596            0               0.155642344     -0.29136736     *N6596  
*N6596  0.920023516     
GRID*   6597            0               0.169970406     -0.29136736     *N6597  
*N6597  0.9             
GRID*   6598            0               0.163682489     -0.29136736     *N6598  
*N6598  0.890672597     
GRID*   6599            0               0.169752895     -0.29136736     *N6599  
*N6599  0.893972597     
GRID*   6600            0               0.1675099       -0.29136736     *N6600  
*N6600  0.894652846     
GRID*   6601            0               0.151447106     -0.29136736     *N6601  
*N6601  0.893972597     
GRID*   6602            0               0.157517512     -0.29136736     *N6602  
*N6602  0.890672597     
GRID*   6603            0               0.151229594     -0.29136736     *N6603  
*N6603  0.9             
GRID*   6604            0               0.153690101     -0.29136736     *N6604  
*N6604  0.894652846     
GRID*   6605            0               0.169752895     -0.29136736     *N6605  
*N6605  0.906027403     
GRID*   6606            0               0.163682488     -0.29136736     *N6606  
*N6606  0.909327403     
GRID*   6607            0               0.1675099       -0.29136736     *N6607  
*N6607  0.905347154     
GRID*   6608            0               0.157517513     -0.29136736     *N6608  
*N6608  0.88545341      
GRID*   6609            0               0.160600001     -0.29136736     *N6609  
*N6609  0.888063003     
GRID*   6610            0               0.157517511     -0.29136736     *N6610  
*N6610  0.909327404     
GRID*   6611            0               0.151447105     -0.29136736     *N6611  
*N6611  0.906027404     
GRID*   6612            0               0.1536901       -0.29136736     *N6612  
*N6612  0.905347154     
GRID*   6613            0               0.163682488     -0.29136736     *N6613  
*N6613  0.91454659      
GRID*   6614            0               0.1606          -0.29136736     *N6614  
*N6614  0.911936997     
GRID*   6615            0               0.143098058     -0.29136736     *N6615  
*N6615  0.8934          
GRID*   6616            0               0.150917512     -0.29136736     *N6616  
*N6616  0.882541062     
GRID*   6617            0               0.146689743     -0.29136736     *N6617  
*N6617  0.887652489     
GRID*   6618            0               0.178101942     -0.29136736     *N6618  
*N6618  0.8934          
GRID*   6619            0               0.174510257     -0.29136736     *N6619  
*N6619  0.887652489     
GRID*   6620            0               0.178101942     -0.29136736     *N6620  
*N6620  0.9066          
GRID*   6621            0               0.182535645     -0.29136736     *N6621  
*N6621  0.9             
GRID*   6622            0               0.143098058     -0.29136736     *N6622  
*N6622  0.9066          
GRID*   6623            0               0.138664355     -0.29136736     *N6623  
*N6623  0.9             
GRID*   6624            0               0.155642345     -0.29136736     *N6624  
*N6624  0.879976484     
GRID*   6625            0               0.170282488     -0.29136736     *N6625  
*N6625  0.917458939     
GRID*   6626            0               0.165557655     -0.29136736     *N6626  
*N6626  0.920023516     
GRID*   6627            0               0.174510257     -0.29136736     *N6627  
*N6627  0.912347511     
GRID*   6628            0               0.146689743     -0.29136736     *N6628  
*N6628  0.912347511     
GRID*   6629            0               0.165223734     -0.29136736     *N6629  
*N6629  0.886699302     
GRID*   6630            0               0.164620073     -0.29136736     *N6630  
*N6630  0.882714947     
GRID*   6631            0               0.167920072     -0.29136736     *N6631  
*N6631  0.881258773     
GRID*   6632            0               0.168523733     -0.29136736     *N6632  
*N6632  0.885243127     
GRID*   6633            0               0.166571903     -0.29136736     *N6633  
*N6633  0.883979037     
GRID*   6634            0               0.162141245     -0.29136736     *N6634  
*N6634  0.884207518     
GRID*   6635            0               0.160600001     -0.29136736     *N6635  
*N6635  0.88062122      
GRID*   6636            0               0.163078828     -0.29136736     *N6636  
*N6636  0.879128649     
GRID*   6637            0               0.162610037     -0.29136736     *N6637  
*N6637  0.881668084     
GRID*   6638            0               0.1606          -0.29136736     *N6638  
*N6638  0.875940407     
GRID*   6639            0               0.166495239     -0.29136736     *N6639  
*N6639  0.877238021     
GRID*   6640            0               0.16356236      -0.29136736     *N6640  
*N6640  0.876477252     
GRID*   6641            0               0.172041244     -0.29136736     *N6641  
*N6641  0.879838995     
GRID*   6642            0               0.169311458     -0.29136736     *N6642  
*N6642  0.878434177     
GRID*   6643            0               0.155976267     -0.29136736     *N6643  
*N6643  0.913300699     
GRID*   6644            0               0.156579928     -0.29136736     *N6644  
*N6644  0.917285053     
GRID*   6645            0               0.153279928     -0.29136736     *N6645  
*N6645  0.918741228     
GRID*   6646            0               0.152676267     -0.29136736     *N6646  
*N6646  0.914756873     
GRID*   6647            0               0.154628097     -0.29136736     *N6647  
*N6647  0.916020963     
GRID*   6648            0               0.159058755     -0.29136736     *N6648  
*N6648  0.915792482     
GRID*   6649            0               0.1606          -0.29136736     *N6649  
*N6649  0.91937878      
GRID*   6650            0               0.158121172     -0.29136736     *N6650  
*N6650  0.920871351     
GRID*   6651            0               0.158589964     -0.29136736     *N6651  
*N6651  0.918331917     
GRID*   6652            0               0.1606          -0.29136736     *N6652  
*N6652  0.924059593     
GRID*   6653            0               0.154704761     -0.29136736     *N6653  
*N6653  0.922761979     
GRID*   6654            0               0.15763764      -0.29136736     *N6654  
*N6654  0.923522748     
GRID*   6655            0               0.149158756     -0.29136736     *N6655  
*N6655  0.920161005     
GRID*   6656            0               0.151888543     -0.29136736     *N6656  
*N6656  0.921565824     
GRID*   6657            0               0.17135561      -0.29136736     *N6657  
*N6657  0.9             
GRID*   6658            0               0.168740153     -0.29136736     *N6658  
*N6658  0.897326423     
GRID*   6659            0               0.168631398     -0.29136736     *N6659  
*N6659  0.894312721     
GRID*   6660            0               0.171246854     -0.29136736     *N6660  
*N6660  0.896986298     
GRID*   6661            0               0.169993504     -0.29136736     *N6661  
*N6661  0.897156361     
GRID*   6662            0               0.168585203     -0.29136736     *N6662  
*N6662  0.9             
GRID*   6663            0               0.166388402     -0.29136736     *N6663  
*N6663  0.894992971     
GRID*   6664            0               0.167718879     -0.29136736     *N6664  
*N6664  0.897400356     
GRID*   6665            0               0.162141244     -0.29136736     *N6665  
*N6665  0.892036298     
GRID*   6666            0               0.165596194     -0.29136736     *N6666  
*N6666  0.892662721     
GRID*   6667            0               0.164360953     -0.29136736     *N6667  
*N6667  0.893282558     
GRID*   6668            0               0.165223733     -0.29136736     *N6668  
*N6668  0.889308895     
GRID*   6669            0               0.168258937     -0.29136736     *N6669  
*N6669  0.890958895     
GRID*   6670            0               0.166927566     -0.29136736     *N6670  
*N6670  0.891810808     
GRID*   6671            0               0.149953147     -0.29136736     *N6671  
*N6671  0.896986299     
GRID*   6672            0               0.152568603     -0.29136736     *N6672  
*N6672  0.894312722     
GRID*   6673            0               0.152459847     -0.29136736     *N6673  
*N6673  0.897326423     
GRID*   6674            0               0.149844391     -0.29136736     *N6674  
*N6674  0.9             
GRID*   6675            0               0.151206497     -0.29136736     *N6675  
*N6675  0.897156361     
GRID*   6676            0               0.152941065     -0.29136736     *N6676  
*N6676  0.890958895     
GRID*   6677            0               0.155976268     -0.29136736     *N6677  
*N6677  0.889308895     
GRID*   6678            0               0.155603806     -0.29136736     *N6678  
*N6678  0.892662722     
GRID*   6679            0               0.154272436     -0.29136736     *N6679  
*N6679  0.891810808     
GRID*   6680            0               0.159058756     -0.29136736     *N6680  
*N6680  0.892036298     
GRID*   6681            0               0.154811598     -0.29136736     *N6681  
*N6681  0.894992971     
GRID*   6682            0               0.156839048     -0.29136736     *N6682  
*N6682  0.893282558     
GRID*   6683            0               0.152614797     -0.29136736     *N6683  
*N6683  0.9             
GRID*   6684            0               0.153481121     -0.29136736     *N6684  
*N6684  0.897400356     
GRID*   6685            0               0.166388402     -0.29136736     *N6685  
*N6685  0.905007029     
GRID*   6686            0               0.165596194     -0.29136736     *N6686  
*N6686  0.907337279     
GRID*   6687            0               0.162141244     -0.29136736     *N6687  
*N6687  0.907963702     
GRID*   6688            0               0.164360952     -0.29136736     *N6688  
*N6688  0.906717442     
GRID*   6689            0               0.168740153     -0.29136736     *N6689  
*N6689  0.902673577     
GRID*   6690            0               0.167718879     -0.29136736     *N6690  
*N6690  0.902599644     
GRID*   6691            0               0.171246854     -0.29136736     *N6691  
*N6691  0.903013702     
GRID*   6692            0               0.168631397     -0.29136736     *N6692  
*N6692  0.905687279     
GRID*   6693            0               0.169993503     -0.29136736     *N6693  
*N6693  0.902843639     
GRID*   6694            0               0.168258935     -0.29136736     *N6694  
*N6694  0.909041105     
GRID*   6695            0               0.165223732     -0.29136736     *N6695  
*N6695  0.910691105     
GRID*   6696            0               0.166927565     -0.29136736     *N6696  
*N6696  0.908189192     
GRID*   6697            0               0.162141245     -0.29136736     *N6697  
*N6697  0.8893678       
GRID*   6698            0               0.162141245     -0.29136736     *N6698  
*N6698  0.886758207     
GRID*   6699            0               0.163682489     -0.29136736     *N6699  
*N6699  0.888033551     
GRID*   6700            0               0.159058757     -0.29136736     *N6700  
*N6700  0.8893678       
GRID*   6701            0               0.1606          -0.29136736     *N6701  
*N6701  0.890702049     
GRID*   6702            0               0.155976269     -0.29136736     *N6702  
*N6702  0.886699302     
GRID*   6703            0               0.159058757     -0.29136736     *N6703  
*N6703  0.886758207     
GRID*   6704            0               0.157517513     -0.29136736     *N6704  
*N6704  0.888033551     
GRID*   6705            0               0.159058757     -0.29136736     *N6705  
*N6705  0.884207518     
GRID*   6706            0               0.160600001     -0.29136736     *N6706  
*N6706  0.885482863     
GRID*   6707            0               0.159058756     -0.29136736     *N6707  
*N6707  0.907963702     
GRID*   6708            0               0.155603806     -0.29136736     *N6708  
*N6708  0.907337279     
GRID*   6709            0               0.154811598     -0.29136736     *N6709  
*N6709  0.905007029     
GRID*   6710            0               0.156839048     -0.29136736     *N6710  
*N6710  0.906717442     
GRID*   6711            0               0.155976267     -0.29136736     *N6711  
*N6711  0.910691105     
GRID*   6712            0               0.152941064     -0.29136736     *N6712  
*N6712  0.909041105     
GRID*   6713            0               0.152568603     -0.29136736     *N6713  
*N6713  0.905687279     
GRID*   6714            0               0.154272435     -0.29136736     *N6714  
*N6714  0.908189192     
GRID*   6715            0               0.149953146     -0.29136736     *N6715  
*N6715  0.903013702     
GRID*   6716            0               0.152459847     -0.29136736     *N6716  
*N6716  0.902673577     
GRID*   6717            0               0.151206497     -0.29136736     *N6717  
*N6717  0.90284364      
GRID*   6718            0               0.153481121     -0.29136736     *N6718  
*N6718  0.902599644     
GRID*   6719            0               0.159058756     -0.29136736     *N6719  
*N6719  0.9106322       
GRID*   6720            0               0.159058755     -0.29136736     *N6720  
*N6720  0.913241794     
GRID*   6721            0               0.157517511     -0.29136736     *N6721  
*N6721  0.91196645      
GRID*   6722            0               0.162141244     -0.29136736     *N6722  
*N6722  0.9106322       
GRID*   6723            0               0.1606          -0.29136736     *N6723  
*N6723  0.909297951     
GRID*   6724            0               0.165223732     -0.29136736     *N6724  
*N6724  0.913300698     
GRID*   6725            0               0.162141244     -0.29136736     *N6725  
*N6725  0.913241794     
GRID*   6726            0               0.163682488     -0.29136736     *N6726  
*N6726  0.911966449     
GRID*   6727            0               0.162141244     -0.29136736     *N6727  
*N6727  0.915792482     
GRID*   6728            0               0.1606          -0.29136736     *N6728  
*N6728  0.914517138     
GRID*   6729            0               0.145778623     -0.29136736     *N6729  
*N6729  0.8967          
GRID*   6730            0               0.144893901     -0.29136736     *N6730  
*N6730  0.890526245     
GRID*   6731            0               0.149068425     -0.29136736     *N6731  
*N6731  0.890812543     
GRID*   6732            0               0.147423524     -0.29136736     *N6732  
*N6732  0.893756272     
GRID*   6733            0               0.140417494     -0.29136736     *N6733  
*N6733  0.8901          
GRID*   6734            0               0.144311062     -0.29136736     *N6734  
*N6734  0.884492435     
GRID*   6735            0               0.142274686     -0.29136736     *N6735  
*N6735  0.887227471     
GRID*   6736            0               0.149158756     -0.29136736     *N6736  
*N6736  0.879838995     
GRID*   6737            0               0.148803628     -0.29136736     *N6737  
*N6737  0.885096775     
GRID*   6738            0               0.146666163     -0.29136736     *N6738  
*N6738  0.882076124     
GRID*   6739            0               0.152676268     -0.29136736     *N6739  
*N6739  0.885243128     
GRID*   6740            0               0.150872347     -0.29136736     *N6740  
*N6740  0.888027835     
GRID*   6741            0               0.172131576     -0.29136736     *N6741  
*N6741  0.890812543     
GRID*   6742            0               0.176306099     -0.29136736     *N6742  
*N6742  0.890526244     
GRID*   6743            0               0.175421377     -0.29136736     *N6743  
*N6743  0.8967          
GRID*   6744            0               0.173776477     -0.29136736     *N6744  
*N6744  0.893756271     
GRID*   6745            0               0.172396373     -0.29136736     *N6745  
*N6745  0.885096775     
GRID*   6746            0               0.170327655     -0.29136736     *N6746  
*N6746  0.888027835     
GRID*   6747            0               0.176888938     -0.29136736     *N6747  
*N6747  0.884492435     
GRID*   6748            0               0.174533837     -0.29136736     *N6748  
*N6748  0.882076123     
GRID*   6749            0               0.180782506     -0.29136736     *N6749  
*N6749  0.8901          
GRID*   6750            0               0.178925314     -0.29136736     *N6750  
*N6750  0.887227471     
GRID*   6751            0               0.184318043     -0.29136736     *N6751  
*N6751  0.896583589     
GRID*   6752            0               0.180318793     -0.29136736     *N6752  
*N6752  0.8967          
GRID*   6753            0               0.182654607     -0.29136736     *N6753  
*N6753  0.893298579     
GRID*   6754            0               0.184318043     -0.29136736     *N6754  
*N6754  0.903416411     
GRID*   6755            0               0.185658056     -0.29136736     *N6755  
*N6755  0.9             
GRID*   6756            0               0.180782506     -0.29136736     *N6756  
*N6756  0.9099          
GRID*   6757            0               0.180318793     -0.29136736     *N6757  
*N6757  0.9033          
GRID*   6758            0               0.182654607     -0.29136736     *N6758  
*N6758  0.906701421     
GRID*   6759            0               0.175421377     -0.29136736     *N6759  
*N6759  0.9033          
GRID*   6760            0               0.177870085     -0.29136736     *N6760  
*N6760  0.9             
GRID*   6761            0               0.140881207     -0.29136736     *N6761  
*N6761  0.8967          
GRID*   6762            0               0.136881957     -0.29136736     *N6762  
*N6762  0.896583589     
GRID*   6763            0               0.138545394     -0.29136736     *N6763  
*N6763  0.893298579     
GRID*   6764            0               0.145778623     -0.29136736     *N6764  
*N6764  0.9033          
GRID*   6765            0               0.140881207     -0.29136736     *N6765  
*N6765  0.9033          
GRID*   6766            0               0.143329915     -0.29136736     *N6766  
*N6766  0.9             
GRID*   6767            0               0.140417494     -0.29136736     *N6767  
*N6767  0.9099          
GRID*   6768            0               0.136881957     -0.29136736     *N6768  
*N6768  0.903416411     
GRID*   6769            0               0.138545394     -0.29136736     *N6769  
*N6769  0.906701421     
GRID*   6770            0               0.135541944     -0.29136736     *N6770  
*N6770  0.9             
GRID*   6771            0               0.158121173     -0.29136736     *N6771  
*N6771  0.879128649     
GRID*   6772            0               0.154704761     -0.29136736     *N6772  
*N6772  0.877238021     
GRID*   6773            0               0.157637641     -0.29136736     *N6773  
*N6773  0.876477252     
GRID*   6774            0               0.156579929     -0.29136736     *N6774  
*N6774  0.882714947     
GRID*   6775            0               0.158589965     -0.29136736     *N6775  
*N6775  0.881668084     
GRID*   6776            0               0.153279929     -0.29136736     *N6776  
*N6776  0.881258773     
GRID*   6777            0               0.154628099     -0.29136736     *N6777  
*N6777  0.883979037     
GRID*   6778            0               0.151888543     -0.29136736     *N6778  
*N6778  0.878434177     
GRID*   6779            0               0.163078828     -0.29136736     *N6779  
*N6779  0.920871351     
GRID*   6780            0               0.166495239     -0.29136736     *N6780  
*N6780  0.922761979     
GRID*   6781            0               0.16356236      -0.29136736     *N6781  
*N6781  0.923522748     
GRID*   6782            0               0.164620072     -0.29136736     *N6782  
*N6782  0.917285053     
GRID*   6783            0               0.162610036     -0.29136736     *N6783  
*N6783  0.918331917     
GRID*   6784            0               0.168523732     -0.29136736     *N6784  
*N6784  0.914756873     
GRID*   6785            0               0.167920072     -0.29136736     *N6785  
*N6785  0.918741227     
GRID*   6786            0               0.166571902     -0.29136736     *N6786  
*N6786  0.916020963     
GRID*   6787            0               0.172041244     -0.29136736     *N6787  
*N6787  0.920161005     
GRID*   6788            0               0.169311457     -0.29136736     *N6788  
*N6788  0.921565824     
GRID*   6789            0               0.172396372     -0.29136736     *N6789  
*N6789  0.914903225     
GRID*   6790            0               0.176888938     -0.29136736     *N6790  
*N6790  0.915507565     
GRID*   6791            0               0.174533837     -0.29136736     *N6791  
*N6791  0.917923877     
GRID*   6792            0               0.172131576     -0.29136736     *N6792  
*N6792  0.909187457     
GRID*   6793            0               0.170327654     -0.29136736     *N6793  
*N6793  0.911972165     
GRID*   6794            0               0.176306099     -0.29136736     *N6794  
*N6794  0.909473756     
GRID*   6795            0               0.173776476     -0.29136736     *N6795  
*N6795  0.906243729     
GRID*   6796            0               0.178925314     -0.29136736     *N6796  
*N6796  0.912772529     
GRID*   6797            0               0.144311062     -0.29136736     *N6797  
*N6797  0.915507565     
GRID*   6798            0               0.148803627     -0.29136736     *N6798  
*N6798  0.914903225     
GRID*   6799            0               0.146666163     -0.29136736     *N6799  
*N6799  0.917923877     
GRID*   6800            0               0.144893901     -0.29136736     *N6800  
*N6800  0.909473756     
GRID*   6801            0               0.142274686     -0.29136736     *N6801  
*N6801  0.912772529     
GRID*   6802            0               0.149068424     -0.29136736     *N6802  
*N6802  0.909187458     
GRID*   6803            0               0.147423523     -0.29136736     *N6803  
*N6803  0.906243729     
GRID*   6804            0               0.150872346     -0.29136736     *N6804  
*N6804  0.911972165     
GRID*   6805            0               0.166603417     -0.273000412    *N6805  
*N6805  0.902742077     
GRID*   6806            0               0.163562861     -0.273110491    *N6806  
*N6806  0.894102419     
GRID*   6807            0               0.167171202     -0.282160692    *N6807  
*N6807  0.900615882     
GRID*   6808            0               0.154967977     -0.27495928     *N6808  
*N6808  0.896559024     
GRID*   6809            0               0.159525975     -0.284094694    *N6809  
*N6809  0.893487975     
GRID*   6810            0               0.154305354     -0.283741792    *N6810  
*N6810  0.901984296     
GRID*   6811            0               0.166825709     -0.273055452    *N6811  
*N6811  0.897808985     
GRID*   6812            0               0.166373291     -0.277635592    *N6812  
*N6812  0.896801701     
GRID*   6813            0               0.166976553     -0.277580552    *N6813  
*N6813  0.901702812     
GRID*   6814            0               0.165043826     -0.280164026    *N6814  
*N6814  0.904879796     
GRID*   6815            0               0.164168073     -0.275583886    *N6815  
*N6815  0.905552374     
GRID*   6816            0               0.156697203     -0.280954576    *N6816  
*N6816  0.905322422     
GRID*   6817            0               0.154976727     -0.283918243    *N6817  
*N6817  0.896544743     
GRID*   6818            0               0.154022031     -0.281131027    *N6818  
*N6818  0.900538811     
GRID*   6819            0               0.1569121       -0.279526987    *N6819  
*N6819  0.894526483     
GRID*   6820            0               0.15484368      -0.27656332     *N6820  
*N6820  0.903228743     
GRID*   6821            0               0.16704913      -0.268983886    *N6821  
*N6821  0.901403112     
GRID*   6822            0               0.164777855     -0.270275623    *N6822  
*N6822  0.905109357     
GRID*   6823            0               0.167192796     -0.286764026    *N6823  
*N6823  0.900308278     
GRID*   6824            0               0.165158407     -0.285765693    *N6824  
*N6824  0.904772937     
GRID*   6825            0               0.162122493     -0.269038925    *N6825  
*N6825  0.893578005     
GRID*   6826            0               0.154246601     -0.26996332     *N6826  
*N6826  0.898212733     
GRID*   6827            0               0.15878621      -0.274034886    *N6827  
*N6827  0.893654122     
GRID*   6828            0               0.157252674     -0.269501123    *N6828  
*N6828  0.894311818     
GRID*   6829            0               0.165100722     -0.283127693    *N6829  
*N6829  0.89517263      
GRID*   6830            0               0.160061189     -0.287731027    *N6830  
*N6830  0.893422031     
GRID*   6831            0               0.165184516     -0.287247526    *N6831  
*N6831  0.895252136     
GRID*   6832            0               0.154076785     -0.287554576    *N6832  
*N6832  0.901003826     
GRID*   6833            0               0.156283718     -0.286160968    *N6833  
*N6833  0.904992966     
GRID*   6834            0               0.155419367     -0.287642801    *N6834  
*N6834  0.895910863     
GRID*   6835            0               0.162143168     -0.278581289    *N6835  
*N6835  0.893582942     
GRID*   6836            0               0.166185228     -0.269011406    *N6836  
*N6836  0.896483577     
GRID*   6837            0               0.155280366     -0.27076534     *N6837  
*N6837  0.903906597     
GRID*   6838            0               0.167075623     -0.276090532    *N6838  
*N6838  0.898724734     
GRID*   6839            0               0.164168073     -0.275583886    *N6839  
*N6839  0.905552374     
GRID*   6840            0               0.154976727     -0.283918243    *N6840  
*N6840  0.896544743     
GRID*   6841            0               0.15484368      -0.27656332     *N6841  
*N6841  0.903228743     
GRID*   6842            0               0.16281791      -0.270921491    *N6842  
*N6842  0.906216179     
GRID*   6843            0               0.164479293     -0.272929754    *N6843  
*N6843  0.905339577     
GRID*   6844            0               0.162459346     -0.276875623    *N6844  
*N6844  0.90633268      
GRID*   6845            0               0.162641041     -0.273898557    *N6845  
*N6845  0.906276476     
GRID*   6846            0               0.16502791      -0.267621491    *N6846  
*N6846  0.904894243     
GRID*   6847            0               0.162973933     -0.267944425    *N6847  
*N6847  0.906158282     
GRID*   6848            0               0.167162174     -0.266975623    *N6848  
*N6848  0.9007056       
GRID*   6849            0               0.166227367     -0.269629754    *N6849  
*N6849  0.903448585     
GRID*   6850            0               0.166480618     -0.267298557    *N6850  
*N6850  0.902996386     
GRID*   6851            0               0.166862163     -0.270992149    *N6851  
*N6851  0.902084542     
GRID*   6852            0               0.165587765     -0.274292149    *N6852  
*N6852  0.904322291     
GRID*   6853            0               0.165925514     -0.271960952    *N6853  
*N6853  0.903898577     
GRID*   6854            0               0.165212961     -0.288566526    *N6854  
*N6854  0.904720232     
GRID*   6855            0               0.166605883     -0.286264859    *N6855  
*N6855  0.902736671     
GRID*   6856            0               0.167198199     -0.289065693    *N6856  
*N6856  0.900154181     
GRID*   6857            0               0.166652663     -0.28881611     *N6857  
*N6857  0.902631591     
GRID*   6858            0               0.163055465     -0.285266526    *N6858  
*N6858  0.90612623      
GRID*   6859            0               0.163090705     -0.288316943    *N6859  
*N6859  0.906111987     
GRID*   6860            0               0.162982577     -0.279165693    *N6860  
*N6860  0.906154943     
GRID*   6861            0               0.165101434     -0.282964859    *N6861  
*N6861  0.904826706     
GRID*   6862            0               0.163019143     -0.28221611     *N6862  
*N6862  0.906140663     
GRID*   6863            0               0.166505756     -0.281162359    *N6863  
*N6863  0.902946532     
GRID*   6864            0               0.167183796     -0.284462359    *N6864  
*N6864  0.900462206     
GRID*   6865            0               0.166556744     -0.283713609    *N6865  
*N6865  0.902842043     
GRID*   6866            0               0.162857953     -0.271074708    *N6866  
*N6866  0.893798254     
GRID*   6867            0               0.159616575     -0.269270024    *N6867  
*N6867  0.893473678     
GRID*   6868            0               0.157998573     -0.271768004    *N6868  
*N6868  0.893934311     
GRID*   6869            0               0.161216712     -0.273572688    *N6869  
*N6869  0.893428876     
GRID*   6870            0               0.16041528      -0.271421356    *N6870  
*N6870  0.893402585     
GRID*   6871            0               0.161366432     -0.267003142    *N6871  
*N6871  0.893444652     
GRID*   6872            0               0.15656048      -0.267234241    *N6872  
*N6872  0.894780587     
GRID*   6873            0               0.158832387     -0.267118692    *N6873  
*N6873  0.893641105     
GRID*   6874            0               0.154061941     -0.26746534     *N6874  
*N6874  0.8990979       
GRID*   6875            0               0.155372161     -0.269732221    *N6875  
*N6875  0.89597139      
GRID*   6876            0               0.154887637     -0.267349791    *N6876  
*N6876  0.896694111     
GRID*   6877            0               0.154550515     -0.2724613      *N6877  
*N6877  0.897361113     
GRID*   6878            0               0.156603796     -0.274497083    *N6878  
*N6878  0.894747348     
GRID*   6879            0               0.155947548     -0.272114652    *N6879  
*N6879  0.895318687     
GRID*   6880            0               0.165225887     -0.289307443    *N6880  
*N6880  0.895292435     
GRID*   6881            0               0.162820192     -0.287489277    *N6881  
*N6881  0.893784636     
GRID*   6882            0               0.160330369     -0.289549193    *N6882  
*N6882  0.89340551      
GRID*   6883            0               0.162973682     -0.289428318    *N6883  
*N6883  0.893841621     
GRID*   6884            0               0.166733858     -0.287005776    *N6884  
*N6884  0.897563654     
GRID*   6885            0               0.166715895     -0.289186568    *N6885  
*N6885  0.897518906     
GRID*   6886            0               0.166768802     -0.282644193    *N6886  
*N6886  0.897653539     
GRID*   6887            0               0.165142793     -0.28518761     *N6887  
*N6887  0.8952122       
GRID*   6888            0               0.166751495     -0.284824985    *N6888  
*N6888  0.897608533     
GRID*   6889            0               0.162509209     -0.283611194    *N6889  
*N6889  0.893682174     
GRID*   6890            0               0.159792908     -0.285912861    *N6890  
*N6890  0.893449534     
GRID*   6891            0               0.162665336     -0.285550235    *N6891  
*N6891  0.893731476     
GRID*   6892            0               0.154019224     -0.289460968    *N6892  
*N6892  0.900503379     
GRID*   6893            0               0.154824883     -0.286857772    *N6893  
*N6893  0.903194999     
GRID*   6894            0               0.156105449     -0.288764164    *N6894  
*N6894  0.904833116     
GRID*   6895            0               0.154654214     -0.289112566    *N6895  
*N6895  0.902864896     
GRID*   6896            0               0.154172347     -0.285648184    *N6896  
*N6896  0.901498426     
GRID*   6897            0               0.155235046     -0.282348184    *N6897  
*N6897  0.903844121     
GRID*   6898            0               0.15648716      -0.283557772    *N6898  
*N6898  0.905161836     
GRID*   6899            0               0.155020516     -0.284602978    *N6899  
*N6899  0.90352553      
GRID*   6900            0               0.158546708     -0.279560968    *N6900  
*N6900  0.906272479     
GRID*   6901            0               0.15829713      -0.285464164    *N6901  
*N6901  0.906185207     
GRID*   6902            0               0.158420657     -0.282512566    *N6902  
*N6902  0.906229805     
GRID*   6903            0               0.158184573     -0.288415762    *N6903  
*N6903  0.906142126     
GRID*   6904            0               0.157481253     -0.287686914    *N6904  
*N6904  0.89418335      
GRID*   6905            0               0.155667764     -0.289505081    *N6905  
*N6905  0.89561445      
GRID*   6906            0               0.157774277     -0.289527137    *N6906  
*N6906  0.894035497     
GRID*   6907            0               0.156919048     -0.284006469    *N6907  
*N6907  0.894521808     
GRID*   6908            0               0.155188757     -0.285780522    *N6908  
*N6908  0.896221316     
GRID*   6909            0               0.157195941     -0.285846691    *N6909  
*N6909  0.894345587     
GRID*   6910            0               0.154049704     -0.283830017    *N6910  
*N6910  0.899191534     
GRID*   6911            0               0.154218027     -0.287598689    *N6911  
*N6911  0.898317616     
GRID*   6912            0               0.154119118     -0.285714353    *N6912  
*N6912  0.898751734     
GRID*   6913            0               0.15434598      -0.289483024    *N6913  
*N6913  0.897891154     
GRID*   6914            0               0.167060156     -0.279898142    *N6914  
*N6914  0.898648562     
GRID*   6915            0               0.164596592     -0.278108441    *N6915  
*N6915  0.894747643     
GRID*   6916            0               0.163724729     -0.280854491    *N6916  
*N6916  0.894186561     
GRID*   6917            0               0.16588629      -0.280376317    *N6917  
*N6917  0.896048401     
GRID*   6918            0               0.165171828     -0.275373041    *N6918  
*N6918  0.895239918     
GRID*   6919            0               0.160460087     -0.276308088    *N6919  
*N6919  0.893401483     
GRID*   6920            0               0.162999047     -0.275840564    *N6920  
*N6920  0.893851458     
GRID*   6921            0               0.155830508     -0.277243134    *N6921  
*N6921  0.895437988     
GRID*   6922            0               0.159428447     -0.279054138    *N6922  
*N6922  0.893504812     
GRID*   6923            0               0.157942482     -0.276775611    *N6923  
*N6923  0.893958676     
GRID*   6924            0               0.158163074     -0.281810841    *N6924  
*N6924  0.893866372     
GRID*   6925            0               0.160979339     -0.281332666    *N6925  
*N6925  0.89341091      
GRID*   6926            0               0.164439337     -0.269025165    *N6926  
*N6926  0.894631621     
GRID*   6927            0               0.165758242     -0.266989383    *N6927  
*N6927  0.895882653     
GRID*   6928            0               0.163803342     -0.266996263    *N6928  
*N6928  0.894229506     
GRID*   6929            0               0.165553999     -0.273082971    *N6929  
*N6929  0.89563905      
GRID*   6930            0               0.166542536     -0.271033429    *N6930  
*N6930  0.897128369     
GRID*   6931            0               0.165025429     -0.271054068    *N6931  
*N6931  0.895103513     
GRID*   6932            0               0.167193309     -0.273027932    *N6932  
*N6932  0.900297104     
GRID*   6933            0               0.167100531     -0.268997646    *N6933  
*N6933  0.898858465     
GRID*   6934            0               0.167186318     -0.271012789    *N6934  
*N6934  0.899575244     
GRID*   6935            0               0.166936974     -0.266982503    *N6935  
*N6935  0.898155343     
GRID*   6936            0               0.157618686     -0.27116635     *N6936  
*N6936  0.905888274     
GRID*   6937            0               0.155592281     -0.26786635     *N6937  
*N6937  0.904299156     
GRID*   6938            0               0.157840889     -0.268066855    *N6938  
*N6938  0.905995607     
GRID*   6939            0               0.157264562     -0.27736534     *N6939  
*N6939  0.90569516      
GRID*   6940            0               0.155051662     -0.27366433     *N6940  
*N6940  0.903574345     
GRID*   6941            0               0.157437559     -0.274265845    *N6941  
*N6941  0.90579301      
GRID*   6942            0               0.154001146     -0.2757613      *N6942  
*N6942  0.899877024     
GRID*   6943            0               0.154106161     -0.27036433     *N6943  
*N6943  0.901179007     
GRID*   6944            0               0.154021365     -0.273062815    *N6944  
*N6944  0.90053062      
GRID*   6945            0               0.154268372     -0.267665845    *N6945  
*N6945  0.901862923     
GRID*   6946            0               0.166967151     -0.274572992    *N6946  
*N6946  0.898262361     
GRID*   6947            0               0.167196351     -0.276835542    *N6947  
*N6947  0.900219437     
GRID*   6948            0               0.166811758     -0.275290482    *N6948  
*N6948  0.902230261     
GRID*   6949            0               0.167194945     -0.274931737    *N6949  
*N6949  0.900258275     
GRID*   6950            0               0.166799475     -0.276863062    *N6950  
*N6950  0.89773582      
GRID*   6951            0               0.166274426     -0.274973016    *N6951  
*N6951  0.896629408     
GRID*   6952            0               0.167096649     -0.279870622    *N6952  
*N6952  0.901163425     
GRID*   6953            0               0.167175333     -0.278366842    *N6953  
*N6953  0.899429918     
GRID*   6954            0               0.16462004      -0.277873956    *N6954  
*N6954  0.905234432     
GRID*   6955            0               0.165931855     -0.276582219    *N6955  
*N6955  0.9038899       
GRID*   6956            0               0.166238569     -0.278872289    *N6956  
*N6956  0.903430239     
GRID*   6957            0               0.164168073     -0.275583886    *N6957  
*N6957  0.905552374     
GRID*   6958            0               0.163570864     -0.277374789    *N6958  
*N6958  0.905893553     
GRID*   6959            0               0.165764337     -0.275437184    *N6959  
*N6959  0.904109698     
GRID*   6960            0               0.15412324      -0.282436409    *N6960  
*N6960  0.901269482     
GRID*   6961            0               0.154180832     -0.282524635    *N6961  
*N6961  0.898465635     
GRID*   6962            0               0.156127649     -0.279649193    *N6962  
*N6962  0.904853666     
GRID*   6963            0               0.154839588     -0.281042801    *N6963  
*N6963  0.903221436     
GRID*   6964            0               0.154976727     -0.283918243    *N6964  
*N6964  0.896544743     
GRID*   6965            0               0.154004129     -0.283133213    *N6965  
*N6965  0.900233422     
GRID*   6966            0               0.155397421     -0.282612861    *N6966  
*N6966  0.895938821     
GRID*   6967            0               0.155178602     -0.283265552    *N6967  
*N6967  0.8962359       
GRID*   6968            0               0.15417889      -0.278045154    *N6968  
*N6968  0.898473781     
GRID*   6969            0               0.1542879       -0.278847173    *N6969  
*N6969  0.901928054     
GRID*   6970            0               0.154651551     -0.280329007    *N6970  
*N6970  0.897140637     
GRID*   6971            0               0.15484368      -0.27656332     *N6971  
*N6971  0.903228743     
GRID*   6972            0               0.154052318     -0.276903227    *N6972  
*N6972  0.899170627     
GRID*   6973            0               0.155502469     -0.278106257    *N6973  
*N6973  0.904192275     
CQUAD9  7469    1       540     550     575     574     616     617     +E7469  
+E7469  618     619     620     
CQUAD9  7471    1       550     25      572     575     621     622     +E7471  
+E7471  623     617     624     
CQUAD9  7473    1       575     572     542     573     623     625     +E7473  
+E7473  626     627     628     
CQUAD9  7475    1       574     575     573     70      618     627     +E7475  
+E7475  629     630     631     
CQUAD9  7477    1       541     576     579     553     632     633     +E7477  
+E7477  634     635     636     
CQUAD9  7479    1       576     74      577     579     637     638     +E7479  
+E7479  639     633     640     
CQUAD9  7481    1       579     577     544     578     639     641     +E7481  
+E7481  642     643     644     
CQUAD9  7483    1       553     579     578     29      634     643     +E7483  
+E7483  645     646     647     
CQUAD9  7485    1       68      580     581     67      648     649     +E7485  
+E7485  650     87      651     
CQUAD9  7487    1       580     21      20      581     652     44      +E7487  
+E7487  653     649     654     
CQUAD9  7489    1       581     20      19      569     653     43      +E7489  
+E7489  655     656     657     
CQUAD9  7491    1       67      581     569     66      650     656     +E7491  
+E7491  658     86      659     
CQUAD9  7493    1       548     582     584     583     660     661     +E7493  
+E7493  662     663     664     
CQUAD9  7495    1       582     23      22      584     665     46      +E7495  
+E7495  666     661     667     
CQUAD9  7497    1       584     22      21      580     666     45      +E7497  
+E7497  652     668     669     
CQUAD9  7499    1       583     584     580     68      662     668     +E7499  
+E7499  648     670     671     
CQUAD9  7501    1       548     585     586     582     672     673     +E7501  
+E7501  674     660     675     
CQUAD9  7503    1       585     542     572     586     676     625     +E7503  
+E7503  677     673     678     
CQUAD9  7505    1       586     572     25      24      677     622     +E7505  
+E7505  48      679     680     
CQUAD9  7507    1       582     586     24      23      674     679     +E7507  
+E7507  47      665     681     
CQUAD9  7509    1       547     587     589     588     682     683     +E7509  
+E7509  684     685     686     
CQUAD9  7511    1       587     31      30      589     687     54      +E7511  
+E7511  688     683     689     
CQUAD9  7513    1       589     30      29      578     688     53      +E7513  
+E7513  645     690     691     
CQUAD9  7515    1       588     589     578     544     684     690     +E7515  
+E7515  642     692     693     
CQUAD9  7517    1       547     590     592     587     694     695     +E7517  
+E7517  696     682     697     
CQUAD9  7519    1       590     76      591     592     698     699     +E7519  
+E7519  700     695     701     
CQUAD9  7521    1       592     591     33      32      700     702     +E7521  
+E7521  56      703     704     
CQUAD9  7523    1       587     592     32      31      696     703     +E7523  
+E7523  55      687     705     
CQUAD9  7525    1       76      77      593     591     96      706     +E7525  
+E7525  707     699     708     
CQUAD9  7527    1       77      78      571     593     97      709     +E7527  
+E7527  710     706     711     
CQUAD9  7529    1       593     571     35      34      710     712     +E7529  
+E7529  58      713     714     
CQUAD9  7531    1       591     593     34      33      707     713     +E7531  
+E7531  57      702     715     
CQUAD9  7533    1       542     585     594     573     676     716     +E7533  
+E7533  717     626     718     
CQUAD9  7535    1       585     548     583     594     672     663     +E7535  
+E7535  719     716     720     
CQUAD9  7537    1       594     583     68      69      719     670     +E7537  
+E7537  88      721     722     
CQUAD9  7539    1       573     594     69      70      717     721     +E7539  
+E7539  89      629     723     
CQUAD9  7541    1       27      551     596     595     724     725     +E7541  
+E7541  726     727     728     
CQUAD9  7543    1       551     540     574     596     729     619     +E7543  
+E7543  730     725     731     
CQUAD9  7545    1       596     574     70      71      730     630     +E7545  
+E7545  90      732     733     
CQUAD9  7547    1       595     596     71      72      726     732     +E7547  
+E7547  91      734     735     
CQUAD9  7549    1       27      595     597     552     727     736     +E7549  
+E7549  737     738     739     
CQUAD9  7551    1       595     72      73      597     734     92      +E7551  
+E7551  740     736     741     
CQUAD9  7553    1       597     73      74      576     740     93      +E7553  
+E7553  637     742     743     
CQUAD9  7555    1       552     597     576     541     737     742     +E7555  
+E7555  632     744     745     
CQUAD9  7557    1       544     577     598     588     641     746     +E7557  
+E7557  747     692     748     
CQUAD9  7559    1       577     74      75      598     638     94      +E7559  
+E7559  749     746     750     
CQUAD9  7561    1       598     75      76      590     749     95      +E7561  
+E7561  698     751     752     
CQUAD9  7563    1       588     598     590     547     747     751     +E7563  
+E7563  694     685     753     
CQUAD9  7565    1       64      563     600     63      754     755     +E7565  
+E7565  756     83      757     
CQUAD9  7567    1       563     17      16      600     758     40      +E7567  
+E7567  759     755     760     
CQUAD9  7569    1       600     16      2       599     759     39      +E7569  
+E7569  761     762     763     
CQUAD9  7571    1       63      600     599     3       756     762     +E7571  
+E7571  764     82      765     
CQUAD9  7573    1       2       38      601     599     62      766     +E7573  
+E7573  767     761     768     
CQUAD9  7575    1       38      37      557     601     61      769     +E7575  
+E7575  770     766     771     
CQUAD9  7577    1       601     557     80      81      770     772     +E7577  
+E7577  100     773     774     
CQUAD9  7579    1       599     601     81      3       767     773     +E7579  
+E7579  101     764     775     
CQUAD9  7581    1       25      550     602     26      621     776     +E7581  
+E7581  777     49      778     
CQUAD9  7583    1       550     540     551     602     616     729     +E7583  
+E7583  779     776     780     
CQUAD9  7585    1       26      602     551     27      777     779     +E7585  
+E7585  724     50      781     
CQUAD9  7587    1       27      552     603     28      738     782     +E7587  
+E7587  783     51      784     
CQUAD9  7589    1       552     541     553     603     744     635     +E7589  
+E7589  785     782     786     
CQUAD9  7591    1       28      603     553     29      783     785     +E7591  
+E7591  646     52      787     
CQUAD9  7593    1       543     554     604     556     788     789     +E7593  
+E7593  790     791     792     
CQUAD9  7595    1       554     549     555     604     793     794     +E7595  
+E7595  795     789     796     
CQUAD9  7597    1       556     604     555     80      790     795     +E7597  
+E7597  797     798     799     
CQUAD9  7599    1       80      557     605     556     772     800     +E7599  
+E7599  801     798     802     
CQUAD9  7601    1       557     37      558     605     769     803     +E7601  
+E7601  804     800     805     
CQUAD9  7603    1       556     605     558     543     801     804     +E7603  
+E7603  806     791     807     
CQUAD9  7605    1       64      559     606     561     808     809     +E7605  
+E7605  810     811     812     
CQUAD9  7607    1       559     546     560     606     813     814     +E7607  
+E7607  815     809     816     
CQUAD9  7609    1       561     606     560     545     810     815     +E7609  
+E7609  817     818     819     
CQUAD9  7611    1       545     562     607     561     820     821     +E7611  
+E7611  822     818     823     
CQUAD9  7613    1       562     17      563     607     824     758     +E7613  
+E7613  825     821     826     
CQUAD9  7615    1       561     607     563     64      822     825     +E7615  
+E7615  754     811     827     
CQUAD9  7617    1       19      18      608     564     42      828     +E7617  
+E7617  829     830     831     
CQUAD9  7619    1       18      17      562     608     41      824     +E7619  
+E7619  832     828     833     
CQUAD9  7621    1       564     608     562     545     829     832     +E7621  
+E7621  820     834     835     
CQUAD9  7623    1       545     560     609     564     817     836     +E7623  
+E7623  837     834     838     
CQUAD9  7625    1       560     546     565     609     814     839     +E7625  
+E7625  840     836     841     
CQUAD9  7627    1       564     609     565     19      837     840     +E7627  
+E7627  842     830     843     
CQUAD9  7629    1       543     558     610     566     806     844     +E7629  
+E7629  845     846     847     
CQUAD9  7631    1       558     37      36      610     803     60      +E7631  
+E7631  848     844     849     
CQUAD9  7633    1       566     610     36      35      845     848     +E7633  
+E7633  59      850     851     
CQUAD9  7635    1       35      567     611     566     852     853     +E7635  
+E7635  854     850     855     
CQUAD9  7637    1       567     549     554     611     856     793     +E7637  
+E7637  857     853     858     
CQUAD9  7639    1       566     611     554     543     854     857     +E7639  
+E7639  788     846     859     
CQUAD9  7641    1       546     559     612     568     813     860     +E7641  
+E7641  861     862     863     
CQUAD9  7643    1       559     64      65      612     808     84      +E7643  
+E7643  864     860     865     
CQUAD9  7645    1       568     612     65      66      861     864     +E7645  
+E7645  85      866     867     
CQUAD9  7647    1       66      569     613     568     658     868     +E7647  
+E7647  869     866     870     
CQUAD9  7649    1       569     19      565     613     655     842     +E7649  
+E7649  871     868     872     
CQUAD9  7651    1       568     613     565     546     869     871     +E7651  
+E7651  839     862     873     
CQUAD9  7653    1       78      79      614     570     98      874     +E7653  
+E7653  875     876     877     
CQUAD9  7655    1       79      80      555     614     99      797     +E7655  
+E7655  878     874     879     
CQUAD9  7657    1       570     614     555     549     875     878     +E7657  
+E7657  794     880     881     
CQUAD9  7659    1       549     567     615     570     856     882     +E7659  
+E7659  883     880     884     
CQUAD9  7661    1       567     35      571     615     852     712     +E7661  
+E7661  885     882     886     
CQUAD9  7663    1       570     615     571     78      883     885     +E7663  
+E7663  709     876     887     
CQUAD9  7665    2       21      931     934     20      1009    1010    +E7665  
+E7665  1011    44      1012    
CQUAD9  7667    2       931     893     932     934     1013    1014    +E7667  
+E7667  1015    1010    1016    
CQUAD9  7669    2       934     932     890     933     1015    1017    +E7669  
+E7669  1018    1019    1020    
CQUAD9  7671    2       20      934     933     19      1011    1019    +E7671  
+E7671  1021    43      1022    
CQUAD9  7673    2       150     149     937     936     173     1023    +E7673  
+E7673  1024    1025    1026    
CQUAD9  7675    2       149     148     935     937     172     1027    +E7675  
+E7675  1028    1023    1029    
CQUAD9  7677    2       937     935     890     932     1028    1030    +E7677  
+E7677  1017    1031    1032    
CQUAD9  7679    2       936     937     932     893     1024    1031    +E7679  
+E7679  1014    1033    1034    
CQUAD9  7681    2       162     161     941     940     185     1035    +E7681  
+E7681  1036    1037    1038    
CQUAD9  7683    2       161     160     938     941     184     1039    +E7683  
+E7683  1040    1035    1041    
CQUAD9  7685    2       941     938     888     939     1040    1042    +E7685  
+E7685  1043    1044    1045    
CQUAD9  7687    2       940     941     939     892     1036    1044    +E7687  
+E7687  1046    1047    1048    
CQUAD9  7689    2       33      942     944     32      1049    1050    +E7689  
+E7689  1051    56      1052    
CQUAD9  7691    2       942     892     939     944     1053    1046    +E7691  
+E7691  1054    1050    1055    
CQUAD9  7693    2       944     939     888     943     1054    1043    +E7693  
+E7693  1056    1057    1058    
CQUAD9  7695    2       32      944     943     31      1051    1057    +E7695  
+E7695  1059    55      1060    
CQUAD9  7697    2       19      933     946     18      1021    1061    +E7697  
+E7697  1062    42      1063    
CQUAD9  7699    2       933     890     945     946     1018    1064    +E7699  
+E7699  1065    1061    1066    
CQUAD9  7701    2       946     945     7       917     1065    1067    +E7701  
+E7701  1068    1069    1070    
CQUAD9  7703    2       18      946     917     17      1062    1069    +E7703  
+E7703  1071    41      1072    
CQUAD9  7705    2       148     147     947     935     171     1073    +E7705  
+E7705  1074    1027    1075    
CQUAD9  7707    2       147     146     922     947     170     1076    +E7707  
+E7707  1077    1073    1078    
CQUAD9  7709    2       947     922     7       945     1077    1079    +E7709  
+E7709  1067    1080    1081    
CQUAD9  7711    2       935     947     945     890     1074    1080    +E7711  
+E7711  1064    1030    1082    
CQUAD9  7713    2       154     948     951     155     1083    1084    +E7713  
+E7713  1085    178     1086    
CQUAD9  7715    2       948     895     949     951     1087    1088    +E7715  
+E7715  1089    1084    1090    
CQUAD9  7717    2       951     949     891     950     1089    1091    +E7717  
+E7717  1092    1093    1094    
CQUAD9  7719    2       155     951     950     156     1085    1093    +E7719  
+E7719  1095    179     1096    
CQUAD9  7721    2       25      26      954     953     49      1097    +E7721  
+E7721  1098    1099    1100    
CQUAD9  7723    2       26      27      952     954     50      1101    +E7723  
+E7723  1102    1097    1103    
CQUAD9  7725    2       954     952     891     949     1102    1104    +E7725  
+E7725  1091    1105    1106    
CQUAD9  7727    2       953     954     949     895     1098    1105    +E7727  
+E7727  1088    1107    1108    
CQUAD9  7729    2       158     955     957     159     1109    1110    +E7729  
+E7729  1111    182     1112    
CQUAD9  7731    2       955     889     956     957     1113    1114    +E7731  
+E7731  1115    1110    1116    
CQUAD9  7733    2       957     956     888     938     1115    1117    +E7733  
+E7733  1042    1118    1119    
CQUAD9  7735    2       159     957     938     160     1111    1118    +E7735  
+E7735  1039    183     1120    
CQUAD9  7737    2       29      30      959     958     53      1121    +E7737  
+E7737  1122    1123    1124    
CQUAD9  7739    2       30      31      943     959     54      1059    +E7739  
+E7739  1125    1121    1126    
CQUAD9  7741    2       959     943     888     956     1125    1056    +E7741  
+E7741  1117    1127    1128    
CQUAD9  7743    2       958     959     956     889     1122    1127    +E7743  
+E7743  1114    1129    1130    
CQUAD9  7745    2       156     950     961     157     1095    1131    +E7745  
+E7745  1132    180     1133    
CQUAD9  7747    2       950     891     960     961     1092    1134    +E7747  
+E7747  1135    1131    1136    
CQUAD9  7749    2       961     960     889     955     1135    1137    +E7749  
+E7749  1113    1138    1139    
CQUAD9  7751    2       157     961     955     158     1132    1138    +E7751  
+E7751  1109    181     1140    
CQUAD9  7753    2       27      28      962     952     51      1141    +E7753  
+E7753  1142    1101    1143    
CQUAD9  7755    2       28      29      958     962     52      1123    +E7755  
+E7755  1144    1141    1145    
CQUAD9  7757    2       962     958     889     960     1144    1129    +E7757  
+E7757  1137    1146    1147    
CQUAD9  7759    2       952     962     960     891     1142    1146    +E7759  
+E7759  1134    1104    1148    
CQUAD9  7761    2       35      963     965     34      1149    1150    +E7761  
+E7761  1151    58      1152    
CQUAD9  7763    2       963     896     964     965     1153    1154    +E7763  
+E7763  1155    1150    1156    
CQUAD9  7765    2       965     964     892     942     1155    1157    +E7765  
+E7765  1053    1158    1159    
CQUAD9  7767    2       34      965     942     33      1151    1158    +E7767  
+E7767  1049    57      1160    
CQUAD9  7769    2       164     163     967     966     187     1161    +E7769  
+E7769  1162    1163    1164    
CQUAD9  7771    2       163     162     940     967     186     1037    +E7771  
+E7771  1165    1161    1166    
CQUAD9  7773    2       967     940     892     964     1165    1047    +E7773  
+E7773  1157    1167    1168    
CQUAD9  7775    2       966     967     964     896     1162    1167    +E7775  
+E7775  1154    1169    1170    
CQUAD9  7777    2       23      968     970     22      1171    1172    +E7777  
+E7777  1173    46      1174    
CQUAD9  7779    2       968     894     969     970     1175    1176    +E7779  
+E7779  1177    1172    1178    
CQUAD9  7781    2       970     969     893     931     1177    1179    +E7781  
+E7781  1013    1180    1181    
CQUAD9  7783    2       22      970     931     21      1173    1180    +E7783  
+E7783  1009    45      1182    
CQUAD9  7785    2       152     151     972     971     175     1183    +E7785  
+E7785  1184    1185    1186    
CQUAD9  7787    2       151     150     936     972     174     1025    +E7787  
+E7787  1187    1183    1188    
CQUAD9  7789    2       972     936     893     969     1187    1033    +E7789  
+E7789  1179    1189    1190    
CQUAD9  7791    2       971     972     969     894     1184    1189    +E7791  
+E7791  1176    1191    1192    
CQUAD9  7793    2       25      973     975     24      1193    1194    +E7793  
+E7793  1195    48      1196    
CQUAD9  7795    2       973     897     974     975     1197    1198    +E7795  
+E7795  1199    1194    1200    
CQUAD9  7797    2       975     974     894     968     1199    1201    +E7797  
+E7797  1175    1202    1203    
CQUAD9  7799    2       24      975     968     23      1195    1202    +E7799  
+E7799  1171    47      1204    
CQUAD9  7801    2       154     976     977     948     1205    1206    +E7801  
+E7801  1207    1083    1208    
CQUAD9  7803    2       976     897     973     977     1209    1197    +E7803  
+E7803  1210    1206    1211    
CQUAD9  7805    2       977     973     25      953     1210    1193    +E7805  
+E7805  1099    1212    1213    
CQUAD9  7807    2       948     977     953     895     1207    1212    +E7807  
+E7807  1107    1087    1214    
CQUAD9  7809    2       35      36      980     979     59      1215    +E7809  
+E7809  1216    1217    1218    
CQUAD9  7811    2       36      37      930     980     60      1219    +E7811  
+E7811  1220    1215    1221    
CQUAD9  7813    2       980     930     112     978     1220    1222    +E7813  
+E7813  1223    1224    1225    
CQUAD9  7815    2       979     980     978     898     1216    1224    +E7815  
+E7815  1226    1227    1228    
CQUAD9  7817    2       35      979     982     963     1217    1229    +E7817  
+E7817  1230    1149    1231    
CQUAD9  7819    2       979     898     981     982     1227    1232    +E7819  
+E7819  1233    1229    1234    
CQUAD9  7821    2       982     981     164     966     1233    1235    +E7821  
+E7821  1163    1236    1237    
CQUAD9  7823    2       963     982     966     896     1230    1236    +E7823  
+E7823  1169    1153    1238    
CQUAD9  7825    2       164     981     983     165     1235    1239    +E7825  
+E7825  1240    188     1241    
CQUAD9  7827    2       981     898     978     983     1232    1226    +E7827  
+E7827  1242    1239    1243    
CQUAD9  7829    2       983     978     112     926     1242    1223    +E7829  
+E7829  1244    1245    1246    
CQUAD9  7831    2       165     983     926     166     1240    1245    +E7831  
+E7831  1247    189     1248    
CQUAD9  7833    2       154     153     984     976     177     1249    +E7833  
+E7833  1250    1205    1251    
CQUAD9  7835    2       153     152     971     984     176     1185    +E7835  
+E7835  1252    1249    1253    
CQUAD9  7837    2       984     971     894     974     1252    1191    +E7837  
+E7837  1201    1254    1255    
CQUAD9  7839    2       976     984     974     897     1250    1254    +E7839  
+E7839  1198    1209    1256    
CQUAD9  7841    2       899     903     985     904     1257    1258    +E7841  
+E7841  1259    1260    1261    
CQUAD9  7843    2       903     6       115     985     1262    123     +E7843  
+E7843  1263    1258    1264    
CQUAD9  7845    2       904     985     115     114     1259    1263    +E7845  
+E7845  122     1265    1266    
CQUAD9  7847    2       6       903     986     126     1262    1267    +E7847  
+E7847  1268    130     1269    
CQUAD9  7849    2       903     899     905     986     1257    1270    +E7849  
+E7849  1271    1267    1272    
CQUAD9  7851    2       126     986     905     125     1268    1271    +E7851  
+E7851  1273    129     1274    
CQUAD9  7853    2       900     906     987     907     1275    1276    +E7853  
+E7853  1277    1278    1279    
CQUAD9  7855    2       906     6       126     987     1280    130     +E7855  
+E7855  1281    1276    1282    
CQUAD9  7857    2       907     987     126     125     1277    1281    +E7857  
+E7857  129     1283    1284    
CQUAD9  7859    2       6       906     988     131     1280    1285    +E7859  
+E7859  1286    134     1287    
CQUAD9  7861    2       906     900     908     988     1275    1288    +E7861  
+E7861  1289    1285    1290    
CQUAD9  7863    2       131     988     908     132     1286    1289    +E7863  
+E7863  1291    135     1292    
CQUAD9  7865    2       4       909     989     102     1293    1294    +E7865  
+E7865  1295    105     1296    
CQUAD9  7867    2       909     901     910     989     1297    1298    +E7867  
+E7867  1299    1294    1300    
CQUAD9  7869    2       102     989     910     103     1295    1299    +E7869  
+E7869  1301    106     1302    
CQUAD9  7871    2       901     909     990     911     1297    1303    +E7871  
+E7871  1304    1305    1306    
CQUAD9  7873    2       909     4       138     990     1293    141     +E7873  
+E7873  1307    1303    1308    
CQUAD9  7875    2       911     990     138     139     1304    1307    +E7875  
+E7875  142     1309    1310    
CQUAD9  7877    2       4       912     991     109     1311    1312    +E7877  
+E7877  1313    116     1314    
CQUAD9  7879    2       912     902     913     991     1315    1316    +E7879  
+E7879  1317    1312    1318    
CQUAD9  7881    2       109     991     913     110     1313    1317    +E7881  
+E7881  1319    117     1320    
CQUAD9  7883    2       902     912     992     914     1315    1321    +E7883  
+E7883  1322    1323    1324    
CQUAD9  7885    2       912     4       102     992     1311    105     +E7885  
+E7885  1325    1321    1326    
CQUAD9  7887    2       914     992     102     103     1322    1325    +E7887  
+E7887  106     1327    1328    
CQUAD9  7889    2       17      915     993     916     1329    1330    +E7889  
+E7889  1331    1332    1333    
CQUAD9  7891    2       915     132     908     993     1334    1291    +E7891  
+E7891  1335    1330    1336    
CQUAD9  7893    2       916     993     908     900     1331    1335    +E7893  
+E7893  1288    1337    1338    
CQUAD9  7895    2       132     915     994     133     1334    1339    +E7895  
+E7895  1340    136     1341    
CQUAD9  7897    2       915     17      917     994     1329    1071    +E7897  
+E7897  1342    1339    1343    
CQUAD9  7899    2       133     994     917     7       1340    1342    +E7899  
+E7899  1068    137     1344    
CQUAD9  7901    2       900     918     995     916     1345    1346    +E7901  
+E7901  1347    1337    1348    
CQUAD9  7903    2       918     2       16      995     1349    39      +E7903  
+E7903  1350    1346    1351    
CQUAD9  7905    2       916     995     16      17      1347    1350    +E7905  
+E7905  40      1332    1352    
CQUAD9  7907    2       2       918     996     124     1349    1353    +E7907  
+E7907  1354    127     1355    
CQUAD9  7909    2       918     900     907     996     1345    1278    +E7909  
+E7909  1356    1353    1357    
CQUAD9  7911    2       124     996     907     125     1354    1356    +E7911  
+E7911  1283    128     1358    
CQUAD9  7913    2       5       919     997     145     1359    1360    +E7913  
+E7913  1361    168     1362    
CQUAD9  7915    2       919     901     920     997     1363    1364    +E7915  
+E7915  1365    1360    1366    
CQUAD9  7917    2       145     997     920     146     1361    1365    +E7917  
+E7917  1367    169     1368    
CQUAD9  7919    2       901     919     998     910     1363    1369    +E7919  
+E7919  1370    1298    1371    
CQUAD9  7921    2       919     5       104     998     1359    108     +E7921  
+E7921  1372    1369    1373    
CQUAD9  7923    2       910     998     104     103     1370    1372    +E7923  
+E7923  107     1301    1374    
CQUAD9  7925    2       139     921     999     911     1375    1376    +E7925  
+E7925  1377    1309    1378    
CQUAD9  7927    2       921     146     920     999     1379    1367    +E7927  
+E7927  1380    1376    1381    
CQUAD9  7929    2       911     999     920     901     1377    1380    +E7929  
+E7929  1364    1305    1382    
CQUAD9  7931    2       146     921     1000    922     1379    1383    +E7931  
+E7931  1384    1076    1385    
CQUAD9  7933    2       921     139     140     1000    1375    143     +E7933  
+E7933  1386    1383    1387    
CQUAD9  7935    2       922     1000    140     7       1384    1386    +E7935  
+E7935  144     1079    1388    
CQUAD9  7937    2       902     923     1001    924     1389    1390    +E7937  
+E7937  1391    1392    1393    
CQUAD9  7939    2       923     5       167     1001    1394    191     +E7939  
+E7939  1395    1390    1396    
CQUAD9  7941    2       924     1001    167     166     1391    1395    +E7941  
+E7941  190     1397    1398    
CQUAD9  7943    2       5       923     1002    104     1394    1399    +E7943  
+E7943  1400    108     1401    
CQUAD9  7945    2       923     902     914     1002    1389    1323    +E7945  
+E7945  1402    1399    1403    
CQUAD9  7947    2       104     1002    914     103     1400    1402    +E7947  
+E7947  1327    107     1404    
CQUAD9  7949    2       166     925     1003    924     1405    1406    +E7949  
+E7949  1407    1397    1408    
CQUAD9  7951    2       925     110     913     1003    1409    1319    +E7951  
+E7951  1410    1406    1411    
CQUAD9  7953    2       924     1003    913     902     1407    1410    +E7953  
+E7953  1316    1392    1412    
CQUAD9  7955    2       110     925     1004    111     1409    1413    +E7955  
+E7955  1414    118     1415    
CQUAD9  7957    2       925     166     926     1004    1405    1247    +E7957  
+E7957  1416    1413    1417    
CQUAD9  7959    2       111     1004    926     112     1414    1416    +E7959  
+E7959  1244    119     1418    
CQUAD9  7961    2       2       927     1005    38      1419    1420    +E7961  
+E7961  1421    62      1422    
CQUAD9  7963    2       927     899     928     1005    1423    1424    +E7963  
+E7963  1425    1420    1426    
CQUAD9  7965    2       38      1005    928     37      1421    1425    +E7965  
+E7965  1427    61      1428    
CQUAD9  7967    2       899     927     1006    905     1423    1429    +E7967  
+E7967  1430    1270    1431    
CQUAD9  7969    2       927     2       124     1006    1419    127     +E7969  
+E7969  1432    1429    1433    
CQUAD9  7971    2       905     1006    124     125     1430    1432    +E7971  
+E7971  128     1273    1434    
CQUAD9  7973    2       114     929     1007    904     1435    1436    +E7973  
+E7973  1437    1265    1438    
CQUAD9  7975    2       929     37      928     1007    1439    1427    +E7975  
+E7975  1440    1436    1441    
CQUAD9  7977    2       904     1007    928     899     1437    1440    +E7977  
+E7977  1424    1260    1442    
CQUAD9  7979    2       37      929     1008    930     1439    1443    +E7979  
+E7979  1444    1219    1445    
CQUAD9  7981    2       929     114     113     1008    1435    121     +E7981  
+E7981  1446    1443    1447    
CQUAD9  7983    2       930     1008    113     112     1444    1446    +E7983  
+E7983  120     1222    1448    
CQUAD9  7985    3       199     1472    1474    198     1538    1539    +E7985  
+E7985  1540    210     1541    
CQUAD9  7987    3       1472    224     225     1474    1542    244     +E7987  
+E7987  1543    1539    1544    
CQUAD9  7989    3       1474    225     226     1473    1543    245     +E7989  
+E7989  1545    1546    1547    
CQUAD9  7991    3       198     1474    1473    197     1540    1546    +E7991  
+E7991  1548    209     1549    
CQUAD9  7993    3       68      67      1477    1476    87      1550    +E7993  
+E7993  1551    1552    1553    
CQUAD9  7995    3       67      66      1475    1477    86      1554    +E7995  
+E7995  1555    1550    1556    
CQUAD9  7997    3       1477    1475    199     198     1555    1557    +E7997  
+E7997  210     1558    1559    
CQUAD9  7999    3       1476    1477    198     197     1551    1558    +E7999  
+E7999  209     1560    1561    
CQUAD9  8001    3       238     1478    1481    237     1562    1563    +E8001  
+E8001  1564    257     1565    
CQUAD9  8003    3       1478    1453    1479    1481    1566    1567    +E8003  
+E8003  1568    1563    1569    
CQUAD9  8005    3       1481    1479    1450    1480    1568    1570    +E8005  
+E8005  1571    1572    1573    
CQUAD9  8007    3       237     1481    1480    236     1564    1572    +E8007  
+E8007  1574    256     1575    
CQUAD9  8009    3       1452    1482    1485    1484    1576    1577    +E8009  
+E8009  1578    1579    1580    
CQUAD9  8011    3       1482    1453    1478    1485    1581    1566    +E8011  
+E8011  1582    1577    1583    
CQUAD9  8013    3       1485    1478    238     1483    1582    1562    +E8013  
+E8013  1584    1585    1586    
CQUAD9  8015    3       1484    1485    1483    1457    1578    1585    +E8015  
+E8015  1587    1588    1589    
CQUAD9  8017    3       195     1486    1487    194     1590    1591    +E8017  
+E8017  1592    206     1593    
CQUAD9  8019    3       1486    1459    1462    1487    1594    1595    +E8019  
+E8019  1596    1591    1597    
CQUAD9  8021    3       1487    1462    228     1468    1596    1598    +E8021  
+E8021  1599    1600    1601    
CQUAD9  8023    3       194     1487    1468    193     1592    1600    +E8023  
+E8023  1602    205     1603    
CQUAD9  8025    3       197     1473    1488    196     1548    1604    +E8025  
+E8025  1605    208     1606    
CQUAD9  8027    3       1473    226     1461    1488    1545    1607    +E8027  
+E8027  1608    1604    1609    
CQUAD9  8029    3       1488    1461    1459    1486    1608    1610    +E8029  
+E8029  1594    1611    1612    
CQUAD9  8031    3       196     1488    1486    195     1605    1611    +E8031  
+E8031  1590    207     1613    
CQUAD9  8033    3       195     194     1490    1489    206     1614    +E8033  
+E8033  1615    1616    1617    
CQUAD9  8035    3       194     193     1465    1490    205     1618    +E8035  
+E8035  1619    1614    1620    
CQUAD9  8037    3       1490    1465    70      1464    1619    1621    +E8037  
+E8037  1622    1623    1624    
CQUAD9  8039    3       1489    1490    1464    1460    1615    1623    +E8039  
+E8039  1625    1626    1627    
CQUAD9  8041    3       197     196     1491    1476    208     1628    +E8041  
+E8041  1629    1560    1630    
CQUAD9  8043    3       196     195     1489    1491    207     1616    +E8043  
+E8043  1631    1628    1632    
CQUAD9  8045    3       1491    1489    1460    1463    1631    1626    +E8045  
+E8045  1633    1634    1635    
CQUAD9  8047    3       1476    1491    1463    68      1629    1634    +E8047  
+E8047  1636    1552    1637    
CQUAD9  8049    3       76      1492    1495    77      1638    1639    +E8049  
+E8049  1640    96      1641    
CQUAD9  8051    3       1492    1458    1493    1495    1642    1643    +E8051  
+E8051  1644    1639    1645    
CQUAD9  8053    3       1495    1493    1452    1494    1644    1646    +E8053  
+E8053  1647    1648    1649    
CQUAD9  8055    3       77      1495    1494    78      1640    1648    +E8055  
+E8055  1650    97      1651    
CQUAD9  8057    3       1453    1482    1497    1479    1581    1652    +E8057  
+E8057  1653    1567    1654    
CQUAD9  8059    3       1482    1452    1493    1497    1576    1646    +E8059  
+E8059  1655    1652    1656    
CQUAD9  8061    3       1497    1493    1458    1496    1655    1643    +E8061  
+E8061  1657    1658    1659    
CQUAD9  8063    3       1479    1497    1496    1450    1653    1658    +E8063  
+E8063  1660    1570    1661    
CQUAD9  8065    3       74      1498    1500    75      1662    1663    +E8065  
+E8065  1664    94      1665    
CQUAD9  8067    3       1498    1456    1499    1500    1666    1667    +E8067  
+E8067  1668    1663    1669    
CQUAD9  8069    3       1500    1499    1458    1492    1668    1670    +E8069  
+E8069  1642    1671    1672    
CQUAD9  8071    3       75      1500    1492    76      1664    1671    +E8071  
+E8071  1638    95      1673    
CQUAD9  8073    3       1450    1496    1503    1502    1660    1674    +E8073  
+E8073  1675    1676    1677    
CQUAD9  8075    3       1496    1458    1499    1503    1657    1670    +E8075  
+E8075  1678    1674    1679    
CQUAD9  8077    3       1503    1499    1456    1501    1678    1667    +E8077  
+E8077  1680    1681    1682    
CQUAD9  8079    3       1502    1503    1501    1451    1675    1681    +E8079  
+E8079  1683    1684    1685    
CQUAD9  8081    3       236     1480    1505    235     1574    1686    +E8081  
+E8081  1687    255     1688    
CQUAD9  8083    3       1480    1450    1502    1505    1571    1676    +E8083  
+E8083  1689    1686    1690    
CQUAD9  8085    3       1505    1502    1451    1504    1689    1684    +E8085  
+E8085  1691    1692    1693    
CQUAD9  8087    3       235     1505    1504    234     1687    1692    +E8087  
+E8087  1694    254     1695    
CQUAD9  8089    3       232     233     1508    1507    252     1696    +E8089  
+E8089  1697    1698    1699    
CQUAD9  8091    3       233     234     1504    1508    253     1694    +E8091  
+E8091  1700    1696    1701    
CQUAD9  8093    3       1508    1504    1451    1506    1700    1691    +E8093  
+E8093  1702    1703    1704    
CQUAD9  8095    3       1507    1508    1506    1455    1697    1703    +E8095  
+E8095  1705    1706    1707    
CQUAD9  8097    3       230     231     1511    1510    250     1708    +E8097  
+E8097  1709    1710    1711    
CQUAD9  8099    3       231     232     1507    1511    251     1698    +E8099  
+E8099  1712    1708    1713    
CQUAD9  8101    3       1511    1507    1455    1509    1712    1706    +E8101  
+E8101  1714    1715    1716    
CQUAD9  8103    3       1510    1511    1509    1454    1709    1715    +E8103  
+E8103  1717    1718    1719    
CQUAD9  8105    3       78      1494    1513    79      1650    1720    +E8105  
+E8105  1721    98      1722    
CQUAD9  8107    3       1494    1452    1484    1513    1647    1579    +E8107  
+E8107  1723    1720    1724    
CQUAD9  8109    3       1513    1484    1457    1512    1723    1588    +E8109  
+E8109  1725    1726    1727    
CQUAD9  8111    3       79      1513    1512    80      1721    1726    +E8111  
+E8111  1728    99      1729    
CQUAD9  8113    3       8       1514    1516    202     1730    1731    +E8113  
+E8113  1732    214     1733    
CQUAD9  8115    3       1514    10      221     1516    1734    240     +E8115  
+E8115  1735    1731    1736    
CQUAD9  8117    3       1516    221     222     1515    1735    241     +E8117  
+E8117  1737    1738    1739    
CQUAD9  8119    3       202     1516    1515    201     1732    1738    +E8119  
+E8119  1740    213     1741    
CQUAD9  8121    3       8       1517    1518    1514    1742    1743    +E8121  
+E8121  1744    1730    1745    
CQUAD9  8123    3       1517    1457    1483    1518    1746    1587    +E8123  
+E8123  1747    1743    1748    
CQUAD9  8125    3       1518    1483    238     239     1747    1584    +E8125  
+E8125  258     1749    1750    
CQUAD9  8127    3       1514    1518    239     10      1744    1749    +E8127  
+E8127  259     1734    1751    
CQUAD9  8129    3       8       1519    1520    1517    1752    1753    +E8129  
+E8129  1754    1742    1755    
CQUAD9  8131    3       1519    3       81      1520    1756    101     +E8131  
+E8131  1757    1753    1758    
CQUAD9  8133    3       1520    81      80      1512    1757    100     +E8133  
+E8133  1728    1759    1760    
CQUAD9  8135    3       1517    1520    1512    1457    1754    1759    +E8135  
+E8135  1725    1746    1761    
CQUAD9  8137    3       8       202     1522    1519    214     1762    +E8137  
+E8137  1763    1752    1764    
CQUAD9  8139    3       202     201     1521    1522    213     1765    +E8139  
+E8139  1766    1762    1767    
CQUAD9  8141    3       1522    1521    64      63      1766    1768    +E8141  
+E8141  83      1769    1770    
CQUAD9  8143    3       1519    1522    63      3       1763    1769    +E8143  
+E8143  82      1756    1771    
CQUAD9  8145    3       1456    1498    1525    1524    1666    1772    +E8145  
+E8145  1773    1774    1775    
CQUAD9  8147    3       1498    74      73      1525    1662    93      +E8147  
+E8147  1776    1772    1777    
CQUAD9  8149    3       1525    73      72      1523    1776    92      +E8149  
+E8149  1778    1779    1780    
CQUAD9  8151    3       1524    1525    1523    1449    1773    1779    +E8151  
+E8151  1781    1782    1783    
CQUAD9  8153    3       1454    1469    1526    1510    1784    1785    +E8153  
+E8153  1786    1718    1787    
CQUAD9  8155    3       1469    9       192     1526    1788    203     +E8155  
+E8155  1789    1785    1790    
CQUAD9  8157    3       1526    192     193     1467    1789    204     +E8157  
+E8157  1791    1792    1793    
CQUAD9  8159    3       1510    1526    1467    230     1786    1792    +E8159  
+E8159  1794    1710    1795    
CQUAD9  8161    3       1455    1506    1528    1527    1705    1796    +E8161  
+E8161  1797    1798    1799    
CQUAD9  8163    3       1506    1451    1501    1528    1702    1683    +E8163  
+E8163  1800    1796    1801    
CQUAD9  8165    3       1528    1501    1456    1524    1800    1680    +E8165  
+E8165  1774    1802    1803    
CQUAD9  8167    3       1527    1528    1524    1449    1797    1802    +E8167  
+E8167  1782    1804    1805    
CQUAD9  8169    3       1455    1527    1529    1509    1798    1806    +E8169  
+E8169  1807    1714    1808    
CQUAD9  8171    3       1527    1449    1523    1529    1804    1781    +E8171  
+E8171  1809    1806    1810    
CQUAD9  8173    3       1529    1523    72      1470    1809    1778    +E8173  
+E8173  1811    1812    1813    
CQUAD9  8175    3       1509    1529    1470    1454    1807    1812    +E8175  
+E8175  1814    1717    1815    
CQUAD9  8177    3       201     1515    1530    200     1740    1816    +E8177  
+E8177  1817    212     1818    
CQUAD9  8179    3       1515    222     223     1530    1737    242     +E8179  
+E8179  1819    1816    1820    
CQUAD9  8181    3       1530    223     224     1472    1819    243     +E8181  
+E8181  1542    1821    1822    
CQUAD9  8183    3       200     1530    1472    199     1817    1821    +E8183  
+E8183  1538    211     1823    
CQUAD9  8185    3       66      65      1531    1475    85      1824    +E8185  
+E8185  1825    1554    1826    
CQUAD9  8187    3       65      64      1521    1531    84      1768    +E8187  
+E8187  1827    1824    1828    
CQUAD9  8189    3       1531    1521    201     200     1827    1765    +E8189  
+E8189  212     1829    1830    
CQUAD9  8191    3       1475    1531    200     199     1825    1829    +E8191  
+E8191  211     1557    1831    
CQUAD9  8193    3       1459    1461    1532    1462    1610    1832    +E8193  
+E8193  1833    1595    1834    
CQUAD9  8195    3       1461    226     227     1532    1607    246     +E8195  
+E8195  1835    1832    1836    
CQUAD9  8197    3       1462    1532    227     228     1833    1835    +E8197  
+E8197  247     1598    1837    
CQUAD9  8199    3       70      69      1533    1464    89      1838    +E8199  
+E8199  1839    1622    1840    
CQUAD9  8201    3       69      68      1463    1533    88      1636    +E8201  
+E8201  1841    1838    1842    
CQUAD9  8203    3       1464    1533    1463    1460    1839    1841    +E8203  
+E8203  1633    1625    1843    
CQUAD9  8205    3       70      1465    1534    71      1621    1844    +E8205  
+E8205  1845    90      1846    
CQUAD9  8207    3       1465    193     1466    1534    1618    1847    +E8207  
+E8207  1848    1844    1849    
CQUAD9  8209    3       71      1534    1466    72      1845    1848    +E8209  
+E8209  1850    91      1851    
CQUAD9  8211    3       230     1467    1535    229     1794    1852    +E8211  
+E8211  1853    249     1854    
CQUAD9  8213    3       1467    193     1468    1535    1791    1602    +E8213  
+E8213  1855    1852    1856    
CQUAD9  8215    3       229     1535    1468    228     1853    1855    +E8215  
+E8215  1599    248     1857    
CQUAD9  8217    3       9       1469    1536    1471    1788    1858    +E8217  
+E8217  1859    1860    1861    
CQUAD9  8219    3       1469    1454    1470    1536    1784    1814    +E8219  
+E8219  1862    1858    1863    
CQUAD9  8221    3       1471    1536    1470    72      1859    1862    +E8221  
+E8221  1811    1864    1865    
CQUAD9  8223    3       72      1466    1537    1471    1850    1866    +E8223  
+E8223  1867    1864    1868    
CQUAD9  8225    3       1466    193     192     1537    1847    204     +E8225  
+E8225  1869    1866    1870    
CQUAD9  8227    3       1471    1537    192     9       1867    1869    +E8227  
+E8227  203     1860    1871    
CQUAD9  8229    4       265     2077    2080    264     2763    2764    +E8229  
+E8229  2765    324     2766    
CQUAD9  8231    4       2077    1949    2078    2080    2767    2768    +E8231  
+E8231  2769    2764    2770    
CQUAD9  8233    4       2080    2078    1923    2079    2769    2771    +E8233  
+E8233  2772    2773    2774    
CQUAD9  8235    4       264     2080    2079    263     2765    2773    +E8235  
+E8235  2775    323     2776    
CQUAD9  8237    4       1948    2081    2085    2084    2777    2778    +E8237  
+E8237  2779    2780    2781    
CQUAD9  8239    4       2081    1873    2082    2085    2782    2783    +E8239  
+E8239  2784    2778    2785    
CQUAD9  8241    4       2085    2082    1958    2083    2784    2786    +E8241  
+E8241  2787    2788    2789    
CQUAD9  8243    4       2084    2085    2083    1932    2779    2788    +E8243  
+E8243  2790    2791    2792    
CQUAD9  8245    4       1899    2086    2090    2089    2793    2794    +E8245  
+E8245  2795    2796    2797    
CQUAD9  8247    4       2086    1945    2087    2090    2798    2799    +E8247  
+E8247  2800    2794    2801    
CQUAD9  8249    4       2090    2087    1959    2088    2800    2802    +E8249  
+E8249  2803    2804    2805    
CQUAD9  8251    4       2089    2090    2088    1970    2795    2804    +E8251  
+E8251  2806    2807    2808    
CQUAD9  8253    4       285     2091    2094    286     2809    2810    +E8253  
+E8253  2811    345     2812    
CQUAD9  8255    4       2091    1874    2092    2094    2813    2814    +E8255  
+E8255  2815    2810    2816    
CQUAD9  8257    4       2094    2092    1965    2093    2815    2817    +E8257  
+E8257  2818    2819    2820    
CQUAD9  8259    4       286     2094    2093    287     2811    2819    +E8259  
+E8259  2821    346     2822    
CQUAD9  8261    4       1923    2078    2098    2097    2771    2823    +E8261  
+E8261  2824    2825    2826    
CQUAD9  8263    4       2078    1949    2095    2098    2768    2827    +E8263  
+E8263  2828    2823    2829    
CQUAD9  8265    4       2098    2095    1894    2096    2828    2830    +E8265  
+E8265  2831    2832    2833    
CQUAD9  8267    4       2097    2098    2096    1969    2824    2832    +E8267  
+E8267  2834    2835    2836    
CQUAD9  8269    4       1895    2099    2103    2102    2837    2838    +E8269  
+E8269  2839    2840    2841    
CQUAD9  8271    4       2099    1881    2100    2103    2842    2843    +E8271  
+E8271  2844    2838    2845    
CQUAD9  8273    4       2103    2100    1989    2101    2844    2846    +E8273  
+E8273  2847    2848    2849    
CQUAD9  8275    4       2102    2103    2101    1947    2839    2848    +E8275  
+E8275  2850    2851    2852    
CQUAD9  8277    4       1890    2104    2108    2107    2853    2854    +E8277  
+E8277  2855    2856    2857    
CQUAD9  8279    4       2104    1881    2105    2108    2858    2859    +E8279  
+E8279  2860    2854    2861    
CQUAD9  8281    4       2108    2105    1941    2106    2860    2862    +E8281  
+E8281  2863    2864    2865    
CQUAD9  8283    4       2107    2108    2106    2005    2855    2864    +E8283  
+E8283  2866    2867    2868    
CQUAD9  8285    4       317     318     2111    2110    377     2869    +E8285  
+E8285  2870    2871    2872    
CQUAD9  8287    4       318     11      389     2111    378     401     +E8287  
+E8287  2873    2869    2874    
CQUAD9  8289    4       2111    389     388     2109    2873    400     +E8289  
+E8289  2875    2876    2877    
CQUAD9  8291    4       2110    2111    2109    2012    2870    2876    +E8291  
+E8291  2878    2879    2880    
CQUAD9  8293    4       1911    2112    2115    2114    2881    2882    +E8293  
+E8293  2883    2884    2885    
CQUAD9  8295    4       2112    1900    2113    2115    2886    2887    +E8295  
+E8295  2888    2882    2889    
CQUAD9  8297    4       2115    2113    1932    2083    2888    2890    +E8297  
+E8297  2790    2891    2892    
CQUAD9  8299    4       2114    2115    2083    1958    2883    2891    +E8299  
+E8299  2787    2893    2894    
CQUAD9  8301    4       1933    2116    2120    2119    2895    2896    +E8301  
+E8301  2897    2898    2899    
CQUAD9  8303    4       2116    2017    2117    2120    2900    2901    +E8303  
+E8303  2902    2896    2903    
CQUAD9  8305    4       2120    2117    1893    2118    2902    2904    +E8305  
+E8305  2905    2906    2907    
CQUAD9  8307    4       2119    2120    2118    1939    2897    2906    +E8307  
+E8307  2908    2909    2910    
CQUAD9  8309    4       1907    2121    2125    2124    2911    2912    +E8309  
+E8309  2913    2914    2915    
CQUAD9  8311    4       2121    1990    2122    2125    2916    2917    +E8311  
+E8311  2918    2912    2919    
CQUAD9  8313    4       2125    2122    1991    2123    2918    2920    +E8313  
+E8313  2921    2922    2923    
CQUAD9  8315    4       2124    2125    2123    1944    2913    2922    +E8315  
+E8315  2924    2925    2926    
CQUAD9  8317    4       315     2126    2129    316     2927    2928    +E8317  
+E8317  2929    375     2930    
CQUAD9  8319    4       2126    1925    2127    2129    2931    2932    +E8319  
+E8319  2933    2928    2934    
CQUAD9  8321    4       2129    2127    1966    2128    2933    2935    +E8321  
+E8321  2936    2937    2938    
CQUAD9  8323    4       316     2129    2128    317     2929    2937    +E8323  
+E8323  2939    376     2940    
CQUAD9  8325    4       279     2130    2133    280     2941    2942    +E8325  
+E8325  2943    339     2944    
CQUAD9  8327    4       2130    1962    2131    2133    2945    2946    +E8327  
+E8327  2947    2942    2948    
CQUAD9  8329    4       2133    2131    1920    2132    2947    2949    +E8329  
+E8329  2950    2951    2952    
CQUAD9  8331    4       280     2133    2132    281     2943    2951    +E8331  
+E8331  2953    340     2954    
CQUAD9  8333    4       279     278     2137    2136    338     2955    +E8333  
+E8333  2956    2957    2958    
CQUAD9  8335    4       278     277     2134    2137    337     2959    +E8335  
+E8335  2960    2955    2961    
CQUAD9  8337    4       2137    2134    1935    2135    2960    2962    +E8337  
+E8337  2963    2964    2965    
CQUAD9  8339    4       2136    2137    2135    1892    2956    2964    +E8339  
+E8339  2966    2967    2968    
CQUAD9  8341    4       1940    2138    2142    2141    2969    2970    +E8341  
+E8341  2971    2972    2973    
CQUAD9  8343    4       2138    1904    2139    2142    2974    2975    +E8343  
+E8343  2976    2970    2977    
CQUAD9  8345    4       2142    2139    1927    2140    2976    2978    +E8345  
+E8345  2979    2980    2981    
CQUAD9  8347    4       2141    2142    2140    1980    2971    2980    +E8347  
+E8347  2982    2983    2984    
CQUAD9  8349    4       281     2132    2145    282     2953    2985    +E8349  
+E8349  2986    341     2987    
CQUAD9  8351    4       2132    1920    2143    2145    2950    2988    +E8351  
+E8351  2989    2985    2990    
CQUAD9  8353    4       2145    2143    1968    2144    2989    2991    +E8353  
+E8353  2992    2993    2994    
CQUAD9  8355    4       282     2145    2144    283     2986    2993    +E8355  
+E8355  2995    342     2996    
CQUAD9  8357    4       1874    2091    2147    2146    2813    2997    +E8357  
+E8357  2998    2999    3000    
CQUAD9  8359    4       2091    285     284     2147    2809    344     +E8359  
+E8359  3001    2997    3002    
CQUAD9  8361    4       2147    284     283     2144    3001    343     +E8361  
+E8361  2995    3003    3004    
CQUAD9  8363    4       2146    2147    2144    1968    2998    3003    +E8363  
+E8363  2992    3005    3006    
CQUAD9  8365    4       279     2136    2150    2130    2957    3007    +E8365  
+E8365  3008    2941    3009    
CQUAD9  8367    4       2136    1892    2148    2150    2967    3010    +E8367  
+E8367  3011    3007    3012    
CQUAD9  8369    4       2150    2148    2015    2149    3011    3013    +E8369  
+E8369  3014    3015    3016    
CQUAD9  8371    4       2130    2150    2149    1962    3008    3015    +E8371  
+E8371  3017    2945    3018    
CQUAD9  8373    4       315     316     2153    2152    375     3019    +E8373  
+E8373  3020    3021    3022    
CQUAD9  8375    4       316     317     2110    2153    376     2871    +E8375  
+E8375  3023    3019    3024    
CQUAD9  8377    4       2153    2110    2012    2151    3023    2879    +E8377  
+E8377  3025    3026    3027    
CQUAD9  8379    4       2152    2153    2151    1934    3020    3026    +E8379  
+E8379  3028    3029    3030    
CQUAD9  8381    4       2012    2109    2156    2155    2878    3031    +E8381  
+E8381  3032    3033    3034    
CQUAD9  8383    4       2109    388     387     2156    2875    399     +E8383  
+E8383  3035    3031    3036    
CQUAD9  8385    4       2156    387     386     2154    3035    398     +E8385  
+E8385  3037    3038    3039    
CQUAD9  8387    4       2155    2156    2154    2013    3032    3038    +E8387  
+E8387  3040    3041    3042    
CQUAD9  8389    4       1945    2086    2160    2159    2798    3043    +E8389  
+E8389  3044    3045    3046    
CQUAD9  8391    4       2086    1899    2157    2160    2793    3047    +E8391  
+E8391  3048    3043    3049    
CQUAD9  8393    4       2160    2157    2010    2158    3048    3050    +E8393  
+E8393  3051    3052    3053    
CQUAD9  8395    4       2159    2160    2158    1898    3044    3052    +E8395  
+E8395  3054    3055    3056    
CQUAD9  8397    4       1896    2161    2165    2164    3057    3058    +E8397  
+E8397  3059    3060    3061    
CQUAD9  8399    4       2161    2009    2162    2165    3062    3063    +E8399  
+E8399  3064    3058    3065    
CQUAD9  8401    4       2165    2162    1910    2163    3064    3066    +E8401  
+E8401  3067    3068    3069    
CQUAD9  8403    4       2164    2165    2163    1981    3059    3068    +E8403  
+E8403  3070    3071    3072    
CQUAD9  8405    4       263     2079    2168    262     2775    3073    +E8405  
+E8405  3074    322     3075    
CQUAD9  8407    4       2079    1923    2166    2168    2772    3076    +E8407  
+E8407  3077    3073    3078    
CQUAD9  8409    4       2168    2166    1988    2167    3077    3079    +E8409  
+E8409  3080    3081    3082    
CQUAD9  8411    4       262     2168    2167    261     3074    3081    +E8411  
+E8411  3083    321     3084    
CQUAD9  8413    4       7       260     2170    133     319     3085    +E8413  
+E8413  3086    137     3087    
CQUAD9  8415    4       260     261     2167    2170    320     3083    +E8415  
+E8415  3088    3085    3089    
CQUAD9  8417    4       2170    2167    1988    2169    3088    3080    +E8417  
+E8417  3090    3091    3092    
CQUAD9  8419    4       133     2170    2169    132     3086    3091    +E8419  
+E8419  3093    136     3094    
CQUAD9  8421    4       285     2171    2174    284     3095    3096    +E8421  
+E8421  3097    344     3098    
CQUAD9  8423    4       2171    2014    2172    2174    3099    3100    +E8423  
+E8423  3101    3096    3102    
CQUAD9  8425    4       2174    2172    1944    2173    3101    3103    +E8425  
+E8425  3104    3105    3106    
CQUAD9  8427    4       284     2174    2173    283     3097    3105    +E8427  
+E8427  3107    343     3108    
CQUAD9  8429    4       1875    2175    2179    2178    3109    3110    +E8429  
+E8429  3111    3112    3113    
CQUAD9  8431    4       2175    1999    2176    2179    3114    3115    +E8431  
+E8431  3116    3110    3117    
CQUAD9  8433    4       2179    2176    1959    2177    3116    3118    +E8433  
+E8433  3119    3120    3121    
CQUAD9  8435    4       2178    2179    2177    1943    3111    3120    +E8435  
+E8435  3122    3123    3124    
CQUAD9  8437    4       1917    2180    2184    2183    3125    3126    +E8437  
+E8437  3127    3128    3129    
CQUAD9  8439    4       2180    2003    2181    2184    3130    3131    +E8439  
+E8439  3132    3126    3133    
CQUAD9  8441    4       2184    2181    1971    2182    3132    3134    +E8441  
+E8441  3135    3136    3137    
CQUAD9  8443    4       2183    2184    2182    1888    3127    3136    +E8443  
+E8443  3138    3139    3140    
CQUAD9  8445    4       1927    2139    2188    2187    2978    3141    +E8445  
+E8445  3142    3143    3144    
CQUAD9  8447    4       2139    1904    2185    2188    2975    3145    +E8447  
+E8447  3146    3141    3147    
CQUAD9  8449    4       2188    2185    1963    2186    3146    3148    +E8449  
+E8449  3149    3150    3151    
CQUAD9  8451    4       2187    2188    2186    1982    3142    3150    +E8451  
+E8451  3152    3153    3154    
CQUAD9  8453    4       1880    2189    2192    2191    3155    3156    +E8453  
+E8453  3157    3158    3159    
CQUAD9  8455    4       2189    1982    2186    2192    3160    3152    +E8455  
+E8455  3161    3156    3162    
CQUAD9  8457    4       2192    2186    1963    2190    3161    3149    +E8457  
+E8457  3163    3164    3165    
CQUAD9  8459    4       2191    2192    2190    1891    3157    3164    +E8459  
+E8459  3166    3167    3168    
CQUAD9  8461    4       1941    2193    2197    2196    3169    3170    +E8461  
+E8461  3171    3172    3173    
CQUAD9  8463    4       2193    1961    2194    2197    3174    3175    +E8463  
+E8463  3176    3170    3177    
CQUAD9  8465    4       2197    2194    1906    2195    3176    3178    +E8465  
+E8465  3179    3180    3181    
CQUAD9  8467    4       2196    2197    2195    1916    3171    3180    +E8467  
+E8467  3182    3183    3184    
CQUAD9  8469    4       1920    2198    2200    2143    3185    3186    +E8469  
+E8469  3187    2988    3188    
CQUAD9  8471    4       2198    1906    2194    2200    3189    3178    +E8471  
+E8471  3190    3186    3191    
CQUAD9  8473    4       2200    2194    1961    2199    3190    3175    +E8473  
+E8473  3192    3193    3194    
CQUAD9  8475    4       2143    2200    2199    1968    3187    3193    +E8475  
+E8475  3195    2991    3196    
CQUAD9  8477    4       1895    2201    2203    2202    3197    3198    +E8477  
+E8477  3199    3200    3201    
CQUAD9  8479    4       2201    1874    2146    2203    3202    2999    +E8479  
+E8479  3203    3198    3204    
CQUAD9  8481    4       2203    2146    1968    2199    3203    3005    +E8481  
+E8481  3195    3205    3206    
CQUAD9  8483    4       2202    2203    2199    1961    3199    3205    +E8483  
+E8483  3192    3207    3208    
CQUAD9  8485    4       2017    2116    2206    2205    2900    3209    +E8485  
+E8485  3210    3211    3212    
CQUAD9  8487    4       2116    1933    2204    2206    2895    3213    +E8487  
+E8487  3214    3209    3215    
CQUAD9  8489    4       2206    2204    1969    2096    3214    3216    +E8489  
+E8489  2834    3217    3218    
CQUAD9  8491    4       2205    2206    2096    1894    3210    3217    +E8491  
+E8491  2831    3219    3220    
CQUAD9  8493    4       1932    2207    2209    2084    3221    3222    +E8493  
+E8493  3223    2791    3224    
CQUAD9  8495    4       2207    1890    2107    2209    3225    2856    +E8495  
+E8495  3226    3222    3227    
CQUAD9  8497    4       2209    2107    2005    2208    3226    2867    +E8497  
+E8497  3228    3229    3230    
CQUAD9  8499    4       2084    2209    2208    1948    3223    3229    +E8499  
+E8499  3231    2780    3232    
CQUAD9  8501    4       1917    2210    2213    2212    3233    3234    +E8501  
+E8501  3235    3236    3237    
CQUAD9  8503    4       2210    307     306     2213    3238    366     +E8503  
+E8503  3239    3234    3240    
CQUAD9  8505    4       2213    306     305     2211    3239    365     +E8505  
+E8505  3241    3242    3243    
CQUAD9  8507    4       2212    2213    2211    1974    3235    3242    +E8507  
+E8507  3244    3245    3246    
CQUAD9  8509    4       1874    2201    2216    2092    3202    3247    +E8509  
+E8509  3248    2814    3249    
CQUAD9  8511    4       2201    1895    2214    2216    3197    3250    +E8511  
+E8511  3251    3247    3252    
CQUAD9  8513    4       2216    2214    1995    2215    3251    3253    +E8513  
+E8513  3254    3255    3256    
CQUAD9  8515    4       2092    2216    2215    1965    3248    3255    +E8515  
+E8515  3257    2817    3258    
CQUAD9  8517    4       1920    2131    2219    2198    2949    3259    +E8517  
+E8517  3260    3185    3261    
CQUAD9  8519    4       2131    1962    2217    2219    2946    3262    +E8519  
+E8519  3263    3259    3264    
CQUAD9  8521    4       2219    2217    1875    2218    3263    3265    +E8521  
+E8521  3266    3267    3268    
CQUAD9  8523    4       2198    2219    2218    1906    3260    3267    +E8523  
+E8523  3269    3189    3270    
CQUAD9  8525    4       1976    2220    2224    2223    3271    3272    +E8525  
+E8525  3273    3274    3275    
CQUAD9  8527    4       2220    1896    2221    2224    3276    3277    +E8527  
+E8527  3278    3272    3279    
CQUAD9  8529    4       2224    2221    2018    2222    3278    3280    +E8529  
+E8529  3281    3282    3283    
CQUAD9  8531    4       2223    2224    2222    1993    3273    3282    +E8531  
+E8531  3284    3285    3286    
CQUAD9  8533    4       313     314     2227    2226    373     3287    +E8533  
+E8533  3288    3289    3290    
CQUAD9  8535    4       314     315     2152    2227    374     3021    +E8535  
+E8535  3291    3287    3292    
CQUAD9  8537    4       2227    2152    1934    2225    3291    3029    +E8537  
+E8537  3293    3294    3295    
CQUAD9  8539    4       2226    2227    2225    1993    3288    3294    +E8539  
+E8539  3296    3297    3298    
CQUAD9  8541    4       311     312     2229    2228    371     3299    +E8541  
+E8541  3300    3301    3302    
CQUAD9  8543    4       312     313     2226    2229    372     3289    +E8543  
+E8543  3303    3299    3304    
CQUAD9  8545    4       2229    2226    1993    2222    3303    3297    +E8545  
+E8545  3284    3305    3306    
CQUAD9  8547    4       2228    2229    2222    2018    3300    3305    +E8547  
+E8547  3281    3307    3308    
CQUAD9  8549    4       1891    2230    2234    2233    3309    3310    +E8549  
+E8549  3311    3312    3313    
CQUAD9  8551    4       2230    1879    2231    2234    3314    3315    +E8551  
+E8551  3316    3310    3317    
CQUAD9  8553    4       2234    2231    1987    2232    3316    3318    +E8553  
+E8553  3319    3320    3321    
CQUAD9  8555    4       2233    2234    2232    1930    3311    3320    +E8555  
+E8555  3322    3323    3324    
CQUAD9  8557    4       1905    2235    2238    2237    3325    3326    +E8557  
+E8557  3327    3328    3329    
CQUAD9  8559    4       2235    1933    2119    2238    3330    2898    +E8559  
+E8559  3331    3326    3332    
CQUAD9  8561    4       2238    2119    1939    2236    3331    2909    +E8561  
+E8561  3333    3334    3335    
CQUAD9  8563    4       2237    2238    2236    1915    3327    3334    +E8563  
+E8563  3336    3337    3338    
CQUAD9  8565    4       1881    2104    2240    2100    2858    3339    +E8565  
+E8565  3340    2843    3341    
CQUAD9  8567    4       2104    1890    2207    2240    2853    3225    +E8567  
+E8567  3342    3339    3343    
CQUAD9  8569    4       2240    2207    1932    2239    3342    3221    +E8569  
+E8569  3344    3345    3346    
CQUAD9  8571    4       2100    2240    2239    1989    3340    3345    +E8571  
+E8571  3347    2846    3348    
CQUAD9  8573    4       380     379     2242    2241    391     3349    +E8573  
+E8573  3350    3351    3352    
CQUAD9  8575    4       379     11      318     2242    390     378     +E8575  
+E8575  3353    3349    3354    
CQUAD9  8577    4       2242    318     317     2128    3353    377     +E8577  
+E8577  2939    3355    3356    
CQUAD9  8579    4       2241    2242    2128    1966    3350    3355    +E8579  
+E8579  2936    3357    3358    
CQUAD9  8581    4       293     294     2246    2245    353     3359    +E8581  
+E8581  3360    3361    3362    
CQUAD9  8583    4       294     295     2243    2246    354     3363    +E8583  
+E8583  3364    3359    3365    
CQUAD9  8585    4       2246    2243    2025    2244    3364    3366    +E8585  
+E8585  3367    3368    3369    
CQUAD9  8587    4       2245    2246    2244    1885    3360    3368    +E8587  
+E8587  3370    3371    3372    
CQUAD9  8589    4       311     2247    2250    312     3373    3374    +E8589  
+E8589  3375    371     3376    
CQUAD9  8591    4       2247    2026    2248    2250    3377    3378    +E8591  
+E8591  3379    3374    3380    
CQUAD9  8593    4       2250    2248    1978    2249    3379    3381    +E8593  
+E8593  3382    3383    3384    
CQUAD9  8595    4       312     2250    2249    313     3375    3383    +E8595  
+E8595  3385    372     3386    
CQUAD9  8597    4       1973    2251    2255    2254    3387    3388    +E8597  
+E8597  3389    3390    3391    
CQUAD9  8599    4       2251    2023    2252    2255    3392    3393    +E8599  
+E8599  3394    3388    3395    
CQUAD9  8601    4       2255    2252    2030    2253    3394    3396    +E8601  
+E8601  3397    3398    3399    
CQUAD9  8603    4       2254    2255    2253    1888    3389    3398    +E8603  
+E8603  3400    3401    3402    
CQUAD9  8605    4       1956    2256    2260    2259    3403    3404    +E8605  
+E8605  3405    3406    3407    
CQUAD9  8607    4       2256    1929    2257    2260    3408    3409    +E8607  
+E8607  3410    3404    3411    
CQUAD9  8609    4       2260    2257    2034    2258    3410    3412    +E8609  
+E8609  3413    3414    3415    
CQUAD9  8611    4       2259    2260    2258    1886    3405    3414    +E8611  
+E8611  3416    3417    3418    
CQUAD9  8613    4       2034    2257    2264    2263    3412    3419    +E8613  
+E8613  3420    3421    3422    
CQUAD9  8615    4       2257    1929    2261    2264    3409    3423    +E8615  
+E8615  3424    3419    3425    
CQUAD9  8617    4       2264    2261    2036    2262    3424    3426    +E8617  
+E8617  3427    3428    3429    
CQUAD9  8619    4       2263    2264    2262    1981    3420    3428    +E8619  
+E8619  3430    3431    3432    
CQUAD9  8621    4       2022    2265    2269    2268    3433    3434    +E8621  
+E8621  3435    3436    3437    
CQUAD9  8623    4       2265    1887    2266    2269    3438    3439    +E8623  
+E8623  3440    3434    3441    
CQUAD9  8625    4       2269    2266    2038    2267    3440    3442    +E8625  
+E8625  3443    3444    3445    
CQUAD9  8627    4       2268    2269    2267    1938    3435    3444    +E8627  
+E8627  3446    3447    3448    
CQUAD9  8629    4       1926    2270    2274    2273    3449    3450    +E8629  
+E8629  3451    3452    3453    
CQUAD9  8631    4       2270    1995    2271    2274    3454    3455    +E8631  
+E8631  3456    3450    3457    
CQUAD9  8633    4       2274    2271    2039    2272    3456    3458    +E8633  
+E8633  3459    3460    3461    
CQUAD9  8635    4       2273    2274    2272    1936    3451    3460    +E8635  
+E8635  3462    3463    3464    
CQUAD9  8637    4       1895    2102    2276    2214    2840    3465    +E8637  
+E8637  3466    3250    3467    
CQUAD9  8639    4       2102    1947    2275    2276    2851    3468    +E8639  
+E8639  3469    3465    3470    
CQUAD9  8641    4       2276    2275    2039    2271    3469    3471    +E8641  
+E8641  3458    3472    3473    
CQUAD9  8643    4       2214    2276    2271    1995    3466    3472    +E8643  
+E8643  3455    3253    3474    
CQUAD9  8645    4       1891    2190    2279    2230    3166    3475    +E8645  
+E8645  3476    3309    3477    
CQUAD9  8647    4       2190    1963    2277    2279    3163    3478    +E8647  
+E8647  3479    3475    3480    
CQUAD9  8649    4       2279    2277    2048    2278    3479    3481    +E8649  
+E8649  3482    3483    3484    
CQUAD9  8651    4       2230    2279    2278    1879    3476    3483    +E8651  
+E8651  3485    3314    3486    
CQUAD9  8653    4       1908    2280    2284    2283    3487    3488    +E8653  
+E8653  3489    3490    3491    
CQUAD9  8655    4       2280    2023    2281    2284    3492    3493    +E8655  
+E8655  3494    3488    3495    
CQUAD9  8657    4       2284    2281    2007    2282    3494    3496    +E8657  
+E8657  3497    3498    3499    
CQUAD9  8659    4       2283    2284    2282    1910    3489    3498    +E8659  
+E8659  3500    3501    3502    
CQUAD9  8661    4       1912    2285    2288    2287    3503    3504    +E8661  
+E8661  3505    3506    3507    
CQUAD9  8663    4       2285    2049    2286    2288    3508    3509    +E8663  
+E8663  3510    3504    3511    
CQUAD9  8665    4       2288    2286    297     298     3510    3512    +E8665  
+E8665  357     3513    3514    
CQUAD9  8667    4       2287    2288    298     299     3505    3513    +E8667  
+E8667  358     3515    3516    
CQUAD9  8669    4       297     296     2291    2290    356     3517    +E8669  
+E8669  3518    3519    3520    
CQUAD9  8671    4       296     295     2289    2291    355     3521    +E8671  
+E8671  3522    3517    3523    
CQUAD9  8673    4       2291    2289    1887    2265    3522    3524    +E8673  
+E8673  3438    3525    3526    
CQUAD9  8675    4       2290    2291    2265    2022    3518    3525    +E8675  
+E8675  3433    3527    3528    
CQUAD9  8677    4       1910    2162    2294    2283    3066    3529    +E8677  
+E8677  3530    3501    3531    
CQUAD9  8679    4       2162    2009    2292    2294    3063    3532    +E8679  
+E8679  3533    3529    3534    
CQUAD9  8681    4       2294    2292    2031    2293    3533    3535    +E8681  
+E8681  3536    3537    3538    
CQUAD9  8683    4       2283    2294    2293    1908    3530    3537    +E8683  
+E8683  3539    3490    3540    
CQUAD9  8685    4       2036    2261    2297    2296    3426    3541    +E8685  
+E8685  3542    3543    3544    
CQUAD9  8687    4       2261    1929    2295    2297    3423    3545    +E8687  
+E8687  3546    3541    3547    
CQUAD9  8689    4       2297    2295    307     308     3546    3548    +E8689  
+E8689  367     3549    3550    
CQUAD9  8691    4       2296    2297    308     309     3542    3549    +E8691  
+E8691  368     3551    3552    
CQUAD9  8693    4       305     306     2299    2298    365     3553    +E8693  
+E8693  3554    3555    3556    
CQUAD9  8695    4       306     307     2295    2299    366     3548    +E8695  
+E8695  3557    3553    3558    
CQUAD9  8697    4       2299    2295    1929    2256    3557    3545    +E8697  
+E8697  3408    3559    3560    
CQUAD9  8699    4       2298    2299    2256    1956    3554    3559    +E8699  
+E8699  3403    3561    3562    
CQUAD9  8701    4       1877    2300    2303    2302    3563    3564    +E8701  
+E8701  3565    3566    3567    
CQUAD9  8703    4       2300    303     302     2303    3568    362     +E8703  
+E8703  3569    3564    3570    
CQUAD9  8705    4       2303    302     301     2301    3569    361     +E8705  
+E8705  3571    3572    3573    
CQUAD9  8707    4       2302    2303    2301    2002    3565    3572    +E8707  
+E8707  3574    3575    3576    
CQUAD9  8709    4       2034    2304    2307    2258    3577    3578    +E8709  
+E8709  3579    3413    3580    
CQUAD9  8711    4       2304    2007    2305    2307    3581    3582    +E8711  
+E8711  3583    3578    3584    
CQUAD9  8713    4       2307    2305    2024    2306    3583    3585    +E8713  
+E8713  3586    3587    3588    
CQUAD9  8715    4       2258    2307    2306    1886    3579    3587    +E8715  
+E8715  3589    3416    3590    
CQUAD9  8717    4       1956    2259    2310    2309    3406    3591    +E8717  
+E8717  3592    3593    3594    
CQUAD9  8719    4       2259    1886    2306    2310    3417    3589    +E8719  
+E8719  3595    3591    3596    
CQUAD9  8721    4       2310    2306    2024    2308    3595    3586    +E8721  
+E8721  3597    3598    3599    
CQUAD9  8723    4       2309    2310    2308    1977    3592    3598    +E8723  
+E8723  3600    3601    3602    
CQUAD9  8725    4       285     2311    2313    2171    3603    3604    +E8725  
+E8725  3605    3095    3606    
CQUAD9  8727    4       2311    1873    2081    2313    3607    2782    +E8727  
+E8727  3608    3604    3609    
CQUAD9  8729    4       2313    2081    1948    2312    3608    2777    +E8729  
+E8729  3610    3611    3612    
CQUAD9  8731    4       2171    2313    2312    2014    3605    3611    +E8731  
+E8731  3613    3099    3614    
CQUAD9  8733    4       1904    2314    2316    2185    3615    3616    +E8733  
+E8733  3617    3145    3618    
CQUAD9  8735    4       2314    1919    2315    2316    3619    3620    +E8735  
+E8735  3621    3616    3622    
CQUAD9  8737    4       2316    2315    2048    2277    3621    3623    +E8737  
+E8737  3481    3624    3625    
CQUAD9  8739    4       2185    2316    2277    1963    3617    3624    +E8739  
+E8739  3478    3148    3626    
CQUAD9  8741    4       271     2317    2319    270     3627    3628    +E8741  
+E8741  3629    330     3630    
CQUAD9  8743    4       2317    2048    2315    2319    3631    3623    +E8743  
+E8743  3632    3628    3633    
CQUAD9  8745    4       2319    2315    1919    2318    3632    3620    +E8745  
+E8745  3634    3635    3636    
CQUAD9  8747    4       270     2319    2318    269     3629    3635    +E8747  
+E8747  3637    329     3638    
CQUAD9  8749    4       1883    2320    2324    2323    3639    3640    +E8749  
+E8749  3641    3642    3643    
CQUAD9  8751    4       2320    1983    2321    2324    3644    3645    +E8751  
+E8751  3646    3640    3647    
CQUAD9  8753    4       2324    2321    1937    2322    3646    3648    +E8753  
+E8753  3649    3650    3651    
CQUAD9  8755    4       2323    2324    2322    2016    3641    3650    +E8755  
+E8755  3652    3653    3654    
CQUAD9  8757    4       1975    2325    2328    2327    3655    3656    +E8757  
+E8757  3657    3658    3659    
CQUAD9  8759    4       2325    1997    2326    2328    3660    3661    +E8759  
+E8759  3662    3656    3663    
CQUAD9  8761    4       2328    2326    1980    2140    3662    3664    +E8761  
+E8761  2982    3665    3666    
CQUAD9  8763    4       2327    2328    2140    1927    3657    3665    +E8763  
+E8763  2979    3667    3668    
CQUAD9  8765    4       1888    2182    2331    2254    3138    3669    +E8765  
+E8765  3670    3401    3671    
CQUAD9  8767    4       2182    1971    2329    2331    3135    3672    +E8767  
+E8767  3673    3669    3674    
CQUAD9  8769    4       2331    2329    2024    2330    3673    3675    +E8769  
+E8769  3676    3677    3678    
CQUAD9  8771    4       2254    2331    2330    1973    3670    3677    +E8771  
+E8771  3679    3390    3680    
CQUAD9  8773    4       1904    2138    2334    2314    2974    3681    +E8773  
+E8773  3682    3615    3683    
CQUAD9  8775    4       2138    1940    2332    2334    2969    3684    +E8775  
+E8775  3685    3681    3686    
CQUAD9  8777    4       2334    2332    2047    2333    3685    3687    +E8777  
+E8777  3688    3689    3690    
CQUAD9  8779    4       2314    2334    2333    1919    3682    3689    +E8779  
+E8779  3691    3619    3692    
CQUAD9  8781    4       1894    2335    2337    2205    3693    3694    +E8781  
+E8781  3695    3219    3696    
CQUAD9  8783    4       2335    1940    2141    2337    3697    2972    +E8783  
+E8783  3698    3694    3699    
CQUAD9  8785    4       2337    2141    1980    2336    3698    2983    +E8785  
+E8785  3700    3701    3702    
CQUAD9  8787    4       2205    2337    2336    2017    3695    3701    +E8787  
+E8787  3703    3211    3704    
CQUAD9  8789    4       1985    2338    2342    2341    3705    3706    +E8789  
+E8789  3707    3708    3709    
CQUAD9  8791    4       2338    1914    2339    2342    3710    3711    +E8791  
+E8791  3712    3706    3713    
CQUAD9  8793    4       2342    2339    1900    2340    3712    3714    +E8793  
+E8793  3715    3716    3717    
CQUAD9  8795    4       2341    2342    2340    1992    3707    3716    +E8795  
+E8795  3718    3719    3720    
CQUAD9  8797    4       277     276     2345    2134    336     3721    +E8797  
+E8797  3722    2959    3723    
CQUAD9  8799    4       276     275     2343    2345    335     3724    +E8799  
+E8799  3725    3721    3726    
CQUAD9  8801    4       2345    2343    1901    2344    3725    3727    +E8801  
+E8801  3728    3729    3730    
CQUAD9  8803    4       2134    2345    2344    1935    3722    3729    +E8803  
+E8803  3731    2962    3732    
CQUAD9  8805    4       1901    2343    2348    2347    3727    3733    +E8805  
+E8805  3734    3735    3736    
CQUAD9  8807    4       2343    275     274     2348    3724    334     +E8807  
+E8807  3737    3733    3738    
CQUAD9  8809    4       2348    274     273     2346    3737    333     +E8809  
+E8809  3739    3740    3741    
CQUAD9  8811    4       2347    2348    2346    1986    3734    3740    +E8811  
+E8811  3742    3743    3744    
CQUAD9  8813    4       1981    2163    2349    2263    3070    3745    +E8813  
+E8813  3746    3431    3747    
CQUAD9  8815    4       2163    1910    2282    2349    3067    3500    +E8815  
+E8815  3748    3745    3749    
CQUAD9  8817    4       2349    2282    2007    2304    3748    3497    +E8817  
+E8817  3581    3750    3751    
CQUAD9  8819    4       2263    2349    2304    2034    3746    3750    +E8819  
+E8819  3577    3421    3752    
CQUAD9  8821    4       2004    2350    2354    2353    3753    3754    +E8821  
+E8821  3755    3756    3757    
CQUAD9  8823    4       2350    1928    2351    2354    3758    3759    +E8823  
+E8823  3760    3754    3761    
CQUAD9  8825    4       2354    2351    2049    2352    3760    3762    +E8825  
+E8825  3763    3764    3765    
CQUAD9  8827    4       2353    2354    2352    2053    3755    3764    +E8827  
+E8827  3766    3767    3768    
CQUAD9  8829    4       1931    2355    2359    2358    3769    3770    +E8829  
+E8829  3771    3772    3773    
CQUAD9  8831    4       2355    2042    2356    2359    3774    3775    +E8831  
+E8831  3776    3770    3777    
CQUAD9  8833    4       2359    2356    2043    2357    3776    3778    +E8833  
+E8833  3779    3780    3781    
CQUAD9  8835    4       2358    2359    2357    1979    3771    3780    +E8835  
+E8835  3782    3783    3784    
CQUAD9  8837    4       295     296     2361    2243    355     3785    +E8837  
+E8837  3786    3363    3787    
CQUAD9  8839    4       296     297     2286    2361    356     3512    +E8839  
+E8839  3788    3785    3789    
CQUAD9  8841    4       2361    2286    2049    2360    3788    3509    +E8841  
+E8841  3790    3791    3792    
CQUAD9  8843    4       2243    2361    2360    2025    3786    3791    +E8843  
+E8843  3793    3366    3794    
CQUAD9  8845    4       1975    2362    2366    2365    3795    3796    +E8845  
+E8845  3797    3798    3799    
CQUAD9  8847    4       2362    2033    2363    2366    3800    3801    +E8847  
+E8847  3802    3796    3803    
CQUAD9  8849    4       2366    2363    2001    2364    3802    3804    +E8849  
+E8849  3805    3806    3807    
CQUAD9  8851    4       2365    2366    2364    1884    3797    3806    +E8851  
+E8851  3808    3809    3810    
CQUAD9  8853    4       1878    2367    2370    2369    3811    3812    +E8853  
+E8853  3813    3814    3815    
CQUAD9  8855    4       2367    2037    2368    2370    3816    3817    +E8855  
+E8855  3818    3812    3819    
CQUAD9  8857    4       2370    2368    2001    2363    3818    3820    +E8857  
+E8857  3804    3821    3822    
CQUAD9  8859    4       2369    2370    2363    2033    3813    3821    +E8859  
+E8859  3801    3823    3824    
CQUAD9  8861    4       2021    2371    2374    2373    3825    3826    +E8861  
+E8861  3827    3828    3829    
CQUAD9  8863    4       2371    110     111     2374    3830    118     +E8863  
+E8863  3831    3826    3832    
CQUAD9  8865    4       2374    111     112     2372    3831    119     +E8865  
+E8865  3833    3834    3835    
CQUAD9  8867    4       2373    2374    2372    1955    3827    3834    +E8867  
+E8867  3836    3837    3838    
CQUAD9  8869    4       380     2241    2377    381     3351    3839    +E8869  
+E8869  3840    392     3841    
CQUAD9  8871    4       2241    1966    2375    2377    3357    3842    +E8871  
+E8871  3843    3839    3844    
CQUAD9  8873    4       2377    2375    2054    2376    3843    3845    +E8873  
+E8873  3846    3847    3848    
CQUAD9  8875    4       381     2377    2376    382     3840    3847    +E8875  
+E8875  3849    393     3850    
CQUAD9  8877    4       1925    2378    2380    2127    3851    3852    +E8877  
+E8877  3853    2932    3854    
CQUAD9  8879    4       2378    1950    2379    2380    3855    3856    +E8879  
+E8879  3857    3852    3858    
CQUAD9  8881    4       2380    2379    2054    2375    3857    3859    +E8881  
+E8881  3845    3860    3861    
CQUAD9  8883    4       2127    2380    2375    1966    3853    3860    +E8883  
+E8883  3842    2935    3862    
CQUAD9  8885    4       261     2381    2384    262     3863    3864    +E8885  
+E8885  3865    321     3866    
CQUAD9  8887    4       2381    2055    2382    2384    3867    3868    +E8887  
+E8887  3869    3864    3870    
CQUAD9  8889    4       2384    2382    2041    2383    3869    3871    +E8889  
+E8889  3872    3873    3874    
CQUAD9  8891    4       262     2384    2383    263     3865    3873    +E8891  
+E8891  3875    322     3876    
CQUAD9  8893    4       2055    2385    2388    2382    3877    3878    +E8893  
+E8893  3879    3868    3880    
CQUAD9  8895    4       2385    1994    2386    2388    3881    3882    +E8895  
+E8895  3883    3878    3884    
CQUAD9  8897    4       2388    2386    2056    2387    3883    3885    +E8897  
+E8897  3886    3887    3888    
CQUAD9  8899    4       2382    2388    2387    2041    3879    3887    +E8899  
+E8899  3889    3871    3890    
CQUAD9  8901    4       2053    2389    2392    2353    3891    3892    +E8901  
+E8901  3893    3767    3894    
CQUAD9  8903    4       2389    2027    2390    2392    3895    3896    +E8903  
+E8903  3897    3892    3898    
CQUAD9  8905    4       2392    2390    2063    2391    3897    3899    +E8905  
+E8905  3900    3901    3902    
CQUAD9  8907    4       2353    2392    2391    2004    3893    3901    +E8907  
+E8907  3903    3756    3904    
CQUAD9  8909    4       2026    2393    2396    2248    3905    3906    +E8909  
+E8909  3907    3378    3908    
CQUAD9  8911    4       2393    2008    2394    2396    3909    3910    +E8911  
+E8911  3911    3906    3912    
CQUAD9  8913    4       2396    2394    2064    2395    3911    3913    +E8913  
+E8913  3914    3915    3916    
CQUAD9  8915    4       2248    2396    2395    1978    3907    3915    +E8915  
+E8915  3917    3381    3918    
CQUAD9  8917    4       384     383     2399    2398    395     3919    +E8917  
+E8917  3920    3921    3922    
CQUAD9  8919    4       383     382     2376    2399    394     3849    +E8919  
+E8919  3923    3919    3924    
CQUAD9  8921    4       2399    2376    2054    2397    3923    3846    +E8921  
+E8921  3925    3926    3927    
CQUAD9  8923    4       2398    2399    2397    2057    3920    3926    +E8923  
+E8923  3928    3929    3930    
CQUAD9  8925    4       2028    2400    2404    2403    3931    3932    +E8925  
+E8925  3933    3934    3935    
CQUAD9  8927    4       2400    1889    2401    2404    3936    3937    +E8927  
+E8927  3938    3932    3939    
CQUAD9  8929    4       2404    2401    2000    2402    3938    3940    +E8929  
+E8929  3941    3942    3943    
CQUAD9  8931    4       2403    2404    2402    2062    3933    3942    +E8931  
+E8931  3944    3945    3946    
CQUAD9  8933    4       386     385     2406    2154    397     3947    +E8933  
+E8933  3948    3037    3949    
CQUAD9  8935    4       385     384     2398    2406    396     3921    +E8935  
+E8935  3950    3947    3951    
CQUAD9  8937    4       2406    2398    2057    2405    3950    3929    +E8937  
+E8937  3952    3953    3954    
CQUAD9  8939    4       2154    2406    2405    2013    3948    3953    +E8939  
+E8939  3955    3040    3956    
CQUAD9  8941    4       2054    2407    2410    2397    3957    3958    +E8941  
+E8941  3959    3925    3960    
CQUAD9  8943    4       2407    2050    2408    2410    3961    3962    +E8943  
+E8943  3963    3958    3964    
CQUAD9  8945    4       2410    2408    1953    2409    3963    3965    +E8945  
+E8945  3966    3967    3968    
CQUAD9  8947    4       2397    2410    2409    2057    3959    3967    +E8947  
+E8947  3969    3928    3970    
CQUAD9  8949    4       1986    2411    2414    2413    3971    3972    +E8949  
+E8949  3973    3974    3975    
CQUAD9  8951    4       2411    1878    2369    2414    3976    3814    +E8951  
+E8951  3977    3972    3978    
CQUAD9  8953    4       2414    2369    2033    2412    3977    3823    +E8953  
+E8953  3979    3980    3981    
CQUAD9  8955    4       2413    2414    2412    2045    3973    3980    +E8955  
+E8955  3982    3983    3984    
CQUAD9  8957    4       1872    2415    2418    2417    3985    3986    +E8957  
+E8957  3987    3988    3989    
CQUAD9  8959    4       2415    2052    2416    2418    3990    3991    +E8959  
+E8959  3992    3986    3993    
CQUAD9  8961    4       2418    2416    1938    2267    3992    3994    +E8961  
+E8961  3446    3995    3996    
CQUAD9  8963    4       2417    2418    2267    2038    3987    3995    +E8963  
+E8963  3443    3997    3998    
CQUAD9  8965    4       2057    2409    2421    2405    3969    3999    +E8965  
+E8965  4000    3952    4001    
CQUAD9  8967    4       2409    1953    2419    2421    3966    4002    +E8967  
+E8967  4003    3999    4004    
CQUAD9  8969    4       2421    2419    2065    2420    4003    4005    +E8969  
+E8969  4006    4007    4008    
CQUAD9  8971    4       2405    2421    2420    2013    4000    4007    +E8971  
+E8971  4009    3955    4010    
CQUAD9  8973    4       1934    2151    2423    2422    3028    4011    +E8973  
+E8973  4012    4013    4014    
CQUAD9  8975    4       2151    2012    2155    2423    3025    3033    +E8975  
+E8975  4015    4011    4016    
CQUAD9  8977    4       2423    2155    2013    2420    4015    3041    +E8977  
+E8977  4009    4017    4018    
CQUAD9  8979    4       2422    2423    2420    2065    4012    4017    +E8979  
+E8979  4006    4019    4020    
CQUAD9  8981    4       1925    2424    2426    2378    4021    4022    +E8981  
+E8981  4023    3851    4024    
CQUAD9  8983    4       2424    1978    2395    2426    4025    3917    +E8983  
+E8983  4026    4022    4027    
CQUAD9  8985    4       2426    2395    2064    2425    4026    3914    +E8985  
+E8985  4028    4029    4030    
CQUAD9  8987    4       2378    2426    2425    1950    4023    4029    +E8987  
+E8987  4031    3855    4032    
CQUAD9  8989    4       1938    2427    2430    2268    4033    4034    +E8989  
+E8989  4035    3447    4036    
CQUAD9  8991    4       2427    2066    2428    2430    4037    4038    +E8991  
+E8991  4039    4034    4040    
CQUAD9  8993    4       2430    2428    1913    2429    4039    4041    +E8993  
+E8993  4042    4043    4044    
CQUAD9  8995    4       2268    2430    2429    2022    4035    4043    +E8995  
+E8995  4045    3436    4046    
CQUAD9  8997    4       2004    2391    2434    2433    3903    4047    +E8997  
+E8997  4048    4049    4050    
CQUAD9  8999    4       2391    2063    2431    2434    3900    4051    +E8999  
+E8999  4052    4047    4053    
CQUAD9  9001    4       2434    2431    1946    2432    4052    4054    +E9001  
+E9001  4055    4056    4057    
CQUAD9  9003    4       2433    2434    2432    1951    4048    4056    +E9003  
+E9003  4058    4059    4060    
CQUAD9  9005    4       1959    2176    2437    2088    3118    4061    +E9005  
+E9005  4062    2803    4063    
CQUAD9  9007    4       2176    1999    2435    2437    3115    4064    +E9007  
+E9007  4065    4061    4066    
CQUAD9  9009    4       2437    2435    2067    2436    4065    4067    +E9009  
+E9009  4068    4069    4070    
CQUAD9  9011    4       2088    2437    2436    1970    4062    4069    +E9011  
+E9011  4071    2806    4072    
CQUAD9  9013    4       1901    2438    2441    2344    4073    4074    +E9013  
+E9013  4075    3728    4076    
CQUAD9  9015    4       2438    2068    2439    2441    4077    4078    +E9015  
+E9015  4079    4074    4080    
CQUAD9  9017    4       2441    2439    2006    2440    4079    4081    +E9017  
+E9017  4082    4083    4084    
CQUAD9  9019    4       2344    2441    2440    1935    4075    4083    +E9019  
+E9019  4085    3731    4086    
CQUAD9  9021    4       2051    2442    2446    2445    4087    4088    +E9021  
+E9021  4089    4090    4091    
CQUAD9  9023    4       2442    2002    2443    2446    4092    4093    +E9023  
+E9023  4094    4088    4095    
CQUAD9  9025    4       2446    2443    2069    2444    4094    4096    +E9025  
+E9025  4097    4098    4099    
CQUAD9  9027    4       2445    2446    2444    1942    4089    4098    +E9027  
+E9027  4100    4101    4102    
CQUAD9  9029    4       299     2447    2448    300     4103    4104    +E9029  
+E9029  4105    359     4106    
CQUAD9  9031    4       2447    2069    2443    2448    4107    4096    +E9031  
+E9031  4108    4104    4109    
CQUAD9  9033    4       2448    2443    2002    2301    4108    4093    +E9033  
+E9033  3574    4110    4111    
CQUAD9  9035    4       300     2448    2301    301     4105    4110    +E9035  
+E9035  3571    360     4112    
CQUAD9  9037    4       1942    2444    2451    2450    4100    4113    +E9037  
+E9037  4114    4115    4116    
CQUAD9  9039    4       2444    2069    2447    2451    4097    4107    +E9039  
+E9039  4117    4113    4118    
CQUAD9  9041    4       2451    2447    299     2449    4117    4103    +E9041  
+E9041  4119    4120    4121    
CQUAD9  9043    4       2450    2451    2449    1913    4114    4120    +E9043  
+E9043  4122    4123    4124    
CQUAD9  9045    4       1962    2149    2453    2217    3017    4125    +E9045  
+E9045  4126    3262    4127    
CQUAD9  9047    4       2149    2015    2452    2453    3014    4128    +E9047  
+E9047  4129    4125    4130    
CQUAD9  9049    4       2453    2452    1999    2175    4129    4131    +E9049  
+E9049  3114    4132    4133    
CQUAD9  9051    4       2217    2453    2175    1875    4126    4132    +E9051  
+E9051  3109    3265    4134    
CQUAD9  9053    4       1892    2135    2455    2148    2966    4135    +E9053  
+E9053  4136    3010    4137    
CQUAD9  9055    4       2135    1935    2440    2455    2963    4085    +E9055  
+E9055  4138    4135    4139    
CQUAD9  9057    4       2455    2440    2006    2454    4138    4082    +E9057  
+E9057  4140    4141    4142    
CQUAD9  9059    4       2148    2455    2454    2015    4136    4141    +E9059  
+E9059  4143    3013    4144    
CQUAD9  9061    4       2067    2435    2457    2456    4067    4145    +E9061  
+E9061  4146    4147    4148    
CQUAD9  9063    4       2435    1999    2452    2457    4064    4131    +E9063  
+E9063  4149    4145    4150    
CQUAD9  9065    4       2457    2452    2015    2454    4149    4128    +E9065  
+E9065  4143    4151    4152    
CQUAD9  9067    4       2456    2457    2454    2006    4146    4151    +E9067  
+E9067  4140    4153    4154    
CQUAD9  9069    4       1986    2413    2459    2347    3974    4155    +E9069  
+E9069  4156    3743    4157    
CQUAD9  9071    4       2413    2045    2458    2459    3983    4158    +E9071  
+E9071  4159    4155    4160    
CQUAD9  9073    4       2459    2458    2068    2438    4159    4161    +E9073  
+E9073  4077    4162    4163    
CQUAD9  9075    4       2347    2459    2438    1901    4156    4162    +E9075  
+E9075  4073    3735    4164    
CQUAD9  9077    4       2006    2439    2463    2462    4081    4165    +E9077  
+E9077  4166    4167    4168    
CQUAD9  9079    4       2439    2068    2460    2463    4078    4169    +E9079  
+E9079  4170    4165    4171    
CQUAD9  9081    4       2463    2460    1996    2461    4170    4172    +E9081  
+E9081  4173    4174    4175    
CQUAD9  9083    4       2462    2463    2461    1902    4166    4174    +E9083  
+E9083  4176    4177    4178    
CQUAD9  9085    4       1936    2464    2467    2466    4179    4180    +E9085  
+E9085  4181    4182    4183    
CQUAD9  9087    4       2464    1872    2417    2467    4184    3988    +E9087  
+E9087  4185    4180    4186    
CQUAD9  9089    4       2467    2417    2038    2465    4185    3997    +E9089  
+E9089  4187    4188    4189    
CQUAD9  9091    4       2466    2467    2465    1972    4181    4188    +E9091  
+E9091  4190    4191    4192    
CQUAD9  9093    4       1887    2468    2470    2266    4193    4194    +E9093  
+E9093  4195    3439    4196    
CQUAD9  9095    4       2468    1882    2469    2470    4197    4198    +E9095  
+E9095  4199    4194    4200    
CQUAD9  9097    4       2470    2469    1972    2465    4199    4201    +E9097  
+E9097  4190    4202    4203    
CQUAD9  9099    4       2266    2470    2465    2038    4195    4202    +E9099  
+E9099  4187    3442    4204    
CQUAD9  9101    4       305     304     2472    2211    364     4205    +E9101  
+E9101  4206    3241    4207    
CQUAD9  9103    4       304     303     2300    2472    363     3568    +E9103  
+E9103  4208    4205    4209    
CQUAD9  9105    4       2472    2300    1877    2471    4208    3563    +E9105  
+E9105  4210    4211    4212    
CQUAD9  9107    4       2211    2472    2471    1974    4206    4211    +E9107  
+E9107  4213    3244    4214    
CQUAD9  9109    4       281     2473    2476    280     4215    4216    +E9109  
+E9109  4217    340     4218    
CQUAD9  9111    4       2473    1991    2474    2476    4219    4220    +E9111  
+E9111  4221    4216    4222    
CQUAD9  9113    4       2476    2474    2020    2475    4221    4223    +E9113  
+E9113  4224    4225    4226    
CQUAD9  9115    4       280     2476    2475    279     4217    4225    +E9115  
+E9115  4227    339     4228    
CQUAD9  9117    4       1990    2477    2479    2122    4229    4230    +E9117  
+E9117  4231    2917    4232    
CQUAD9  9119    4       2477    1898    2478    2479    4233    4234    +E9119  
+E9119  4235    4230    4236    
CQUAD9  9121    4       2479    2478    2020    2474    4235    4237    +E9121  
+E9121  4223    4238    4239    
CQUAD9  9123    4       2122    2479    2474    1991    4231    4238    +E9123  
+E9123  4220    2920    4240    
CQUAD9  9125    4       1933    2235    2482    2204    3330    4241    +E9125  
+E9125  4242    3213    4243    
CQUAD9  9127    4       2235    1905    2480    2482    3325    4244    +E9127  
+E9127  4245    4241    4246    
CQUAD9  9129    4       2482    2480    2040    2481    4245    4247    +E9129  
+E9129  4248    4249    4250    
CQUAD9  9131    4       2204    2482    2481    1969    4242    4249    +E9131  
+E9131  4251    3216    4252    
CQUAD9  9133    4       1988    2166    2484    2483    3079    4253    +E9133  
+E9133  4254    4255    4256    
CQUAD9  9135    4       2166    1923    2097    2484    3076    2825    +E9135  
+E9135  4257    4253    4258    
CQUAD9  9137    4       2484    2097    1969    2481    4257    2835    +E9137  
+E9137  4251    4259    4260    
CQUAD9  9139    4       2483    2484    2481    2040    4254    4259    +E9139  
+E9139  4248    4261    4262    
CQUAD9  9141    4       1940    2335    2486    2332    3697    4263    +E9141  
+E9141  4264    3684    4265    
CQUAD9  9143    4       2335    1894    2095    2486    3693    2830    +E9143  
+E9143  4266    4263    4267    
CQUAD9  9145    4       2486    2095    1949    2485    4266    2827    +E9145  
+E9145  4268    4269    4270    
CQUAD9  9147    4       2332    2486    2485    2047    4264    4269    +E9147  
+E9147  4271    3687    4272    
CQUAD9  9149    4       297     2290    2487    298     3519    4273    +E9149  
+E9149  4274    357     4275    
CQUAD9  9151    4       2290    2022    2429    2487    3527    4045    +E9151  
+E9151  4276    4273    4277    
CQUAD9  9153    4       2487    2429    1913    2449    4276    4042    +E9153  
+E9153  4122    4278    4279    
CQUAD9  9155    4       298     2487    2449    299     4274    4278    +E9155  
+E9155  4119    358     4280    
CQUAD9  9157    4       2016    2488    2491    2323    4281    4282    +E9157  
+E9157  4283    3653    4284    
CQUAD9  9159    4       2488    2042    2489    2491    4285    4286    +E9159  
+E9159  4287    4282    4288    
CQUAD9  9161    4       2491    2489    1977    2490    4287    4289    +E9161  
+E9161  4290    4291    4292    
CQUAD9  9163    4       2323    2491    2490    1883    4283    4291    +E9163  
+E9163  4293    3642    4294    
CQUAD9  9165    4       1956    2309    2493    2492    3593    4295    +E9165  
+E9165  4296    4297    4298    
CQUAD9  9167    4       2309    1977    2489    2493    3601    4289    +E9167  
+E9167  4299    4295    4300    
CQUAD9  9169    4       2493    2489    2042    2355    4299    4286    +E9169  
+E9169  3774    4301    4302    
CQUAD9  9171    4       2492    2493    2355    1931    4296    4301    +E9171  
+E9171  3769    4303    4304    
CQUAD9  9173    4       309     308     2496    2495    368     4305    +E9173  
+E9173  4306    4307    4308    
CQUAD9  9175    4       308     307     2210    2496    367     3238    +E9175  
+E9175  4309    4305    4310    
CQUAD9  9177    4       2496    2210    1917    2494    4309    3233    +E9177  
+E9177  4311    4312    4313    
CQUAD9  9179    4       2495    2496    2494    1964    4306    4312    +E9179  
+E9179  4314    4315    4316    
CQUAD9  9181    4       277     2497    2500    276     4317    4318    +E9181  
+E9181  4319    336     4320    
CQUAD9  9183    4       2497    2032    2498    2500    4321    4322    +E9183  
+E9183  4323    4318    4324    
CQUAD9  9185    4       2500    2498    1987    2499    4323    4325    +E9185  
+E9185  4326    4327    4328    
CQUAD9  9187    4       276     2500    2499    275     4319    4327    +E9187  
+E9187  4329    335     4330    
CQUAD9  9189    4       2010    2501    2503    2502    4331    4332    +E9189  
+E9189  4333    4334    4335    
CQUAD9  9191    4       2501    1930    2232    2503    4336    3322    +E9191  
+E9191  4337    4332    4338    
CQUAD9  9193    4       2503    2232    1987    2498    4337    3319    +E9193  
+E9193  4325    4339    4340    
CQUAD9  9195    4       2502    2503    2498    2032    4333    4339    +E9195  
+E9195  4322    4341    4342    
CQUAD9  9197    4       1914    2338    2506    2505    3710    4343    +E9197  
+E9197  4344    4345    4346    
CQUAD9  9199    4       2338    1985    2504    2506    3705    4347    +E9199  
+E9199  4348    4343    4349    
CQUAD9  9201    4       2506    2504    1936    2272    4348    4350    +E9201  
+E9201  3462    4351    4352    
CQUAD9  9203    4       2505    2506    2272    2039    4344    4351    +E9203  
+E9203  3459    4353    4354    
CQUAD9  9205    4       1891    2507    2510    2191    4355    4356    +E9205  
+E9205  4357    3167    4358    
CQUAD9  9207    4       2507    2044    2508    2510    4359    4360    +E9207  
+E9207  4361    4356    4362    
CQUAD9  9209    4       2510    2508    1996    2509    4361    4363    +E9209  
+E9209  4364    4365    4366    
CQUAD9  9211    4       2191    2510    2509    1880    4357    4365    +E9211  
+E9211  4367    3158    4368    
CQUAD9  9213    4       2001    2511    2514    2364    4369    4370    +E9213  
+E9213  4371    3805    4372    
CQUAD9  9215    4       2511    1952    2512    2514    4373    4374    +E9215  
+E9215  4375    4370    4376    
CQUAD9  9217    4       2514    2512    1998    2513    4375    4377    +E9217  
+E9217  4378    4379    4380    
CQUAD9  9219    4       2364    2514    2513    1884    4371    4379    +E9219  
+E9219  4381    3808    4382    
CQUAD9  9221    4       1975    2365    2516    2325    3798    4383    +E9221  
+E9221  4384    3655    4385    
CQUAD9  9223    4       2365    1884    2513    2516    3809    4381    +E9223  
+E9223  4386    4383    4387    
CQUAD9  9225    4       2516    2513    1998    2515    4386    4378    +E9225  
+E9225  4388    4389    4390    
CQUAD9  9227    4       2325    2516    2515    1997    4384    4389    +E9227  
+E9227  4391    3660    4392    
CQUAD9  9229    4       1975    2327    2518    2517    3658    4393    +E9229  
+E9229  4394    4395    4396    
CQUAD9  9231    4       2327    1927    2187    2518    3667    3143    +E9231  
+E9231  4397    4393    4398    
CQUAD9  9233    4       2518    2187    1982    2189    4397    3153    +E9233  
+E9233  3160    4399    4400    
CQUAD9  9235    4       2517    2518    2189    1880    4394    4399    +E9235  
+E9235  3155    4401    4402    
CQUAD9  9237    4       1934    2422    2520    2225    4013    4403    +E9237  
+E9237  4404    3293    4405    
CQUAD9  9239    4       2422    2065    2519    2520    4019    4406    +E9239  
+E9239  4407    4403    4408    
CQUAD9  9241    4       2520    2519    1976    2223    4407    4409    +E9241  
+E9241  3274    4410    4411    
CQUAD9  9243    4       2225    2520    2223    1993    4404    4410    +E9243  
+E9243  3285    3296    4412    
CQUAD9  9245    4       7       140     2522    260     144     4413    +E9245  
+E9245  4414    319     4415    
CQUAD9  9247    4       140     139     2521    2522    143     4416    +E9247  
+E9247  4417    4413    4418    
CQUAD9  9249    4       2522    2521    2055    2381    4417    4419    +E9249  
+E9249  3867    4420    4421    
CQUAD9  9251    4       260     2522    2381    261     4414    4420    +E9251  
+E9251  3863    320     4422    
CQUAD9  9253    4       4       2523    2524    138     4423    4424    +E9253  
+E9253  4425    141     4426    
CQUAD9  9255    4       2523    1994    2385    2524    4427    3881    +E9255  
+E9255  4428    4424    4429    
CQUAD9  9257    4       2524    2385    2055    2521    4428    3877    +E9257  
+E9257  4419    4430    4431    
CQUAD9  9259    4       138     2524    2521    139     4425    4430    +E9259  
+E9259  4416    142     4432    
CQUAD9  9261    4       1902    2525    2528    2527    4433    4434    +E9261  
+E9261  4435    4436    4437    
CQUAD9  9263    4       2525    1924    2526    2528    4438    4439    +E9263  
+E9263  4440    4434    4441    
CQUAD9  9265    4       2528    2526    1899    2089    4440    4442    +E9265  
+E9265  2796    4443    4444    
CQUAD9  9267    4       2527    2528    2089    1970    4435    4443    +E9267  
+E9267  2807    4445    4446    
CQUAD9  9269    4       1888    2253    2530    2183    3400    4447    +E9269  
+E9269  4448    3139    4449    
CQUAD9  9271    4       2253    2030    2529    2530    3397    4450    +E9271  
+E9271  4451    4447    4452    
CQUAD9  9273    4       2530    2529    1964    2494    4451    4453    +E9273  
+E9273  4314    4454    4455    
CQUAD9  9275    4       2183    2530    2494    1917    4448    4454    +E9275  
+E9275  4311    3128    4456    
CQUAD9  9277    4       267     2531    2535    2534    4457    4458    +E9277  
+E9277  4459    4460    4461    
CQUAD9  9279    4       2531    1897    2532    2535    4462    4463    +E9279  
+E9279  4464    4458    4465    
CQUAD9  9281    4       2535    2532    1967    2533    4464    4466    +E9281  
+E9281  4467    4468    4469    
CQUAD9  9283    4       2534    2535    2533    1922    4459    4468    +E9283  
+E9283  4470    4471    4472    
CQUAD9  9285    4       309     310     2537    2296    369     4473    +E9285  
+E9285  4474    3551    4475    
CQUAD9  9287    4       310     311     2228    2537    370     3301    +E9287  
+E9287  4476    4473    4477    
CQUAD9  9289    4       2537    2228    2018    2536    4476    3307    +E9289  
+E9289  4478    4479    4480    
CQUAD9  9291    4       2296    2537    2536    2036    4474    4479    +E9291  
+E9291  4481    3543    4482    
CQUAD9  9293    4       1896    2164    2538    2221    3060    4483    +E9293  
+E9293  4484    3277    4485    
CQUAD9  9295    4       2164    1981    2262    2538    3071    3430    +E9295  
+E9295  4486    4483    4487    
CQUAD9  9297    4       2538    2262    2036    2536    4486    3427    +E9297  
+E9297  4481    4488    4489    
CQUAD9  9299    4       2221    2538    2536    2018    4484    4488    +E9299  
+E9299  4478    3280    4490    
CQUAD9  9301    4       267     2534    2541    268     4460    4491    +E9301  
+E9301  4492    327     4493    
CQUAD9  9303    4       2534    1922    2539    2541    4471    4494    +E9303  
+E9303  4495    4491    4496    
CQUAD9  9305    4       2541    2539    2037    2540    4495    4497    +E9305  
+E9305  4498    4499    4500    
CQUAD9  9307    4       268     2541    2540    269     4492    4499    +E9307  
+E9307  4501    328     4502    
CQUAD9  9309    4       2030    2542    2544    2529    4503    4504    +E9309  
+E9309  4505    4450    4506    
CQUAD9  9311    4       2542    2008    2393    2544    4507    3909    +E9311  
+E9311  4508    4504    4509    
CQUAD9  9313    4       2544    2393    2026    2543    4508    3905    +E9313  
+E9313  4510    4511    4512    
CQUAD9  9315    4       2529    2544    2543    1964    4505    4511    +E9315  
+E9315  4513    4453    4514    
CQUAD9  9317    4       1908    2545    2547    2280    4515    4516    +E9317  
+E9317  4517    3487    4518    
CQUAD9  9319    4       2545    2011    2546    2547    4519    4520    +E9319  
+E9319  4521    4516    4522    
CQUAD9  9321    4       2547    2546    2030    2252    4521    4523    +E9321  
+E9321  3396    4524    4525    
CQUAD9  9323    4       2280    2547    2252    2023    4517    4524    +E9323  
+E9323  3393    3492    4526    
CQUAD9  9325    4       2064    2394    2549    2548    3913    4527    +E9325  
+E9325  4528    4529    4530    
CQUAD9  9327    4       2394    2008    2542    2549    3910    4507    +E9327  
+E9327  4531    4527    4532    
CQUAD9  9329    4       2549    2542    2030    2546    4531    4503    +E9329  
+E9329  4523    4533    4534    
CQUAD9  9331    4       2548    2549    2546    2011    4528    4533    +E9331  
+E9331  4520    4535    4536    
CQUAD9  9333    4       1952    2511    2553    2552    4373    4537    +E9333  
+E9333  4538    4539    4540    
CQUAD9  9335    4       2511    2001    2550    2553    4369    4541    +E9335  
+E9335  4542    4537    4543    
CQUAD9  9337    4       2553    2550    1967    2551    4542    4544    +E9337  
+E9337  4545    4546    4547    
CQUAD9  9339    4       2552    2553    2551    2029    4538    4546    +E9339  
+E9339  4548    4549    4550    
CQUAD9  9341    4       279     2475    2555    278     4227    4551    +E9341  
+E9341  4552    338     4553    
CQUAD9  9343    4       2475    2020    2554    2555    4224    4554    +E9343  
+E9343  4555    4551    4556    
CQUAD9  9345    4       2555    2554    2032    2497    4555    4557    +E9345  
+E9345  4321    4558    4559    
CQUAD9  9347    4       278     2555    2497    277     4552    4558    +E9347  
+E9347  4317    337     4560    
CQUAD9  9349    4       1898    2158    2556    2478    3054    4561    +E9349  
+E9349  4562    4234    4563    
CQUAD9  9351    4       2158    2010    2502    2556    3051    4334    +E9351  
+E9351  4564    4561    4565    
CQUAD9  9353    4       2556    2502    2032    2554    4564    4341    +E9353  
+E9353  4557    4566    4567    
CQUAD9  9355    4       2478    2556    2554    2020    4562    4566    +E9355  
+E9355  4554    4237    4568    
CQUAD9  9357    4       1996    2508    2558    2461    4363    4569    +E9357  
+E9357  4570    4173    4571    
CQUAD9  9359    4       2508    2044    2557    2558    4360    4572    +E9359  
+E9359  4573    4569    4574    
CQUAD9  9361    4       2558    2557    1924    2525    4573    4575    +E9361  
+E9361  4438    4576    4577    
CQUAD9  9363    4       2461    2558    2525    1902    4570    4576    +E9363  
+E9363  4433    4176    4578    
CQUAD9  9365    4       1891    2233    2560    2507    3312    4579    +E9365  
+E9365  4580    4355    4581    
CQUAD9  9367    4       2233    1930    2559    2560    3323    4582    +E9367  
+E9367  4583    4579    4584    
CQUAD9  9369    4       2560    2559    1924    2557    4583    4585    +E9369  
+E9369  4575    4586    4587    
CQUAD9  9371    4       2507    2560    2557    2044    4580    4586    +E9371  
+E9371  4572    4359    4588    
CQUAD9  9373    4       2019    2561    2564    2563    4589    4590    +E9373  
+E9373  4591    4592    4593    
CQUAD9  9375    4       2561    2063    2390    2564    4594    3899    +E9375  
+E9375  4595    4590    4596    
CQUAD9  9377    4       2564    2390    2027    2562    4595    3896    +E9377  
+E9377  4597    4598    4599    
CQUAD9  9379    4       2563    2564    2562    2043    4591    4598    +E9379  
+E9379  4600    4601    4602    
CQUAD9  9381    4       315     314     2565    2126    374     4603    +E9381  
+E9381  4604    2927    4605    
CQUAD9  9383    4       314     313     2249    2565    373     3385    +E9383  
+E9383  4606    4603    4607    
CQUAD9  9385    4       2565    2249    1978    2424    4606    3382    +E9385  
+E9385  4025    4608    4609    
CQUAD9  9387    4       2126    2565    2424    1925    4604    4608    +E9387  
+E9387  4021    2931    4610    
CQUAD9  9389    4       2002    2442    2568    2302    4092    4611    +E9389  
+E9389  4612    3575    4613    
CQUAD9  9391    4       2442    2051    2566    2568    4087    4614    +E9391  
+E9391  4615    4611    4616    
CQUAD9  9393    4       2568    2566    1937    2567    4615    4617    +E9393  
+E9393  4618    4619    4620    
CQUAD9  9395    4       2302    2568    2567    1877    4612    4619    +E9395  
+E9395  4621    3566    4622    
CQUAD9  9397    4       293     2245    2571    292     3361    4623    +E9397  
+E9397  4624    352     4625    
CQUAD9  9399    4       2245    1885    2569    2571    3371    4626    +E9399  
+E9399  4627    4623    4628    
CQUAD9  9401    4       2571    2569    1954    2570    4627    4629    +E9401  
+E9401  4630    4631    4632    
CQUAD9  9403    4       292     2571    2570    291     4624    4631    +E9403  
+E9403  4633    351     4634    
CQUAD9  9405    4       1896    2220    2573    2161    3276    4635    +E9405  
+E9405  4636    3057    4637    
CQUAD9  9407    4       2220    1976    2572    2573    3271    4638    +E9407  
+E9407  4639    4635    4640    
CQUAD9  9409    4       2573    2572    2031    2292    4639    4641    +E9409  
+E9409  3535    4642    4643    
CQUAD9  9411    4       2161    2573    2292    2009    4636    4642    +E9411  
+E9411  3532    3062    4644    
CQUAD9  9413    4       132     2169    2575    131     3093    4645    +E9413  
+E9413  4646    135     4647    
CQUAD9  9415    4       2169    1988    2483    2575    3090    4255    +E9415  
+E9415  4648    4645    4649    
CQUAD9  9417    4       2575    2483    2040    2574    4648    4261    +E9417  
+E9417  4650    4651    4652    
CQUAD9  9419    4       131     2575    2574    6       4646    4651    +E9419  
+E9419  4653    134     4654    
CQUAD9  9421    4       2049    2351    2578    2360    3762    4655    +E9421  
+E9421  4656    3790    4657    
CQUAD9  9423    4       2351    1928    2576    2578    3759    4658    +E9423  
+E9423  4659    4655    4660    
CQUAD9  9425    4       2578    2576    2062    2577    4659    4661    +E9425  
+E9425  4662    4663    4664    
CQUAD9  9427    4       2360    2578    2577    2025    4656    4663    +E9427  
+E9427  4665    3793    4666    
CQUAD9  9429    4       1996    2579    2581    2509    4667    4668    +E9429  
+E9429  4669    4364    4670    
CQUAD9  9431    4       2579    2058    2580    2581    4671    4672    +E9431  
+E9431  4673    4668    4674    
CQUAD9  9433    4       2581    2580    1975    2517    4673    4675    +E9433  
+E9433  4395    4676    4677    
CQUAD9  9435    4       2509    2581    2517    1880    4669    4676    +E9435  
+E9435  4401    4367    4678    
CQUAD9  9437    4       2045    2412    2583    2582    3982    4679    +E9437  
+E9437  4680    4681    4682    
CQUAD9  9439    4       2412    2033    2362    2583    3979    3800    +E9439  
+E9439  4683    4679    4684    
CQUAD9  9441    4       2583    2362    1975    2580    4683    3795    +E9441  
+E9441  4675    4685    4686    
CQUAD9  9443    4       2582    2583    2580    2058    4680    4685    +E9443  
+E9443  4672    4687    4688    
CQUAD9  9445    4       2054    2379    2585    2407    3859    4689    +E9445  
+E9445  4690    3957    4691    
CQUAD9  9447    4       2379    1950    2425    2585    3856    4031    +E9447  
+E9447  4692    4689    4693    
CQUAD9  9449    4       2585    2425    2064    2584    4692    4028    +E9449  
+E9449  4694    4695    4696    
CQUAD9  9451    4       2407    2585    2584    2050    4690    4695    +E9451  
+E9451  4697    3961    4698    
CQUAD9  9453    4       1905    2237    2589    2588    3328    4699    +E9453  
+E9453  4700    4701    4702    
CQUAD9  9455    4       2237    1915    2586    2589    3337    4703    +E9455  
+E9455  4704    4699    4705    
CQUAD9  9457    4       2589    2586    2060    2587    4704    4706    +E9457  
+E9457  4707    4708    4709    
CQUAD9  9459    4       2588    2589    2587    2035    4700    4708    +E9459  
+E9459  4710    4711    4712    
CQUAD9  9461    4       2021    2373    2593    2592    3828    4713    +E9461  
+E9461  4714    4715    4716    
CQUAD9  9463    4       2373    1955    2590    2593    3837    4717    +E9463  
+E9463  4718    4713    4719    
CQUAD9  9465    4       2593    2590    2060    2591    4718    4720    +E9465  
+E9465  4721    4722    4723    
CQUAD9  9467    4       2592    2593    2591    2046    4714    4722    +E9467  
+E9467  4724    4725    4726    
CQUAD9  9469    4       1996    2460    2594    2579    4172    4727    +E9469  
+E9469  4728    4667    4729    
CQUAD9  9471    4       2460    2068    2458    2594    4169    4161    +E9471  
+E9471  4730    4727    4731    
CQUAD9  9473    4       2594    2458    2045    2582    4730    4158    +E9473  
+E9473  4681    4732    4733    
CQUAD9  9475    4       2579    2594    2582    2058    4728    4732    +E9475  
+E9475  4687    4671    4734    
CQUAD9  9477    4       2065    2419    2596    2519    4005    4735    +E9477  
+E9477  4736    4406    4737    
CQUAD9  9479    4       2419    1953    2595    2596    4002    4738    +E9479  
+E9479  4739    4735    4740    
CQUAD9  9481    4       2596    2595    2031    2572    4739    4741    +E9481  
+E9481  4641    4742    4743    
CQUAD9  9483    4       2519    2596    2572    1976    4736    4742    +E9483  
+E9483  4638    4409    4744    
CQUAD9  9485    4       2050    2597    2599    2408    4745    4746    +E9485  
+E9485  4747    3962    4748    
CQUAD9  9487    4       2597    2061    2598    2599    4749    4750    +E9487  
+E9487  4751    4746    4752    
CQUAD9  9489    4       2599    2598    2031    2595    4751    4753    +E9489  
+E9489  4741    4754    4755    
CQUAD9  9491    4       2408    2599    2595    1953    4747    4754    +E9491  
+E9491  4738    3965    4756    
CQUAD9  9493    4       2050    2584    2601    2597    4697    4757    +E9493  
+E9493  4758    4745    4759    
CQUAD9  9495    4       2584    2064    2548    2601    4694    4529    +E9495  
+E9495  4760    4757    4761    
CQUAD9  9497    4       2601    2548    2011    2600    4760    4535    +E9497  
+E9497  4762    4763    4764    
CQUAD9  9499    4       2597    2601    2600    2061    4758    4763    +E9499  
+E9499  4765    4749    4766    
CQUAD9  9501    4       1970    2436    2602    2527    4071    4767    +E9501  
+E9501  4768    4445    4769    
CQUAD9  9503    4       2436    2067    2456    2602    4068    4147    +E9503  
+E9503  4770    4767    4771    
CQUAD9  9505    4       2602    2456    2006    2462    4770    4153    +E9505  
+E9505  4167    4772    4773    
CQUAD9  9507    4       2527    2602    2462    1902    4768    4772    +E9507  
+E9507  4177    4436    4774    
CQUAD9  9509    4       1915    2236    2605    2586    3336    4775    +E9509  
+E9509  4776    4703    4777    
CQUAD9  9511    4       2236    1939    2603    2605    3333    4778    +E9511  
+E9511  4779    4775    4780    
CQUAD9  9513    4       2605    2603    1984    2604    4779    4781    +E9513  
+E9513  4782    4783    4784    
CQUAD9  9515    4       2586    2605    2604    2060    4776    4783    +E9515  
+E9515  4785    4706    4786    
CQUAD9  9517    4       311     310     2606    2247    370     4787    +E9517  
+E9517  4788    3373    4789    
CQUAD9  9519    4       310     309     2495    2606    369     4307    +E9519  
+E9519  4790    4787    4791    
CQUAD9  9521    4       2606    2495    1964    2543    4790    4315    +E9521  
+E9521  4513    4792    4793    
CQUAD9  9523    4       2247    2606    2543    2026    4788    4792    +E9523  
+E9523  4510    3377    4794    
CQUAD9  9525    4       1924    2559    2607    2526    4585    4795    +E9525  
+E9525  4796    4439    4797    
CQUAD9  9527    4       2559    1930    2501    2607    4582    4336    +E9527  
+E9527  4798    4795    4799    
CQUAD9  9529    4       2607    2501    2010    2157    4798    4331    +E9529  
+E9529  3050    4800    4801    
CQUAD9  9531    4       2526    2607    2157    1899    4796    4800    +E9531  
+E9531  3047    4442    4802    
CQUAD9  9533    4       2062    2576    2609    2403    4661    4803    +E9533  
+E9533  4804    3945    4805    
CQUAD9  9535    4       2576    1928    2350    2609    4658    3758    +E9535  
+E9535  4806    4803    4807    
CQUAD9  9537    4       2609    2350    2004    2608    4806    3753    +E9537  
+E9537  4808    4809    4810    
CQUAD9  9539    4       2403    2609    2608    2028    4804    4809    +E9539  
+E9539  4811    3934    4812    
CQUAD9  9541    4       2052    2610    2612    2611    4813    4814    +E9541  
+E9541  4815    4816    4817    
CQUAD9  9543    4       2610    2028    2608    2612    4818    4811    +E9543  
+E9543  4819    4814    4820    
CQUAD9  9545    4       2612    2608    2004    2433    4819    4808    +E9545  
+E9545  4049    4821    4822    
CQUAD9  9547    4       2611    2612    2433    1951    4815    4821    +E9547  
+E9547  4059    4823    4824    
CQUAD9  9549    4       2003    2613    2615    2181    4825    4826    +E9549  
+E9549  4827    3131    4828    
CQUAD9  9551    4       2613    1983    2320    2615    4829    3644    +E9551  
+E9551  4830    4826    4831    
CQUAD9  9553    4       2615    2320    1883    2614    4830    3639    +E9553  
+E9553  4832    4833    4834    
CQUAD9  9555    4       2181    2615    2614    1971    4827    4833    +E9555  
+E9555  4835    3134    4836    
CQUAD9  9557    4       1977    2308    2616    2490    3600    4837    +E9557  
+E9557  4838    4290    4839    
CQUAD9  9559    4       2308    2024    2329    2616    3597    3675    +E9559  
+E9559  4840    4837    4841    
CQUAD9  9561    4       2616    2329    1971    2614    4840    3672    +E9561  
+E9561  4835    4842    4843    
CQUAD9  9563    4       2490    2616    2614    1883    4838    4842    +E9563  
+E9563  4832    4293    4844    
CQUAD9  9565    4       2011    2545    2617    2600    4519    4845    +E9565  
+E9565  4846    4762    4847    
CQUAD9  9567    4       2545    1908    2293    2617    4515    3539    +E9567  
+E9567  4848    4845    4849    
CQUAD9  9569    4       2617    2293    2031    2598    4848    3536    +E9569  
+E9569  4753    4850    4851    
CQUAD9  9571    4       2600    2617    2598    2061    4846    4850    +E9571  
+E9571  4750    4765    4852    
CQUAD9  9573    4       2060    2604    2620    2591    4785    4853    +E9573  
+E9573  4854    4721    4855    
CQUAD9  9575    4       2604    1984    2618    2620    4782    4856    +E9575  
+E9575  4857    4853    4858    
CQUAD9  9577    4       2620    2618    1909    2619    4857    4859    +E9577  
+E9577  4860    4861    4862    
CQUAD9  9579    4       2591    2620    2619    2046    4854    4861    +E9579  
+E9579  4863    4724    4864    
CQUAD9  9581    4       2017    2336    2622    2117    3703    4865    +E9581  
+E9581  4866    2901    4867    
CQUAD9  9583    4       2336    1980    2326    2622    3700    3664    +E9583  
+E9583  4868    4865    4869    
CQUAD9  9585    4       2622    2326    1997    2621    4868    3661    +E9585  
+E9585  4870    4871    4872    
CQUAD9  9587    4       2117    2622    2621    1893    4866    4871    +E9587  
+E9587  4873    2904    4874    
CQUAD9  9589    4       1973    2330    2623    2251    3679    4875    +E9589  
+E9589  4876    3387    4877    
CQUAD9  9591    4       2330    2024    2305    2623    3676    3585    +E9591  
+E9591  4878    4875    4879    
CQUAD9  9593    4       2623    2305    2007    2281    4878    3582    +E9593  
+E9593  3496    4880    4881    
CQUAD9  9595    4       2251    2623    2281    2023    4876    4880    +E9595  
+E9595  3493    3392    4882    
CQUAD9  9597    4       2049    2285    2626    2352    3508    4883    +E9597  
+E9597  4884    3763    4885    
CQUAD9  9599    4       2285    1912    2624    2626    3503    4886    +E9599  
+E9599  4887    4883    4888    
CQUAD9  9601    4       2626    2624    1979    2625    4887    4889    +E9601  
+E9601  4890    4891    4892    
CQUAD9  9603    4       2352    2626    2625    2053    4884    4891    +E9603  
+E9603  4893    3766    4894    
CQUAD9  9605    4       2043    2562    2627    2357    4600    4895    +E9605  
+E9605  4896    3779    4897    
CQUAD9  9607    4       2562    2027    2389    2627    4597    3895    +E9607  
+E9607  4898    4895    4899    
CQUAD9  9609    4       2627    2389    2053    2625    4898    3891    +E9609  
+E9609  4893    4900    4901    
CQUAD9  9611    4       2357    2627    2625    1979    4896    4900    +E9611  
+E9611  4890    3782    4902    
CQUAD9  9613    4       114     2628    2630    113     4903    4904    +E9613  
+E9613  4905    121     4906    
CQUAD9  9615    4       2628    2070    2629    2630    4907    4908    +E9615  
+E9615  4909    4904    4910    
CQUAD9  9617    4       2630    2629    1955    2372    4909    4911    +E9617  
+E9617  3836    4912    4913    
CQUAD9  9619    4       113     2630    2372    112     4905    4912    +E9619  
+E9619  3833    120     4914    
CQUAD9  9621    4       114     115     2633    2632    122     4915    +E9621  
+E9621  4916    4917    4918    
CQUAD9  9623    4       115     6       2574    2633    123     4653    +E9623  
+E9623  4919    4915    4920    
CQUAD9  9625    4       2633    2574    2040    2631    4919    4650    +E9625  
+E9625  4921    4922    4923    
CQUAD9  9627    4       2632    2633    2631    2071    4916    4922    +E9627  
+E9627  4924    4925    4926    
CQUAD9  9629    4       2070    2628    2636    2635    4907    4927    +E9629  
+E9629  4928    4929    4930    
CQUAD9  9631    4       2628    114     2632    2636    4903    4917    +E9631  
+E9631  4931    4927    4932    
CQUAD9  9633    4       2636    2632    2071    2634    4931    4925    +E9633  
+E9633  4933    4934    4935    
CQUAD9  9635    4       2635    2636    2634    2035    4928    4934    +E9635  
+E9635  4936    4937    4938    
CQUAD9  9637    4       1939    2118    2639    2603    2908    4939    +E9637  
+E9637  4940    4778    4941    
CQUAD9  9639    4       2118    1893    2637    2639    2905    4942    +E9639  
+E9639  4943    4939    4944    
CQUAD9  9641    4       2639    2637    2072    2638    4943    4945    +E9641  
+E9641  4946    4947    4948    
CQUAD9  9643    4       2603    2639    2638    1984    4940    4947    +E9643  
+E9643  4949    4781    4950    
CQUAD9  9645    4       1997    2515    2641    2621    4391    4951    +E9645  
+E9645  4952    4870    4953    
CQUAD9  9647    4       2515    1998    2640    2641    4388    4954    +E9647  
+E9647  4955    4951    4956    
CQUAD9  9649    4       2641    2640    2072    2637    4955    4957    +E9649  
+E9649  4945    4958    4959    
CQUAD9  9651    4       2621    2641    2637    1893    4952    4958    +E9651  
+E9651  4942    4873    4960    
CQUAD9  9653    4       2042    2488    2644    2356    4285    4961    +E9653  
+E9653  4962    3775    4963    
CQUAD9  9655    4       2488    2016    2642    2644    4281    4964    +E9655  
+E9655  4965    4961    4966    
CQUAD9  9657    4       2644    2642    2073    2643    4965    4967    +E9657  
+E9657  4968    4969    4970    
CQUAD9  9659    4       2356    2644    2643    2043    4962    4969    +E9659  
+E9659  4971    3778    4972    
CQUAD9  9661    4       2051    2645    2647    2646    4973    4974    +E9661  
+E9661  4975    4976    4977    
CQUAD9  9663    4       2645    2019    2563    2647    4978    4592    +E9663  
+E9663  4979    4974    4980    
CQUAD9  9665    4       2647    2563    2043    2643    4979    4601    +E9665  
+E9665  4971    4981    4982    
CQUAD9  9667    4       2646    2647    2643    2073    4975    4981    +E9667  
+E9667  4968    4983    4984    
CQUAD9  9669    4       2051    2445    2650    2645    4090    4985    +E9669  
+E9669  4986    4973    4987    
CQUAD9  9671    4       2445    1942    2648    2650    4101    4988    +E9671  
+E9671  4989    4985    4990    
CQUAD9  9673    4       2650    2648    2074    2649    4989    4991    +E9673  
+E9673  4992    4993    4994    
CQUAD9  9675    4       2645    2650    2649    2019    4986    4993    +E9675  
+E9675  4995    4978    4996    
CQUAD9  9677    4       2019    2649    2652    2561    4995    4997    +E9677  
+E9677  4998    4589    4999    
CQUAD9  9679    4       2649    2074    2651    2652    4992    5000    +E9679  
+E9679  5001    4997    5002    
CQUAD9  9681    4       2652    2651    1946    2431    5001    5003    +E9681  
+E9681  4054    5004    5005    
CQUAD9  9683    4       2561    2652    2431    2063    4998    5004    +E9683  
+E9683  4051    4594    5006    
CQUAD9  9685    4       2056    2653    2656    2387    5007    5008    +E9685  
+E9685  5009    3886    5010    
CQUAD9  9687    4       2653    2075    2654    2656    5011    5012    +E9687  
+E9687  5013    5008    5014    
CQUAD9  9689    4       2656    2654    2059    2655    5013    5015    +E9689  
+E9689  5016    5017    5018    
CQUAD9  9691    4       2387    2656    2655    2041    5009    5017    +E9691  
+E9691  5019    3889    5020    
CQUAD9  9693    4       1913    2428    2658    2450    4041    5021    +E9693  
+E9693  5022    4123    5023    
CQUAD9  9695    4       2428    2066    2657    2658    4038    5024    +E9695  
+E9695  5025    5021    5026    
CQUAD9  9697    4       2658    2657    2074    2648    5025    5027    +E9697  
+E9697  4991    5028    5029    
CQUAD9  9699    4       2450    2658    2648    1942    5022    5028    +E9699  
+E9699  4988    4115    5030    
CQUAD9  9701    4       1938    2659    2660    2427    5031    5032    +E9701  
+E9701  5033    4033    5034    
CQUAD9  9703    4       2659    1946    2651    2660    5035    5003    +E9703  
+E9703  5036    5032    5037    
CQUAD9  9705    4       2660    2651    2074    2657    5036    5000    +E9705  
+E9705  5027    5038    5039    
CQUAD9  9707    4       2427    2660    2657    2066    5033    5038    +E9707  
+E9707  5024    4037    5040    
CQUAD9  9709    4       301     302     2664    2663    361     5041    +E9709  
+E9709  5042    5043    5044    
CQUAD9  9711    4       302     303     2661    2664    362     5045    +E9711  
+E9711  5046    5041    5047    
CQUAD9  9713    4       2664    2661    1876    2662    5046    5048    +E9713  
+E9713  5049    5050    5051    
CQUAD9  9715    4       2663    2664    2662    1960    5042    5050    +E9715  
+E9715  5052    5053    5054    
CQUAD9  9717    4       1984    2638    2667    2618    4949    5055    +E9717  
+E9717  5056    4856    5057    
CQUAD9  9719    4       2638    2072    2665    2667    4946    5058    +E9719  
+E9719  5059    5055    5060    
CQUAD9  9721    4       2667    2665    2076    2666    5059    5061    +E9721  
+E9721  5062    5063    5064    
CQUAD9  9723    4       2618    2667    2666    1909    5056    5063    +E9723  
+E9723  5065    4859    5066    
CQUAD9  9725    4       2048    2317    2669    2278    3631    5067    +E9725  
+E9725  5068    3482    5069    
CQUAD9  9727    4       2317    271     272     2669    3627    331     +E9727  
+E9727  5070    5067    5071    
CQUAD9  9729    4       2669    272     273     2668    5070    332     +E9729  
+E9729  5072    5073    5074    
CQUAD9  9731    4       2278    2669    2668    1879    5068    5073    +E9731  
+E9731  5075    3485    5076    
CQUAD9  9733    4       275     2499    2670    274     4329    5077    +E9733  
+E9733  5078    334     5079    
CQUAD9  9735    4       2499    1987    2231    2670    4326    3318    +E9735  
+E9735  5080    5077    5081    
CQUAD9  9737    4       2670    2231    1879    2668    5080    3315    +E9737  
+E9737  5075    5082    5083    
CQUAD9  9739    4       274     2670    2668    273     5078    5082    +E9739  
+E9739  5072    333     5084    
CQUAD9  9741    4       283     2173    2671    282     3107    5085    +E9741  
+E9741  5086    342     5087    
CQUAD9  9743    4       2173    1944    2123    2671    3104    2924    +E9743  
+E9743  5088    5085    5089    
CQUAD9  9745    4       2671    2123    1991    2473    5088    2921    +E9745  
+E9745  4219    5090    5091    
CQUAD9  9747    4       282     2671    2473    281     5086    5090    +E9747  
+E9747  4215    341     5092    
CQUAD9  9749    4       1986    2346    2673    2411    3742    5093    +E9749  
+E9749  5094    3971    5095    
CQUAD9  9751    4       2346    273     272     2673    3739    332     +E9751  
+E9751  5096    5093    5097    
CQUAD9  9753    4       2673    272     271     2672    5096    331     +E9753  
+E9753  5098    5099    5100    
CQUAD9  9755    4       2411    2673    2672    1878    5094    5099    +E9755  
+E9755  5101    3976    5102    
CQUAD9  9757    4       269     2540    2674    270     4501    5103    +E9757  
+E9757  5104    329     5105    
CQUAD9  9759    4       2540    2037    2367    2674    4498    3816    +E9759  
+E9759  5106    5103    5107    
CQUAD9  9761    4       2674    2367    1878    2672    5106    3811    +E9761  
+E9761  5101    5108    5109    
CQUAD9  9763    4       270     2674    2672    271     5104    5108    +E9763  
+E9763  5098    330     5110    
CQUAD9  9765    4       295     294     2676    2289    354     5111    +E9765  
+E9765  5112    3521    5113    
CQUAD9  9767    4       294     293     2675    2676    353     5114    +E9767  
+E9767  5115    5111    5116    
CQUAD9  9769    4       2676    2675    1882    2468    5115    5117    +E9769  
+E9769  4197    5118    5119    
CQUAD9  9771    4       2289    2676    2468    1887    5112    5118    +E9771  
+E9771  4193    3524    5120    
CQUAD9  9773    4       291     2677    2679    292     5121    5122    +E9773  
+E9773  5123    351     5124    
CQUAD9  9775    4       2677    1957    2678    2679    5125    5126    +E9775  
+E9775  5127    5122    5128    
CQUAD9  9777    4       2679    2678    1882    2675    5127    5129    +E9777  
+E9777  5117    5130    5131    
CQUAD9  9779    4       292     2679    2675    293     5123    5130    +E9779  
+E9779  5114    352     5132    
CQUAD9  9781    4       267     266     2682    2531    326     5133    +E9781  
+E9781  5134    4457    5135    
CQUAD9  9783    4       266     265     2680    2682    325     5136    +E9783  
+E9783  5137    5133    5138    
CQUAD9  9785    4       2682    2680    2059    2681    5137    5139    +E9785  
+E9785  5140    5141    5142    
CQUAD9  9787    4       2531    2682    2681    1897    5134    5141    +E9787  
+E9787  5143    4462    5144    
CQUAD9  9789    4       299     300     2684    2287    359     5145    +E9789  
+E9789  5146    3515    5147    
CQUAD9  9791    4       300     301     2663    2684    360     5043    +E9791  
+E9791  5148    5145    5149    
CQUAD9  9793    4       2684    2663    1960    2683    5148    5053    +E9793  
+E9793  5150    5151    5152    
CQUAD9  9795    4       2287    2684    2683    1912    5146    5151    +E9795  
+E9795  5153    3506    5154    
CQUAD9  9797    4       285     286     2686    2311    345     5155    +E9797  
+E9797  5156    3603    5157    
CQUAD9  9799    4       286     287     2685    2686    346     5158    +E9799  
+E9799  5159    5155    5160    
CQUAD9  9801    4       2686    2685    1958    2082    5159    5161    +E9801  
+E9801  2786    5162    5163    
CQUAD9  9803    4       2311    2686    2082    1873    5156    5162    +E9803  
+E9803  2783    3607    5164    
CQUAD9  9805    4       110     2371    2688    109     3830    5165    +E9805  
+E9805  5166    117     5167    
CQUAD9  9807    4       2371    2021    2687    2688    3825    5168    +E9807  
+E9807  5169    5165    5170    
CQUAD9  9809    4       2688    2687    1994    2523    5169    5171    +E9809  
+E9809  4427    5172    5173    
CQUAD9  9811    4       109     2688    2523    4       5166    5172    +E9811  
+E9811  4423    116     5174    
CQUAD9  9813    4       2046    2689    2690    2592    5175    5176    +E9813  
+E9813  5177    4725    5178    
CQUAD9  9815    4       2689    2056    2386    2690    5179    3885    +E9815  
+E9815  5180    5176    5181    
CQUAD9  9817    4       2690    2386    1994    2687    5180    3882    +E9817  
+E9817  5171    5182    5183    
CQUAD9  9819    4       2592    2690    2687    2021    5177    5182    +E9819  
+E9819  5168    4715    5184    
CQUAD9  9821    4       289     290     2693    2692    349     5185    +E9821  
+E9821  5186    5187    5188    
CQUAD9  9823    4       290     291     2570    2693    350     4633    +E9823  
+E9823  5189    5185    5190    
CQUAD9  9825    4       2693    2570    1954    2691    5189    4630    +E9825  
+E9825  5191    5192    5193    
CQUAD9  9827    4       2692    2693    2691    1911    5186    5192    +E9827  
+E9827  5194    5195    5196    
CQUAD9  9829    4       1990    2121    2697    2696    2916    5197    +E9829  
+E9829  5198    5199    5200    
CQUAD9  9831    4       2121    1907    2694    2697    2911    5201    +E9831  
+E9831  5202    5197    5203    
CQUAD9  9833    4       2697    2694    1903    2695    5202    5204    +E9833  
+E9833  5205    5206    5207    
CQUAD9  9835    4       2696    2697    2695    1921    5198    5206    +E9835  
+E9835  5208    5209    5210    
CQUAD9  9837    4       1916    2698    2700    2196    5211    5212    +E9837  
+E9837  5213    3183    5214    
CQUAD9  9839    4       2698    1903    2699    2700    5215    5216    +E9839  
+E9839  5217    5212    5218    
CQUAD9  9841    4       2700    2699    2005    2106    5217    5219    +E9841  
+E9841  2866    5220    5221    
CQUAD9  9843    4       2196    2700    2106    1941    5213    5220    +E9843  
+E9843  2863    3172    5222    
CQUAD9  9845    4       1948    2208    2702    2701    3231    5223    +E9845  
+E9845  5224    5225    5226    
CQUAD9  9847    4       2208    2005    2699    2702    3228    5219    +E9847  
+E9847  5227    5223    5228    
CQUAD9  9849    4       2702    2699    1903    2694    5227    5216    +E9849  
+E9849  5204    5229    5230    
CQUAD9  9851    4       2701    2702    2694    1907    5224    5229    +E9851  
+E9851  5201    5231    5232    
CQUAD9  9853    4       1912    2683    2704    2624    5153    5233    +E9853  
+E9853  5234    4886    5235    
CQUAD9  9855    4       2683    1960    2703    2704    5150    5236    +E9855  
+E9855  5237    5233    5238    
CQUAD9  9857    4       2704    2703    1931    2358    5237    5239    +E9857  
+E9857  3772    5240    5241    
CQUAD9  9859    4       2624    2704    2358    1979    5234    5240    +E9859  
+E9859  3783    4889    5242    
CQUAD9  9861    4       1943    2177    2707    2706    3122    5243    +E9861  
+E9861  5244    5245    5246    
CQUAD9  9863    4       2177    1959    2087    2707    3119    2802    +E9863  
+E9863  5247    5243    5248    
CQUAD9  9865    4       2707    2087    1945    2705    5247    2799    +E9865  
+E9865  5249    5250    5251    
CQUAD9  9867    4       2706    2707    2705    1921    5244    5250    +E9867  
+E9867  5252    5253    5254    
CQUAD9  9869    4       1898    2477    2708    2159    4233    5255    +E9869  
+E9869  5256    3055    5257    
CQUAD9  9871    4       2477    1990    2696    2708    4229    5199    +E9871  
+E9871  5258    5255    5259    
CQUAD9  9873    4       2708    2696    1921    2705    5258    5209    +E9873  
+E9873  5252    5260    5261    
CQUAD9  9875    4       2159    2708    2705    1945    5256    5260    +E9875  
+E9875  5249    3045    5262    
CQUAD9  9877    4       1936    2504    2711    2464    4350    5263    +E9877  
+E9877  5264    4179    5265    
CQUAD9  9879    4       2504    1985    2709    2711    4347    5266    +E9879  
+E9879  5267    5263    5268    
CQUAD9  9881    4       2711    2709    1889    2710    5267    5269    +E9881  
+E9881  5270    5271    5272    
CQUAD9  9883    4       2464    2711    2710    1872    5264    5271    +E9883  
+E9883  5273    4184    5274    
CQUAD9  9885    4       2028    2610    2712    2400    4818    5275    +E9885  
+E9885  5276    3931    5277    
CQUAD9  9887    4       2610    2052    2415    2712    4813    3990    +E9887  
+E9887  5278    5275    5279    
CQUAD9  9889    4       2712    2415    1872    2710    5278    3985    +E9889  
+E9889  5273    5280    5281    
CQUAD9  9891    4       2400    2712    2710    1889    5276    5280    +E9891  
+E9891  5270    3936    5282    
CQUAD9  9893    4       303     304     2714    2661    363     5283    +E9893  
+E9893  5284    5045    5285    
CQUAD9  9895    4       304     305     2298    2714    364     3555    +E9895  
+E9895  5286    5283    5287    
CQUAD9  9897    4       2714    2298    1956    2713    5286    3561    +E9897  
+E9897  5288    5289    5290    
CQUAD9  9899    4       2661    2714    2713    1876    5284    5289    +E9899  
+E9899  5291    5048    5292    
CQUAD9  9901    4       1960    2662    2715    2703    5052    5293    +E9901  
+E9901  5294    5236    5295    
CQUAD9  9903    4       2662    1876    2713    2715    5049    5291    +E9903  
+E9903  5296    5293    5297    
CQUAD9  9905    4       2715    2713    1956    2492    5296    5288    +E9905  
+E9905  4297    5298    5299    
CQUAD9  9907    4       2703    2715    2492    1931    5294    5298    +E9907  
+E9907  4303    5239    5300    
CQUAD9  9909    4       1992    2716    2719    2718    5301    5302    +E9909  
+E9909  5303    5304    5305    
CQUAD9  9911    4       2716    1954    2569    2719    5306    4629    +E9911  
+E9911  5307    5302    5308    
CQUAD9  9913    4       2719    2569    1885    2717    5307    4626    +E9913  
+E9913  5309    5310    5311    
CQUAD9  9915    4       2718    2719    2717    2000    5303    5310    +E9915  
+E9915  5312    5313    5314    
CQUAD9  9917    4       2025    2577    2720    2244    4665    5315    +E9917  
+E9917  5316    3367    5317    
CQUAD9  9919    4       2577    2062    2402    2720    4662    3944    +E9919  
+E9919  5318    5315    5319    
CQUAD9  9921    4       2720    2402    2000    2717    5318    3941    +E9921  
+E9921  5312    5320    5321    
CQUAD9  9923    4       2244    2720    2717    1885    5316    5320    +E9923  
+E9923  5309    3370    5322    
CQUAD9  9925    4       1946    2659    2721    2432    5035    5323    +E9925  
+E9925  5324    4055    5325    
CQUAD9  9927    4       2659    1938    2416    2721    5031    3994    +E9927  
+E9927  5326    5323    5327    
CQUAD9  9929    4       2721    2416    2052    2611    5326    3991    +E9929  
+E9929  4816    5328    5329    
CQUAD9  9931    4       2432    2721    2611    1951    5324    5328    +E9931  
+E9931  4823    4058    5330    
CQUAD9  9933    4       1922    2533    2722    2539    4470    5331    +E9933  
+E9933  5332    4494    5333    
CQUAD9  9935    4       2533    1967    2550    2722    4467    4544    +E9935  
+E9935  5334    5331    5335    
CQUAD9  9937    4       2722    2550    2001    2368    5334    4541    +E9937  
+E9937  3820    5336    5337    
CQUAD9  9939    4       2539    2722    2368    2037    5332    5336    +E9939  
+E9939  3817    4497    5338    
CQUAD9  9941    4       1881    2099    2723    2105    2842    5339    +E9941  
+E9941  5340    2859    5341    
CQUAD9  9943    4       2099    1895    2202    2723    2837    3200    +E9943  
+E9943  5342    5339    5343    
CQUAD9  9945    4       2723    2202    1961    2193    5342    3207    +E9945  
+E9945  3174    5344    5345    
CQUAD9  9947    4       2105    2723    2193    1941    5340    5344    +E9947  
+E9947  3169    2862    5346    
CQUAD9  9949    4       1921    2695    2725    2706    5208    5347    +E9949  
+E9949  5348    5253    5349    
CQUAD9  9951    4       2695    1903    2698    2725    5205    5215    +E9951  
+E9951  5350    5347    5351    
CQUAD9  9953    4       2725    2698    1916    2724    5350    5211    +E9953  
+E9953  5352    5353    5354    
CQUAD9  9955    4       2706    2725    2724    1943    5348    5353    +E9955  
+E9955  5355    5245    5356    
CQUAD9  9957    4       1906    2218    2726    2195    3269    5357    +E9957  
+E9957  5358    3179    5359    
CQUAD9  9959    4       2218    1875    2178    2726    3266    3112    +E9959  
+E9959  5360    5357    5361    
CQUAD9  9961    4       2726    2178    1943    2724    5360    3123    +E9961  
+E9961  5355    5362    5363    
CQUAD9  9963    4       2195    2726    2724    1916    5358    5362    +E9963  
+E9963  5352    3182    5364    
CQUAD9  9965    4       1918    2727    2730    2729    5365    5366    +E9965  
+E9965  5367    5368    5369    
CQUAD9  9967    4       2727    1926    2728    2730    5370    5371    +E9967  
+E9967  5372    5366    5373    
CQUAD9  9969    4       2730    2728    1882    2678    5372    5374    +E9969  
+E9969  5129    5375    5376    
CQUAD9  9971    4       2729    2730    2678    1957    5367    5375    +E9971  
+E9971  5126    5377    5378    
CQUAD9  9973    4       1936    2466    2731    2273    4182    5379    +E9973  
+E9973  5380    3463    5381    
CQUAD9  9975    4       2466    1972    2469    2731    4191    4201    +E9975  
+E9975  5382    5379    5383    
CQUAD9  9977    4       2731    2469    1882    2728    5382    4198    +E9977  
+E9977  5374    5384    5385    
CQUAD9  9979    4       2273    2731    2728    1926    5380    5384    +E9979  
+E9979  5371    3452    5386    
CQUAD9  9981    4       1907    2124    2732    2701    2914    5387    +E9981  
+E9981  5388    5231    5389    
CQUAD9  9983    4       2124    1944    2172    2732    2925    3103    +E9983  
+E9983  5390    5387    5391    
CQUAD9  9985    4       2732    2172    2014    2312    5390    3100    +E9985  
+E9985  3613    5392    5393    
CQUAD9  9987    4       2701    2732    2312    1948    5388    5392    +E9987  
+E9987  3610    5225    5394    
CQUAD9  9989    4       1918    2733    2734    2727    5395    5396    +E9989  
+E9989  5397    5365    5398    
CQUAD9  9991    4       2733    1965    2215    2734    5399    3257    +E9991  
+E9991  5400    5396    5401    
CQUAD9  9993    4       2734    2215    1995    2270    5400    3254    +E9993  
+E9993  3454    5402    5403    
CQUAD9  9995    4       2727    2734    2270    1926    5397    5402    +E9995  
+E9995  3449    5370    5404    
CQUAD9  9997    4       1998    2512    2736    2640    4377    5405    +E9997  
+E9997  5406    4954    5407    
CQUAD9  9999    4       2512    1952    2552    2736    4374    4539    +E9999  
+E9999  5408    5405    5409    
CQUAD9  10001   4       2736    2552    2029    2735    5408    4549    +E10001 
+E10001 5410    5411    5412    
CQUAD9  10003   4       2640    2736    2735    2072    5406    5411    +E10003 
+E10003 5413    4957    5414    
CQUAD9  10005   4       265     266     2738    2077    325     5415    +E10005 
+E10005 5416    2763    5417    
CQUAD9  10007   4       266     267     2737    2738    326     5418    +E10007 
+E10007 5419    5415    5420    
CQUAD9  10009   4       2738    2737    2047    2485    5419    5421    +E10009 
+E10009 4271    5422    5423    
CQUAD9  10011   4       2077    2738    2485    1949    5416    5422    +E10011 
+E10011 4268    2767    5424    
CQUAD9  10013   4       1955    2629    2739    2590    4911    5425    +E10013 
+E10013 5426    4717    5427    
CQUAD9  10015   4       2629    2070    2635    2739    4908    4929    +E10015 
+E10015 5428    5425    5429    
CQUAD9  10017   4       2739    2635    2035    2587    5428    4937    +E10017 
+E10017 4710    5430    5431    
CQUAD9  10019   4       2590    2739    2587    2060    5426    5430    +E10019 
+E10019 4707    4720    5432    
CQUAD9  10021   4       2059    2740    2742    2681    5433    5434    +E10021 
+E10021 5435    5140    5436    
CQUAD9  10023   4       2740    2076    2741    2742    5437    5438    +E10023 
+E10023 5439    5434    5440    
CQUAD9  10025   4       2742    2741    1967    2532    5439    5441    +E10025 
+E10025 4466    5442    5443    
CQUAD9  10027   4       2681    2742    2532    1897    5435    5442    +E10027 
+E10027 4463    5143    5444    
CQUAD9  10029   4       2072    2735    2743    2665    5413    5445    +E10029 
+E10029 5446    5058    5447    
CQUAD9  10031   4       2735    2029    2551    2743    5410    4548    +E10031 
+E10031 5448    5445    5449    
CQUAD9  10033   4       2743    2551    1967    2741    5448    4545    +E10033 
+E10033 5441    5450    5451    
CQUAD9  10035   4       2665    2743    2741    2076    5446    5450    +E10035 
+E10035 5438    5061    5452    
CQUAD9  10037   4       2035    2634    2744    2588    4936    5453    +E10037 
+E10037 5454    4711    5455    
CQUAD9  10039   4       2634    2071    2631    2744    4933    4924    +E10039 
+E10039 5456    5453    5457    
CQUAD9  10041   4       2744    2631    2040    2480    5456    4921    +E10041 
+E10041 4247    5458    5459    
CQUAD9  10043   4       2588    2744    2480    1905    5454    5458    +E10043 
+E10043 4244    4701    5460    
CQUAD9  10045   4       1911    2691    2745    2112    5194    5461    +E10045 
+E10045 5462    2881    5463    
CQUAD9  10047   4       2691    1954    2716    2745    5191    5306    +E10047 
+E10047 5464    5461    5465    
CQUAD9  10049   4       2745    2716    1992    2340    5464    5301    +E10049 
+E10049 3718    5466    5467    
CQUAD9  10051   4       2112    2745    2340    1900    5462    5466    +E10051 
+E10051 3715    2886    5468    
CQUAD9  10053   4       2016    2322    2746    2642    3652    5469    +E10053 
+E10053 5470    4964    5471    
CQUAD9  10055   4       2322    1937    2566    2746    3649    4617    +E10055 
+E10055 5472    5469    5473    
CQUAD9  10057   4       2746    2566    2051    2646    5472    4614    +E10057 
+E10057 4976    5474    5475    
CQUAD9  10059   4       2642    2746    2646    2073    5470    5474    +E10059 
+E10059 4983    4967    5476    
CQUAD9  10061   4       1909    2666    2748    2747    5065    5477    +E10061 
+E10061 5478    5479    5480    
CQUAD9  10063   4       2666    2076    2740    2748    5062    5437    +E10063 
+E10063 5481    5477    5482    
CQUAD9  10065   4       2748    2740    2059    2654    5481    5433    +E10065 
+E10065 5015    5483    5484    
CQUAD9  10067   4       2747    2748    2654    2075    5478    5483    +E10067 
+E10067 5012    5485    5486    
CQUAD9  10069   4       263     2383    2749    264     3875    5487    +E10069 
+E10069 5488    323     5489    
CQUAD9  10071   4       2383    2041    2655    2749    3872    5019    +E10071 
+E10071 5490    5487    5491    
CQUAD9  10073   4       2749    2655    2059    2680    5490    5016    +E10073 
+E10073 5139    5492    5493    
CQUAD9  10075   4       264     2749    2680    265     5488    5492    +E10075 
+E10075 5136    324     5494    
CQUAD9  10077   4       289     288     2751    2750    348     5495    +E10077 
+E10077 5496    5497    5498    
CQUAD9  10079   4       288     287     2093    2751    347     2821    +E10079 
+E10079 5499    5495    5500    
CQUAD9  10081   4       2751    2093    1965    2733    5499    2818    +E10081 
+E10081 5399    5501    5502    
CQUAD9  10083   4       2750    2751    2733    1918    5496    5501    +E10083 
+E10083 5395    5503    5504    
CQUAD9  10085   4       267     268     2752    2737    327     5505    +E10085 
+E10085 5506    5418    5507    
CQUAD9  10087   4       268     269     2318    2752    328     3637    +E10087 
+E10087 5508    5505    5509    
CQUAD9  10089   4       2752    2318    1919    2333    5508    3634    +E10089 
+E10089 3691    5510    5511    
CQUAD9  10091   4       2737    2752    2333    2047    5506    5510    +E10091 
+E10091 3688    5421    5512    
CQUAD9  10093   4       291     290     2753    2677    350     5513    +E10093 
+E10093 5514    5121    5515    
CQUAD9  10095   4       290     289     2750    2753    349     5497    +E10095 
+E10095 5516    5513    5517    
CQUAD9  10097   4       2753    2750    1918    2729    5516    5503    +E10097 
+E10097 5368    5518    5519    
CQUAD9  10099   4       2677    2753    2729    1957    5514    5518    +E10099 
+E10099 5377    5125    5520    
CQUAD9  10101   4       1983    2613    2755    2321    4829    5521    +E10101 
+E10101 5522    3645    5523    
CQUAD9  10103   4       2613    2003    2754    2755    4825    5524    +E10103 
+E10103 5525    5521    5526    
CQUAD9  10105   4       2755    2754    1877    2567    5525    5527    +E10105 
+E10105 4621    5528    5529    
CQUAD9  10107   4       2321    2755    2567    1937    5522    5528    +E10107 
+E10107 4618    3648    5530    
CQUAD9  10109   4       1917    2212    2756    2180    3236    5531    +E10109 
+E10109 5532    3125    5533    
CQUAD9  10111   4       2212    1974    2471    2756    3245    4213    +E10111 
+E10111 5534    5531    5535    
CQUAD9  10113   4       2756    2471    1877    2754    5534    4210    +E10113 
+E10113 5527    5536    5537    
CQUAD9  10115   4       2180    2756    2754    2003    5532    5536    +E10115 
+E10115 5524    3130    5538    
CQUAD9  10117   4       289     2692    2757    288     5187    5539    +E10117 
+E10117 5540    348     5541    
CQUAD9  10119   4       2692    1911    2114    2757    5195    2884    +E10119 
+E10119 5542    5539    5543    
CQUAD9  10121   4       2757    2114    1958    2685    5542    2893    +E10121 
+E10121 5161    5544    5545    
CQUAD9  10123   4       288     2757    2685    287     5540    5544    +E10123 
+E10123 5158    347     5546    
CQUAD9  10125   4       1985    2341    2758    2709    3708    5547    +E10125 
+E10125 5548    5266    5549    
CQUAD9  10127   4       2341    1992    2718    2758    3719    5304    +E10127 
+E10127 5550    5547    5551    
CQUAD9  10129   4       2758    2718    2000    2401    5550    5313    +E10129 
+E10129 3940    5552    5553    
CQUAD9  10131   4       2709    2758    2401    1889    5548    5552    +E10131 
+E10131 3937    5269    5554    
CQUAD9  10133   4       1900    2339    2760    2113    3714    5555    +E10133 
+E10133 5556    2887    5557    
CQUAD9  10135   4       2339    1914    2759    2760    3711    5558    +E10135 
+E10135 5559    5555    5560    
CQUAD9  10137   4       2760    2759    1989    2239    5559    5561    +E10137 
+E10137 3347    5562    5563    
CQUAD9  10139   4       2113    2760    2239    1932    5556    5562    +E10139 
+E10139 3344    2890    5564    
CQUAD9  10141   4       1914    2505    2761    2759    4345    5565    +E10141 
+E10141 5566    5558    5567    
CQUAD9  10143   4       2505    2039    2275    2761    4353    3471    +E10143 
+E10143 5568    5565    5569    
CQUAD9  10145   4       2761    2275    1947    2101    5568    3468    +E10145 
+E10145 2850    5570    5571    
CQUAD9  10147   4       2759    2761    2101    1989    5566    5570    +E10147 
+E10147 2847    5561    5572    
CQUAD9  10149   4       2046    2619    2762    2689    4863    5573    +E10149 
+E10149 5574    5175    5575    
CQUAD9  10151   4       2619    1909    2747    2762    4860    5479    +E10151 
+E10151 5576    5573    5577    
CQUAD9  10153   4       2762    2747    2075    2653    5576    5485    +E10153 
+E10153 5011    5578    5579    
CQUAD9  10155   4       2689    2762    2653    2056    5574    5578    +E10155 
+E10155 5007    5179    5580    
CQUAD9  10157   5       5581    5613    5616    5592    5657    5658    +E10157 
+E10157 5659    5660    5661    
CQUAD9  10159   5       5613    228     5614    5616    5662    5663    +E10159 
+E10159 5664    5658    5665    
CQUAD9  10161   5       5616    5614    5583    5615    5664    5666    +E10161 
+E10161 5667    5668    5669    
CQUAD9  10163   5       5592    5616    5615    154     5659    5668    +E10163 
+E10163 5670    5671    5672    
CQUAD9  10165   5       5582    5593    5620    5619    5673    5674    +E10165 
+E10165 5675    5676    5677    
CQUAD9  10167   5       5593    158     5617    5620    5678    5679    +E10167 
+E10167 5680    5674    5681    
CQUAD9  10169   5       5620    5617    5585    5618    5680    5682    +E10169 
+E10169 5683    5684    5685    
CQUAD9  10171   5       5619    5620    5618    232     5675    5684    +E10171 
+E10171 5686    5687    5688    
CQUAD9  10173   5       226     225     5622    5621    245     5689    +E10173 
+E10173 5690    5691    5692    
CQUAD9  10175   5       225     224     5610    5622    244     5693    +E10175 
+E10175 5694    5689    5695    
CQUAD9  10177   5       5622    5610    148     149     5694    5696    +E10177 
+E10177 172     5697    5698    
CQUAD9  10179   5       5621    5622    149     150     5690    5697    +E10179 
+E10179 173     5699    5700    
CQUAD9  10181   5       5588    5623    5625    5624    5701    5702    +E10181 
+E10181 5703    5704    5705    
CQUAD9  10183   5       5623    226     5621    5625    5706    5691    +E10183 
+E10183 5707    5702    5708    
CQUAD9  10185   5       5625    5621    150     151     5707    5699    +E10185 
+E10185 174     5709    5710    
CQUAD9  10187   5       5624    5625    151     152     5703    5709    +E10187 
+E10187 175     5711    5712    
CQUAD9  10189   5       5588    5624    5627    5626    5704    5713    +E10189 
+E10189 5714    5715    5716    
CQUAD9  10191   5       5624    152     153     5627    5711    176     +E10191 
+E10191 5717    5713    5718    
CQUAD9  10193   5       5627    153     154     5615    5717    177     +E10193 
+E10193 5670    5719    5720    
CQUAD9  10195   5       5626    5627    5615    5583    5714    5719    +E10195 
+E10195 5667    5721    5722    
CQUAD9  10197   5       5587    5628    5630    5629    5723    5724    +E10197 
+E10197 5725    5726    5727    
CQUAD9  10199   5       5628    5585    5617    5630    5728    5682    +E10199 
+E10199 5729    5724    5730    
CQUAD9  10201   5       5630    5617    158     159     5729    5679    +E10201 
+E10201 182     5731    5732    
CQUAD9  10203   5       5629    5630    159     160     5725    5731    +E10203 
+E10203 183     5733    5734    
CQUAD9  10205   5       5587    5629    5633    5632    5726    5735    +E10205 
+E10205 5736    5737    5738    
CQUAD9  10207   5       5629    160     161     5633    5733    184     +E10207 
+E10207 5739    5735    5740    
CQUAD9  10209   5       5633    161     162     5631    5739    185     +E10209 
+E10209 5741    5742    5743    
CQUAD9  10211   5       5632    5633    5631    234     5736    5742    +E10211 
+E10211 5744    5745    5746    
CQUAD9  10213   5       234     5631    5634    235     5744    5747    +E10213 
+E10213 5748    254     5749    
CQUAD9  10215   5       5631    162     163     5634    5741    186     +E10215 
+E10215 5750    5747    5751    
CQUAD9  10217   5       5634    163     164     5612    5750    187     +E10217 
+E10217 5752    5753    5754    
CQUAD9  10219   5       235     5634    5612    236     5748    5753    +E10219 
+E10219 5755    255     5756    
CQUAD9  10221   5       5583    5614    5635    5626    5666    5757    +E10221 
+E10221 5758    5721    5759    
CQUAD9  10223   5       5614    228     227     5635    5663    247     +E10223 
+E10223 5760    5757    5761    
CQUAD9  10225   5       5635    227     226     5623    5760    246     +E10225 
+E10225 5706    5762    5763    
CQUAD9  10227   5       5626    5635    5623    5588    5758    5762    +E10227 
+E10227 5701    5715    5764    
CQUAD9  10229   5       156     5636    5637    5591    5765    5766    +E10229 
+E10229 5767    5768    5769    
CQUAD9  10231   5       5636    230     229     5637    5770    249     +E10231 
+E10231 5771    5766    5772    
CQUAD9  10233   5       5637    229     228     5613    5771    248     +E10233 
+E10233 5662    5773    5774    
CQUAD9  10235   5       5591    5637    5613    5581    5767    5773    +E10235 
+E10235 5657    5775    5776    
CQUAD9  10237   5       156     5594    5638    5636    5777    5778    +E10237 
+E10237 5779    5765    5780    
CQUAD9  10239   5       5594    5582    5619    5638    5781    5676    +E10239 
+E10239 5782    5778    5783    
CQUAD9  10241   5       5638    5619    232     231     5782    5687    +E10241 
+E10241 251     5784    5785    
CQUAD9  10243   5       5636    5638    231     230     5779    5784    +E10243 
+E10243 250     5770    5786    
CQUAD9  10245   5       5585    5628    5639    5618    5728    5787    +E10245 
+E10245 5788    5683    5789    
CQUAD9  10247   5       5628    5587    5632    5639    5723    5737    +E10247 
+E10247 5790    5787    5791    
CQUAD9  10249   5       5639    5632    234     233     5790    5745    +E10249 
+E10249 253     5792    5793    
CQUAD9  10251   5       5618    5639    233     232     5788    5792    +E10251 
+E10251 252     5686    5794    
CQUAD9  10253   5       222     221     5641    5603    241     5795    +E10253 
+E10253 5796    5797    5798    
CQUAD9  10255   5       221     10      5640    5641    240     5799    +E10255 
+E10255 5800    5795    5801    
CQUAD9  10257   5       5641    5640    5       145     5800    5802    +E10257 
+E10257 168     5803    5804    
CQUAD9  10259   5       5603    5641    145     146     5796    5803    +E10259 
+E10259 169     5805    5806    
CQUAD9  10261   5       5       5640    5642    167     5802    5807    +E10261 
+E10261 5808    191     5809    
CQUAD9  10263   5       5640    10      239     5642    5799    259     +E10263 
+E10263 5810    5807    5811    
CQUAD9  10265   5       5642    239     238     5599    5810    258     +E10265 
+E10265 5812    5813    5814    
CQUAD9  10267   5       167     5642    5599    166     5808    5813    +E10267 
+E10267 5815    190     5816    
CQUAD9  10269   5       154     155     5643    5592    178     5817    +E10269 
+E10269 5818    5671    5819    
CQUAD9  10271   5       155     156     5591    5643    179     5768    +E10271 
+E10271 5820    5817    5821    
CQUAD9  10273   5       5592    5643    5591    5581    5818    5820    +E10273 
+E10273 5775    5660    5822    
CQUAD9  10275   5       156     157     5644    5594    180     5823    +E10275 
+E10275 5824    5777    5825    
CQUAD9  10277   5       157     158     5593    5644    181     5678    +E10277 
+E10277 5826    5823    5827    
CQUAD9  10279   5       5594    5644    5593    5582    5824    5826    +E10279 
+E10279 5673    5781    5828    
CQUAD9  10281   5       5584    5595    5645    5597    5829    5830    +E10281 
+E10281 5831    5832    5833    
CQUAD9  10283   5       5595    238     5596    5645    5834    5835    +E10283 
+E10283 5836    5830    5837    
CQUAD9  10285   5       5597    5645    5596    5590    5831    5836    +E10285 
+E10285 5838    5839    5840    
CQUAD9  10287   5       238     5595    5646    5599    5834    5841    +E10287 
+E10287 5842    5812    5843    
CQUAD9  10289   5       5595    5584    5598    5646    5829    5844    +E10289 
+E10289 5845    5841    5846    
CQUAD9  10291   5       5599    5646    5598    166     5842    5845    +E10291 
+E10291 5847    5815    5848    
CQUAD9  10293   5       222     5600    5647    5602    5849    5850    +E10293 
+E10293 5851    5852    5853    
CQUAD9  10295   5       5600    5586    5601    5647    5854    5855    +E10295 
+E10295 5856    5850    5857    
CQUAD9  10297   5       5602    5647    5601    5589    5851    5856    +E10297 
+E10297 5858    5859    5860    
CQUAD9  10299   5       5586    5600    5648    5604    5854    5861    +E10299 
+E10299 5862    5863    5864    
CQUAD9  10301   5       5600    222     5603    5648    5849    5797    +E10301 
+E10301 5865    5861    5866    
CQUAD9  10303   5       5604    5648    5603    146     5862    5865    +E10303 
+E10303 5805    5867    5868    
CQUAD9  10305   5       148     5605    5649    147     5869    5870    +E10305 
+E10305 5871    171     5872    
CQUAD9  10307   5       5605    5586    5604    5649    5873    5863    +E10307 
+E10307 5874    5870    5875    
CQUAD9  10309   5       147     5649    5604    146     5871    5874    +E10309 
+E10309 5867    170     5876    
CQUAD9  10311   5       5586    5605    5650    5601    5873    5877    +E10311 
+E10311 5878    5855    5879    
CQUAD9  10313   5       5605    148     5606    5650    5869    5880    +E10313 
+E10313 5881    5877    5882    
CQUAD9  10315   5       5601    5650    5606    5589    5878    5881    +E10315 
+E10315 5883    5858    5884    
CQUAD9  10317   5       5584    5607    5651    5598    5885    5886    +E10317 
+E10317 5887    5844    5888    
CQUAD9  10319   5       5607    164     165     5651    5889    188     +E10319 
+E10319 5890    5886    5891    
CQUAD9  10321   5       5598    5651    165     166     5887    5890    +E10321 
+E10321 189     5847    5892    
CQUAD9  10323   5       164     5607    5652    5608    5889    5893    +E10323 
+E10323 5894    5895    5896    
CQUAD9  10325   5       5607    5584    5597    5652    5885    5832    +E10325 
+E10325 5897    5893    5898    
CQUAD9  10327   5       5608    5652    5597    5590    5894    5897    +E10327 
+E10327 5839    5899    5900    
CQUAD9  10329   5       5589    5609    5653    5602    5901    5902    +E10329 
+E10329 5903    5859    5904    
CQUAD9  10331   5       5609    224     223     5653    5905    243     +E10331 
+E10331 5906    5902    5907    
CQUAD9  10333   5       5602    5653    223     222     5903    5906    +E10333 
+E10333 242     5852    5908    
CQUAD9  10335   5       224     5609    5654    5610    5905    5909    +E10335 
+E10335 5910    5693    5911    
CQUAD9  10337   5       5609    5589    5606    5654    5901    5883    +E10337 
+E10337 5912    5909    5913    
CQUAD9  10339   5       5610    5654    5606    148     5910    5912    +E10339 
+E10339 5880    5696    5914    
CQUAD9  10341   5       236     5611    5655    237     5915    5916    +E10341 
+E10341 5917    256     5918    
CQUAD9  10343   5       5611    5590    5596    5655    5919    5838    +E10343 
+E10343 5920    5916    5921    
CQUAD9  10345   5       237     5655    5596    238     5917    5920    +E10345 
+E10345 5835    257     5922    
CQUAD9  10347   5       5590    5611    5656    5608    5919    5923    +E10347 
+E10347 5924    5899    5925    
CQUAD9  10349   5       5611    236     5612    5656    5915    5755    +E10349 
+E10349 5926    5923    5927    
CQUAD9  10351   5       5608    5656    5612    164     5924    5926    +E10351 
+E10351 5752    5895    5928    
CQUAD9  10353   6       403     402     5953    5952    406     6019    +E10353 
+E10353 6020    6021    6022    
CQUAD9  10355   6       402     13      409     5953    405     432     +E10355 
+E10355 6023    6019    6024    
CQUAD9  10357   6       5953    409     410     5951    6023    433     +E10357 
+E10357 6025    6026    6027    
CQUAD9  10359   6       5952    5953    5951    5935    6020    6026    +E10359 
+E10359 6028    6029    6030    
CQUAD9  10361   6       457     456     5956    5955    480     6031    +E10361 
+E10361 6032    6033    6034    
CQUAD9  10363   6       456     12      404     5956    479     408     +E10363 
+E10363 6035    6031    6036    
CQUAD9  10365   6       5956    404     403     5954    6035    407     +E10365 
+E10365 6037    6038    6039    
CQUAD9  10367   6       5955    5956    5954    5936    6032    6038    +E10367 
+E10367 6040    6041    6042    
CQUAD9  10369   6       5936    5957    5959    5955    6043    6044    +E10369 
+E10369 6045    6041    6046    
CQUAD9  10371   6       5957    5933    5958    5959    6047    6048    +E10371 
+E10371 6049    6044    6050    
CQUAD9  10373   6       5959    5958    459     458     6049    6051    +E10373 
+E10373 482     6052    6053    
CQUAD9  10375   6       5955    5959    458     457     6045    6052    +E10375 
+E10375 481     6033    6054    
CQUAD9  10377   6       461     460     5962    5961    484     6055    +E10377 
+E10377 6056    6057    6058    
CQUAD9  10379   6       460     459     5958    5962    483     6051    +E10379 
+E10379 6059    6055    6060    
CQUAD9  10381   6       5962    5958    5933    5960    6059    6048    +E10381 
+E10381 6061    6062    6063    
CQUAD9  10383   6       5961    5962    5960    5934    6056    6062    +E10383 
+E10383 6064    6065    6066    
CQUAD9  10385   6       5935    5951    5965    5964    6028    6067    +E10385 
+E10385 6068    6069    6070    
CQUAD9  10387   6       5951    410     411     5965    6025    434     +E10387 
+E10387 6071    6067    6072    
CQUAD9  10389   6       5965    411     412     5963    6071    435     +E10389 
+E10389 6073    6074    6075    
CQUAD9  10391   6       5964    5965    5963    5933    6068    6074    +E10391 
+E10391 6076    6077    6078    
CQUAD9  10393   6       414     5966    5967    413     6079    6080    +E10393 
+E10393 6081    437     6082    
CQUAD9  10395   6       5966    5934    5960    5967    6083    6064    +E10395 
+E10395 6084    6080    6085    
CQUAD9  10397   6       5967    5960    5933    5963    6084    6061    +E10397 
+E10397 6076    6086    6087    
CQUAD9  10399   6       413     5967    5963    412     6081    6086    +E10399 
+E10399 6073    436     6088    
CQUAD9  10401   6       5934    5968    5970    5961    6089    6090    +E10401 
+E10401 6091    6065    6092    
CQUAD9  10403   6       5968    5930    5969    5970    6093    6094    +E10403 
+E10403 6095    6090    6096    
CQUAD9  10405   6       5970    5969    463     462     6095    6097    +E10405 
+E10405 486     6098    6099    
CQUAD9  10407   6       5961    5970    462     461     6091    6098    +E10407 
+E10407 485     6057    6100    
CQUAD9  10409   6       5934    5966    5972    5968    6083    6101    +E10409 
+E10409 6102    6089    6103    
CQUAD9  10411   6       5966    414     415     5972    6079    438     +E10411 
+E10411 6104    6101    6105    
CQUAD9  10413   6       5972    415     416     5971    6104    439     +E10413 
+E10413 6106    6107    6108    
CQUAD9  10415   6       5968    5972    5971    5930    6102    6107    +E10415 
+E10415 6109    6093    6110    
CQUAD9  10417   6       5929    5973    5976    5975    6111    6112    +E10417 
+E10417 6113    6114    6115    
CQUAD9  10419   6       5973    471     470     5976    6116    494     +E10419 
+E10419 6117    6112    6118    
CQUAD9  10421   6       5976    470     469     5974    6117    493     +E10421 
+E10421 6119    6120    6121    
CQUAD9  10423   6       5975    5976    5974    5931    6113    6120    +E10423 
+E10423 6122    6123    6124    
CQUAD9  10425   6       11      379     5978    5948    390     6125    +E10425 
+E10425 6126    6127    6128    
CQUAD9  10427   6       379     380     5977    5978    391     6129    +E10427 
+E10427 6130    6125    6131    
CQUAD9  10429   6       5978    5977    5931    5974    6130    6132    +E10429 
+E10429 6122    6133    6134    
CQUAD9  10431   6       5948    5978    5974    469     6126    6133    +E10431 
+E10431 6119    6135    6136    
CQUAD9  10433   6       5929    5975    5981    5980    6114    6137    +E10433 
+E10433 6138    6139    6140    
CQUAD9  10435   6       5975    5931    5979    5981    6123    6141    +E10435 
+E10435 6142    6137    6143    
CQUAD9  10437   6       5981    5979    422     423     6142    6144    +E10437 
+E10437 446     6145    6146    
CQUAD9  10439   6       5980    5981    423     424     6138    6145    +E10439 
+E10439 447     6147    6148    
CQUAD9  10441   6       382     5945    5982    381     6149    6150    +E10441 
+E10441 6151    393     6152    
CQUAD9  10443   6       5945    422     5979    5982    6153    6144    +E10443 
+E10443 6154    6150    6155    
CQUAD9  10445   6       5982    5979    5931    5977    6154    6141    +E10445 
+E10445 6132    6156    6157    
CQUAD9  10447   6       381     5982    5977    380     6151    6156    +E10447 
+E10447 6129    392     6158    
CQUAD9  10449   6       5932    5983    5986    5985    6159    6160    +E10449 
+E10449 6161    6162    6163    
CQUAD9  10451   6       5983    475     474     5986    6164    498     +E10451 
+E10451 6165    6160    6166    
CQUAD9  10453   6       5986    474     473     5984    6165    497     +E10453 
+E10453 6167    6168    6169    
CQUAD9  10455   6       5985    5986    5984    5937    6161    6168    +E10455 
+E10455 6170    6171    6172    
CQUAD9  10457   6       471     5973    5988    472     6116    6173    +E10457 
+E10457 6174    495     6175    
CQUAD9  10459   6       5973    5929    5987    5988    6111    6176    +E10459 
+E10459 6177    6173    6178    
CQUAD9  10461   6       5988    5987    5937    5984    6177    6179    +E10461 
+E10461 6170    6180    6181    
CQUAD9  10463   6       472     5988    5984    473     6174    6180    +E10463 
+E10463 6167    496     6182    
CQUAD9  10465   6       5932    5985    5991    5990    6162    6183    +E10465 
+E10465 6184    6185    6186    
CQUAD9  10467   6       5985    5937    5989    5991    6171    6187    +E10467 
+E10467 6188    6183    6189    
CQUAD9  10469   6       5991    5989    426     427     6188    6190    +E10469 
+E10469 450     6191    6192    
CQUAD9  10471   6       5990    5991    427     428     6184    6191    +E10471 
+E10471 451     6193    6194    
CQUAD9  10473   6       424     425     5992    5980    448     6195    +E10473 
+E10473 6196    6147    6197    
CQUAD9  10475   6       425     426     5989    5992    449     6190    +E10475 
+E10475 6198    6195    6199    
CQUAD9  10477   6       5992    5989    5937    5987    6198    6187    +E10477 
+E10477 6179    6200    6201    
CQUAD9  10479   6       5980    5992    5987    5929    6196    6200    +E10479 
+E10479 6176    6139    6202    
CQUAD9  10481   6       403     5993    5995    402     6203    6204    +E10481 
+E10481 6205    406     6206    
CQUAD9  10483   6       5993    5938    5994    5995    6207    6208    +E10483 
+E10483 6209    6204    6210    
CQUAD9  10485   6       5995    5994    430     431     6209    6211    +E10485 
+E10485 454     6212    6213    
CQUAD9  10487   6       402     5995    431     13      6205    6212    +E10487 
+E10487 455     405     6214    
CQUAD9  10489   6       428     429     5997    5990    452     6215    +E10489 
+E10489 6216    6193    6217    
CQUAD9  10491   6       429     430     5994    5997    453     6211    +E10491 
+E10491 6218    6215    6219    
CQUAD9  10493   6       5997    5994    5938    5996    6218    6208    +E10493 
+E10493 6220    6221    6222    
CQUAD9  10495   6       5990    5997    5996    5932    6216    6221    +E10495 
+E10495 6223    6185    6224    
CQUAD9  10497   6       475     5983    5999    476     6164    6225    +E10497 
+E10497 6226    499     6227    
CQUAD9  10499   6       5983    5932    5996    5999    6159    6223    +E10499 
+E10499 6228    6225    6229    
CQUAD9  10501   6       5999    5996    5938    5998    6228    6220    +E10501 
+E10501 6230    6231    6232    
CQUAD9  10503   6       476     5999    5998    477     6226    6231    +E10503 
+E10503 6233    500     6234    
CQUAD9  10505   6       463     6000    6002    464     6235    6236    +E10505 
+E10505 6237    487     6238    
CQUAD9  10507   6       6000    5939    6001    6002    6239    6240    +E10507 
+E10507 6241    6236    6242    
CQUAD9  10509   6       6002    6001    386     5950    6241    6243    +E10509 
+E10509 6244    6245    6246    
CQUAD9  10511   6       464     6002    5950    465     6237    6245    +E10511 
+E10511 6247    488     6248    
CQUAD9  10513   6       418     5943    6005    6004    6249    6250    +E10513 
+E10513 6251    6252    6253    
CQUAD9  10515   6       5943    386     6001    6005    6254    6243    +E10515 
+E10515 6255    6250    6256    
CQUAD9  10517   6       6005    6001    5939    6003    6255    6240    +E10517 
+E10517 6257    6258    6259    
CQUAD9  10519   6       6004    6005    6003    5940    6251    6258    +E10519 
+E10519 6260    6261    6262    
CQUAD9  10521   6       418     6004    6007    417     6252    6263    +E10521 
+E10521 6264    441     6265    
CQUAD9  10523   6       6004    5940    6006    6007    6261    6266    +E10523 
+E10523 6267    6263    6268    
CQUAD9  10525   6       6007    6006    5930    5971    6267    6269    +E10525 
+E10525 6109    6270    6271    
CQUAD9  10527   6       417     6007    5971    416     6264    6270    +E10527 
+E10527 6106    440     6272    
CQUAD9  10529   6       5930    6006    6008    5969    6269    6273    +E10529 
+E10529 6274    6094    6275    
CQUAD9  10531   6       6006    5940    6003    6008    6266    6260    +E10531 
+E10531 6276    6273    6277    
CQUAD9  10533   6       6008    6003    5939    6000    6276    6257    +E10533 
+E10533 6239    6278    6279    
CQUAD9  10535   6       5969    6008    6000    463     6274    6278    +E10535 
+E10535 6235    6097    6280    
CQUAD9  10537   6       403     5952    6009    5954    6021    6281    +E10537 
+E10537 6282    6037    6283    
CQUAD9  10539   6       5952    5935    5964    6009    6029    6069    +E10539 
+E10539 6284    6281    6285    
CQUAD9  10541   6       6009    5964    5933    5957    6284    6077    +E10541 
+E10541 6047    6286    6287    
CQUAD9  10543   6       5954    6009    5957    5936    6282    6286    +E10543 
+E10543 6043    6040    6288    
CQUAD9  10545   6       403     404     6010    5993    407     6289    +E10545 
+E10545 6290    6203    6291    
CQUAD9  10547   6       404     12      478     6010    408     502     +E10547 
+E10547 6292    6289    6293    
CQUAD9  10549   6       6010    478     477     5998    6292    501     +E10549 
+E10549 6233    6294    6295    
CQUAD9  10551   6       5993    6010    5998    5938    6290    6294    +E10551 
+E10551 6230    6207    6296    
CQUAD9  10553   6       384     5941    6011    5942    6297    6298    +E10553 
+E10553 6299    6300    6301    
CQUAD9  10555   6       5941    418     419     6011    6302    442     +E10555 
+E10555 6303    6298    6304    
CQUAD9  10557   6       5942    6011    419     420     6299    6303    +E10557 
+E10557 443     6305    6306    
CQUAD9  10559   6       418     5941    6012    5943    6302    6307    +E10559 
+E10559 6308    6249    6309    
CQUAD9  10561   6       5941    384     385     6012    6297    396     +E10561 
+E10561 6310    6307    6311    
CQUAD9  10563   6       5943    6012    385     386     6308    6310    +E10563 
+E10563 397     6254    6312    
CQUAD9  10565   6       420     5944    6013    5942    6313    6314    +E10565 
+E10565 6315    6305    6316    
CQUAD9  10567   6       5944    382     383     6013    6317    394     +E10567 
+E10567 6318    6314    6319    
CQUAD9  10569   6       5942    6013    383     384     6315    6318    +E10569 
+E10569 395     6300    6320    
CQUAD9  10571   6       382     5944    6014    5945    6317    6321    +E10571 
+E10571 6322    6149    6323    
CQUAD9  10573   6       5944    420     421     6014    6313    444     +E10573 
+E10573 6324    6321    6325    
CQUAD9  10575   6       5945    6014    421     422     6322    6324    +E10575 
+E10575 445     6153    6326    
CQUAD9  10577   6       11      5946    6015    389     6327    6328    +E10577 
+E10577 6329    401     6330    
CQUAD9  10579   6       5946    467     5947    6015    6331    6332    +E10579 
+E10579 6333    6328    6334    
CQUAD9  10581   6       389     6015    5947    388     6329    6333    +E10581 
+E10581 6335    400     6336    
CQUAD9  10583   6       467     5946    6016    468     6331    6337    +E10583 
+E10583 6338    491     6339    
CQUAD9  10585   6       5946    11      5948    6016    6327    6127    +E10585 
+E10585 6340    6337    6341    
CQUAD9  10587   6       468     6016    5948    469     6338    6340    +E10587 
+E10587 6135    492     6342    
CQUAD9  10589   6       388     5949    6017    387     6343    6344    +E10589 
+E10589 6345    399     6346    
CQUAD9  10591   6       5949    465     5950    6017    6347    6247    +E10591 
+E10591 6348    6344    6349    
CQUAD9  10593   6       387     6017    5950    386     6345    6348    +E10593 
+E10593 6244    398     6350    
CQUAD9  10595   6       465     5949    6018    466     6347    6351    +E10595 
+E10595 6352    489     6353    
CQUAD9  10597   6       5949    388     5947    6018    6343    6335    +E10597 
+E10597 6354    6351    6355    
CQUAD9  10599   6       466     6018    5947    467     6352    6354    +E10599 
+E10599 6332    490     6356    
CQUAD9  10601   7       6360    6365    6368    6367    6405    6406    +E10601 
+E10601 6407    6408    6409    
CQUAD9  10603   7       6365    422     421     6368    6410    445     +E10603 
+E10603 6411    6406    6412    
CQUAD9  10605   7       6368    421     420     6366    6411    444     +E10605 
+E10605 6413    6414    6415    
CQUAD9  10607   7       6367    6368    6366    6361    6407    6414    +E10607 
+E10607 6416    6417    6418    
CQUAD9  10609   7       6359    6369    6372    6371    6419    6420    +E10609 
+E10609 6421    6422    6423    
CQUAD9  10611   7       6369    410     409     6372    6424    433     +E10611 
+E10611 6425    6420    6426    
CQUAD9  10613   7       6372    409     13      6370    6425    432     +E10613 
+E10613 6427    6428    6429    
CQUAD9  10615   7       6371    6372    6370    6364    6421    6428    +E10615 
+E10615 6430    6431    6432    
CQUAD9  10617   7       6363    6373    6376    6375    6433    6434    +E10617 
+E10617 6435    6436    6437    
CQUAD9  10619   7       6373    6360    6374    6376    6438    6439    +E10619 
+E10619 6440    6434    6441    
CQUAD9  10621   7       6376    6374    506     507     6440    6442    +E10621 
+E10621 514     6443    6444    
CQUAD9  10623   7       6375    6376    507     508     6435    6443    +E10623 
+E10623 515     6445    6446    
CQUAD9  10625   7       6362    6377    6380    6379    6447    6448    +E10625 
+E10625 6449    6450    6451    
CQUAD9  10627   7       6377    504     505     6380    6452    512     +E10627 
+E10627 6453    6448    6454    
CQUAD9  10629   7       6380    505     506     6378    6453    513     +E10629 
+E10629 6455    6456    6457    
CQUAD9  10631   7       6379    6380    6378    6358    6449    6456    +E10631 
+E10631 6458    6459    6460    
CQUAD9  10633   7       14      6381    6383    509     6461    6462    +E10633 
+E10633 6463    517     6464    
CQUAD9  10635   7       6381    6357    6382    6383    6465    6466    +E10635 
+E10635 6467    6462    6468    
CQUAD9  10637   7       6383    6382    6363    6375    6467    6469    +E10637 
+E10637 6436    6470    6471    
CQUAD9  10639   7       509     6383    6375    508     6463    6470    +E10639 
+E10639 6445    516     6472    
CQUAD9  10641   7       6360    6367    6385    6374    6408    6473    +E10641 
+E10641 6474    6439    6475    
CQUAD9  10643   7       6367    6361    6384    6385    6417    6476    +E10643 
+E10643 6477    6473    6478    
CQUAD9  10645   7       6385    6384    6358    6378    6477    6479    +E10645 
+E10645 6458    6480    6481    
CQUAD9  10647   7       6374    6385    6378    506     6474    6480    +E10647 
+E10647 6455    6442    6482    
CQUAD9  10649   7       14      503     6388    6387    510     6483    +E10649 
+E10649 6484    6485    6486    
CQUAD9  10651   7       503     504     6377    6388    511     6452    +E10651 
+E10651 6487    6483    6488    
CQUAD9  10653   7       6388    6377    6362    6386    6487    6447    +E10653 
+E10653 6489    6490    6491    
CQUAD9  10655   7       6387    6388    6386    6359    6484    6490    +E10655 
+E10655 6492    6493    6494    
CQUAD9  10657   7       6359    6371    6390    6387    6422    6495    +E10657 
+E10657 6496    6493    6497    
CQUAD9  10659   7       6371    6364    6389    6390    6431    6498    +E10659 
+E10659 6499    6495    6500    
CQUAD9  10661   7       6390    6389    6357    6381    6499    6501    +E10661 
+E10661 6465    6502    6503    
CQUAD9  10663   7       6387    6390    6381    14      6496    6502    +E10663 
+E10663 6461    6485    6504    
CQUAD9  10665   7       6362    6379    6393    6392    6450    6505    +E10665 
+E10665 6506    6507    6508    
CQUAD9  10667   7       6379    6358    6391    6393    6459    6509    +E10667 
+E10667 6510    6505    6511    
CQUAD9  10669   7       6393    6391    418     417     6510    6512    +E10669 
+E10669 441     6513    6514    
CQUAD9  10671   7       6392    6393    417     416     6506    6513    +E10671 
+E10671 440     6515    6516    
CQUAD9  10673   7       6363    6394    6395    6373    6517    6518    +E10673 
+E10673 6519    6433    6520    
CQUAD9  10675   7       6394    424     423     6395    6521    447     +E10675 
+E10675 6522    6518    6523    
CQUAD9  10677   7       6395    423     422     6365    6522    446     +E10677 
+E10677 6410    6524    6525    
CQUAD9  10679   7       6373    6395    6365    6360    6519    6524    +E10679 
+E10679 6405    6438    6526    
CQUAD9  10681   7       424     6394    6397    425     6521    6527    +E10681 
+E10681 6528    448     6529    
CQUAD9  10683   7       6394    6363    6396    6397    6517    6530    +E10683 
+E10683 6531    6527    6532    
CQUAD9  10685   7       6397    6396    428     427     6531    6533    +E10685 
+E10685 451     6534    6535    
CQUAD9  10687   7       425     6397    427     426     6528    6534    +E10687 
+E10687 450     449     6536    
CQUAD9  10689   7       416     415     6399    6392    439     6537    +E10689 
+E10689 6538    6515    6539    
CQUAD9  10691   7       415     414     413     6399    438     437     +E10691 
+E10691 6540    6537    6541    
CQUAD9  10693   7       6399    413     412     6398    6540    436     +E10693 
+E10693 6542    6543    6544    
CQUAD9  10695   7       6392    6399    6398    6362    6538    6543    +E10695 
+E10695 6545    6507    6546    
CQUAD9  10697   7       420     419     6400    6366    443     6547    +E10697 
+E10697 6548    6413    6549    
CQUAD9  10699   7       419     418     6391    6400    442     6512    +E10699 
+E10699 6550    6547    6551    
CQUAD9  10701   7       6400    6391    6358    6384    6550    6509    +E10701 
+E10701 6479    6552    6553    
CQUAD9  10703   7       6366    6400    6384    6361    6548    6552    +E10703 
+E10703 6476    6416    6554    
CQUAD9  10705   7       13      431     6402    6370    455     6555    +E10705 
+E10705 6556    6427    6557    
CQUAD9  10707   7       431     430     6401    6402    454     6558    +E10707 
+E10707 6559    6555    6560    
CQUAD9  10709   7       6402    6401    6357    6389    6559    6561    +E10709 
+E10709 6501    6562    6563    
CQUAD9  10711   7       6370    6402    6389    6364    6556    6562    +E10711 
+E10711 6498    6430    6564    
CQUAD9  10713   7       430     429     6403    6401    453     6565    +E10713 
+E10713 6566    6558    6567    
CQUAD9  10715   7       429     428     6396    6403    452     6533    +E10715 
+E10715 6568    6565    6569    
CQUAD9  10717   7       6403    6396    6363    6382    6568    6530    +E10717 
+E10717 6469    6570    6571    
CQUAD9  10719   7       6401    6403    6382    6357    6566    6570    +E10719 
+E10719 6466    6561    6572    
CQUAD9  10721   7       410     6369    6404    411     6424    6573    +E10721 
+E10721 6574    434     6575    
CQUAD9  10723   7       6369    6359    6386    6404    6419    6492    +E10723 
+E10723 6576    6573    6577    
CQUAD9  10725   7       6404    6386    6362    6398    6576    6489    +E10725 
+E10725 6545    6578    6579    
CQUAD9  10727   7       411     6404    6398    412     6574    6578    +E10727 
+E10727 6542    435     6580    
CQUAD9  10729   8       6584    6589    6592    6591    6629    6630    +E10729 
+E10729 6631    6632    6633    
CQUAD9  10731   8       6589    6585    6590    6592    6634    6635    +E10731 
+E10731 6636    6630    6637    
CQUAD9  10733   8       6592    6590    467     468     6636    6638    +E10733 
+E10733 491     6639    6640    
CQUAD9  10735   8       6591    6592    468     469     6631    6639    +E10735 
+E10735 492     6641    6642    
CQUAD9  10737   8       6583    6593    6596    6595    6643    6644    +E10737 
+E10737 6645    6646    6647    
CQUAD9  10739   8       6593    6588    6594    6596    6648    6649    +E10739 
+E10739 6650    6644    6651    
CQUAD9  10741   8       6596    6594    12      456     6650    6652    +E10741 
+E10741 479     6653    6654    
CQUAD9  10743   8       6595    6596    456     457     6645    6653    +E10743 
+E10743 480     6655    6656    
CQUAD9  10745   8       6587    6597    6600    6599    6657    6658    +E10745 
+E10745 6659    6660    6661    
CQUAD9  10747   8       6597    523     522     6600    6662    530     +E10747 
+E10747 6663    6658    6664    
CQUAD9  10749   8       6600    522     521     6598    6663    529     +E10749 
+E10749 6665    6666    6667    
CQUAD9  10751   8       6599    6600    6598    6584    6659    6666    +E10751 
+E10751 6668    6669    6670    
CQUAD9  10753   8       6586    6601    6604    6603    6671    6672    +E10753 
+E10753 6673    6674    6675    
CQUAD9  10755   8       6601    6582    6602    6604    6676    6677    +E10755 
+E10755 6678    6672    6679    
CQUAD9  10757   8       6604    6602    521     520     6678    6680    +E10757 
+E10757 528     6681    6682    
CQUAD9  10759   8       6603    6604    520     519     6673    6681    +E10759 
+E10759 527     6683    6684    
CQUAD9  10761   8       15      524     6607    6606    532     6685    +E10761 
+E10761 6686    6687    6688    
CQUAD9  10763   8       524     523     6597    6607    531     6662    +E10763 
+E10763 6689    6685    6690    
CQUAD9  10765   8       6607    6597    6587    6605    6689    6657    +E10765 
+E10765 6691    6692    6693    
CQUAD9  10767   8       6606    6607    6605    6581    6686    6692    +E10767 
+E10767 6694    6695    6696    
CQUAD9  10769   8       6584    6598    6609    6589    6668    6697    +E10769 
+E10769 6698    6629    6699    
CQUAD9  10771   8       6598    521     6602    6609    6665    6680    +E10771 
+E10771 6700    6697    6701    
CQUAD9  10773   8       6609    6602    6582    6608    6700    6677    +E10773 
+E10773 6702    6703    6704    
CQUAD9  10775   8       6589    6609    6608    6585    6698    6703    +E10775 
+E10775 6705    6634    6706    
CQUAD9  10777   8       15      6610    6612    518     6707    6708    +E10777 
+E10777 6709    525     6710    
CQUAD9  10779   8       6610    6583    6611    6612    6711    6712    +E10779 
+E10779 6713    6708    6714    
CQUAD9  10781   8       6612    6611    6586    6603    6713    6715    +E10781 
+E10781 6674    6716    6717    
CQUAD9  10783   8       518     6612    6603    519     6709    6716    +E10783 
+E10783 6683    526     6718    
CQUAD9  10785   8       6583    6610    6614    6593    6711    6719    +E10785 
+E10785 6720    6643    6721    
CQUAD9  10787   8       6610    15      6606    6614    6707    6687    +E10787 
+E10787 6722    6719    6723    
CQUAD9  10789   8       6614    6606    6581    6613    6722    6695    +E10789 
+E10789 6724    6725    6726    
CQUAD9  10791   8       6593    6614    6613    6588    6720    6725    +E10791 
+E10791 6727    6648    6728    
CQUAD9  10793   8       6586    6615    6617    6601    6729    6730    +E10793 
+E10793 6731    6671    6732    
CQUAD9  10795   8       6615    463     464     6617    6733    487     +E10795 
+E10795 6734    6730    6735    
CQUAD9  10797   8       6617    464     465     6616    6734    488     +E10797 
+E10797 6736    6737    6738    
CQUAD9  10799   8       6601    6617    6616    6582    6731    6737    +E10799 
+E10799 6739    6676    6740    
CQUAD9  10801   8       6587    6599    6619    6618    6660    6741    +E10801 
+E10801 6742    6743    6744    
CQUAD9  10803   8       6599    6584    6591    6619    6669    6632    +E10803 
+E10803 6745    6741    6746    
CQUAD9  10805   8       6619    6591    469     470     6745    6641    +E10805 
+E10805 493     6747    6748    
CQUAD9  10807   8       6618    6619    470     471     6742    6747    +E10807 
+E10807 494     6749    6750    
CQUAD9  10809   8       471     472     6621    6618    495     6751    +E10809 
+E10809 6752    6749    6753    
CQUAD9  10811   8       472     473     474     6621    496     497     +E10811 
+E10811 6754    6751    6755    
CQUAD9  10813   8       6621    474     475     6620    6754    498     +E10813 
+E10813 6756    6757    6758    
CQUAD9  10815   8       6618    6621    6620    6587    6752    6757    +E10815 
+E10815 6759    6743    6760    
CQUAD9  10817   8       463     6615    6623    462     6733    6761    +E10817 
+E10817 6762    486     6763    
CQUAD9  10819   8       6615    6586    6622    6623    6729    6764    +E10819 
+E10819 6765    6761    6766    
CQUAD9  10821   8       6623    6622    459     460     6765    6767    +E10821 
+E10821 483     6768    6769    
CQUAD9  10823   8       462     6623    460     461     6762    6768    +E10823 
+E10823 484     485     6770    
CQUAD9  10825   8       467     6590    6624    466     6638    6771    +E10825 
+E10825 6772    490     6773    
CQUAD9  10827   8       6590    6585    6608    6624    6635    6705    +E10827 
+E10827 6774    6771    6775    
CQUAD9  10829   8       6624    6608    6582    6616    6774    6702    +E10829 
+E10829 6739    6776    6777    
CQUAD9  10831   8       466     6624    6616    465     6772    6776    +E10831 
+E10831 6736    489     6778    
CQUAD9  10833   8       12      6594    6626    478     6652    6779    +E10833 
+E10833 6780    502     6781    
CQUAD9  10835   8       6594    6588    6613    6626    6649    6727    +E10835 
+E10835 6782    6779    6783    
CQUAD9  10837   8       6626    6613    6581    6625    6782    6724    +E10837 
+E10837 6784    6785    6786    
CQUAD9  10839   8       478     6626    6625    477     6780    6785    +E10839 
+E10839 6787    501     6788    
CQUAD9  10841   8       477     6625    6627    476     6787    6789    +E10841 
+E10841 6790    500     6791    
CQUAD9  10843   8       6625    6581    6605    6627    6784    6694    +E10843 
+E10843 6792    6789    6793    
CQUAD9  10845   8       6627    6605    6587    6620    6792    6691    +E10845 
+E10845 6759    6794    6795    
CQUAD9  10847   8       476     6627    6620    475     6790    6794    +E10847 
+E10847 6756    499     6796    
CQUAD9  10849   8       457     458     6628    6595    481     6797    +E10849 
+E10849 6798    6655    6799    
CQUAD9  10851   8       458     459     6622    6628    482     6767    +E10851 
+E10851 6800    6797    6801    
CQUAD9  10853   8       6628    6622    6586    6611    6800    6764    +E10853 
+E10853 6715    6802    6803    
CQUAD9  10855   8       6595    6628    6611    6583    6798    6802    +E10855 
+E10855 6712    6646    6804    
CQUAD9  10857   9       534     533     6822    6815    537     6842    +E10857 
+E10857 6843    6844    6845    
CQUAD9  10859   9       533     14      509     6822    536     517     +E10859 
+E10859 6846    6842    6847    
CQUAD9  10861   9       6822    509     508     6821    6846    516     +E10861 
+E10861 6848    6849    6850    
CQUAD9  10863   9       6815    6822    6821    6805    6843    6849    +E10863 
+E10863 6851    6852    6853    
CQUAD9  10865   9       523     524     6824    6823    531     6854    +E10865 
+E10865 6855    6856    6857    
CQUAD9  10867   9       524     15      535     6824    532     539     +E10867 
+E10867 6858    6854    6859    
CQUAD9  10869   9       6824    535     534     6814    6858    538     +E10869 
+E10869 6860    6861    6862    
CQUAD9  10871   9       6823    6824    6814    6807    6855    6861    +E10871 
+E10871 6863    6864    6865    
CQUAD9  10873   9       6806    6825    6828    6827    6866    6867    +E10873 
+E10873 6868    6869    6870    
CQUAD9  10875   9       6825    506     505     6828    6871    513     +E10875 
+E10875 6872    6867    6873    
CQUAD9  10877   9       6828    505     504     6826    6872    512     +E10877 
+E10877 6874    6875    6876    
CQUAD9  10879   9       6827    6828    6826    6808    6868    6875    +E10879 
+E10879 6877    6878    6879    
CQUAD9  10881   9       521     522     6831    6830    529     6880    +E10881 
+E10881 6881    6882    6883    
CQUAD9  10883   9       522     523     6823    6831    530     6856    +E10883 
+E10883 6884    6880    6885    
CQUAD9  10885   9       6831    6823    6807    6829    6884    6864    +E10885 
+E10885 6886    6887    6888    
CQUAD9  10887   9       6830    6831    6829    6809    6881    6887    +E10887 
+E10887 6889    6890    6891    
CQUAD9  10889   9       519     6832    6833    518     6892    6893    +E10889 
+E10889 6894    526     6895    
CQUAD9  10891   9       6832    6810    6816    6833    6896    6897    +E10891 
+E10891 6898    6893    6899    
CQUAD9  10893   9       6833    6816    534     535     6898    6900    +E10893 
+E10893 538     6901    6902    
CQUAD9  10895   9       518     6833    535     15      6894    6901    +E10895 
+E10895 539     525     6903    
CQUAD9  10897   9       521     6830    6834    520     6882    6904    +E10897 
+E10897 6905    528     6906    
CQUAD9  10899   9       6830    6809    6817    6834    6890    6907    +E10899 
+E10899 6908    6904    6909    
CQUAD9  10901   9       6834    6817    6810    6832    6908    6910    +E10901 
+E10901 6896    6911    6912    
CQUAD9  10903   9       520     6834    6832    519     6905    6911    +E10903 
+E10903 6892    527     6913    
CQUAD9  10905   9       6807    6812    6835    6829    6914    6915    +E10905 
+E10905 6916    6886    6917    
CQUAD9  10907   9       6812    6806    6827    6835    6918    6869    +E10907 
+E10907 6919    6915    6920    
CQUAD9  10909   9       6835    6827    6808    6819    6919    6878    +E10909 
+E10909 6921    6922    6923    
CQUAD9  10911   9       6829    6835    6819    6809    6916    6922    +E10911 
+E10911 6924    6889    6925    
CQUAD9  10913   9       506     6825    6836    507     6871    6926    +E10913 
+E10913 6927    514     6928    
CQUAD9  10915   9       6825    6806    6811    6836    6866    6929    +E10915 
+E10915 6930    6926    6931    
CQUAD9  10917   9       6836    6811    6805    6821    6930    6932    +E10917 
+E10917 6851    6933    6934    
CQUAD9  10919   9       507     6836    6821    508     6927    6933    +E10919 
+E10919 6848    515     6935    
CQUAD9  10921   9       14      533     6837    503     536     6936    +E10921 
+E10921 6937    510     6938    
CQUAD9  10923   9       533     534     6820    6837    537     6939    +E10923 
+E10923 6940    6936    6941    
CQUAD9  10925   9       6837    6820    6808    6826    6940    6942    +E10925 
+E10925 6877    6943    6944    
CQUAD9  10927   9       503     6837    6826    504     6937    6943    +E10927 
+E10927 6874    511     6945    
CQUAD9  10929   9       6805    6811    6838    6813    6932    6946    +E10929 
+E10929 6947    6948    6949    
CQUAD9  10931   9       6811    6806    6812    6838    6929    6918    +E10931 
+E10931 6950    6946    6951    
CQUAD9  10933   9       6813    6838    6812    6807    6947    6950    +E10933 
+E10933 6914    6952    6953    
CQUAD9  10935   9       6807    6814    6839    6813    6863    6954    +E10935 
+E10935 6955    6952    6956    
CQUAD9  10937   9       6814    534     6815    6839    6860    6844    +E10937 
+E10937 6957    6954    6958    
CQUAD9  10939   9       6813    6839    6815    6805    6955    6957    +E10939 
+E10939 6852    6948    6959    
CQUAD9  10941   9       534     6816    6840    6818    6900    6960    +E10941 
+E10941 6961    6962    6963    
CQUAD9  10943   9       6816    6810    6817    6840    6897    6910    +E10943 
+E10943 6964    6960    6965    
CQUAD9  10945   9       6818    6840    6817    6809    6961    6964    +E10945 
+E10945 6907    6966    6967    
CQUAD9  10947   9       6809    6819    6841    6818    6924    6968    +E10947 
+E10947 6969    6966    6970    
CQUAD9  10949   9       6819    6808    6820    6841    6921    6942    +E10949 
+E10949 6971    6968    6972    
CQUAD9  10951   9       6818    6841    6820    534     6969    6971    +E10951 
+E10951 6939    6962    6973    
ENDDATA
