$ Created by Gmsh
GRID*   1               0               -7.35522868E-17 -0.4004         *N1     
*N1     0               
GRID*   2               0               -7.35522868E-17 -0.4004         *N2     
*N2     0.38            
GRID*   3               0               0.0132          -0.4004         *N3     
*N3     0               
GRID*   4               0               0.0132          -0.4004         *N4     
*N4     0.3536          
GRID*   5               0               -0.0132         -0.4004         *N5     
*N5     0.3536          
GRID*   6               0               0.0132          -0.4004         *N6     
*N6     0.4064          
GRID*   7               0               -0.0132         -0.4004         *N7     
*N7     0.4064          
GRID*   8               0               -0.0132         -0.4004         *N8     
*N8     0.361042943     
GRID*   9               0               -0.0132         -0.4004         *N9     
*N9     0.398957057     
GRID*   10              0               0.0132          -0.4004         *N10    
*N10    0.361042943     
GRID*   11              0               0.0132          -0.4004         *N11    
*N11    0.398957057     
GRID*   12              0               -7.21378197E-17 -0.4004         *N12    
*N12    0.4031          
GRID*   13              0               -7.21378197E-17 -0.4004         *N13    
*N13    0.3569          
GRID*   14              0               0.0114315353    -0.3938         *N14    
*N14    0               
GRID*   15              0               0.0066          -0.388968465    *N15    
*N15    0               
GRID*   16              0               -1.41242442E-17 -0.3872         *N16    
*N16    0               
GRID*   17              0               -0.0066         -0.388968465    *N17    
*N17    0               
GRID*   18              0               -0.0114315353   -0.3938         *N18    
*N18    0               
GRID*   19              0               -0.0132         -0.4004         *N19    
*N19    0               
GRID*   20              0               -0.0114315353   -0.407          *N20    
*N20    0               
GRID*   21              0               -0.0066         -0.411831535    *N21    
*N21    0               
GRID*   22              0               -2.04940594E-16 -0.4136         *N22    
*N22    0               
GRID*   23              0               0.0066          -0.411831535    *N23    
*N23    0               
GRID*   24              0               0.0114315353    -0.407          *N24    
*N24    0               
GRID*   25              0               0.0127502209    -0.396983589    *N25    
*N25    0               
GRID*   26              0               0.00933380951   -0.39106619     *N26    
*N26    0               
GRID*   27              0               0.0034164114    -0.387649779    *N27    
*N27    0               
GRID*   28              0               -0.0034164114   -0.387649779    *N28    
*N28    0               
GRID*   29              0               -0.00933380951  -0.39106619     *N29    
*N29    0               
GRID*   30              0               -0.0127502209   -0.396983589    *N30    
*N30    0               
GRID*   31              0               -0.0127502209   -0.403816411    *N31    
*N31    0               
GRID*   32              0               -0.00933380951  -0.40973381     *N32    
*N32    0               
GRID*   33              0               -0.0034164114   -0.413150221    *N33    
*N33    0               
GRID*   34              0               0.0034164114    -0.413150221    *N34    
*N34    0               
GRID*   35              0               0.00933380951   -0.40973381     *N35    
*N35    0               
GRID*   36              0               0.0127502209    -0.403816411    *N36    
*N36    0               
GRID*   37              0               0.0121718159    -0.395292466    *N37    
*N37    0.354098782     
GRID*   38              0               0.00932623532   -0.391058622    *N38    
*N38    0.355307923     
GRID*   39              0               0.00510053644   -0.38822525     *N39    
*N39    0.356574897     
GRID*   40              0               1.78594935E-10  -0.3872         *N40    
*N40    0.357136929     
GRID*   41              0               -0.00509921879  -0.388224699    *N41    
*N41    0.356575183     
GRID*   42              0               -0.00932623546  -0.391058622    *N42    
*N42    0.355307923     
GRID*   43              0               -0.0121719308   -0.395292741    *N43    
*N43    0.354098728     
GRID*   44              0               0.0129381962    -0.397784072    *N44    
*N44    0.353729923     
GRID*   45              0               0.0109486381    -0.393026581    *N45    
*N45    0.354650588     
GRID*   46              0               0.00735934562   -0.389441896    *N46    
*N46    0.355981674     
GRID*   47              0               0.00261482012   -0.38746158     *N47    
*N47    0.356987888     
GRID*   48              0               -0.00261424762  -0.387461464    *N48    
*N48    0.356987953     
GRID*   49              0               -0.00735878837  -0.389441523    *N49    
*N49    0.355981845     
GRID*   50              0               -0.0109487287   -0.393026714    *N50    
*N50    0.354650549     
GRID*   51              0               -0.0129382315   -0.397784246    *N51    
*N51    0.353729906     
GRID*   52              0               -0.012171732    -0.405507733    *N52    
*N52    0.354098821     
GRID*   53              0               -0.00932623548  -0.409741378    *N53    
*N53    0.355307923     
GRID*   54              0               -0.00510020539  -0.412574888    *N54    
*N54    0.356574969     
GRID*   55              0               2.65998015E-10  -0.4136         *N55    
*N55    0.357136929     
GRID*   56              0               0.0051002258    -0.412574881    *N56    
*N56    0.356574964     
GRID*   57              0               0.0093262354    -0.409741377    *N57    
*N57    0.355307923     
GRID*   58              0               0.0121717696    -0.405507644    *N58    
*N58    0.354098804     
GRID*   59              0               -0.0129381587   -0.403016112    *N59    
*N59    0.353729942     
GRID*   60              0               -0.0109485824   -0.407773504    *N60    
*N60    0.354650613     
GRID*   61              0               -0.00735914265  -0.41135824     *N61    
*N61    0.355981737     
GRID*   62              0               -0.00261473044  -0.413338438    *N62    
*N62    0.356987899     
GRID*   63              0               0.00261465357   -0.413338454    *N63    
*N63    0.356987907     
GRID*   64              0               0.00735921031   -0.411358195    *N64    
*N64    0.355981716     
GRID*   65              0               0.0109486091    -0.407773462    *N65    
*N65    0.3546506       
GRID*   66              0               0.012938172     -0.403016051    *N66    
*N66    0.353729936     
GRID*   67              0               0.0132          -0.4004         *N67    
*N67    0.0068          
GRID*   68              0               0.0132          -0.4004         *N68    
*N68    0.0136          
GRID*   69              0               0.0132          -0.4004         *N69    
*N69    0.0204          
GRID*   70              0               0.0132          -0.4004         *N70    
*N70    0.0272          
GRID*   71              0               0.0132          -0.4004         *N71    
*N71    0.034           
GRID*   72              0               0.0132          -0.4004         *N72    
*N72    0.0408          
GRID*   73              0               0.0132          -0.4004         *N73    
*N73    0.0476          
GRID*   74              0               0.0132          -0.4004         *N74    
*N74    0.0544          
GRID*   75              0               0.0132          -0.4004         *N75    
*N75    0.0612          
GRID*   76              0               0.0132          -0.4004         *N76    
*N76    0.068           
GRID*   77              0               0.0132          -0.4004         *N77    
*N77    0.0748          
GRID*   78              0               0.0132          -0.4004         *N78    
*N78    0.0816          
GRID*   79              0               0.0132          -0.4004         *N79    
*N79    0.0884          
GRID*   80              0               0.0132          -0.4004         *N80    
*N80    0.0952          
GRID*   81              0               0.0132          -0.4004         *N81    
*N81    0.102           
GRID*   82              0               0.0132          -0.4004         *N82    
*N82    0.1088          
GRID*   83              0               0.0132          -0.4004         *N83    
*N83    0.1156          
GRID*   84              0               0.0132          -0.4004         *N84    
*N84    0.1224          
GRID*   85              0               0.0132          -0.4004         *N85    
*N85    0.1292          
GRID*   86              0               0.0132          -0.4004         *N86    
*N86    0.136           
GRID*   87              0               0.0132          -0.4004         *N87    
*N87    0.1428          
GRID*   88              0               0.0132          -0.4004         *N88    
*N88    0.1496          
GRID*   89              0               0.0132          -0.4004         *N89    
*N89    0.1564          
GRID*   90              0               0.0132          -0.4004         *N90    
*N90    0.1632          
GRID*   91              0               0.0132          -0.4004         *N91    
*N91    0.17            
GRID*   92              0               0.0132          -0.4004         *N92    
*N92    0.1768          
GRID*   93              0               0.0132          -0.4004         *N93    
*N93    0.1836          
GRID*   94              0               0.0132          -0.4004         *N94    
*N94    0.1904          
GRID*   95              0               0.0132          -0.4004         *N95    
*N95    0.1972          
GRID*   96              0               0.0132          -0.4004         *N96    
*N96    0.204           
GRID*   97              0               0.0132          -0.4004         *N97    
*N97    0.2108          
GRID*   98              0               0.0132          -0.4004         *N98    
*N98    0.2176          
GRID*   99              0               0.0132          -0.4004         *N99    
*N99    0.2244          
GRID*   100             0               0.0132          -0.4004         *N100   
*N100   0.2312          
GRID*   101             0               0.0132          -0.4004         *N101   
*N101   0.238           
GRID*   102             0               0.0132          -0.4004         *N102   
*N102   0.2448          
GRID*   103             0               0.0132          -0.4004         *N103   
*N103   0.2516          
GRID*   104             0               0.0132          -0.4004         *N104   
*N104   0.2584          
GRID*   105             0               0.0132          -0.4004         *N105   
*N105   0.2652          
GRID*   106             0               0.0132          -0.4004         *N106   
*N106   0.272           
GRID*   107             0               0.0132          -0.4004         *N107   
*N107   0.2788          
GRID*   108             0               0.0132          -0.4004         *N108   
*N108   0.2856          
GRID*   109             0               0.0132          -0.4004         *N109   
*N109   0.2924          
GRID*   110             0               0.0132          -0.4004         *N110   
*N110   0.2992          
GRID*   111             0               0.0132          -0.4004         *N111   
*N111   0.306           
GRID*   112             0               0.0132          -0.4004         *N112   
*N112   0.3128          
GRID*   113             0               0.0132          -0.4004         *N113   
*N113   0.3196          
GRID*   114             0               0.0132          -0.4004         *N114   
*N114   0.3264          
GRID*   115             0               0.0132          -0.4004         *N115   
*N115   0.3332          
GRID*   116             0               0.0132          -0.4004         *N116   
*N116   0.34            
GRID*   117             0               0.0132          -0.4004         *N117   
*N117   0.3468          
GRID*   118             0               0.0132          -0.4004         *N118   
*N118   0.0034          
GRID*   119             0               0.0132          -0.4004         *N119   
*N119   0.0102          
GRID*   120             0               0.0132          -0.4004         *N120   
*N120   0.017           
GRID*   121             0               0.0132          -0.4004         *N121   
*N121   0.0238          
GRID*   122             0               0.0132          -0.4004         *N122   
*N122   0.0306          
GRID*   123             0               0.0132          -0.4004         *N123   
*N123   0.0374          
GRID*   124             0               0.0132          -0.4004         *N124   
*N124   0.0442          
GRID*   125             0               0.0132          -0.4004         *N125   
*N125   0.051           
GRID*   126             0               0.0132          -0.4004         *N126   
*N126   0.0578          
GRID*   127             0               0.0132          -0.4004         *N127   
*N127   0.0646          
GRID*   128             0               0.0132          -0.4004         *N128   
*N128   0.0714          
GRID*   129             0               0.0132          -0.4004         *N129   
*N129   0.0782          
GRID*   130             0               0.0132          -0.4004         *N130   
*N130   0.085           
GRID*   131             0               0.0132          -0.4004         *N131   
*N131   0.0918          
GRID*   132             0               0.0132          -0.4004         *N132   
*N132   0.0986          
GRID*   133             0               0.0132          -0.4004         *N133   
*N133   0.1054          
GRID*   134             0               0.0132          -0.4004         *N134   
*N134   0.1122          
GRID*   135             0               0.0132          -0.4004         *N135   
*N135   0.119           
GRID*   136             0               0.0132          -0.4004         *N136   
*N136   0.1258          
GRID*   137             0               0.0132          -0.4004         *N137   
*N137   0.1326          
GRID*   138             0               0.0132          -0.4004         *N138   
*N138   0.1394          
GRID*   139             0               0.0132          -0.4004         *N139   
*N139   0.1462          
GRID*   140             0               0.0132          -0.4004         *N140   
*N140   0.153           
GRID*   141             0               0.0132          -0.4004         *N141   
*N141   0.1598          
GRID*   142             0               0.0132          -0.4004         *N142   
*N142   0.1666          
GRID*   143             0               0.0132          -0.4004         *N143   
*N143   0.1734          
GRID*   144             0               0.0132          -0.4004         *N144   
*N144   0.1802          
GRID*   145             0               0.0132          -0.4004         *N145   
*N145   0.187           
GRID*   146             0               0.0132          -0.4004         *N146   
*N146   0.1938          
GRID*   147             0               0.0132          -0.4004         *N147   
*N147   0.2006          
GRID*   148             0               0.0132          -0.4004         *N148   
*N148   0.2074          
GRID*   149             0               0.0132          -0.4004         *N149   
*N149   0.2142          
GRID*   150             0               0.0132          -0.4004         *N150   
*N150   0.221           
GRID*   151             0               0.0132          -0.4004         *N151   
*N151   0.2278          
GRID*   152             0               0.0132          -0.4004         *N152   
*N152   0.2346          
GRID*   153             0               0.0132          -0.4004         *N153   
*N153   0.2414          
GRID*   154             0               0.0132          -0.4004         *N154   
*N154   0.2482          
GRID*   155             0               0.0132          -0.4004         *N155   
*N155   0.255           
GRID*   156             0               0.0132          -0.4004         *N156   
*N156   0.2618          
GRID*   157             0               0.0132          -0.4004         *N157   
*N157   0.2686          
GRID*   158             0               0.0132          -0.4004         *N158   
*N158   0.2754          
GRID*   159             0               0.0132          -0.4004         *N159   
*N159   0.2822          
GRID*   160             0               0.0132          -0.4004         *N160   
*N160   0.289           
GRID*   161             0               0.0132          -0.4004         *N161   
*N161   0.2958          
GRID*   162             0               0.0132          -0.4004         *N162   
*N162   0.3026          
GRID*   163             0               0.0132          -0.4004         *N163   
*N163   0.3094          
GRID*   164             0               0.0132          -0.4004         *N164   
*N164   0.3162          
GRID*   165             0               0.0132          -0.4004         *N165   
*N165   0.323           
GRID*   166             0               0.0132          -0.4004         *N166   
*N166   0.3298          
GRID*   167             0               0.0132          -0.4004         *N167   
*N167   0.3366          
GRID*   168             0               0.0132          -0.4004         *N168   
*N168   0.3434          
GRID*   169             0               0.0132          -0.4004         *N169   
*N169   0.3502          
GRID*   170             0               -0.0066         -0.4004         *N170   
*N170   0.4064          
GRID*   171             0               -4.16333634E-17 -0.4004         *N171   
*N171   0.4064          
GRID*   172             0               0.0066          -0.4004         *N172   
*N172   0.4064          
GRID*   173             0               -0.0099         -0.4004         *N173   
*N173   0.4064          
GRID*   174             0               -0.0033         -0.4004         *N174   
*N174   0.4064          
GRID*   175             0               0.0033          -0.4004         *N175   
*N175   0.4064          
GRID*   176             0               0.0099          -0.4004         *N176   
*N176   0.4064          
GRID*   177             0               -0.0132         -0.393567177    *N177   
*N177   0.354499558     
GRID*   178             0               -0.0132         -0.3872         *N178   
*N178   0.357136929     
GRID*   179             0               -0.0132         -0.381732381    *N179   
*N179   0.361332381     
GRID*   180             0               -0.0132         -0.377536929    *N180   
*N180   0.3668          
GRID*   181             0               -0.0132         -0.374899558    *N181   
*N181   0.373167177     
GRID*   182             0               -0.0132         -0.374          *N182   
*N182   0.38            
GRID*   183             0               -0.0132         -0.374899558    *N183   
*N183   0.386832823     
GRID*   184             0               -0.0132         -0.377536929    *N184   
*N184   0.3932          
GRID*   185             0               -0.0132         -0.381732381    *N185   
*N185   0.398667619     
GRID*   186             0               -0.0132         -0.3872         *N186   
*N186   0.402863071     
GRID*   187             0               -0.0132         -0.393567177    *N187   
*N187   0.405500442     
GRID*   188             0               -0.0132         -0.396954109    *N188   
*N188   0.353825856     
GRID*   189             0               -0.0132         -0.390297157    *N189   
*N189   0.35560958      
GRID*   190             0               -0.0132         -0.384328698    *N190   
*N190   0.359055472     
GRID*   191             0               -0.0132         -0.379455472    *N191   
*N191   0.363928698     
GRID*   192             0               -0.0132         -0.37600958     *N192   
*N192   0.369897157     
GRID*   193             0               -0.0132         -0.374225856    *N193   
*N193   0.376554109     
GRID*   194             0               -0.0132         -0.374225856    *N194   
*N194   0.383445891     
GRID*   195             0               -0.0132         -0.37600958     *N195   
*N195   0.390102843     
GRID*   196             0               -0.0132         -0.379455472    *N196   
*N196   0.396071302     
GRID*   197             0               -0.0132         -0.384328698    *N197   
*N197   0.400944528     
GRID*   198             0               -0.0132         -0.390297157    *N198   
*N198   0.40439042      
GRID*   199             0               -0.0132         -0.396954109    *N199   
*N199   0.406174144     
GRID*   200             0               0.0132          -0.393567177    *N200   
*N200   0.354499558     
GRID*   201             0               0.0132          -0.3872         *N201   
*N201   0.357136929     
GRID*   202             0               0.0132          -0.381732381    *N202   
*N202   0.361332381     
GRID*   203             0               0.0132          -0.377536929    *N203   
*N203   0.3668          
GRID*   204             0               0.0132          -0.374899558    *N204   
*N204   0.373167177     
GRID*   205             0               0.0132          -0.374          *N205   
*N205   0.38            
GRID*   206             0               0.0132          -0.374899558    *N206   
*N206   0.386832823     
GRID*   207             0               0.0132          -0.377536929    *N207   
*N207   0.3932          
GRID*   208             0               0.0132          -0.381732381    *N208   
*N208   0.398667619     
GRID*   209             0               0.0132          -0.3872         *N209   
*N209   0.402863071     
GRID*   210             0               0.0132          -0.393567177    *N210   
*N210   0.405500442     
GRID*   211             0               0.0132          -0.396954109    *N211   
*N211   0.353825856     
GRID*   212             0               0.0132          -0.390297157    *N212   
*N212   0.35560958      
GRID*   213             0               0.0132          -0.384328698    *N213   
*N213   0.359055472     
GRID*   214             0               0.0132          -0.379455472    *N214   
*N214   0.363928698     
GRID*   215             0               0.0132          -0.37600958     *N215   
*N215   0.369897157     
GRID*   216             0               0.0132          -0.374225856    *N216   
*N216   0.376554109     
GRID*   217             0               0.0132          -0.374225856    *N217   
*N217   0.383445891     
GRID*   218             0               0.0132          -0.37600958     *N218   
*N218   0.390102843     
GRID*   219             0               0.0132          -0.379455472    *N219   
*N219   0.396071302     
GRID*   220             0               0.0132          -0.384328698    *N220   
*N220   0.400944528     
GRID*   221             0               0.0132          -0.390297157    *N221   
*N221   0.40439042      
GRID*   222             0               0.0132          -0.396954109    *N222   
*N222   0.406174144     
GRID*   223             0               0.0132          -0.407232823    *N223   
*N223   0.405500442     
GRID*   224             0               0.0132          -0.4136         *N224   
*N224   0.402863071     
GRID*   225             0               0.0132          -0.419067619    *N225   
*N225   0.398667619     
GRID*   226             0               0.0132          -0.423263071    *N226   
*N226   0.3932          
GRID*   227             0               0.0132          -0.425900442    *N227   
*N227   0.386832823     
GRID*   228             0               0.0132          -0.4268         *N228   
*N228   0.38            
GRID*   229             0               0.0132          -0.425900442    *N229   
*N229   0.373167177     
GRID*   230             0               0.0132          -0.423263071    *N230   
*N230   0.3668          
GRID*   231             0               0.0132          -0.419067619    *N231   
*N231   0.361332381     
GRID*   232             0               0.0132          -0.4136         *N232   
*N232   0.357136929     
GRID*   233             0               0.0132          -0.407232823    *N233   
*N233   0.354499558     
GRID*   234             0               0.0132          -0.403845891    *N234   
*N234   0.406174144     
GRID*   235             0               0.0132          -0.410502843    *N235   
*N235   0.40439042      
GRID*   236             0               0.0132          -0.416471302    *N236   
*N236   0.400944528     
GRID*   237             0               0.0132          -0.421344528    *N237   
*N237   0.396071302     
GRID*   238             0               0.0132          -0.42479042     *N238   
*N238   0.390102843     
GRID*   239             0               0.0132          -0.426574144    *N239   
*N239   0.383445891     
GRID*   240             0               0.0132          -0.426574144    *N240   
*N240   0.376554109     
GRID*   241             0               0.0132          -0.42479042     *N241   
*N241   0.369897157     
GRID*   242             0               0.0132          -0.421344528    *N242   
*N242   0.363928698     
GRID*   243             0               0.0132          -0.416471302    *N243   
*N243   0.359055472     
GRID*   244             0               0.0132          -0.410502843    *N244   
*N244   0.35560958      
GRID*   245             0               0.0132          -0.403845891    *N245   
*N245   0.353825856     
GRID*   246             0               -0.0132         -0.407232823    *N246   
*N246   0.405500442     
GRID*   247             0               -0.0132         -0.4136         *N247   
*N247   0.402863071     
GRID*   248             0               -0.0132         -0.419067619    *N248   
*N248   0.398667619     
GRID*   249             0               -0.0132         -0.423263071    *N249   
*N249   0.3932          
GRID*   250             0               -0.0132         -0.425900442    *N250   
*N250   0.386832823     
GRID*   251             0               -0.0132         -0.4268         *N251   
*N251   0.38            
GRID*   252             0               -0.0132         -0.425900442    *N252   
*N252   0.373167177     
GRID*   253             0               -0.0132         -0.423263071    *N253   
*N253   0.3668          
GRID*   254             0               -0.0132         -0.419067619    *N254   
*N254   0.361332381     
GRID*   255             0               -0.0132         -0.4136         *N255   
*N255   0.357136929     
GRID*   256             0               -0.0132         -0.407232823    *N256   
*N256   0.354499558     
GRID*   257             0               -0.0132         -0.403845891    *N257   
*N257   0.406174144     
GRID*   258             0               -0.0132         -0.410502843    *N258   
*N258   0.40439042      
GRID*   259             0               -0.0132         -0.416471302    *N259   
*N259   0.400944528     
GRID*   260             0               -0.0132         -0.421344528    *N260   
*N260   0.396071302     
GRID*   261             0               -0.0132         -0.42479042     *N261   
*N261   0.390102843     
GRID*   262             0               -0.0132         -0.426574144    *N262   
*N262   0.383445891     
GRID*   263             0               -0.0132         -0.426574144    *N263   
*N263   0.376554109     
GRID*   264             0               -0.0132         -0.42479042     *N264   
*N264   0.369897157     
GRID*   265             0               -0.0132         -0.421344528    *N265   
*N265   0.363928698     
GRID*   266             0               -0.0132         -0.416471302    *N266   
*N266   0.359055472     
GRID*   267             0               -0.0132         -0.410502843    *N267   
*N267   0.35560958      
GRID*   268             0               -0.0132         -0.403845891    *N268   
*N268   0.353825856     
GRID*   269             0               -0.0132         -0.395493553    *N269   
*N269   0.361688889     
GRID*   270             0               -0.0132         -0.390921472    *N270   
*N270   0.363582707     
GRID*   271             0               -0.0132         -0.386995337    *N271   
*N271   0.366595337     
GRID*   272             0               -0.0132         -0.383982707    *N272   
*N272   0.370521472     
GRID*   273             0               -0.0132         -0.382088889    *N273   
*N273   0.375093553     
GRID*   274             0               -0.0132         -0.381442943    *N274   
*N274   0.38            
GRID*   275             0               -0.0132         -0.382088889    *N275   
*N275   0.384906447     
GRID*   276             0               -0.0132         -0.383982707    *N276   
*N276   0.389478528     
GRID*   277             0               -0.0132         -0.386995337    *N277   
*N277   0.393404663     
GRID*   278             0               -0.0132         -0.390921472    *N278   
*N278   0.396417293     
GRID*   279             0               -0.0132         -0.395493553    *N279   
*N279   0.398311111     
GRID*   280             0               -0.0132         -0.397925608    *N280   
*N280   0.361205124     
GRID*   281             0               -0.0132         -0.393145448    *N281   
*N281   0.362485963     
GRID*   282             0               -0.0132         -0.388859675    *N282   
*N282   0.364960356     
GRID*   283             0               -0.0132         -0.385360356    *N283   
*N283   0.368459675     
GRID*   284             0               -0.0132         -0.382885963    *N284   
*N284   0.372745448     
GRID*   285             0               -0.0132         -0.381605124    *N285   
*N285   0.377525608     
GRID*   286             0               -0.0132         -0.381605124    *N286   
*N286   0.382474392     
GRID*   287             0               -0.0132         -0.382885963    *N287   
*N287   0.387254552     
GRID*   288             0               -0.0132         -0.385360356    *N288   
*N288   0.391540325     
GRID*   289             0               -0.0132         -0.388859675    *N289   
*N289   0.395039644     
GRID*   290             0               -0.0132         -0.393145448    *N290   
*N290   0.397514037     
GRID*   291             0               -0.0132         -0.397925608    *N291   
*N291   0.398794876     
GRID*   292             0               -0.0132         -0.405306447    *N292   
*N292   0.398311111     
GRID*   293             0               -0.0132         -0.409878528    *N293   
*N293   0.396417293     
GRID*   294             0               -0.0132         -0.413804663    *N294   
*N294   0.393404663     
GRID*   295             0               -0.0132         -0.416817293    *N295   
*N295   0.389478528     
GRID*   296             0               -0.0132         -0.418711111    *N296   
*N296   0.384906447     
GRID*   297             0               -0.0132         -0.419357057    *N297   
*N297   0.38            
GRID*   298             0               -0.0132         -0.418711111    *N298   
*N298   0.375093553     
GRID*   299             0               -0.0132         -0.416817293    *N299   
*N299   0.370521472     
GRID*   300             0               -0.0132         -0.413804663    *N300   
*N300   0.366595337     
GRID*   301             0               -0.0132         -0.409878528    *N301   
*N301   0.363582707     
GRID*   302             0               -0.0132         -0.405306447    *N302   
*N302   0.361688889     
GRID*   303             0               -0.0132         -0.402874392    *N303   
*N303   0.398794876     
GRID*   304             0               -0.0132         -0.407654552    *N304   
*N304   0.397514037     
GRID*   305             0               -0.0132         -0.411940325    *N305   
*N305   0.395039644     
GRID*   306             0               -0.0132         -0.415439644    *N306   
*N306   0.391540325     
GRID*   307             0               -0.0132         -0.417914037    *N307   
*N307   0.387254552     
GRID*   308             0               -0.0132         -0.419194876    *N308   
*N308   0.382474392     
GRID*   309             0               -0.0132         -0.419194876    *N309   
*N309   0.377525608     
GRID*   310             0               -0.0132         -0.417914037    *N310   
*N310   0.372745448     
GRID*   311             0               -0.0132         -0.415439644    *N311   
*N311   0.368459675     
GRID*   312             0               -0.0132         -0.411940325    *N312   
*N312   0.364960356     
GRID*   313             0               -0.0132         -0.407654552    *N313   
*N313   0.362485963     
GRID*   314             0               -0.0132         -0.402874392    *N314   
*N314   0.361205124     
GRID*   315             0               -0.0132         -0.4004         *N315   
*N315   0.355460736     
GRID*   316             0               -0.0132         -0.4004         *N316   
*N316   0.357321472     
GRID*   317             0               -0.0132         -0.4004         *N317   
*N317   0.359182207     
GRID*   318             0               -0.0132         -0.4004         *N318   
*N318   0.354530368     
GRID*   319             0               -0.0132         -0.4004         *N319   
*N319   0.356391104     
GRID*   320             0               -0.0132         -0.4004         *N320   
*N320   0.35825184      
GRID*   321             0               -0.0132         -0.4004         *N321   
*N321   0.360112575     
GRID*   322             0               0.0132          -0.395493553    *N322   
*N322   0.361688889     
GRID*   323             0               0.0132          -0.390921472    *N323   
*N323   0.363582707     
GRID*   324             0               0.0132          -0.386995337    *N324   
*N324   0.366595337     
GRID*   325             0               0.0132          -0.383982707    *N325   
*N325   0.370521472     
GRID*   326             0               0.0132          -0.382088889    *N326   
*N326   0.375093553     
GRID*   327             0               0.0132          -0.381442943    *N327   
*N327   0.38            
GRID*   328             0               0.0132          -0.382088889    *N328   
*N328   0.384906447     
GRID*   329             0               0.0132          -0.383982707    *N329   
*N329   0.389478528     
GRID*   330             0               0.0132          -0.386995337    *N330   
*N330   0.393404663     
GRID*   331             0               0.0132          -0.390921472    *N331   
*N331   0.396417293     
GRID*   332             0               0.0132          -0.395493553    *N332   
*N332   0.398311111     
GRID*   333             0               0.0132          -0.397925608    *N333   
*N333   0.361205124     
GRID*   334             0               0.0132          -0.393145448    *N334   
*N334   0.362485963     
GRID*   335             0               0.0132          -0.388859675    *N335   
*N335   0.364960356     
GRID*   336             0               0.0132          -0.385360356    *N336   
*N336   0.368459675     
GRID*   337             0               0.0132          -0.382885963    *N337   
*N337   0.372745448     
GRID*   338             0               0.0132          -0.381605124    *N338   
*N338   0.377525608     
GRID*   339             0               0.0132          -0.381605124    *N339   
*N339   0.382474392     
GRID*   340             0               0.0132          -0.382885963    *N340   
*N340   0.387254552     
GRID*   341             0               0.0132          -0.385360356    *N341   
*N341   0.391540325     
GRID*   342             0               0.0132          -0.388859675    *N342   
*N342   0.395039644     
GRID*   343             0               0.0132          -0.393145448    *N343   
*N343   0.397514037     
GRID*   344             0               0.0132          -0.397925608    *N344   
*N344   0.398794876     
GRID*   345             0               0.0132          -0.405306447    *N345   
*N345   0.398311111     
GRID*   346             0               0.0132          -0.409878528    *N346   
*N346   0.396417293     
GRID*   347             0               0.0132          -0.413804663    *N347   
*N347   0.393404663     
GRID*   348             0               0.0132          -0.416817293    *N348   
*N348   0.389478528     
GRID*   349             0               0.0132          -0.418711111    *N349   
*N349   0.384906447     
GRID*   350             0               0.0132          -0.419357057    *N350   
*N350   0.38            
GRID*   351             0               0.0132          -0.418711111    *N351   
*N351   0.375093553     
GRID*   352             0               0.0132          -0.416817293    *N352   
*N352   0.370521472     
GRID*   353             0               0.0132          -0.413804663    *N353   
*N353   0.366595337     
GRID*   354             0               0.0132          -0.409878528    *N354   
*N354   0.363582707     
GRID*   355             0               0.0132          -0.405306447    *N355   
*N355   0.361688889     
GRID*   356             0               0.0132          -0.402874392    *N356   
*N356   0.398794876     
GRID*   357             0               0.0132          -0.407654552    *N357   
*N357   0.397514037     
GRID*   358             0               0.0132          -0.411940325    *N358   
*N358   0.395039644     
GRID*   359             0               0.0132          -0.415439644    *N359   
*N359   0.391540325     
GRID*   360             0               0.0132          -0.417914037    *N360   
*N360   0.387254552     
GRID*   361             0               0.0132          -0.419194876    *N361   
*N361   0.382474392     
GRID*   362             0               0.0132          -0.419194876    *N362   
*N362   0.377525608     
GRID*   363             0               0.0132          -0.417914037    *N363   
*N363   0.372745448     
GRID*   364             0               0.0132          -0.415439644    *N364   
*N364   0.368459675     
GRID*   365             0               0.0132          -0.411940325    *N365   
*N365   0.364960356     
GRID*   366             0               0.0132          -0.407654552    *N366   
*N366   0.362485963     
GRID*   367             0               0.0132          -0.402874392    *N367   
*N367   0.361205124     
GRID*   368             0               0.0132          -0.4004         *N368   
*N368   0.355460736     
GRID*   369             0               0.0132          -0.4004         *N369   
*N369   0.357321472     
GRID*   370             0               0.0132          -0.4004         *N370   
*N370   0.359182207     
GRID*   371             0               0.0132          -0.4004         *N371   
*N371   0.354530368     
GRID*   372             0               0.0132          -0.4004         *N372   
*N372   0.356391104     
GRID*   373             0               0.0132          -0.4004         *N373   
*N373   0.35825184      
GRID*   374             0               0.0132          -0.4004         *N374   
*N374   0.360112575     
GRID*   375             0               0.0101761439    -0.4004         *N375   
*N375   0.400737794     
GRID*   376             0               0.00691744134   -0.4004         *N376   
*N376   0.402039941     
GRID*   377             0               0.00349909701   -0.4004         *N377   
*N377   0.402833447     
GRID*   378             0               0.011721936     -0.4004         *N378   
*N378   0.399904929     
GRID*   379             0               0.00857155537   -0.4004         *N379   
*N379   0.401450838     
GRID*   380             0               0.00522335915   -0.4004         *N380   
*N380   0.4025017       
GRID*   381             0               0.00175461749   -0.4004         *N381   
*N381   0.403033265     
GRID*   382             0               0.00349909701   -0.4004         *N382   
*N382   0.357166553     
GRID*   383             0               0.00691744134   -0.4004         *N383   
*N383   0.357960059     
GRID*   384             0               0.0101761439    -0.4004         *N384   
*N384   0.359262206     
GRID*   385             0               0.00175461749   -0.4004         *N385   
*N385   0.356966735     
GRID*   386             0               0.00522335915   -0.4004         *N386   
*N386   0.3574983       
GRID*   387             0               0.00857155537   -0.4004         *N387   
*N387   0.358549162     
GRID*   388             0               0.011721936     -0.4004         *N388   
*N388   0.360095071     
GRID*   389             0               -7.49667538E-17 -0.4004         *N389   
*N389   0.3569          
GRID*   390             0               -7.35522868E-17 -0.4004         *N390   
*N390   0.3569          
GRID*   391             0               -7.35522868E-17 -0.4004         *N391   
*N391   0.3569          
GRID*   392             0               -7.49667538E-17 -0.4004         *N392   
*N392   0.4031          
GRID*   393             0               -7.35522868E-17 -0.4004         *N393   
*N393   0.4031          
GRID*   394             0               -7.35522868E-17 -0.4004         *N394   
*N394   0.4031          
GRID*   395             0               -9.54531706E-17 -0.4004         *N395   
*N395   0               
GRID*   396             0               -0.0033         -0.406115768    *N396   
*N396   0               
GRID*   397             0               0.0066          -0.4004         *N397   
*N397   0               
GRID*   398             0               0.00406576766   -0.407442116    *N398   
*N398   0               
GRID*   399             0               -0.0033         -0.394684232    *N399   
*N399   0               
GRID*   400             0               -0.00813153533  -0.4004         *N400   
*N400   0               
GRID*   401             0               0.00406576766   -0.393357884    *N401   
*N401   0               
GRID*   402             0               0.0077486515    -0.407221058    *N402   
*N402   0               
GRID*   403             0               0.00533288383   -0.403921058    *N403   
*N403   0               
GRID*   404             0               0.0099          -0.4004         *N404   
*N404   0               
GRID*   405             0               0.00904155237   -0.403868735    *N405   
*N405   0               
GRID*   406             0               0.00203288383   -0.410521058    *N406   
*N406   0               
GRID*   407             0               0.00574155237   -0.41034466     *N407   
*N407   0               
GRID*   408             0               -0.00495        -0.408973651    *N408   
*N408   0               
GRID*   409             0               0.000382883832  -0.406778942    *N409   
*N409   0               
GRID*   410             0               -0.00151676378  -0.409964581    *N410   
*N410   0               
GRID*   411             0               -0.00165        -0.403257884    *N411   
*N411   0               
GRID*   412             0               0.0033          -0.4004         *N412   
*N412   0               
GRID*   413             0               0.00184144192   -0.403589471    *N413   
*N413   0               
GRID*   414             0               -0.00495        -0.391826349    *N414   
*N414   0               
GRID*   415             0               -0.00571576766  -0.397542116    *N415   
*N415   0               
GRID*   416             0               -0.00978153533  -0.3971         *N416   
*N416   0               
GRID*   417             0               -0.00752478859  -0.394304153    *N417   
*N417   0               
GRID*   418             0               -0.00165        -0.397542116    *N418   
*N418   0               
GRID*   419             0               -0.00571576766  -0.403257884    *N419   
*N419   0               
GRID*   420             0               -0.00368288383  -0.4004         *N420   
*N420   0               
GRID*   421             0               -0.00978153533  -0.4037         *N421   
*N421   0               
GRID*   422             0               -0.00752478859  -0.406495847    *N422   
*N422   0               
GRID*   423             0               -0.0114831047   -0.4004         *N423   
*N423   0               
GRID*   424             0               0.00533288383   -0.396878942    *N424   
*N424   0               
GRID*   425             0               0.0077486515    -0.393578942    *N425   
*N425   0               
GRID*   426             0               0.00904155237   -0.396931265    *N426   
*N426   0               
GRID*   427             0               0.000382883832  -0.394021058    *N427   
*N427   0               
GRID*   428             0               0.00184144192   -0.397210529    *N428   
*N428   0               
GRID*   429             0               0.00203288383   -0.390278942    *N429   
*N429   0               
GRID*   430             0               -0.00151676378  -0.390835419    *N430   
*N430   0               
GRID*   431             0               0.00574155237   -0.39045534     *N431   
*N431   0               
GRID*   432             0               0.000375538676  -0.413594657    *N432   
*N432   0.157758083     
GRID*   433             0               -0.0104519201   -0.392337906    *N433   
*N433   0.170558925     
GRID*   434             0               0.00852701111   -0.390323786    *N434   
*N434   0.120105918     
GRID*   435             0               -0.000893030319 -0.413569757    *N435   
*N435   0.237303828     
GRID*   436             0               -0.0131215936   -0.401836586    *N436   
*N436   0.265285637     
GRID*   437             0               -0.00562232942  -0.388457244    *N437   
*N437   0.111782368     
GRID*   438             0               0.00605230741   -0.388669289    *N438   
*N438   0.0666480045    
GRID*   439             0               0.00850039372   -0.410498678    *N439   
*N439   0.0698799291    
GRID*   440             0               -0.0119541099   -0.394801852    *N440   
*N440   0.0540415145    
GRID*   441             0               0.00552581135   -0.412387719    *N441   
*N441   0.129898206     
GRID*   442             0               -0.0131624173   -0.401395374    *N442   
*N442   0.0479948289    
GRID*   443             0               -0.0131125295   -0.398882908    *N443   
*N443   0.132755738     
GRID*   444             0               0.0107616796    -0.408043707    *N444   
*N444   0.182167721     
GRID*   445             0               -0.00519508325  -0.388265293    *N445   
*N445   0.235606569     
GRID*   446             0               -0.0115438388   -0.393998454    *N446   
*N446   0.232092056     
GRID*   447             0               0.0111455332    -0.407472276    *N447   
*N447   0.249291305     
GRID*   448             0               0.00999783702   -0.409018773    *N448   
*N448   0.318133648     
GRID*   449             0               8.12894926E-05  -0.38720025     *N449   
*N449   0.153926796     
GRID*   450             0               -6.13655932E-05 -0.387200143    *N450   
*N450   0.226979593     
GRID*   451             0               -0.0126222531   -0.404262477    *N451   
*N451   0.122745218     
GRID*   452             0               -0.00983311424  -0.40920624     *N452   
*N452   0.25871         
GRID*   453             0               -0.0125888367   -0.396429963    *N453   
*N453   0.0875322045    
GRID*   454             0               -0.000503510745 -0.387209607    *N454   
*N454   0.273561172     
GRID*   455             0               0.00147953206   -0.413516821    *N455   
*N455   0.0855573453    
GRID*   456             0               0.00897325312   -0.390719053    *N456   
*N456   0.0435873421    
GRID*   457             0               0.0109543841    -0.407764881    *N457   
*N457   0.0279759965    
GRID*   458             0               -0.00463673208  -0.412758831    *N458   
*N458   0.266894552     
GRID*   459             0               0.0074514207    -0.411295702    *N459   
*N459   0.108809876     
GRID*   460             0               -0.00858383523  -0.39037215     *N460   
*N460   0.0270570699    
GRID*   461             0               -0.0109576387   -0.393039962    *N461   
*N461   0.153702198     
GRID*   462             0               -0.00186224866  -0.413467977    *N462   
*N462   0.11976783      
GRID*   463             0               -0.0125962417   -0.396453521    *N463   
*N463   0.285032872     
GRID*   464             0               -0.0119096656   -0.406092088    *N464   
*N464   0.200923403     
GRID*   465             0               -0.0131544491   -0.40149566     *N465   
*N465   0.279592349     
GRID*   466             0               -0.00526154293  -0.388293962    *N466   
*N466   0.209586751     
GRID*   467             0               0.00663331109   -0.388987762    *N467   
*N467   0.142472902     
GRID*   468             0               -0.00164707258  -0.387303163    *N468   
*N468   0.07595967      
GRID*   469             0               0.007975948     -0.410917806    *N469   
*N469   0.193104005     
GRID*   470             0               -0.00453061998  -0.388001876    *N470   
*N470   0.248790843     
GRID*   471             0               -0.0131940848   -0.400004872    *N471   
*N471   0.216882256     
GRID*   472             0               0.0066591115    -0.389002797    *N472   
*N472   0.2160019       
GRID*   473             0               -0.0110006172   -0.407695644    *N473   
*N473   0.242856329     
GRID*   474             0               -0.0122053658   -0.395373167    *N474   
*N474   0.116877024     
GRID*   475             0               0.00579974809   -0.38854239     *N475   
*N475   0.344441819     
GRID*   476             0               -0.0123514832   -0.395743729    *N476   
*N476   0.242493392     
GRID*   477             0               0.0073260456    -0.389419606    *N477   
*N477   0.248879098     
GRID*   478             0               0.00471248848   -0.412730144    *N478   
*N478   0.21983107      
GRID*   479             0               -0.00423668409  -0.41290162     *N479   
*N479   0.146192138     
GRID*   480             0               0.00638140221   -0.411954986    *N480   
*N480   0.344309437     
GRID*   481             0               -0.01316404     -0.40137368     *N481   
*N481   0.304289187     
GRID*   482             0               0.00273396044   -0.41331377     *N482   
*N482   0.182133919     
GRID*   483             0               -0.000937277575 -0.387233318    *N483   
*N483   0.300211598     
GRID*   484             0               -0.00667243075  -0.41178941     *N484   
*N484   0.0393860451    
GRID*   485             0               0.0104113228    -0.392285546    *N485   
*N485   0.321903936     
GRID*   486             0               0.00503716249   -0.388198894    *N486   
*N486   0.260811214     
GRID*   487             0               0.0108231472    -0.40795642     *N487   
*N487   0.160893841     
GRID*   488             0               0.00270970276   -0.413318882    *N488   
*N488   0.193942008     
GRID*   489             0               0.00270922093   -0.413318983    *N489   
*N489   0.246187842     
GRID*   490             0               0.00673558508   -0.411752176    *N490   
*N490   0.260868771     
GRID*   491             0               -0.00431771404  -0.387926133    *N491   
*N491   0.0640342489    
GRID*   492             0               -0.0131968402   -0.400688804    *N492   
*N492   0.105265509     
GRID*   493             0               -0.00261577141  -0.413338228    *N493   
*N493   0.13470087      
GRID*   494             0               0.00383782901   -0.413029769    *N494   
*N494   0.202461278     
GRID*   495             0               0.00975501085   -0.39150732     *N495   
*N495   0.236103413     
GRID*   496             0               0.0108808552    -0.407873084    *N496   
*N496   0.204967513     
GRID*   497             0               0.00751446356   -0.389547681    *N497   
*N497   0.0265487427    
GRID*   498             0               0.00790679172   -0.410969893    *N498   
*N498   0.0152620854    
GRID*   499             0               -0.0080363415   -0.389928266    *N499   
*N499   0.0437809406    
GRID*   500             0               0.0108463254    -0.407923113    *N500   
*N500   0.120405006     
GRID*   501             0               -0.00194599739  -0.387344231    *N501   
*N501   0.0167904251    
GRID*   502             0               -0.0067220331   -0.389039794    *N502   
*N502   0.282469109     
GRID*   503             0               -0.00748887851  -0.411269991    *N503   
*N503   0.301836262     
GRID*   504             0               -0.00908479292  -0.390823647    *N504   
*N504   0.343623106     
GRID*   505             0               0.00652908493   -0.411872186    *N505   
*N505   0.172779786     
GRID*   506             0               -0.00161024666  -0.387298584    *N506   
*N506   0.092512669     
GRID*   507             0               -0.00042075516  -0.387206708    *N507   
*N507   0.344751774     
GRID*   508             0               -0.0126123921   -0.404294556    *N508   
*N508   0.169374229     
GRID*   509             0               -0.0119475954   -0.394787962    *N509   
*N509   0.255155628     
GRID*   510             0               0.0104774877    -0.408428839    *N510   
*N510   0.235039128     
GRID*   511             0               -0.00978263684  -0.391537719    *N511   
*N511   0.316895757     
GRID*   512             0               0.0022900332    -0.387400164    *N512   
*N512   0.324676709     
GRID*   513             0               0.00526913052   -0.388297262    *N513   
*N513   0.108320463     
GRID*   514             0               -0.00993676645  -0.391710888    *N514   
*N514   0.0994599879    
GRID*   515             0               -0.0131555738   -0.399317929    *N515   
*N515   0.162557423     
GRID*   516             0               0.000476373419  -0.387208599    *N516   
*N516   0.0497452278    
GRID*   517             0               0.0107487848    -0.392738171    *N517   
*N517   0.0542601759    
GRID*   518             0               -0.0131899042   -0.399883834    *N518   
*N518   0.0787084414    
GRID*   519             0               -0.00555678417  -0.412373393    *N519   
*N519   0.196787908     
GRID*   520             0               -0.0131481358   -0.399231015    *N520   
*N520   0.0367906401    
GRID*   521             0               0.00907139246   -0.390810952    *N521   
*N521   0.0804942294    
GRID*   522             0               -0.00455529259  -0.41278908     *N522   
*N522   0.0996377786    
GRID*   523             0               0.00727218815   -0.411416137    *N523   
*N523   0.308385972     
GRID*   524             0               -0.00462803784  -0.38803791     *N524   
*N524   0.16144783      
GRID*   525             0               0.000558127398  -0.387211805    *N525   
*N525   0.238263537     
GRID*   526             0               -0.013199774    -0.400322754    *N526   
*N526   0.146563223     
GRID*   527             0               -0.00573463536  -0.388510763    *N527   
*N527   0.266135413     
GRID*   528             0               0.00964767046   -0.409409021    *N528   
*N528   0.331020358     
GRID*   529             0               0.00627224437   -0.412014601    *N529   
*N529   0.143164736     
GRID*   530             0               -0.00944311735  -0.391176794    *N530   
*N530   0.127909764     
GRID*   531             0               -0.00465628115  -0.388048521    *N531   
*N531   0.30731616      
GRID*   532             0               -0.00579628884  -0.412259302    *N532   
*N532   0.224922611     
GRID*   533             0               -0.011782248    -0.394448645    *N533   
*N533   0.272778844     
GRID*   534             0               -0.0116292977   -0.406644953    *N534   
*N534   0.138555987     
GRID*   535             0               -0.00124677229  -0.387259012    *N535   
*N535   0.123258597     
GRID*   536             0               -0.0129940019   -0.402722911    *N536   
*N536   0.0122730169    
GRID*   537             0               0.00622135981   -0.388758064    *N537   
*N537   0.311306977     
GRID*   538             0               -0.00900259521  -0.390746333    *N538   
*N538   0.22136129      
GRID*   539             0               -0.0127534544   -0.403804321    *N539   
*N539   0.192183318     
GRID*   540             0               -0.00508497126  -0.412581259    *N540   
*N540   0.0132906805    
GRID*   541             0               -0.0048746481   -0.41266694     *N541   
*N541   0.0263127391    
GRID*   542             0               0.00896067665   -0.390707411    *N542   
*N542   0.186050901     
GRID*   543             0               -0.00796015205  -0.410929766    *N543   
*N543   0.129348839     
GRID*   544             0               -0.00101507184  -0.413560913    *N544   
*N544   0.275574707     
GRID*   545             0               -0.0125434963   -0.396288954    *N545   
*N545   0.204895732     
GRID*   546             0               0.00602553868   -0.388655517    *N546   
*N546   0.286123152     
GRID*   547             0               -0.00723176322  -0.389357283    *N547   
*N547   0.330364831     
GRID*   548             0               0.0107535924    -0.39274492     *N548   
*N548   0.225809206     
GRID*   549             0               -0.00873130061  -0.390500283    *N549   
*N549   0.295478171     
GRID*   550             0               -0.00310893965  -0.413228659    *N550   
*N550   0.251926897     
GRID*   551             0               0.00120881227   -0.387255466    *N551   
*N551   0.187682755     
GRID*   552             0               0.0105733558    -0.392497839    *N552   
*N552   0.272700734     
GRID*   553             0               -0.00481454459  -0.412690653    *N553   
*N553   0.31633431      
GRID*   554             0               -0.0126781605   -0.404074812    *N554   
*N554   0.228919891     
GRID*   555             0               -0.00825167808  -0.390097097    *N555   
*N555   0.242132165     
GRID*   556             0               0.0100732676    -0.408930491    *N556   
*N556   0.293134992     
GRID*   557             0               -0.012949734    -0.4029582      *N557   
*N557   0.0238323631    
GRID*   558             0               -0.0125535508   -0.404480241    *N558   
*N558   0.252556109     
GRID*   559             0               -0.0109064689   -0.407835653    *N559   
*N559   0.272881341     
GRID*   560             0               0.00897224862   -0.390718122    *N560   
*N560   0.156402648     
GRID*   561             0               -0.00968673002  -0.40936701     *N561   
*N561   0.212536802     
GRID*   562             0               -0.00996179098  -0.409060411    *N562   
*N562   0.0520826803    
GRID*   563             0               -0.0115035049   -0.393926255    *N563   
*N563   0.190413391     
GRID*   564             0               -0.00467301957  -0.388054844    *N564   
*N564   0.141642209     
GRID*   565             0               -0.00943795042  -0.409628493    *N565   
*N565   0.0757591289    
GRID*   566             0               0.00361976889   -0.387706014    *N566   
*N566   0.0372940575    
GRID*   567             0               0.0089638843    -0.410089622    *N567   
*N567   0.280159897     
GRID*   568             0               -0.0131162416   -0.401884657    *N568   
*N568   0.316997637     
GRID*   569             0               -0.0114358734   -0.406992481    *N569   
*N569   0.155363262     
GRID*   570             0               -0.0131873259   -0.400978304    *N570   
*N570   0.330101044     
GRID*   571             0               -0.00906776245  -0.409992481    *N571   
*N571   0.343070551     
GRID*   572             0               -0.0131111713   -0.398871214    *N572   
*N572   0.292890861     
GRID*   573             0               0.0105968464    -0.392529368    *N573   
*N573   0.0347259336    
GRID*   574             0               0.00450277488   -0.412808264    *N574   
*N574   0.300667227     
GRID*   575             0               0.00644186523   -0.411921388    *N575   
*N575   0.0424773657    
GRID*   576             0               -0.00767858711  -0.41113682     *N576   
*N576   0.278295467     
GRID*   577             0               0.0106451281    -0.392594793    *N577   
*N577   0.0135943886    
GRID*   578             0               -0.00881252315  -0.410227484    *N578   
*N578   0.183935115     
GRID*   579             0               0.000267032332  -0.387202701    *N579   
*N579   0.336484866     
GRID*   580             0               -0.000213148448 -0.413598279    *N580   
*N580   0.343679396     
GRID*   581             0               -0.00746507767  -0.38951365     *N581   
*N581   0.0816056944    
GRID*   582             0               0.00101932695   -0.413560584    *N582   
*N582   0.331442739     
GRID*   583             0               -0.0017813292   -0.387320747    *N583   
*N583   0.033949975     
GRID*   584             0               0.0113511308    -0.407137346    *N584   
*N584   0.0827606791    
GRID*   585             0               0.00365887068   -0.41308277     *N585   
*N585   0.0575688918    
GRID*   586             0               0.000780557596  -0.413576901    *N586   
*N586   0.286072713     
GRID*   587             0               -0.00176227165  -0.413481835    *N587   
*N587   0.207328883     
GRID*   588             0               0.00169058482   -0.387308708    *N588   
*N588   0.131209734     
GRID*   589             0               -0.0118936522   -0.394674527    *N589   
*N589   0.0214365681    
GRID*   590             0               -0.00152582302  -0.387288484    *N590   
*N590   0.197202751     
GRID*   591             0               -0.0081563753   -0.410778513    *N591   
*N591   0.330636589     
GRID*   592             0               0.0087836309    -0.410253316    *N592   
*N592   0.0972302124    
GRID*   593             0               -0.0130451018   -0.402416264    *N593   
*N593   0.0630540608    
GRID*   594             0               0.00880846402   -0.410231122    *N594   
*N594   0.271542603     
GRID*   595             0               0.00589920291   -0.388591554    *N595   
*N595   0.170212835     
GRID*   596             0               0.00271587193   -0.413317586    *N596   
*N596   0.322427184     
GRID*   597             0               0.0107647074    -0.392760558    *N597   
*N597   0.095250513     
GRID*   598             0               0.00983309847   -0.391593742    *N598   
*N598   0.202083784     
GRID*   599             0               0.0096541635    -0.391397938    *N599   
*N599   0.130307676     
GRID*   600             0               -0.0101179731   -0.391922582    *N600   
*N600   0.306068512     
GRID*   601             0               -0.00184082567  -0.387328988    *N601   
*N601   0.314906731     
GRID*   602             0               -0.0099175063   -0.409111089    *N602   
*N602   0.287708207     
GRID*   603             0               -0.00445114736  -0.387973122    *N603   
*N603   0.17999544      
GRID*   604             0               -0.0131999974   -0.400408253    *N604   
*N604   0.342698173     
GRID*   605             0               -0.0120184141   -0.405858729    *N605   
*N605   0.0926566717    
GRID*   606             0               -0.0117941957   -0.394472357    *N606   
*N606   0.0723354386    
GRID*   607             0               -0.0102067606   -0.392029693    *N607   
*N607   0.0126566803    
GRID*   608             0               -0.0062437056   -0.412029967    *N608   
*N608   0.167181177     
GRID*   609             0               -0.0122010916   -0.395362802    *N609   
*N609   0.140228602     
GRID*   610             0               -0.00960209416  -0.409457582    *N610   
*N610   0.11187091      
GRID*   611             0               0.00917219685   -0.390907329    *N611   
*N611   0.332701022     
GRID*   612             0               -0.013199951    -0.400364046    *N612   
*N612   0.17753786      
GRID*   613             0               0.0106725478    -0.392632328    *N613   
*N613   0.298944143     
GRID*   614             0               0.0118220665    -0.40627186     *N614   
*N614   0.191752002     
GRID*   615             0               0.00947838512   -0.409586959    *N615   
*N615   0.187635863     
GRID*   616             0               0.0125756545    -0.404411598    *N616   
*N616   0.17948386      
GRID*   617             0               0.0122235114    -0.405382547    *N617   
*N617   0.185617931     
GRID*   618             0               0.00779793344   -0.411050457    *N618   
*N618   0.203714396     
GRID*   619             0               0.00327695584   -0.413186773    *N619   
*N619   0.198201643     
GRID*   620             0               0.00547604546   -0.412410534    *N620   
*N620   0.193523006     
GRID*   621             0               0.00955051519   -0.409511951    *N621   
*N621   0.199035759     
GRID*   622             0               0.0066717375    -0.411789816    *N622   
*N622   0.198618701     
GRID*   623             0               -0.0129762096   -0.397979673    *N623   
*N623   0.111071266     
GRID*   624             0               -0.00956107617  -0.391299131    *N624   
*N624   0.114329696     
GRID*   625             0               -0.00794782453  -0.389860926    *N625   
*N625   0.105621178     
GRID*   626             0               -0.0124073238   -0.395894635    *N626   
*N626   0.102362748     
GRID*   627             0               -0.0112219568   -0.393449627    *N627   
*N627   0.108346222     
GRID*   628             0               -0.00299861519  -0.387545106    *N628   
*N628   0.0699969594    
GRID*   629             0               0.00410563983   -0.387854733    *N629   
*N629   0.0782269497    
GRID*   630             0               0.00763729366   -0.389633768    *N630   
*N630   0.0735711169    
GRID*   631             0               0.000943543137  -0.387233766    *N631   
*N631   0.0653411267    
GRID*   632             0               0.00254361206   -0.387447393    *N632   
*N632   0.0717840382    
GRID*   633             0               0.00590197713   -0.41220706     *N633   
*N633   0.136531471     
GRID*   634             0               0.00111021498   -0.413553229    *N634   
*N634   0.144678437     
GRID*   635             0               -0.00343317538  -0.413145717    *N635   
*N635   0.140446504     
GRID*   636             0               0.00153066973   -0.413510952    *N636   
*N636   0.132299538     
GRID*   637             0               0.00132061155   -0.413533773    *N637   
*N637   0.138488987     
GRID*   638             0               0.00726617907   -0.411420102    *N638   
*N638   0.0076310427    
GRID*   639             0               0.0016247438    -0.413499626    *N639   
*N639   0.0142763829    
GRID*   640             0               -0.0058544991   -0.412230674    *N640   
*N640   0.00664534024   
GRID*   641             0               0.00081392065   -0.413574883    *N641   
*N641   0.00713819147   
GRID*   642             0               0.00890513534   -0.390656358    *N642   
*N642   0.220905553     
GRID*   643             0               0.0125735321    -0.396381755    *N643   
*N643   0.228504603     
GRID*   644             0               0.0114485866    -0.393829622    *N644   
*N644   0.21680095      
GRID*   645             0               0.0120546757    -0.395021822    *N645   
*N645   0.222652776     
GRID*   646             0               -0.00815212827  -0.41078185     *N646   
*N646   0.269887947     
GRID*   647             0               -0.0123828166   -0.404972292    *N647   
*N647   0.269083489     
GRID*   648             0               -0.0120543603   -0.405778884    *N648   
*N648   0.261997818     
GRID*   649             0               -0.00744978789  -0.411296819    *N649   
*N649   0.262802276     
GRID*   650             0               -0.0104083121   -0.408518315    *N650   
*N650   0.265942882     
GRID*   651             0               0.00468727466   -0.412739751    *N651   
*N651   0.177456852     
GRID*   652             0               0.0114110456    -0.407035363    *N652   
*N652   0.174789893     
GRID*   653             0               0.00724406429   -0.411434651    *N653   
*N653   0.18215082      
GRID*   654             0               0.00965294684   -0.409403367    *N654   
*N654   0.178470356     
GRID*   655             0               0.0112723214    -0.393531611    *N655   
*N655   0.0673240022    
GRID*   656             0               0.0125722703    -0.396377809    *N656   
*N656   0.054330088     
GRID*   657             0               0.00864338619   -0.390423434    *N657   
*N657   0.0604540902    
GRID*   658             0               0.0119749048    -0.394846474    *N658   
*N658   0.0608270451    
GRID*   659             0               -0.0123610406   -0.40503084     *N659   
*N659   0.214709529     
GRID*   660             0               -0.0130022222   -0.398123552    *N660   
*N660   0.210888994     
GRID*   661             0               -0.0131724956   -0.40125168     *N661   
*N661   0.202909567     
GRID*   662             0               -0.0109216461   -0.407813342    *N662   
*N662   0.206730103     
GRID*   663             0               -0.0129058468   -0.403171122    *N663   
*N663   0.208809548     
GRID*   664             0               0.000271754192  -0.387202798    *N664   
*N664   0.254801029     
GRID*   665             0               -0.00891042301  -0.390661193    *N665   
*N665   0.251973236     
GRID*   666             0               -0.00938169118  -0.391114319    *N666   
*N666   0.260645521     
GRID*   667             0               -0.000382011397 -0.387205529    *N667   
*N667   0.263473314     
GRID*   668             0               -0.00495708966  -0.388166143    *N668   
*N668   0.257723275     
GRID*   669             0               -0.0124410941   -0.404811256    *N669   
*N669   0.276236845     
GRID*   670             0               -0.0129566516   -0.397877069    *N670   
*N670   0.276185597     
GRID*   671             0               -0.0129882929   -0.398045378    *N671   
*N671   0.269032241     
GRID*   672             0               -0.0131570402   -0.401464092    *N672   
*N672   0.272634543     
GRID*   673             0               -0.00963929562  -0.391382019    *N673   
*N673   0.277623977     
GRID*   674             0               -0.0131198441   -0.398947522    *N674   
*N674   0.282312611     
GRID*   675             0               -0.0103460027   -0.392202425    *N675   
*N675   0.283750991     
GRID*   676             0               -0.011991823    -0.3948831      *N676   
*N676   0.279968294     
GRID*   677             0               0.011040664     -0.393165103    *N677   
*N677   0.108560231     
GRID*   678             0               0.00697209302   -0.389191525    *N678   
*N678   0.11421319      
GRID*   679             0               0.0119749018    -0.394846467    *N679   
*N679   0.121252959     
GRID*   680             0               0.0115219136    -0.393959076    *N680   
*N680   0.114906595     
GRID*   681             0               0.0122798463    -0.405242042    *N681   
*N681   0.328710179     
GRID*   682             0               0.00982469157   -0.409215636    *N682   
*N682   0.324577003     
GRID*   683             0               0.0123735898    -0.404997203    *N683   
*N683   0.315466824     
GRID*   684             0               0.0123271595    -0.40512029     *N684   
*N684   0.322088502     
GRID*   685             0               -0.0019538906   -0.38734541     *N685   
*N685   0.0568897383    
GRID*   686             0               -0.00401714161  -0.387826115    *N686   
*N686   0.0467630842    
GRID*   687             0               -0.0102879784   -0.392129722    *N687   
*N687   0.0489112276    
GRID*   688             0               -0.00883243692  -0.39059041     *N688   
*N688   0.0590378817    
GRID*   689             0               -0.00657177663  -0.388952216    *N689   
*N689   0.0529004829    
GRID*   690             0               -0.00663257217  -0.411812668    *N690   
*N690   0.240080078     
GRID*   691             0               -0.0119770086   -0.405948988    *N691   
*N691   0.23588811      
GRID*   692             0               -0.0101031077   -0.408895129    *N692   
*N692   0.226921251     
GRID*   693             0               -0.00340823575  -0.413152409    *N693   
*N693   0.23111322      
GRID*   694             0               -0.00849404225  -0.410504021    *N694   
*N694   0.233500665     
GRID*   695             0               -0.012158934    -0.395261875    *N695   
*N695   0.24882451      
GRID*   696             0               -0.0131164865   -0.401882492    *N696   
*N696   0.24267486      
GRID*   697             0               -0.011886312    -0.406140696    *N697   
*N697   0.247706219     
GRID*   698             0               -0.0131742781   -0.399576352    *N698   
*N698   0.253855868     
GRID*   699             0               -0.0131958572   -0.400730687    *N699   
*N699   0.248265364     
GRID*   700             0               -0.000193870947 -0.387201424    *N700   
*N700   0.110051415     
GRID*   701             0               -0.00348641358  -0.387668742    *N701   
*N701   0.117520482     
GRID*   702             0               0.00394951635   -0.38780471     *N702   
*N702   0.121682257     
GRID*   703             0               0.00190189558   -0.387337734    *N703   
*N703   0.115866836     
GRID*   704             0               -0.000210404222 -0.387201677    *N704   
*N704   0.350944352     
GRID*   705             0               -0.00508521619  -0.388218843    *N705   
*N705   0.34418744      
GRID*   706             0               -0.00920626387  -0.390940364    *N706   
*N706   0.349465514     
GRID*   707             0               -0.0050922184   -0.388221769    *N707   
*N707   0.350381312     
GRID*   708             0               -0.00237756164  -0.387415887    *N708   
*N708   0.236935053     
GRID*   709             0               0.00558597057   -0.388440195    *N709   
*N709   0.237183475     
GRID*   710             0               0.00530373765   -0.388312388    *N710   
*N710   0.231541503     
GRID*   711             0               -0.00268164129  -0.387475264    *N711   
*N711   0.231293081     
GRID*   712             0               0.00153021408   -0.387288995    *N712   
*N712   0.234238278     
GRID*   713             0               0.00621166347   -0.388752887    *N713   
*N713   0.254845156     
GRID*   714             0               0.00409373209   -0.387850842    *N714   
*N714   0.243571317     
GRID*   715             0               -0.00202514874  -0.387356275    *N715   
*N715   0.24352719      
GRID*   716             0               0.00220666221   -0.387385752    *N716   
*N716   0.249186173     
GRID*   717             0               0.0123086584    -0.395631674    *N717   
*N717   0.240451706     
GRID*   718             0               0.0116392397    -0.394173597    *N718   
*N718   0.246839549     
GRID*   719             0               0.00913981989   -0.390876151    *N719   
*N719   0.242011512     
GRID*   720             0               0.00543808015   -0.412427771    *N720   
*N720   0.236171478     
GRID*   721             0               -0.000590829032 -0.413586771    *N721   
*N721   0.222376841     
GRID*   722             0               0.00789361456   -0.410979738    *N722   
*N722   0.227435099     
GRID*   723             0               0.00249194315   -0.413362647    *N723   
*N723   0.229274159     
GRID*   724             0               -0.00486648883  -0.388129821    *N724   
*N724   0.224170442     
GRID*   725             0               -0.0104011086   -0.392272458    *N725   
*N725   0.226726673     
GRID*   726             0               -0.00884675997  -0.390603325    *N726   
*N726   0.233849312     
GRID*   727             0               -0.00696727016  -0.389188526    *N727   
*N727   0.229009877     
GRID*   728             0               0.00341978852   -0.387650684    *N728   
*N728   0.221490746     
GRID*   729             0               0.000783524998  -0.387223275    *N729   
*N729   0.212794325     
GRID*   730             0               -0.00723670789  -0.389360523    *N730   
*N730   0.215474021     
GRID*   731             0               -0.00209119704  -0.387366701    *N731   
*N731   0.218482383     
GRID*   732             0               -0.000204898429 -0.41359841     *N732   
*N732   0.249057369     
GRID*   733             0               -0.00757782705  -0.41120817     *N733   
*N733   0.247391613     
GRID*   734             0               0.000916710953  -0.41356813     *N734   
*N734   0.241745835     
GRID*   735             0               -0.00353340763  -0.413118295    *N735   
*N735   0.244568724     
GRID*   736             0               -0.00677636727  -0.411727879    *N736   
*N736   0.255318448     
GRID*   737             0               -0.0114400376   -0.406985252    *N737   
*N737   0.255633054     
GRID*   738             0               -0.00974053662  -0.409308532    *N738   
*N738   0.251512333     
GRID*   739             0               0.00189636425   -0.38733693     *N739   
*N739   0.100416566     
GRID*   740             0               -0.00618065403  -0.388736402    *N740   
*N740   0.0959863284    
GRID*   741             0               -0.00327836572  -0.387613589    *N741   
*N741   0.103018872     
GRID*   742             0               0.00106210894   -0.4135572      *N742   
*N742   0.20489508      
GRID*   743             0               0.00816614042   -0.410770832    *N743   
*N743   0.212399292     
GRID*   744             0               0.00152223669   -0.413511933    *N744   
*N744   0.213579976     
GRID*   745             0               0.0048198661    -0.412688567    *N745   
*N745   0.208647186     
GRID*   746             0               0.0108730136    -0.407884489    *N746   
*N746   0.218715535     
GRID*   747             0               0.0126068888    -0.404312334    *N747   
*N747   0.204483756     
GRID*   748             0               0.0118180402    -0.40627996     *N748   
*N748   0.211599646     
GRID*   749             0               0.0109711108    -0.393060059    *N749   
*N749   0.259605607     
GRID*   750             0               0.0113104212    -0.393594534    *N750   
*N750   0.253222578     
GRID*   751             0               -0.0131455202   -0.40159804     *N751   
*N751   0.127750478     
GRID*   752             0               -0.0108176725   -0.407964256    *N752   
*N752   0.126047029     
GRID*   753             0               -0.0100262925   -0.408985654    *N753   
*N753   0.133952413     
GRID*   754             0               -0.0129654094   -0.402877531    *N754   
*N754   0.135655863     
GRID*   755             0               -0.0121604867   -0.405534449    *N755   
*N755   0.130851446     
GRID*   756             0               -0.00318619972  -0.387590311    *N756   
*N756   0.269848293     
GRID*   757             0               0.00568698472   -0.388487897    *N757   
*N757   0.273130953     
GRID*   758             0               0.00809582008   -0.389974181    *N758   
*N758   0.266755974     
GRID*   759             0               0.00272888297   -0.387485156    *N759   
*N759   0.268302133     
GRID*   760             0               -0.0131813383   -0.401101656    *N760   
*N760   0.0303115016    
GRID*   761             0               -0.0101485      -0.40884085     *N761   
*N761   0.0250725511    
GRID*   762             0               -0.00579018755  -0.412262282    *N762   
*N762   0.0328493921    
GRID*   763             0               -0.0117320943   -0.406449625    *N763   
*N763   0.0380883426    
GRID*   764             0               -0.0110054346   -0.407688375    *N764   
*N764   0.0315804469    
GRID*   765             0               0.0123936906    -0.404942734    *N765   
*N765   0.296167496     
GRID*   766             0               0.00953620386   -0.409526928    *N766   
*N766   0.286647444     
GRID*   767             0               0.0120946946    -0.405687567    *N767   
*N767   0.282879948     
GRID*   768             0               0.0122481617    -0.405321639    *N768   
*N768   0.289523722     
GRID*   769             0               0.0113857942    -0.407078599    *N769   
*N769   0.0416386828    
GRID*   770             0               0.00894295869   -0.410108939    *N770   
*N770   0.0352266811    
GRID*   771             0               0.0126261211    -0.404249814    *N771   
*N771   0.0275879983    
GRID*   772             0               0.0120598312    -0.405766607    *N772   
*N772   0.0346133405    
GRID*   773             0               0.00920673212   -0.39094082     *N773   
*N773   0.0200715657    
GRID*   774             0               0.00881113929   -0.390571276    *N774   
*N774   0.00679719431   
GRID*   775             0               0.00246464369   -0.387432135    *N775   
*N775   0.00839521253   
GRID*   776             0               0.00299428638   -0.387544097    *N776   
*N776   0.0216695839    
GRID*   777             0               0.00609368294   -0.388690729    *N777   
*N777   0.0142333891    
GRID*   778             0               -0.0123845001   -0.40496773     *N778   
*N778   0.196553361     
GRID*   779             0               -0.0112510934   -0.407303108    *N779   
*N779   0.188059217     
GRID*   780             0               -0.00726432931  -0.411421321    *N780   
*N780   0.190361511     
GRID*   781             0               -0.00928078213  -0.409786537    *N781   
*N781   0.198855655     
GRID*   782             0               -0.0103407608   -0.408604186    *N782   
*N782   0.193457436     
GRID*   783             0               -0.0046882176   -0.388060607    *N783   
*N783   0.0787826822    
GRID*   784             0               -0.00467086796  -0.388054029    *N784   
*N784   0.0870591817    
GRID*   785             0               0.00412327018   -0.387860517    *N785   
*N785   0.0865034492    
GRID*   786             0               -0.000299667235 -0.387203402    *N786   
*N786   0.0826430657    
GRID*   787             0               -0.0054024924   -0.388356202    *N787   
*N787   0.0305035225    
GRID*   788             0               0.00307522617   -0.387563218    *N788   
*N788   0.0302493589    
GRID*   789             0               -0.00547826768  -0.388390479    *N789   
*N789   0.0219237475    
GRID*   790             0               -0.00127072527  -0.387261307    *N790   
*N790   0.0260865532    
GRID*   791             0               -0.00370125723  -0.413070465    *N791   
*N791   0.202058395     
GRID*   792             0               -0.0014999851   -0.413514498    *N792   
*N792   0.195364958     
GRID*   793             0               -0.000219976747 -0.413598167    *N793   
*N793   0.200130019     
GRID*   794             0               -0.00451264704  -0.412804677    *N794   
*N794   0.276935087     
GRID*   795             0               -0.00943798188  -0.409628461    *N795   
*N795   0.275588404     
GRID*   796             0               -0.00285421716  -0.413287725    *N796   
*N796   0.271234629     
GRID*   797             0               -0.00641265087  -0.411937673    *N797   
*N797   0.273411517     
GRID*   798             0               -0.0060829973   -0.412114826    *N798   
*N798   0.209932842     
GRID*   799             0               -0.00776959854  -0.411071145    *N799   
*N799   0.204394249     
GRID*   800             0               -0.00340859534  -0.413152313    *N800   
*N800   0.183034517     
GRID*   801             0               0.0027218328    -0.413316332    *N801   
*N801   0.188037963     
GRID*   802             0               -0.0024609622   -0.413368564    *N802   
*N802   0.189199737     
GRID*   803             0               0.0116925386    -0.394274272    *N803   
*N803   0.0268743714    
GRID*   804             0               0.0091775543    -0.390912508    *N804   
*N804   0.0306373381    
GRID*   805             0               0.0125323257    -0.396255026    *N805   
*N805   0.0377629668    
GRID*   806             0               0.0121394936    -0.395216112    *N806   
*N806   0.0323186691    
GRID*   807             0               0.00647422983   -0.388896768    *N807   
*N807   0.0404406998    
GRID*   808             0               0.0120972505    -0.395118283    *N808   
*N808   0.042193671     
GRID*   809             0               0.00750627894   -0.389542018    *N809   
*N809   0.0360099955    
GRID*   810             0               0.0102256029    -0.392052722    *N810   
*N810   0.0391018333    
GRID*   811             0               0.0125450327    -0.396293645    *N811   
*N811   0.0135971943    
GRID*   812             0               0.0120294535    -0.394965642    *N812   
*N812   0.00679859716   
GRID*   813             0               -0.00919785585  -0.409867811    *N813   
*N813   0.349189237     
GRID*   814             0               -0.00497838048  -0.412625209    *N814   
*N814   0.343374974     
GRID*   815             0               -0.000106577565 -0.41359957     *N815   
*N815   0.350408163     
GRID*   816             0               -0.00503935582  -0.412600201    *N816   
*N816   0.349974971     
GRID*   817             0               0.0116747324    -0.406559596    *N817   
*N817   0.108804938     
GRID*   818             0               0.0125978469    -0.404341352    *N818   
*N818   0.121402503     
GRID*   819             0               0.00930298168   -0.409764536    *N819   
*N819   0.114607441     
GRID*   820             0               0.012170721     -0.405510142    *N820   
*N820   0.115103721     
GRID*   821             0               -0.00787542422  -0.410993285    *N821   
*N821   0.218729707     
GRID*   822             0               -0.00341711061  -0.413150034    *N822   
*N822   0.216154842     
GRID*   823             0               0.00195784066   -0.413453998    *N823   
*N823   0.256397834     
GRID*   824             0               0.00116388785   -0.413548588    *N824   
*N824   0.263881662     
GRID*   825             0               -0.00295020786  -0.41326609     *N825   
*N825   0.259600055     
GRID*   826             0               0.00919309429   -0.409872435    *N826   
*N826   0.255080038     
GRID*   827             0               0.00751894594   -0.411249214    *N827   
*N827   0.247739573     
GRID*   828             0               0.00486493974   -0.412670793    *N828   
*N828   0.252068704     
GRID*   829             0               -0.0120251107   -0.394956039    *N829   
*N829   0.219121773     
GRID*   830             0               -0.0130952042   -0.402060008    *N830   
*N830   0.222901074     
GRID*   831             0               -0.0131171476   -0.398923369    *N831   
*N831   0.230505974     
GRID*   832             0               -0.0127266733   -0.396896889    *N832   
*N832   0.224813873     
GRID*   833             0               -0.0113970467   -0.407059379    *N833   
*N833   0.22081539      
GRID*   834             0               0.0105483907    -0.408335455    *N834   
*N834   0.0559844459    
GRID*   835             0               0.0050836423    -0.412581814    *N835   
*N835   0.0500231287    
GRID*   836             0               0.0109717978    -0.407738914    *N836   
*N836   0.0488115644    
GRID*   837             0               -0.0126156613   -0.396516047    *N837   
*N837   0.15013271      
GRID*   838             0               -0.0127612732   -0.403774893    *N838   
*N838   0.150963243     
GRID*   839             0               -0.0128805863   -0.40328626     *N839   
*N839   0.158960343     
GRID*   840             0               -0.01245853     -0.396038231    *N840   
*N840   0.158129811     
GRID*   841             0               -0.0131899054   -0.399883866    *N841   
*N841   0.154546527     
GRID*   842             0               0.00162924335   -0.413499067    *N842   
*N842   0.104223827     
GRID*   843             0               -0.00158034087  -0.413505057    *N843   
*N843   0.092597562     
GRID*   844             0               0.00538476971   -0.412451732    *N844   
*N844   0.0913937789    
GRID*   845             0               0.00813424045   -0.410795871    *N845   
*N845   0.103020044     
GRID*   846             0               0.0035458881    -0.413114821    *N846   
*N846   0.0978088031    
GRID*   847             0               -0.0102960709   -0.408660201    *N847   
*N847   0.0127818487    
GRID*   848             0               -0.0131483996   -0.401566013    *N848   
*N848   0.00613650846   
GRID*   849             0               -0.0108954709   -0.407851759    *N849   
*N849   0.00639092435   
GRID*   850             0               0.00390491263   -0.413009189    *N850   
*N850   0.0271443678    
GRID*   851             0               -0.00497999395  -0.412624552    *N851   
*N851   0.0198017098    
GRID*   852             0               0.00956577309   -0.409495932    *N852   
*N852   0.021619041     
GRID*   853             0               0.00277568138   -0.413304867    *N853   
*N853   0.0207103754    
GRID*   854             0               -0.0129724014   -0.402840656    *N854   
*N854   0.01805269      
GRID*   855             0               -0.0102226845   -0.408750852    *N855   
*N855   0.0189271999    
GRID*   856             0               0.0114706086    -0.406931856    *N856   
*N856   0.259634386     
GRID*   857             0               0.012675982     -0.40408232     *N857   
*N857   0.247045652     
GRID*   858             0               0.0121295413    -0.405607132    *N858   
*N858   0.253340019     
GRID*   859             0               0.00266947585   -0.413327254    *N859   
*N859   0.29336997      
GRID*   860             0               0.00517482521   -0.41254336     *N860   
*N860   0.283116305     
GRID*   861             0               0.00754152068   -0.411233534    *N861   
*N861   0.296901109     
GRID*   862             0               0.00639181303   -0.411949231    *N862   
*N862   0.290008707     
GRID*   863             0               -0.0129837829   -0.398020634    *N863   
*N863   0.0510181717    
GRID*   864             0               -0.012180741    -0.405486212    *N864   
*N864   0.0500387546    
GRID*   865             0               -0.0119735313   -0.405956487    *N865   
*N865   0.0575683705    
GRID*   866             0               -0.0130665589   -0.398527825    *N866   
*N866   0.0585477877    
GRID*   867             0               -0.0130943241   -0.402066936    *N867   
*N867   0.0542932711    
GRID*   868             0               -0.000117529317 -0.413599477    *N868   
*N868   0.28082371      
GRID*   869             0               0.00423746589   -0.412901355    *N869   
*N869   0.273558655     
GRID*   870             0               0.0088864558    -0.410160681    *N870   
*N870   0.27585125      
GRID*   871             0               0.0047095484    -0.412731267    *N871   
*N871   0.27833748      
GRID*   872             0               0.012052214     -0.405783692    *N872   
*N872   0.271771302     
GRID*   873             0               0.0120735158    -0.405735749    *N873   
*N873   0.277325625     
GRID*   874             0               0.00780914634   -0.411042238    *N874   
*N874   0.266205687     
GRID*   875             0               0.00271999689   -0.413316719    *N875   
*N875   0.268720158     
GRID*   876             0               -0.00842829712  -0.410558927    *N876   
*N876   0.0457343627    
GRID*   877             0               -0.0131997126   -0.400312901    *N877   
*N877   0.0423927345    
GRID*   878             0               -0.0119661173   -0.405972435    *N878   
*N878   0.0440635486    
GRID*   879             0               0.012576449     -0.396390894    *N879   
*N879   0.0952252565    
GRID*   880             0               0.00832173309   -0.390153598    *N880   
*N880   0.101785488     
GRID*   881             0               0.0118734894    -0.39463283     *N881   
*N881   0.101892744     
GRID*   882             0               -0.000132833032 -0.413599332    *N882   
*N882   0.0409317054    
GRID*   883             0               -0.00373852172  -0.41305952     *N883   
*N883   0.054825786     
GRID*   884             0               -0.00195440425  -0.413454513    *N884   
*N884   0.0478787457    
GRID*   885             0               -0.00383005796  -0.413032128    *N885   
*N885   0.331039664     
GRID*   886             0               0.000403529641  -0.413593831    *N886   
*N886   0.337561068     
GRID*   887             0               -0.00862103197  -0.41039589     *N887   
*N887   0.33685357      
GRID*   888             0               -0.00440891628  -0.412841923    *N888   
*N888   0.337207319     
GRID*   889             0               -0.00619258634  -0.412057267    *N889   
*N889   0.309085286     
GRID*   890             0               -0.00167951629  -0.413492716    *N890   
*N890   0.301251745     
GRID*   891             0               0.00592848571   -0.412193772    *N891   
*N891   0.3045266       
GRID*   892             0               0.00138423293   -0.41352722     *N892   
*N892   0.312360141     
GRID*   893             0               -0.000148646175 -0.413599163    *N893   
*N893   0.306805943     
GRID*   894             0               -0.0129104252   -0.397650287    *N894   
*N894   0.288961867     
GRID*   895             0               -0.0116957904   -0.394280483    *N895   
*N895   0.294184516     
GRID*   896             0               -0.00776109771  -0.389722671    *N896   
*N896   0.28897364      
GRID*   897             0               -0.011069767    -0.393209711    *N897   
*N897   0.288967753     
GRID*   898             0               0.00996583939   -0.391744248    *N898   
*N898   0.0878723712    
GRID*   899             0               0.00632724915   -0.388815272    *N899   
*N899   0.0941444685    
GRID*   900             0               0.0125261386    -0.396236366    *N900   
*N900   0.272350367     
GRID*   901             0               0.00851890158   -0.390316929    *N901   
*N901   0.279411943     
GRID*   902             0               0.011264482     -0.393518761    *N902   
*N902   0.285861576     
GRID*   903             0               0.0119425023    -0.394777132    *N903   
*N903   0.279105971     
GRID*   904             0               0.00750487965   -0.389541051    *N904   
*N904   0.178131868     
GRID*   905             0               0.0120938193    -0.395110432    *N905   
*N905   0.18822545      
GRID*   906             0               0.0112274102    -0.39345844     *N906   
*N906   0.173506417     
GRID*   907             0               0.0116756123    -0.394242072    *N907   
*N907   0.180865934     
GRID*   908             0               0.0117690063    -0.406377499    *N908   
*N908   0.265702844     
GRID*   909             0               0.000223293106  -0.387201889    *N909   
*N909   0.127234165     
GRID*   910             0               0.00602961674   -0.38865761     *N910   
*N910   0.130758705     
GRID*   911             0               0.00910643881   -0.390844228    *N911   
*N911   0.125206797     
GRID*   912             0               0.00500775736   -0.388186795    *N912   
*N912   0.126220481     
GRID*   913             0               -0.00326841416  -0.387611041    *N913   
*N913   0.311111445     
GRID*   914             0               0.00230387376   -0.387402609    *N914   
*N914   0.313106854     
GRID*   915             0               0.00274983517   -0.387489601    *N915   
*N915   0.305759287     
GRID*   916             0               -0.00282632509  -0.38750613     *N916   
*N916   0.303763879     
GRID*   917             0               -0.000266304295 -0.387202687    *N917   
*N917   0.308435366     
GRID*   918             0               -0.0121481468   -0.405563577    *N918   
*N918   0.283650278     
GRID*   919             0               -0.0126013395   -0.404330171    *N919   
*N919   0.290299534     
GRID*   920             0               -0.0131391799   -0.401665683    *N920   
*N920   0.286306072     
GRID*   921             0               -0.00885615731  -0.410188181    *N921   
*N921   0.283001837     
GRID*   922             0               -0.0109827619   -0.407722496    *N922   
*N922   0.279619341     
GRID*   923             0               -0.00776454685  -0.389725179    *N923   
*N923   0.175277182     
GRID*   924             0               0.000787293163  -0.387223499    *N924   
*N924   0.175104137     
GRID*   925             0               0.000693249914  -0.387218217    *N925   
*N925   0.165830332     
GRID*   926             0               -0.00784052121  -0.389780856    *N926   
*N926   0.166003377     
GRID*   927             0               -0.00375126969  -0.387744251    *N927   
*N927   0.170553757     
GRID*   928             0               0.0122815911    -0.395562385    *N928   
*N928   0.133153838     
GRID*   929             0               0.0121317463    -0.395198007    *N929   
*N929   0.127203399     
GRID*   930             0               0.0111171199    -0.407516856    *N930   
*N930   0.132949103     
GRID*   931             0               0.0113365256    -0.407161892    *N931   
*N931   0.146382368     
GRID*   932             0               0.0112273138    -0.407341716    *N932   
*N932   0.139665735     
GRID*   933             0               0.012591774     -0.404360711    *N933   
*N933   0.16204692      
GRID*   934             0               0.00878523252   -0.410251888    *N934   
*N934   0.152029288     
GRID*   935             0               0.0120159928    -0.405864057    *N935   
*N935   0.154214644     
GRID*   936             0               0.00785059937   -0.389788304    *N936   
*N936   0.149437775     
GRID*   937             0               0.00108548135   -0.387244707    *N937   
*N937   0.142057555     
GRID*   938             0               -0.00233528985  -0.387408217    *N938   
*N938   0.147784502     
GRID*   939             0               0.00485648989   -0.38812586     *N939   
*N939   0.155164722     
GRID*   940             0               0.0030034752    -0.38754624     *N940   
*N940   0.148611139     
GRID*   941             0               -0.00153717558  -0.38728981     *N941   
*N941   0.136425971     
GRID*   942             0               0.00823241727   -0.3900817      *N942   
*N942   0.136390289     
GRID*   943             0               0.00362701377   -0.387708082    *N943   
*N943   0.13640813      
GRID*   944             0               -0.005084961    -0.412581263    *N944   
*N944   0.28689046      
GRID*   945             0               -0.00480010401  -0.4126963      *N945   
*N945   0.281912773     
GRID*   946             0               -0.00510280476  -0.388226201    *N946   
*N946   0.297844885     
GRID*   947             0               -0.00945142916  -0.391185311    *N947   
*N947   0.300773342     
GRID*   948             0               -0.00763686683  -0.389633466    *N948   
*N948   0.306692336     
GRID*   949             0               -0.00640858069  -0.388860065    *N949   
*N949   0.30226861      
GRID*   950             0               -0.0125635921   -0.396350783    *N950   
*N950   0.30517885      
GRID*   951             0               -0.0131970552   -0.400121191    *N951   
*N951   0.298590024     
GRID*   952             0               -0.0121737811   -0.395297152    *N952   
*N952   0.299681683     
GRID*   953             0               0.00811500325   -0.410810894    *N953   
*N953   0.337664898     
GRID*   954             0               0.00319169883   -0.41320832     *N954   
*N954   0.343994417     
GRID*   955             0               0.00572320522   -0.412294743    *N955   
*N955   0.331231549     
GRID*   956             0               0.00448079614   -0.412816218    *N956   
*N956   0.337612983     
GRID*   957             0               -0.0131595891   -0.401432093    *N957   
*N957   0.32354934      
GRID*   958             0               -0.0117472053   -0.39437977     *N958   
*N958   0.330232937     
GRID*   959             0               -0.0085767726   -0.390366109    *N959   
*N959   0.323630294     
GRID*   960             0               -0.0125640136   -0.396352092    *N960   
*N960   0.316946697     
GRID*   961             0               -0.0121955465   -0.395349391    *N961   
*N961   0.323589817     
GRID*   962             0               -0.0121213712   -0.405626123    *N962   
*N962   0.342884362     
GRID*   963             0               -0.01319674     -0.400693347    *N963   
*N963   0.336399608     
GRID*   964             0               -0.0117430585   -0.406428315    *N964   
*N964   0.330368816     
GRID*   965             0               -0.0119389543   -0.406030397    *N965   
*N965   0.336626589     
GRID*   966             0               -0.0121292678   -0.39519223     *N966   
*N966   0.34316064      
GRID*   967             0               -0.0131999994   -0.400404126    *N967   
*N967   0.348149087     
GRID*   968             0               -0.0121507034   -0.395242442    *N968   
*N968   0.348629684     
GRID*   969             0               -0.00819115724  -0.390048916    *N969   
*N969   0.336993969     
GRID*   970             0               -0.0119451461   -0.394782751    *N970   
*N970   0.336696788     
GRID*   971             0               0.00834724485   -0.39017437     *N971   
*N971   0.209042842     
GRID*   972             0               0.00467830307   -0.388056845    *N972   
*N972   0.199643268     
GRID*   973             0               -0.00343071868  -0.387653621    *N973   
*N973   0.203394751     
GRID*   974             0               0.00276253529   -0.387492312    *N974   
*N974   0.206218796     
GRID*   975             0               -0.00975883346  -0.391511515    *N975   
*N975   0.207241241     
GRID*   976             0               -0.00731135067  -0.389409816    *N976   
*N976   0.193808071     
GRID*   977             0               -0.012081397    -0.39508212     *N977   
*N977   0.197654561     
GRID*   978             0               -0.0085995396   -0.390385614    *N978   
*N978   0.200524656     
GRID*   979             0               0.0085013126    -0.390302095    *N979   
*N979   0.316605457     
GRID*   980             0               0.000227405696  -0.387201959    *N980   
*N980   0.31979172      
GRID*   981             0               0.0068042525    -0.389088849    *N981   
*N981   0.323290323     
GRID*   982             0               0.00463145136   -0.388039189    *N982   
*N982   0.318198588     
GRID*   983             0               -0.0123184637   -0.405142937    *N983   
*N983   0.0772337851    
GRID*   984             0               -0.0127817187   -0.397103385    *N984   
*N984   0.07552194      
GRID*   985             0               -0.0130393285   -0.398346731    *N985   
*N985   0.0676947497    
GRID*   986             0               -0.0118057602   -0.406304577    *N986   
*N986   0.0694065949    
GRID*   987             0               -0.013126367    -0.401792297    *N987   
*N987   0.0724642674    
GRID*   988             0               -0.00869549715  -0.39046882     *N988   
*N988   0.0681848438    
GRID*   989             0               -0.0116031746   -0.394106643    *N989   
*N989   0.0633663157    
GRID*   990             0               -0.0130206311   -0.398231322    *N990   
*N990   0.260220633     
GRID*   991             0               -0.00924796791  -0.390981131    *N991   
*N991   0.269457129     
GRID*   992             0               -0.0117095662   -0.394306884    *N992   
*N992   0.264838881     
GRID*   993             0               -0.00372686434  -0.387737043    *N993   
*N993   0.278015141     
GRID*   994             0               -0.00668712159  -0.389019209    *N994   
*N994   0.273736135     
GRID*   995             0               0.0121239923    -0.395179961    *N995   
*N995   0.0810471147    
GRID*   996             0               0.0117134126    -0.394314282    *N996   
*N996   0.0741855585    
GRID*   997             0               -0.0110272953   -0.393144743    *N997   
*N997   0.213181507     
GRID*   998             0               0.0120454126    -0.405798892    *N998   
*N998   0.0962151062    
GRID*   999             0               0.0118635674    -0.406187553    *N999   
*N999   0.102510022     
GRID*   1000            0               0.0102729555    -0.392111069    *N1000  
*N1000  0.230956309     
GRID*   1001            0               0.012445418     -0.396000958    *N1001  
*N1001  0.234478155     
GRID*   1002            0               0.007200456     -0.389336843    *N1002  
*N1002  0.226223528     
GRID*   1003            0               -0.0115685265   -0.394043177    *N1003  
*N1003  0.0402857904    
GRID*   1004            0               -0.0124361977   -0.395974959    *N1004  
*N1004  0.045651981     
GRID*   1005            0               0.00991256296   -0.391683286    *N1005  
*N1005  0.048923759     
GRID*   1006            0               0.00206311682   -0.387362226    *N1006  
*N1006  0.0435196426    
GRID*   1007            0               0.00625660346   -0.388776966    *N1007  
*N1007  0.0520027018    
GRID*   1008            0               0.00636569848   -0.388836355    *N1008  
*N1008  0.0462217008    
GRID*   1009            0               -0.0115073071   -0.393933016    *N1009  
*N1009  0.0934960962    
GRID*   1010            0               -0.0106065412   -0.392542438    *N1010  
*N1010  0.0845689495    
GRID*   1011            0               -0.00860662293  -0.390391701    *N1011  
*N1011  0.090277639     
GRID*   1012            0               -0.0129899539   -0.402745442    *N1012  
*N1012  0.257926843     
GRID*   1013            0               -0.00898217016  -0.410072674    *N1013  
*N1013  0.0961472252    
GRID*   1014            0               -0.0108925055   -0.407856093    *N1014  
*N1014  0.0842079003    
GRID*   1015            0               -0.00442875579  -0.412834875    *N1015  
*N1015  0.0806582371    
GRID*   1016            0               -0.00684621595  -0.411685802    *N1016  
*N1016  0.0884027311    
GRID*   1017            0               -0.0130045444   -0.398136855    *N1017  
*N1017  0.083120323     
GRID*   1018            0               -0.01317591     -0.401197118    *N1018  
*N1018  0.0900944381    
GRID*   1019            0               -0.0128989591   -0.403203008    *N1019  
*N1019  0.0836641116    
GRID*   1020            0               -0.0128698988   -0.403333548    *N1020  
*N1020  0.0989610902    
GRID*   1021            0               -0.0130634813   -0.39850647     *N1021  
*N1021  0.0962285932    
GRID*   1022            0               0.00871781399   -0.410311595    *N1022  
*N1022  0.31325981      
GRID*   1023            0               0.0116239598    -0.406654883    *N1023  
*N1023  0.303792986     
GRID*   1024            0               0.0120167225    -0.405862452    *N1024  
*N1024  0.309629905     
GRID*   1025            0               -0.0067854789   -0.389077576    *N1025  
*N1025  0.238869367     
GRID*   1026            0               -0.00647643991  -0.388898012    *N1026  
*N1026  0.245461504     
GRID*   1027            0               -0.00448859776  -0.3879866      *N1027  
*N1027  0.241198278     
GRID*   1028            0               0.00671040589   -0.411767078    *N1028  
*N1028  0.320280416     
GRID*   1029            0               -0.00109515661  -0.413554491    *N1029  
*N1029  0.319380747     
GRID*   1030            0               0.00414189806   -0.412933343    *N1030  
*N1030  0.316320279     
GRID*   1031            0               -0.0130955743   -0.398742914    *N1031  
*N1031  0.191298355     
GRID*   1032            0               -0.0131937997   -0.399995464    *N1032  
*N1032  0.197103961     
GRID*   1033            0               -0.0110257242   -0.393142355    *N1033  
*N1033  0.122393394     
GRID*   1034            0               -0.0056925994   -0.388490579    *N1034  
*N1034  0.12558418      
GRID*   1035            0               -0.00775504     -0.38971827     *N1035  
*N1035  0.119956938     
GRID*   1036            0               0.00368183307   -0.387723877    *N1036  
*N1036  0.0586719142    
GRID*   1037            0               -0.00995216554  -0.391728529    *N1037  
*N1037  0.311482135     
GRID*   1038            0               -0.0131426243   -0.401629401    *N1038  
*N1038  0.310643412     
GRID*   1039            0               -0.0125638028   -0.396351438    *N1039  
*N1039  0.311062773     
GRID*   1040            0               -0.0104676006   -0.408441725    *N1040  
*N1040  0.316665974     
GRID*   1041            0               -0.0114507643   -0.406966582    *N1041  
*N1041  0.303062725     
GRID*   1042            0               -0.0109839743   -0.407720677    *N1042  
*N1042  0.309864349     
GRID*   1043            0               0.0121470066    -0.395233741    *N1043  
*N1043  0.0202357828    
GRID*   1044            0               -0.0123088839   -0.395632257    *N1044  
*N1044  0.166558174     
GRID*   1045            0               -0.00818434237  -0.390043527    *N1045  
*N1045  0.157575014     
GRID*   1046            0               -0.0106208077   -0.392561732    *N1046  
*N1046  0.162066594     
GRID*   1047            0               0.00848498043   -0.410511632    *N1047  
*N1047  0.125151606     
GRID*   1048            0               0.00190975452   -0.413461119    *N1048  
*N1048  0.124833018     
GRID*   1049            0               0.00299823375   -0.413254983    *N1049  
*N1049  0.114288853     
GRID*   1050            0               0.00590318097   -0.412206458    *N1050  
*N1050  0.11972023      
GRID*   1051            0               -0.00542334868  -0.412434421    *N1051  
*N1051  0.132024854     
GRID*   1052            0               -0.00507252576  -0.412586447    *N1052  
*N1052  0.124558335     
GRID*   1053            0               -0.00183026319  -0.413472495    *N1053  
*N1053  0.128428936     
GRID*   1054            0               -0.00231163333  -0.387403987    *N1054  
*N1054  0.157687313     
GRID*   1055            0               -0.00820318365  -0.390058444    *N1055  
*N1055  0.147672203     
GRID*   1056            0               -0.00542235     -0.388365129    *N1056  
*N1056  0.152679758     
GRID*   1057            0               0.00751136414   -0.389545535    *N1057  
*N1057  0.163307741     
GRID*   1058            0               0.0028117356    -0.387502941    *N1058  
*N1058  0.160497527     
GRID*   1059            0               0.00766692248   -0.389654848    *N1059  
*N1059  0.349874871     
GRID*   1060            0               0.00277117356   -0.387494164    *N1060  
*N1060  0.344596796     
GRID*   1061            0               0.0039527934    -0.387805738    *N1061  
*N1061  0.350585847     
GRID*   1062            0               -0.00994369636  -0.391718819    *N1062  
*N1062  0.0769705665    
GRID*   1063            0               -0.011914413    -0.394717856    *N1063  
*N1063  0.0800454447    
GRID*   1064            0               0.00190898221   -0.413461232    *N1064  
*N1064  0.0340380366    
GRID*   1065            0               0.0123465526    -0.39573067     *N1065  
*N1065  0.0482618795    
GRID*   1066            0               0.0113217037    -0.39361332     *N1066  
*N1066  0.312053488     
GRID*   1067            0               0.0124833782    -0.396109864    *N1067  
*N1067  0.324151968     
GRID*   1068            0               0.0119422469    -0.39477659     *N1068  
*N1068  0.318102728     
GRID*   1069            0               0.00187154739   -0.413466649    *N1069  
*N1069  0.326934962     
GRID*   1070            0               0.0062224014    -0.41204138     *N1070  
*N1070  0.325755983     
GRID*   1071            0               -0.00655555188  -0.411857083    *N1071  
*N1071  0.323485449     
GRID*   1072            0               -0.00247641887  -0.413365622    *N1072  
*N1072  0.325210205     
GRID*   1073            0               -0.00336637014  -0.413163524    *N1073  
*N1073  0.0666640103    
GRID*   1074            0               -0.00847428407  -0.410520598    *N1074  
*N1074  0.0621161904    
GRID*   1075            0               0.0119217558    -0.406066722    *N1075  
*N1075  0.127175803     
GRID*   1076            0               0.0101872211    -0.408794077    *N1076  
*N1076  0.0899954458    
GRID*   1077            0               0.0127293937    -0.403893213    *N1077  
*N1077  0.0821803396    
GRID*   1078            0               0.0124151334    -0.4048838      *N1078  
*N1078  0.0891977229    
GRID*   1079            0               -0.0104622887   -0.392351366    *N1079  
*N1079  0.024246819     
GRID*   1080            0               -0.0130940165   -0.39873065     *N1080  
*N1080  0.0226344656    
GRID*   1081            0               -0.0117341175   -0.3943543      *N1081  
*N1081  0.031923855     
GRID*   1082            0               -0.012605442    -0.396483007    *N1082  
*N1082  0.0272791603    
GRID*   1083            0               0.0123611757    -0.395769521    *N1083  
*N1083  0.0881361856    
GRID*   1084            0               -0.0111508654   -0.407463866    *N1084  
*N1084  0.323517395     
GRID*   1085            0               -0.00722862183  -0.389355226    *N1085  
*N1085  0.134775986     
GRID*   1086            0               -0.00366440626  -0.387718828    *N1086  
*N1086  0.131005076     
GRID*   1087            0               0.00993909866   -0.409086444    *N1087  
*N1087  0.300347048     
GRID*   1088            0               -0.00166040413  -0.387304846    *N1088  
*N1088  0.183839097     
GRID*   1089            0               0.00536969346   -0.388341543    *N1089  
*N1089  0.186866828     
GRID*   1090            0               0.00312883785   -0.387576179    *N1090  
*N1090  0.180985482     
GRID*   1091            0               -0.00618098502  -0.388736578    *N1091  
*N1091  0.315901244     
GRID*   1092            0               -0.00692346441  -0.389161422    *N1092  
*N1092  0.31129679      
GRID*   1093            0               0.00637874476   -0.411956453    *N1093  
*N1093  0.187836913     
GRID*   1094            0               -0.00852753285  -0.410475772    *N1094  
*N1094  0.142374063     
GRID*   1095            0               -0.00704385195  -0.411563519    *N1095  
*N1095  0.137199459     
GRID*   1096            0               -0.0128106694   -0.403582255    *N1096  
*N1096  0.142559605     
GRID*   1097            0               -0.00837476847  -0.4106031      *N1097  
*N1097  0.1507777       
GRID*   1098            0               -0.0111592455   -0.40745062     *N1098  
*N1098  0.146668653     
GRID*   1099            0               -0.0119178585   -0.394725086    *N1099  
*N1099  0.130332751     
GRID*   1100            0               -0.013185508    -0.399781631    *N1100  
*N1100  0.119811121     
GRID*   1101            0               -0.0128037852   -0.397190158    *N1101  
*N1101  0.125071936     
GRID*   1102            0               -0.000397735369 -0.387205994    *N1102  
*N1102  0.284296131     
GRID*   1103            0               0.00272118699   -0.387483532    *N1103  
*N1103  0.278713542     
GRID*   1104            0               0.0118027465    -0.406310599    *N1104  
*N1104  0.0144310427    
GRID*   1105            0               0.012244975     -0.405329563    *N1105  
*N1105  0.0210095205    
GRID*   1106            0               0.0123295762    -0.395686026    *N1106  
*N1106  0.203041892     
GRID*   1107            0               0.0119105557    -0.394709775    *N1107  
*N1107  0.209921421     
GRID*   1108            0               -0.0087698787   -0.410265558    *N1108  
*N1108  0.294772235     
GRID*   1109            0               -0.0120980821   -0.405679811    *N1109  
*N1109  0.296681129     
GRID*   1110            0               -0.00341280311  -0.413151187    *N1110  
*N1110  0.294071102     
GRID*   1111            0               0.00264164013   -0.387467029    *N1111  
*N1111  0.293167375     
GRID*   1112            0               -0.00279717558  -0.387499775    *N1112  
*N1112  0.291070508     
GRID*   1113            0               0.00940733179   -0.391140297    *N1113  
*N1113  0.194067342     
GRID*   1114            0               0.0122140359    -0.395394271    *N1114  
*N1114  0.195633671     
GRID*   1115            0               -0.000159362768 -0.387200962    *N1115  
*N1115  0.192442753     
GRID*   1116            0               0.0050260145    -0.388194297    *N1116  
*N1116  0.193255048     
GRID*   1117            0               -0.00679932554  -0.389085886    *N1117  
*N1117  0.073483763     
GRID*   1118            0               0.0122420414    -0.405336843    *N1118  
*N1118  0.198117879     
GRID*   1119            0               -0.0106814641   -0.392644594    *N1119  
*N1119  0.242312778     
GRID*   1120            0               -0.00984601339  -0.391608184    *N1120  
*N1120  0.247143007     
GRID*   1121            0               -0.0119794865   -0.394856364    *N1121  
*N1121  0.237292724     
GRID*   1122            0               -0.0131999997   -0.400402949    *N1122  
*N1122  0.236590417     
GRID*   1123            0               -0.00981731013  -0.391576145    *N1123  
*N1123  0.238081045     
GRID*   1124            0               0.000939187357  -0.387233454    *N1124  
*N1124  0.0356220162    
GRID*   1125            0               0.00538246925   -0.38834724     *N1125  
*N1125  0.0331296772    
GRID*   1126            0               0.00621540912   -0.412045114    *N1126  
*N1126  0.0637244105    
GRID*   1127            0               0.00521315886   -0.412526952    *N1127  
*N1127  0.0777186372    
GRID*   1128            0               0.000976710333  -0.413563815    *N1128  
*N1128  0.0721913238    
GRID*   1129            0               0.010067045     -0.408937834    *N1129  
*N1129  0.0763203041    
GRID*   1130            0               0.00792316324   -0.410957627    *N1130  
*N1130  0.0838570415    
GRID*   1131            0               -0.00851455688  -0.39031326     *N1131  
*N1131  0.185204415     
GRID*   1132            0               -0.00460769144  -0.388030312    *N1132  
*N1132  0.188823584     
GRID*   1133            0               0.0119675644    -0.405969327    *N1133  
*N1133  0.0689399646    
GRID*   1134            0               0.0123810392    -0.404977103    *N1134  
*N1134  0.0755601521    
GRID*   1135            0               -0.00507902092  -0.388216259    *N1135  
*N1135  0.0388654578    
GRID*   1136            0               -0.00894926218  -0.390696871    *N1136  
*N1136  0.0353946564    
GRID*   1137            0               -0.00156724676  -0.38729337     *N1137  
*N1137  0.0411925502    
GRID*   1138            0               -0.00854163806  -0.390336183    *N1138  
*N1138  0.00632834014   
GRID*   1139            0               -0.00651235518  -0.388918309    *N1139  
*N1139  0.0147235527    
GRID*   1140            0               -0.0033676162   -0.387636804    *N1140  
*N1140  0.00736177633   
GRID*   1141            0               -0.0111290543   -0.393301821    *N1141  
*N1141  0.0170466242    
GRID*   1142            0               -0.0127732169   -0.397070596    *N1142  
*N1142  0.0124648486    
GRID*   1143            0               -0.0129602232   -0.397895481    *N1143  
*N1143  0.0175496571    
GRID*   1144            0               -0.0129402965   -0.397794481    *N1144  
*N1144  0.143395912     
GRID*   1145            0               -0.0127786009   -0.39709132     *N1145  
*N1145  0.13649217      
GRID*   1146            0               -0.0131998389   -0.400334786    *N1146  
*N1146  0.139525888     
GRID*   1147            0               -0.00607277589  -0.412120128    *N1147  
*N1147  0.11581937      
GRID*   1148            0               -0.00727204375  -0.411416233    *N1148  
*N1148  0.105754344     
GRID*   1149            0               -0.00232628761  -0.413393398    *N1149  
*N1149  0.110021599     
GRID*   1150            0               -0.0122135466   -0.405406923    *N1150  
*N1150  0.108568209     
GRID*   1151            0               -0.0114117344   -0.407034178    *N1151  
*N1151  0.117308064     
GRID*   1152            0               -0.013007266    -0.40264745     *N1152  
*N1152  0.114189665     
GRID*   1153            0               -0.0124882939   -0.396124194    *N1153  
*N1153  0.174048392     
GRID*   1154            0               -0.0127642654   -0.397036441    *N1154  
*N1154  0.183975626     
GRID*   1155            0               -0.0108959476   -0.392948938    *N1155  
*N1155  0.179626404     
GRID*   1156            0               0.00889428441   -0.410153548    *N1156  
*N1156  0.166836813     
GRID*   1157            0               0.000163046268  -0.413598993    *N1157  
*N1157  0.169980482     
GRID*   1158            0               -0.00303659498  -0.413245976    *N1158  
*N1158  0.16246963      
GRID*   1159            0               0.00626897676   -0.412016365    *N1159  
*N1159  0.159325962     
GRID*   1160            0               0.00331193419   -0.413177758    *N1160  
*N1160  0.164653222     
GRID*   1161            0               -0.00758186935  -0.411205335    *N1161  
*N1161  0.175558146     
GRID*   1162            0               -0.00163807144  -0.413497966    *N1162  
*N1162  0.176507499     
GRID*   1163            0               -0.0120606428   -0.405764783    *N1163  
*N1163  0.180736487     
GRID*   1164            0               -0.0130549413   -0.40235154     *N1164  
*N1164  0.173456045     
GRID*   1165            0               -0.0101905473   -0.408790039    *N1165  
*N1165  0.168277703     
GRID*   1166            0               -0.0112279521   -0.407340684    *N1166  
*N1166  0.174507095     
GRID*   1167            0               -0.0130589232   -0.402324714    *N1167  
*N1167  0.186017421     
GRID*   1168            0               0.0120969765    -0.395117656    *N1168  
*N1168  0.159801324     
GRID*   1169            0               0.0116773388    -0.394245347    *N1169  
*N1169  0.166653871     
GRID*   1170            0               0.0114411474    -0.393816677    *N1170  
*N1170  0.146036451     
GRID*   1171            0               0.0118800604    -0.394646378    *N1171  
*N1171  0.139595144     
GRID*   1172            0               0.0117788775    -0.394441976    *N1172  
*N1172  0.152918887     
GRID*   1173            0               0.00757878738   -0.389592503    *N1173  
*N1173  0.338571421     
GRID*   1174            0               0.00507009155   -0.38821254     *N1174  
*N1174  0.334592944     
GRID*   1175            0               -7.68875126E-05 -0.387200224    *N1175  
*N1175  0.34061832      
GRID*   1176            0               0.00393705165   -0.387800809    *N1176  
*N1176  0.33959487      
GRID*   1177            0               0.0121513991    -0.395244081    *N1177  
*N1177  0.329550511     
GRID*   1178            0               0.0111981399    -0.393411319    *N1178  
*N1178  0.342220909     
GRID*   1179            0               0.0116934626    -0.394276036    *N1179  
*N1179  0.33588571      
GRID*   1180            0               0.00599339066   -0.388639079    *N1180  
*N1180  0.328688866     
GRID*   1181            0               0.00998210601   -0.391763012    *N1181  
*N1181  0.326420417     
GRID*   1182            0               -0.00364519198  -0.387713291    *N1182  
*N1182  0.333424849     
GRID*   1183            0               -0.00265758405  -0.387470296    *N1183  
*N1183  0.32752077      
GRID*   1184            0               0.00126205381   -0.387260471    *N1184  
*N1184  0.331056857     
GRID*   1185            0               0.0113682564    -0.407108409    *N1185  
*N1185  0.342154718     
GRID*   1186            0               0.0118450753    -0.406225306    *N1186  
*N1186  0.335432449     
GRID*   1187            0               0.00866622813   -0.390443269    *N1187  
*N1187  0.30512556      
GRID*   1188            0               0.00858255674   -0.390371056    *N1188  
*N1188  0.292533647     
GRID*   1189            0               0.00584649232   -0.388565367    *N1189  
*N1189  0.299146467     
GRID*   1190            0               0.0125522434    -0.396315739    *N1190  
*N1190  0.299072071     
GRID*   1191            0               0.0119845113    -0.394867235    *N1191  
*N1191  0.30556278      
GRID*   1192            0               0.0119587727    -0.39481182     *N1192  
*N1192  0.292466824     
GRID*   1193            0               -0.00869710468  -0.410329772    *N1193  
*N1193  0.120933199     
GRID*   1194            0               0.0120492726    -0.405790272    *N1194  
*N1194  0.168418407     
GRID*   1195            0               -0.01312207     -0.401832229    *N1195  
*N1195  0.165965826     
GRID*   1196            0               -0.0131193788   -0.398943325    *N1196  
*N1196  0.170007109     
GRID*   1197            0               -0.0108515856   -0.407915523    *N1197  
*N1197  0.102357717     
GRID*   1198            0               -0.00196142447  -0.41345346     *N1198  
*N1198  0.151975111     
GRID*   1199            0               -0.0091916237   -0.409873862    *N1199  
*N1199  0.16127222      
GRID*   1200            0               -0.00585670571  -0.412229581    *N1200  
*N1200  0.156623665     
GRID*   1201            0               -0.0118592663   -0.406196361    *N1201  
*N1201  0.163619023     
GRID*   1202            0               -0.00446440847  -0.38797788     *N1202  
*N1202  0.321711007     
GRID*   1203            0               0.0108220844    -0.407957942    *N1203  
*N1203  0.242165216     
GRID*   1204            0               0.0125008567    -0.404638936    *N1204  
*N1204  0.233119564     
GRID*   1205            0               0.0125909146    -0.404363442    *N1205  
*N1205  0.240082608     
GRID*   1206            0               0.00650525791   -0.411885714    *N1206  
*N1206  0.241955526     
GRID*   1207            0               -0.0122123588   -0.39539018     *N1207  
*N1207  0.0062324243    
GRID*   1208            0               -0.00919431732  -0.390928753    *N1208  
*N1208  0.140935405     
GRID*   1209            0               -0.0112571425   -0.393506761    *N1209  
*N1209  0.145534058     
GRID*   1210            0               -0.00437251672  -0.387945238    *N1210  
*N1210  0.338806144     
GRID*   1211            0               -0.00865916297  -0.390437124    *N1211  
*N1211  0.0194851858    
GRID*   1212            0               0.0112817953    -0.407252817    *N1212  
*N1212  0.0624622052    
GRID*   1213            0               0.0118096433    -0.394503194    *N1213  
*N1213  0.265977987     
GRID*   1214            0               0.0117040181    -0.394296234    *N1214  
*N1214  0.348159846     
GRID*   1215            0               0.0117488273    -0.406417064    *N1215  
*N1215  0.225917549     
GRID*   1216            0               0.007931424     -0.410951422    *N1216  
*N1216  0.34980868      
GRID*   1217            0               0.00415804177   -0.412927996    *N1217  
*N1217  0.35028469      
GRID*   1218            0               0.00376876708   -0.413050549    *N1218  
*N1218  0.1520022       
GRID*   1219            0               -0.0107253918   -0.392705458    *N1219  
*N1219  0.135634078     
GRID*   1220            0               0.0117843068    -0.406347278    *N1220  
*N1220  0.348126761     
GRID*   1221            0               0.0116196438    -0.406662897    *N1221  
*N1221  0.00721552135   
GRID*   1222            0               -0.0121466959   -0.405566989    *N1222  
*N1222  0.348491592     
GRID*   1223            0               0.0129535777    -0.402938666    *N1223  
*N1223  0.184608966     
GRID*   1224            0               0.012409083     -0.404900518    *N1224  
*N1224  0.182550896     
GRID*   1225            0               0.0130429797    -0.402429946    *N1225  
*N1225  0.17814193      
GRID*   1226            0               0.0130006158    -0.402685605    *N1226  
*N1226  0.181375448     
GRID*   1227            0               0.0128509003    -0.403415686    *N1227  
*N1227  0.191076001     
GRID*   1228            0               0.0120310088    -0.405830914    *N1228  
*N1228  0.188684967     
GRID*   1229            0               0.0129042437    -0.403178578    *N1229  
*N1229  0.187842483     
GRID*   1230            0               0.0101679176    -0.408817449    *N1230  
*N1230  0.192428004     
GRID*   1231            0               0.00875249821   -0.41028098     *N1231  
*N1231  0.190369934     
GRID*   1232            0               0.0110527078    -0.407616485    *N1232  
*N1232  0.186626897     
GRID*   1233            0               0.010627291     -0.408229475    *N1233  
*N1233  0.18952745      
GRID*   1234            0               0.010149407     -0.408839759    *N1234  
*N1234  0.184901792     
GRID*   1235            0               0.0118091424    -0.406297809    *N1235  
*N1235  0.180825791     
GRID*   1236            0               0.0114499247    -0.406968046    *N1236  
*N1236  0.183726344     
GRID*   1237            0               0.00947355323   -0.409591942    *N1237  
*N1237  0.204340954     
GRID*   1238            0               0.00724427411   -0.411434514    *N1238  
*N1238  0.201166548     
GRID*   1239            0               0.00819069825   -0.410751447    *N1239  
*N1239  0.19882723      
GRID*   1240            0               0.0102484972    -0.408719153    *N1240  
*N1240  0.202001636     
GRID*   1241            0               0.00885113318   -0.410192724    *N1241  
*N1241  0.201584092     
GRID*   1242            0               0.00590145415   -0.412207321    *N1242  
*N1242  0.203087837     
GRID*   1243            0               0.00355825848   -0.413111365    *N1243  
*N1243  0.200331461     
GRID*   1244            0               0.00502314609   -0.412606883    *N1244  
*N1244  0.198410172     
GRID*   1245            0               0.00546595235   -0.412415131    *N1245  
*N1245  0.200749004     
GRID*   1246            0               0.00299405803   -0.413255956    *N1246  
*N1246  0.196071825     
GRID*   1247            0               0.00411799617   -0.412941216    *N1247  
*N1247  0.193732507     
GRID*   1248            0               0.00608181554   -0.412115439    *N1248  
*N1248  0.196070854     
GRID*   1249            0               0.00457362713   -0.412782323    *N1249  
*N1249  0.196071339     
GRID*   1250            0               0.00676728091   -0.41173331     *N1250  
*N1250  0.193313505     
GRID*   1251            0               0.00879137845   -0.410246404    *N1251  
*N1251  0.196069882     
GRID*   1252            0               0.00749508496   -0.411265712    *N1252  
*N1252  0.196070368     
GRID*   1253            0               -0.0131564426   -0.399328544    *N1253  
*N1253  0.108168387     
GRID*   1254            0               -0.0123092706   -0.395633255    *N1254  
*N1254  0.109708744     
GRID*   1255            0               -0.0118777203   -0.394641549    *N1255  
*N1255  0.105354485     
GRID*   1256            0               -0.0130245659   -0.39825508     *N1256  
*N1256  0.103814128     
GRID*   1257            0               -0.0127345714   -0.39692571     *N1257  
*N1257  0.106761436     
GRID*   1258            0               -0.0126580568   -0.396656526    *N1258  
*N1258  0.113974145     
GRID*   1259            0               -0.0110722149   -0.393213481    *N1259  
*N1259  0.11560336      
GRID*   1260            0               -0.0104469983   -0.392331529    *N1260  
*N1260  0.111337959     
GRID*   1261            0               -0.0117531822   -0.394391447    *N1261  
*N1261  0.112656052     
GRID*   1262            0               -0.00772353745  -0.38969547     *N1262  
*N1262  0.113056032     
GRID*   1263            0               -0.0068212792   -0.389099108    *N1263  
*N1263  0.108701773     
GRID*   1264            0               -0.00975140105  -0.391503361    *N1264  
*N1264  0.1069837       
GRID*   1265            0               -0.00878410423  -0.390547106    *N1265  
*N1265  0.110019866     
GRID*   1266            0               -0.0089900077   -0.39073461     *N1266  
*N1266  0.102540583     
GRID*   1267            0               -0.0113662011   -0.39368811     *N1267  
*N1267  0.100911368     
GRID*   1268            0               -0.0106151571   -0.392554081    *N1268  
*N1268  0.103947534     
GRID*   1269            0               -0.00366312215  -0.387718457    *N1269  
*N1269  0.0670156042    
GRID*   1270            0               -0.00023268847  -0.387202051    *N1270  
*N1270  0.0708904988    
GRID*   1271            0               0.00174684629   -0.387316097    *N1271  
*N1271  0.0685625824    
GRID*   1272            0               -0.0017222371   -0.387312835    *N1272  
*N1272  0.0646876878    
GRID*   1273            0               -0.00097903102  -0.387236357    *N1273  
*N1273  0.0677890933    
GRID*   1274            0               -0.0023259918   -0.387406549    *N1274  
*N1274  0.0729783147    
GRID*   1275            0               0.00125983958   -0.387260259    *N1275  
*N1275  0.0770933099    
GRID*   1276            0               0.00333085864   -0.387627162    *N1276  
*N1276  0.0750054939    
GRID*   1277            0               0.000514399533  -0.387210027    *N1277  
*N1277  0.0739919043    
GRID*   1278            0               0.00675228501   -0.389057749    *N1278  
*N1278  0.0793605895    
GRID*   1279            0               0.00837505155   -0.390197132    *N1279  
*N1279  0.0770326732    
GRID*   1280            0               0.00520651226   -0.388270192    *N1280  
*N1280  0.0726775776    
GRID*   1281            0               0.00599235092   -0.388638549    *N1281  
*N1281  0.0760190836    
GRID*   1282            0               0.00686176721   -0.389123646    *N1282  
*N1282  0.0701095607    
GRID*   1283            0               0.00357080708   -0.387692155    *N1283  
*N1283  0.0659945656    
GRID*   1284            0               0.00439816617   -0.387954272    *N1284  
*N1284  0.0693360716    
GRID*   1285            0               0.00571460819   -0.412298876    *N1285  
*N1285  0.133214838     
GRID*   1286            0               0.00367171464   -0.413079058    *N1286  
*N1286  0.137510229     
GRID*   1287            0               0.0014256863    -0.413522782    *N1287  
*N1287  0.135394263     
GRID*   1288            0               0.00357265925   -0.413107325    *N1288  
*N1288  0.131098872     
GRID*   1289            0               0.00362221452   -0.413093288    *N1289  
*N1289  0.134304551     
GRID*   1290            0               0.00608787134   -0.412112294    *N1290  
*N1290  0.139848103     
GRID*   1291            0               0.00377054644   -0.413050019    *N1291  
*N1291  0.143921586     
GRID*   1292            0               0.00121545219   -0.413543922    *N1292  
*N1292  0.141583712     
GRID*   1293            0               0.00372115887   -0.413064635    *N1293  
*N1293  0.140715908     
GRID*   1294            0               -0.00159682518  -0.413503059    *N1294  
*N1294  0.145435288     
GRID*   1295            0               -0.00383687137  -0.41303006     *N1295  
*N1295  0.143319321     
GRID*   1296            0               -0.00107395449  -0.413556239    *N1296  
*N1296  0.139467746     
GRID*   1297            0               -0.00133565454  -0.413532251    *N1297  
*N1297  0.142451517     
GRID*   1298            0               -0.00302600469  -0.413248474    *N1298  
*N1298  0.137573687     
GRID*   1299            0               -0.000549381271 -0.413588562    *N1299  
*N1299  0.133500204     
GRID*   1300            0               -0.000811828771 -0.413575012    *N1300  
*N1300  0.136483975     
GRID*   1301            0               0.000407154057  -0.413593719    *N1301  
*N1301  0.00356909573   
GRID*   1302            0               -0.00260836773  -0.413339722    *N1302  
*N1302  0.00689176585   
GRID*   1303            0               -0.0062304466   -0.412037076    *N1303  
*N1303  0.00332267012   
GRID*   1304            0               -0.00301387932  -0.413251324    *N1304  
*N1304  0.00344588293   
GRID*   1305            0               0.00693614085   -0.411630759    *N1305  
*N1305  0.00381552135   
GRID*   1306            0               0.00418124062   -0.412920273    *N1306  
*N1306  0.00738461708   
GRID*   1307            0               0.00380056549   -0.413041032    *N1307  
*N1307  0.00369230854   
GRID*   1308            0               0.00758982428   -0.411199748    *N1308  
*N1308  0.011446564     
GRID*   1309            0               0.00493076358   -0.412644491    *N1309  
*N1309  0.0147692342    
GRID*   1310            0               0.00121991268   -0.413543508    *N1310  
*N1310  0.0107072872    
GRID*   1311            0               0.0045580883    -0.412788052    *N1311  
*N1311  0.0110769256    
GRID*   1312            0               -0.00179001206  -0.413478068    *N1312  
*N1312  0.0137835317    
GRID*   1313            0               -0.00547254332  -0.41241213     *N1313  
*N1313  0.00996801036   
GRID*   1314            0               -0.00220027749  -0.413415329    *N1314  
*N1314  0.0103376488    
GRID*   1315            0               0.00782591916   -0.38977009     *N1315  
*N1315  0.218453726     
GRID*   1316            0               0.0107047999    -0.392676836    *N1316  
*N1316  0.221779165     
GRID*   1317            0               0.01176674      -0.394418041    *N1317  
*N1317  0.219726863     
GRID*   1318            0               0.00936999163   -0.391102513    *N1318  
*N1318  0.216401425     
GRID*   1319            0               0.0100682142    -0.391863545    *N1319  
*N1319  0.219090295     
GRID*   1320            0               0.00988468095   -0.391651681    *N1320  
*N1320  0.223357379     
GRID*   1321            0               0.0118044622    -0.394492829    *N1321  
*N1321  0.227156904     
GRID*   1322            0               0.012332863     -0.395694632    *N1322  
*N1322  0.22557869      
GRID*   1323            0               0.0112911991    -0.393562689    *N1323  
*N1323  0.224468034     
GRID*   1324            0               0.0130424427    -0.398366607    *N1324  
*N1324  0.229852301     
GRID*   1325            0               0.0129104942    -0.397650611    *N1325  
*N1325  0.223526388     
GRID*   1326            0               0.012981076     -0.39800591     *N1326  
*N1326  0.226689345     
GRID*   1327            0               0.0127546333    -0.397000099    *N1327  
*N1327  0.217200475     
GRID*   1328            0               0.012836225     -0.397322448    *N1328  
*N1328  0.220363432     
GRID*   1329            0               -0.00647038264  -0.411905396    *N1329  
*N1329  0.268391249     
GRID*   1330            0               -0.00934897769  -0.409718617    *N1330  
*N1330  0.267915414     
GRID*   1331            0               -0.0090364791   -0.410021956    *N1331  
*N1331  0.264372579     
GRID*   1332            0               -0.00608731152  -0.412112585    *N1332  
*N1332  0.264848414     
GRID*   1333            0               -0.00781041144  -0.41104131     *N1333  
*N1333  0.266381914     
GRID*   1334            0               -0.00964248671  -0.409414569    *N1334  
*N1334  0.271384644     
GRID*   1335            0               -0.0117323235   -0.406449181    *N1335  
*N1335  0.270982415     
GRID*   1336            0               -0.0115326691   -0.406821646    *N1336  
*N1336  0.267513186     
GRID*   1337            0               -0.0106666592   -0.408175756    *N1337  
*N1337  0.269448915     
GRID*   1338            0               -0.0128482255   -0.403427062    *N1338  
*N1338  0.267184563     
GRID*   1339            0               -0.0127413733   -0.403849262    *N1339  
*N1339  0.263641727     
GRID*   1340            0               -0.0113145496   -0.4071986      *N1340  
*N1340  0.26397035      
GRID*   1341            0               -0.0122276756   -0.405372318    *N1341  
*N1341  0.265577457     
GRID*   1342            0               -0.011077097    -0.407578992    *N1342  
*N1342  0.260353909     
GRID*   1343            0               -0.00870444176  -0.410323341    *N1343  
*N1343  0.260756138     
GRID*   1344            0               -0.0101306961   -0.40886221     *N1344  
*N1344  0.262363244     
GRID*   1345            0               0.00372170083   -0.413064476    *N1345  
*N1345  0.179795385     
GRID*   1346            0               0.00736161346   -0.41135658     *N1346  
*N1346  0.177963604     
GRID*   1347            0               0.0085093346    -0.410491146    *N1347  
*N1347  0.180310588     
GRID*   1348            0               0.00507671313   -0.412584703    *N1348  
*N1348  0.182142369     
GRID*   1349            0               0.00624940505   -0.412026906    *N1349  
*N1349  0.180052987     
GRID*   1350            0               0.00562493093   -0.412341531    *N1350  
*N1350  0.175118319     
GRID*   1351            0               0.00929035979   -0.409777058    *N1351  
*N1351  0.173784839     
GRID*   1352            0               0.0105983397    -0.408268621    *N1352  
*N1352  0.176630125     
GRID*   1353            0               0.00836335912   -0.410612454    *N1353  
*N1353  0.175874222     
GRID*   1354            0               0.0127449167    -0.403836146    *N1354  
*N1354  0.175794946     
GRID*   1355            0               0.0113910983    -0.407069549    *N1355  
*N1355  0.178977108     
GRID*   1356            0               0.012179259     -0.405489759    *N1356  
*N1356  0.177386027     
GRID*   1357            0               0.00916113148   -0.40990335     *N1357  
*N1357  0.18215927      
GRID*   1358            0               0.0103733382    -0.408562956    *N1358  
*N1358  0.180568189     
GRID*   1359            0               0.00899701245   -0.39074113     *N1359  
*N1359  0.0669860033    
GRID*   1360            0               0.0116421904    -0.394179116    *N1360  
*N1360  0.0640755237    
GRID*   1361            0               0.0105436854    -0.392458294    *N1361  
*N1361  0.0606405676    
GRID*   1362            0               0.00740000732   -0.389469314    *N1362  
*N1362  0.0635510473    
GRID*   1363            0               0.00980800087   -0.391565798    *N1363  
*N1363  0.0638132855    
GRID*   1364            0               0.0127089465    -0.396833114    *N1364  
*N1364  0.0676620011    
GRID*   1365            0               0.0128900881    -0.397556476    *N1365  
*N1365  0.0610135225    
GRID*   1366            0               0.0128040049    -0.397191035    *N1366  
*N1366  0.0643377618    
GRID*   1367            0               0.0130421234    -0.39836456     *N1367  
*N1367  0.054365044     
GRID*   1368            0               0.0122974468    -0.395602834    *N1368  
*N1368  0.0575785665    
GRID*   1369            0               0.0129719617    -0.397957008    *N1369  
*N1369  0.0576892833    
GRID*   1370            0               0.0118016797    -0.394487272    *N1370  
*N1370  0.0542951319    
GRID*   1371            0               0.00976491559   -0.391518197    *N1371  
*N1371  0.057357133     
GRID*   1372            0               0.0112186463    -0.393444285    *N1372  
*N1372  0.0574678498    
GRID*   1373            0               -0.011235063    -0.407329167    *N1373  
*N1373  0.213623165     
GRID*   1374            0               -0.0126676176   -0.404110992    *N1374  
*N1374  0.211759539     
GRID*   1375            0               -0.0121377472   -0.405587976    *N1375  
*N1375  0.207769825     
GRID*   1376            0               -0.0103334294   -0.408613418    *N1376  
*N1376  0.209633452     
GRID*   1377            0               -0.0117187884   -0.40647536     *N1377  
*N1377  0.210696495     
GRID*   1378            0               -0.0130223345   -0.402558426    *N1378  
*N1378  0.215795893     
GRID*   1379            0               -0.0131318874   -0.399060772    *N1379  
*N1379  0.213885625     
GRID*   1380            0               -0.0131975946   -0.400651987    *N1380  
*N1380  0.209849271     
GRID*   1381            0               -0.0131445729   -0.401608388    *N1381  
*N1381  0.212822582     
GRID*   1382            0               -0.0128057554   -0.397198027    *N1382  
*N1382  0.207892363     
GRID*   1383            0               -0.0130952366   -0.398740248    *N1383  
*N1383  0.20390265      
GRID*   1384            0               -0.0130744426   -0.402216301    *N1384  
*N1384  0.205859558     
GRID*   1385            0               -0.0131811202   -0.399694259    *N1385  
*N1385  0.20687596      
GRID*   1386            0               -0.012772474    -0.403732253    *N1386  
*N1386  0.201916485     
GRID*   1387            0               -0.0114480513   -0.40697131     *N1387  
*N1387  0.203826753     
GRID*   1388            0               -0.0124896239   -0.404671919    *N1388  
*N1388  0.204843155     
GRID*   1389            0               0.00270077784   -0.387479249    *N1389  
*N1389  0.257806122     
GRID*   1390            0               -0.00239167317  -0.387418479    *N1390  
*N1390  0.256262152     
GRID*   1391            0               -0.00271241493  -0.387481687    *N1391  
*N1391  0.260598294     
GRID*   1392            0               0.00237997927   -0.38741633     *N1392  
*N1392  0.262142264     
GRID*   1393            0               -5.94486172E-06 -0.387200001    *N1393  
*N1393  0.259202208     
GRID*   1394            0               -0.00216659085  -0.387379021    *N1394  
*N1394  0.251795936     
GRID*   1395            0               -0.00685079565  -0.389116977    *N1395  
*N1395  0.250382039     
GRID*   1396            0               -0.00704509019  -0.389237263    *N1396  
*N1396  0.254848255     
GRID*   1397            0               -0.00469862023  -0.388064565    *N1397  
*N1397  0.253322096     
GRID*   1398            0               -0.0106311706   -0.392575793    *N1398  
*N1398  0.253564432     
GRID*   1399            0               -0.0108216695   -0.392841464    *N1399  
*N1399  0.257900575     
GRID*   1400            0               -0.00731936437  -0.389415151    *N1400  
*N1400  0.259184398     
GRID*   1401            0               -0.00911333317  -0.390850803    *N1401  
*N1401  0.256374415     
GRID*   1402            0               -0.00766944966  -0.389656651    *N1402  
*N1402  0.263390467     
GRID*   1403            0               -0.00312717938  -0.387575775    *N1403  
*N1403  0.264804364     
GRID*   1404            0               -0.00530362096  -0.388312337    *N1404  
*N1404  0.261994381     
GRID*   1405            0               -0.0117713176   -0.406372946    *N1405  
*N1405  0.274559093     
GRID*   1406            0               -0.0129080206   -0.403160979    *N1406  
*N1406  0.274435694     
GRID*   1407            0               -0.0128898386   -0.403244655    *N1407  
*N1407  0.270859016     
GRID*   1408            0               -0.0124293889   -0.40484413     *N1408  
*N1408  0.272709054     
GRID*   1409            0               -0.0129046988   -0.403176463    *N1409  
*N1409  0.277914597     
GRID*   1410            0               -0.0131803241   -0.399679544    *N1410  
*N1410  0.277888973     
GRID*   1411            0               -0.0131794502   -0.399663731    *N1411  
*N1411  0.27441007      
GRID*   1412            0               -0.0131598073   -0.401429306    *N1412  
*N1412  0.276162333     
GRID*   1413            0               -0.0124876664   -0.396122362    *N1413  
*N1413  0.274482221     
GRID*   1414            0               -0.0125151527   -0.396203459    *N1414  
*N1414  0.270905543     
GRID*   1415            0               -0.0131839491   -0.399749242    *N1415  
*N1415  0.270833392     
GRID*   1416            0               -0.012963276    -0.397911331    *N1416  
*N1416  0.272657806     
GRID*   1417            0               -0.0131918483   -0.399936168    *N1417  
*N1417  0.267158939     
GRID*   1418            0               -0.0131453459   -0.401599951    *N1418  
*N1418  0.269008977     
GRID*   1419            0               -0.00826406519  -0.39010703     *N1419  
*N1419  0.280046543     
GRID*   1420            0               -0.0109563094   -0.393037984    *N1420  
*N1420  0.278796135     
GRID*   1421            0               -0.0112490497   -0.393493562    *N1421  
*N1421  0.281859642     
GRID*   1422            0               -0.00867928683  -0.39045465     *N1422  
*N1422  0.28311005      
GRID*   1423            0               -0.00990240188  -0.391671745    *N1423  
*N1423  0.280953093     
GRID*   1424            0               -0.0108199668   -0.392839027    *N1424  
*N1424  0.275201411     
GRID*   1425            0               -0.0125637398   -0.396351242    *N1425  
*N1425  0.278076945     
GRID*   1426            0               -0.0118230008   -0.394530021    *N1426  
*N1426  0.276639178     
GRID*   1427            0               -0.0131987829   -0.400220754    *N1427  
*N1427  0.28095248      
GRID*   1428            0               -0.012719231    -0.396869963    *N1428  
*N1428  0.281140452     
GRID*   1429            0               -0.0130257505   -0.398262285    *N1429  
*N1429  0.279514713     
GRID*   1430            0               -0.0129183698   -0.397687856    *N1430  
*N1430  0.283672741     
GRID*   1431            0               -0.0116663875   -0.394224613    *N1431  
*N1431  0.284391931     
GRID*   1432            0               -0.0122643412   -0.395518818    *N1432  
*N1432  0.282766192     
GRID*   1433            0               0.0127735911    -0.397072032    *N1433  
*N1433  0.115253298     
GRID*   1434            0               0.0117567831    -0.394398496    *N1434  
*N1434  0.118079777     
GRID*   1435            0               0.0128900874    -0.397556473    *N1435  
*N1435  0.121826479     
GRID*   1436            0               0.0128338681    -0.397312634    *N1436  
*N1436  0.118539889     
GRID*   1437            0               0.0126486514    -0.396624869    *N1437  
*N1437  0.108680116     
GRID*   1438            0               0.0112882716    -0.393557857    *N1438  
*N1438  0.111733413     
GRID*   1439            0               0.0127127918    -0.396846843    *N1439  
*N1439  0.111966707     
GRID*   1440            0               0.00851036528   -0.390309723    *N1440  
*N1440  0.108440347     
GRID*   1441            0               0.00613692226   -0.388713333    *N1441  
*N1441  0.111266827     
GRID*   1442            0               0.00954931704   -0.391286793    *N1442  
*N1442  0.114559893     
GRID*   1443            0               0.00904304692   -0.390784216    *N1443  
*N1443  0.11150012      
GRID*   1444            0               0.00777020343   -0.389729295    *N1444  
*N1444  0.117159554     
GRID*   1445            0               0.0104974172    -0.392397236    *N1445  
*N1445  0.120679438     
GRID*   1446            0               0.010038733     -0.391828895    *N1446  
*N1446  0.117619666     
GRID*   1447            0               0.0129799558    -0.402800156    *N1447  
*N1447  0.320844251     
GRID*   1448            0               0.012350528     -0.405058804    *N1448  
*N1448  0.318777663     
GRID*   1449            0               0.0129917548    -0.402735446    *N1449  
*N1449  0.314133412     
GRID*   1450            0               0.012985893     -0.402767823    *N1450  
*N1450  0.317488831     
GRID*   1451            0               0.0129679214    -0.402864349    *N1451  
*N1451  0.32755509      
GRID*   1452            0               0.0123036535    -0.405181225    *N1452  
*N1452  0.32539934      
GRID*   1453            0               0.0129739756    -0.402832274    *N1453  
*N1453  0.32419967      
GRID*   1454            0               0.0111599698    -0.407449473    *N1454  
*N1454  0.329865269     
GRID*   1455            0               0.00973666114   -0.409312768    *N1455  
*N1455  0.327798681     
GRID*   1456            0               0.011263618     -0.407282653    *N1456  
*N1456  0.323332753     
GRID*   1457            0               0.0112121041    -0.407366256    *N1457  
*N1457  0.326599011     
GRID*   1458            0               0.00991175306   -0.409117635    *N1458  
*N1458  0.321355326     
GRID*   1459            0               0.0113650095    -0.407113908    *N1459  
*N1459  0.316800236     
GRID*   1460            0               0.0113146283    -0.407198469    *N1460  
*N1460  0.320066494     
GRID*   1461            0               -0.00314921673  -0.387581169    *N1461  
*N1461  0.0604619936    
GRID*   1462            0               -0.00433788045  -0.387933132    *N1462  
*N1462  0.0548951106    
GRID*   1463            0               -0.00774553861  -0.389711378    *N1463  
*N1463  0.0559691823    
GRID*   1464            0               -0.00670866676  -0.389031896    *N1464  
*N1464  0.0615360653    
GRID*   1465            0               -0.00555052896  -0.388423706    *N1465  
*N1465  0.0582155879    
GRID*   1466            0               -0.000741918872 -0.387220867    *N1466  
*N1466  0.053317483     
GRID*   1467            0               -0.00179710645  -0.387322905    *N1467  
*N1467  0.048254156     
GRID*   1468            0               -0.00532431434  -0.388321437    *N1468  
*N1468  0.0498317836    
GRID*   1469            0               -0.00308263042  -0.387564994    *N1469  
*N1469  0.0515746333    
GRID*   1470            0               -0.00611770978  -0.388703264    *N1470  
*N1470  0.0452720124    
GRID*   1471            0               -0.00922804295  -0.390961609    *N1471  
*N1471  0.0463460841    
GRID*   1472            0               -0.00857828479  -0.390367402    *N1472  
*N1472  0.0509058553    
GRID*   1473            0               -0.0073949579   -0.389465897    *N1473  
*N1473  0.0480889338    
GRID*   1474            0               -0.0112010131   -0.393415925    *N1474  
*N1474  0.051476371     
GRID*   1475            0               -0.0106044422   -0.392539605    *N1475  
*N1475  0.0565396981    
GRID*   1476            0               -0.00965266135  -0.391396327    *N1476  
*N1476  0.0537227767    
GRID*   1477            0               -0.00386400229  -0.413021786    *N1477  
*N1477  0.238691953     
GRID*   1478            0               -0.00759155813  -0.41119853     *N1478  
*N1478  0.236790372     
GRID*   1479            0               -0.00609668307  -0.412107709    *N1479  
*N1479  0.232306942     
GRID*   1480            0               -0.00216073305  -0.413421952    *N1480  
*N1480  0.234208524     
GRID*   1481            0               -0.00500126958  -0.412615863    *N1481  
*N1481  0.235499448     
GRID*   1482            0               -0.0090537182   -0.410005737    *N1482  
*N1482  0.241468204     
GRID*   1483            0               -0.0115219583   -0.406840844    *N1483  
*N1483  0.239372219     
GRID*   1484            0               -0.0104858506   -0.408417914    *N1484  
*N1484  0.234694387     
GRID*   1485            0               -0.00980198874  -0.409240872    *N1485  
*N1485  0.238081295     
GRID*   1486            0               -0.0123631498   -0.405025206    *N1486  
*N1486  0.232404        
GRID*   1487            0               -0.0116428265   -0.406619694    *N1487  
*N1487  0.227920571     
GRID*   1488            0               -0.00933330759  -0.409734311    *N1488  
*N1488  0.230210958     
GRID*   1489            0               -0.0111008101   -0.40754227     *N1489  
*N1489  0.231307479     
GRID*   1490            0               -0.0081257072   -0.410802542    *N1490  
*N1490  0.225921931     
GRID*   1491            0               -0.0046238759   -0.412763647    *N1491  
*N1491  0.228017915     
GRID*   1492            0               -0.00714107566  -0.411501578    *N1492  
*N1492  0.229114437     
GRID*   1493            0               -0.0120555936   -0.39502388     *N1493  
*N1493  0.251990069     
GRID*   1494            0               -0.0129689372   -0.397941003    *N1494  
*N1494  0.248544937     
GRID*   1495            0               -0.0131976942   -0.400153283    *N1495  
*N1495  0.251060616     
GRID*   1496            0               -0.0127870755   -0.397124225    *N1496  
*N1496  0.254505748     
GRID*   1497            0               -0.0128844802   -0.397531173    *N1497  
*N1497  0.251525343     
GRID*   1498            0               -0.0122575766   -0.395501856    *N1498  
*N1498  0.245658951     
GRID*   1499            0               -0.0130986821   -0.398767662    *N1499  
*N1499  0.242584126     
GRID*   1500            0               -0.0131687707   -0.401307457    *N1500  
*N1500  0.245470112     
GRID*   1501            0               -0.0130403618   -0.398353304    *N1501  
*N1501  0.245564532     
GRID*   1502            0               -0.0124039049   -0.404914769    *N1502  
*N1502  0.242765594     
GRID*   1503            0               -0.0114698452   -0.406933196    *N1503  
*N1503  0.245281274     
GRID*   1504            0               -0.0128294915   -0.403505503    *N1504  
*N1504  0.247985791     
GRID*   1505            0               -0.0126363595   -0.404216074    *N1505  
*N1505  0.245375693     
GRID*   1506            0               -0.0122481019   -0.405321788    *N1506  
*N1506  0.250131164     
GRID*   1507            0               -0.0130955078   -0.402057611    *N1507  
*N1507  0.253205988     
GRID*   1508            0               -0.0129826998   -0.402785268    *N1508  
*N1508  0.25059589      
GRID*   1509            0               0.00453277546   -0.388002664    *N1509  
*N1509  0.115040013     
GRID*   1510            0               0.00293500803   -0.387530434    *N1510  
*N1510  0.118774547     
GRID*   1511            0               0.00636414726   -0.388835501    *N1511  
*N1511  0.120894088     
GRID*   1512            0               0.00546435136   -0.388384141    *N1512  
*N1512  0.117967051     
GRID*   1513            0               0.0025961087    -0.387457812    *N1513  
*N1513  0.109185939     
GRID*   1514            0               0.000856727583  -0.387227832    *N1514  
*N1514  0.112959126     
GRID*   1515            0               0.00357483749   -0.387693288    *N1515  
*N1515  0.112112976     
GRID*   1516            0               -0.00297511647  -0.387539647    *N1516  
*N1516  0.110916892     
GRID*   1517            0               -0.0045714039   -0.388016856    *N1517  
*N1517  0.114651425     
GRID*   1518            0               -0.000809361454 -0.387224836    *N1518  
*N1518  0.116693659     
GRID*   1519            0               -0.00189877452  -0.38733728     *N1519  
*N1519  0.113805276     
GRID*   1520            0               -0.0023754435   -0.387415499    *N1520  
*N1520  0.120389539     
GRID*   1521            0               0.00137864171   -0.387272192    *N1521  
*N1521  0.122470427     
GRID*   1522            0               0.000285623242  -0.387203091    *N1522  
*N1522  0.119582043     
GRID*   1523            0               -0.000105205363 -0.387200419    *N1523  
*N1523  0.354040641     
GRID*   1524            0               -0.00269992566  -0.387479071    *N1524  
*N1524  0.350662832     
GRID*   1525            0               -0.00509571881  -0.388223233    *N1525  
*N1525  0.353478248     
GRID*   1526            0               -0.00265710115  -0.387470197    *N1526  
*N1526  0.353825393     
GRID*   1527            0               -0.000315589715 -0.387203773    *N1527  
*N1527  0.347848063     
GRID*   1528            0               -0.00279911323  -0.387500195    *N1528  
*N1528  0.344469607     
GRID*   1529            0               -0.00508871751  -0.388220306    *N1529  
*N1529  0.347284376     
GRID*   1530            0               -0.00274953973  -0.387489538    *N1530  
*N1530  0.347566219     
GRID*   1531            0               -0.0072037171   -0.389338967    *N1531  
*N1531  0.343905273     
GRID*   1532            0               -0.00914571459  -0.390881812    *N1532  
*N1532  0.34654431      
GRID*   1533            0               -0.00727731675  -0.38938725     *N1533  
*N1533  0.349923413     
GRID*   1534            0               -0.00724055717  -0.389363047    *N1534  
*N1534  0.346914343     
GRID*   1535            0               -0.00926643829  -0.390999302    *N1535  
*N1535  0.352386719     
GRID*   1536            0               -0.00731810296  -0.389414311    *N1536  
*N1536  0.352952629     
GRID*   1537            0               -0.003810067    -0.387761828    *N1537  
*N1537  0.236270811     
GRID*   1538            0               -0.000428397971 -0.387206954    *N1538  
*N1538  0.235586665     
GRID*   1539            0               -0.00058319822  -0.38721289     *N1539  
*N1539  0.232765679     
GRID*   1540            0               -0.00395812252  -0.387807412    *N1540  
*N1540  0.233449825     
GRID*   1541            0               -0.00221371366  -0.38738695     *N1541  
*N1541  0.234518245     
GRID*   1542            0               -0.000915422083 -0.387231781    *N1542  
*N1542  0.237599295     
GRID*   1543            0               0.00313284546   -0.387577158    *N1543  
*N1543  0.237723506     
GRID*   1544            0               0.00360434963   -0.387701628    *N1544  
*N1544  0.235710876     
GRID*   1545            0               0.00136483401   -0.387270749    *N1545  
*N1545  0.236655086     
GRID*   1546            0               0.00782229129   -0.38976742     *N1546  
*N1546  0.236643444     
GRID*   1547            0               0.00769697173   -0.389676352    *N1547  
*N1547  0.233822458     
GRID*   1548            0               0.00345507702   -0.387660202    *N1548  
*N1548  0.23288989      
GRID*   1549            0               0.00573627496   -0.388511554    *N1549  
*N1549  0.234766667     
GRID*   1550            0               0.00267953141   -0.387474826    *N1550  
*N1550  0.229260548     
GRID*   1551            0               -0.00137838479  -0.387272165    *N1551  
*N1551  0.229136337     
GRID*   1552            0               0.00105631715   -0.387242333    *N1552  
*N1552  0.231013113     
GRID*   1553            0               0.00563122975   -0.388461438    *N1553  
*N1553  0.257828185     
GRID*   1554            0               0.00426430724   -0.387907775    *N1554  
*N1554  0.252015664     
GRID*   1555            0               0.00124258      -0.387258615    *N1555  
*N1555  0.251993601     
GRID*   1556            0               0.00348912756   -0.387669486    *N1556  
*N1556  0.254910893     
GRID*   1557            0               0.00677705837   -0.389072534    *N1557  
*N1557  0.251862127     
GRID*   1558            0               0.00576351328   -0.388524735    *N1558  
*N1558  0.246225207     
GRID*   1559            0               0.00315876863   -0.387583519    *N1559  
*N1559  0.246378745     
GRID*   1560            0               0.00502339089   -0.388193217    *N1560  
*N1560  0.249120436     
GRID*   1561            0               0.00234777372   -0.387410467    *N1561  
*N1561  0.240917427     
GRID*   1562            0               -0.000737058875 -0.387220594    *N1562  
*N1562  0.240895364     
GRID*   1563            0               9.19457421E-05  -0.38720032     *N1563  
*N1563  0.246356682     
GRID*   1564            0               0.00122437666   -0.387256907    *N1564  
*N1564  0.243637054     
GRID*   1565            0               -0.00329374044  -0.38761754     *N1565  
*N1565  0.246159017     
GRID*   1566            0               -0.00104116359  -0.387241125    *N1566  
*N1566  0.249076309     
GRID*   1567            0               0.0129752513    -0.39797454     *N1567  
*N1567  0.242625853     
GRID*   1568            0               0.0109846736    -0.393080373    *N1568  
*N1568  0.241231609     
GRID*   1569            0               0.010519535     -0.392426332    *N1569  
*N1569  0.24442553      
GRID*   1570            0               0.0128038659    -0.39719048     *N1570  
*N1570  0.245819774     
GRID*   1571            0               0.012073362     -0.395063903    *N1571  
*N1571  0.243525692     
GRID*   1572            0               0.0112229208    -0.393451184    *N1572  
*N1572  0.23827756      
GRID*   1573            0               0.00746295497   -0.389512195    *N1573  
*N1573  0.239597493     
GRID*   1574            0               0.00954826667   -0.391285692    *N1574  
*N1574  0.238937527     
GRID*   1575            0               0.0067874773    -0.389078774    *N1575  
*N1575  0.242791415     
GRID*   1576            0               0.00501666362   -0.388190451    *N1576  
*N1576  0.24025746      
GRID*   1577            0               0.00977602265   -0.391530424    *N1577  
*N1577  0.247859323     
GRID*   1578            0               0.0083719788    -0.390194611    *N1578  
*N1578  0.245325369     
GRID*   1579            0               0.00820513196   -0.41074001     *N1579  
*N1579  0.235605303     
GRID*   1580            0               0.00399246985   -0.41298174     *N1580  
*N1580  0.232722819     
GRID*   1581            0               0.00532771214   -0.412477064    *N1581  
*N1581  0.228354629     
GRID*   1582            0               0.00927367893   -0.409793555    *N1582  
*N1582  0.231237113     
GRID*   1583            0               0.0068219357    -0.411700495    *N1583  
*N1583  0.231979966     
GRID*   1584            0               0.00234316073   -0.413390366    *N1584  
*N1584  0.236737653     
GRID*   1585            0               -0.000470051134 -0.413591628    *N1585  
*N1585  0.23019369      
GRID*   1586            0               0.000941945615  -0.413566349    *N1586  
*N1586  0.233465671     
GRID*   1587            0               -0.00326180352  -0.413190646    *N1587  
*N1587  0.223649726     
GRID*   1588            0               0.000957139788  -0.413565253    *N1588  
*N1588  0.2258255       
GRID*   1589            0               -0.00187666762  -0.413465914    *N1589  
*N1589  0.226921708     
GRID*   1590            0               0.00210486851   -0.413431099    *N1590  
*N1590  0.221103956     
GRID*   1591            0               0.00636352411   -0.411964842    *N1591  
*N1591  0.223633085     
GRID*   1592            0               0.00374677983   -0.413057079    *N1592  
*N1592  0.224729292     
GRID*   1593            0               -0.00250739165  -0.387440332    *N1593  
*N1593  0.225575017     
GRID*   1594            0               -0.00594051151  -0.388612281    *N1594  
*N1594  0.226590159     
GRID*   1595            0               -0.00489991733  -0.388143132    *N1595  
*N1595  0.230151479     
GRID*   1596            0               -0.00372028742  -0.387735109    *N1596  
*N1596  0.227863248     
GRID*   1597            0               -0.00705686948  -0.389244706    *N1597  
*N1597  0.222765866     
GRID*   1598            0               -0.00973181352  -0.391481939    *N1598  
*N1598  0.224043982     
GRID*   1599            0               -0.00882002291  -0.390579247    *N1599  
*N1599  0.227868275     
GRID*   1600            0               -0.00796644073  -0.389874991    *N1600  
*N1600  0.225317071     
GRID*   1601            0               -0.0110063593   -0.393113022    *N1601  
*N1601  0.229409365     
GRID*   1602            0               -0.0103356594   -0.392189388    *N1602  
*N1602  0.232970684     
GRID*   1603            0               -0.00793859568  -0.389853972    *N1603  
*N1603  0.231429595     
GRID*   1604            0               -0.00961161693  -0.391352524    *N1604  
*N1604  0.23041948      
GRID*   1605            0               -0.00711757955  -0.389283343    *N1605  
*N1605  0.23472794      
GRID*   1606            0               -0.00603573343  -0.388660753    *N1606  
*N1606  0.23243971      
GRID*   1607            0               0.00169425445   -0.387309183    *N1607  
*N1607  0.224235169     
GRID*   1608            0               0.000679301517  -0.387217491    *N1608  
*N1608  0.219986565     
GRID*   1609            0               -0.0034997052   -0.38767239     *N1609  
*N1609  0.221326413     
GRID*   1610            0               -0.000920811038 -0.387232156    *N1610  
*N1610  0.222780791     
GRID*   1611            0               0.00508459522   -0.388218584    *N1611  
*N1611  0.218746323     
GRID*   1612            0               0.0038262102    -0.387766706    *N1612  
*N1612  0.214398113     
GRID*   1613            0               -0.000657757008 -0.387216398    *N1613  
*N1613  0.215638354     
GRID*   1614            0               0.00226943127   -0.387396551    *N1614  
*N1614  0.217192339     
GRID*   1615            0               -0.0023021194   -0.387402298    *N1615  
*N1615  0.211190538     
GRID*   1616            0               -0.00627183837  -0.38878518     *N1616  
*N1616  0.212530386     
GRID*   1617            0               -0.00476930648  -0.388091722    *N1617  
*N1617  0.216978202     
GRID*   1618            0               -0.00355247689  -0.387687018    *N1618  
*N1618  0.21408437      
GRID*   1619            0               -0.00814916309  -0.390015823    *N1619  
*N1619  0.218417656     
GRID*   1620            0               -0.00594112384  -0.388612589    *N1620  
*N1620  0.219872034     
GRID*   1621            0               0.00125993159   -0.413539733    *N1621  
*N1621  0.247622606     
GRID*   1622            0               -0.00188450538  -0.413464786    *N1622  
*N1622  0.246813047     
GRID*   1623            0               -0.00132754027  -0.413533074    *N1623  
*N1623  0.243157279     
GRID*   1624            0               0.00181724077   -0.413474312    *N1624  
*N1624  0.243966839     
GRID*   1625            0               -3.39678858E-05 -0.413599956    *N1625  
*N1625  0.245389943     
GRID*   1626            0               -0.00166720112  -0.41349429     *N1626  
*N1626  0.250492133     
GRID*   1627            0               -0.00543804558  -0.412427787    *N1627  
*N1627  0.249659255     
GRID*   1628            0               -0.00563711173  -0.412335785    *N1628  
*N1628  0.245980168     
GRID*   1629            0               -0.00369780746  -0.413071473    *N1629  
*N1629  0.248236151     
GRID*   1630            0               -0.009453788    -0.409612269    *N1630  
*N1630  0.245123971     
GRID*   1631            0               -0.00512473921  -0.412564582    *N1631  
*N1631  0.242324401     
GRID*   1632            0               -0.00743723081  -0.411305393    *N1632  
*N1632  0.243724186     
GRID*   1633            0               1.18682353E-05  -0.413599995    *N1633  
*N1633  0.239524832     
GRID*   1634            0               -0.00260832943  -0.41333973     *N1634  
*N1634  0.240924616     
GRID*   1635            0               -0.00871111852  -0.41031748     *N1635  
*N1635  0.249451973     
GRID*   1636            0               -0.0109288125   -0.407802774    *N1636  
*N1636  0.249609276     
GRID*   1637            0               -0.0102313815   -0.408740194    *N1637  
*N1637  0.247366623     
GRID*   1638            0               -0.00499929079  -0.412616673    *N1638  
*N1638  0.253622672     
GRID*   1639            0               -0.00834657645  -0.410626175    *N1639  
*N1639  0.253415391     
GRID*   1640            0               -0.00695092817  -0.411621613    *N1640  
*N1640  0.251537323     
GRID*   1641            0               -0.00839990387  -0.410582417    *N1641  
*N1641  0.257014224     
GRID*   1642            0               -0.0106943885   -0.408137574    *N1642  
*N1642  0.257171527     
GRID*   1643            0               -0.0106538063   -0.408193357    *N1643  
*N1643  0.253572694     
GRID*   1644            0               -0.00960145146  -0.409458263    *N1644  
*N1644  0.255293459     
GRID*   1645            0               -0.0120619999   -0.405761731    *N1645  
*N1645  0.254094581     
GRID*   1646            0               -0.0115406164   -0.406807353    *N1646  
*N1646  0.251851929     
GRID*   1647            0               -0.00572446225  -0.388505861    *N1647  
*N1647  0.104320025     
GRID*   1648            0               -0.00476271364  -0.388089169    *N1648  
*N1648  0.0995026002    
GRID*   1649            0               -0.00819479725  -0.390051797    *N1649  
*N1649  0.0977231582    
GRID*   1650            0               -0.00700242284  -0.389210448    *N1650  
*N1650  0.101021592     
GRID*   1651            0               -0.00174830684  -0.387316292    *N1651  
*N1651  0.106535144     
GRID*   1652            0               -0.00437653517  -0.387946649    *N1652  
*N1652  0.107618458     
GRID*   1653            0               0.00361478054   -0.387704593    *N1653  
*N1653  0.104368514     
GRID*   1654            0               -0.000704710597 -0.387218825    *N1654  
*N1654  0.101717719     
GRID*   1655            0               0.000953218483  -0.387234463    *N1655  
*N1655  0.105451829     
GRID*   1656            0               0.000144337879  -0.387200789    *N1656  
*N1656  0.0964646174    
GRID*   1657            0               -0.0039612326   -0.38780839     *N1657  
*N1657  0.0942494987    
GRID*   1658            0               -0.0023515215   -0.387411145    *N1658  
*N1658  0.0979836088    
GRID*   1659            0               -0.000352103619 -0.413595303    *N1659  
*N1659  0.206111981     
GRID*   1660            0               0.00297288386   -0.413260869    *N1660  
*N1660  0.206771133     
GRID*   1661            0               0.00319766317   -0.413206832    *N1661  
*N1661  0.211113581     
GRID*   1662            0               -0.000120957342 -0.413599446    *N1662  
*N1662  0.21045443      
GRID*   1663            0               0.00143597692   -0.41352166     *N1663  
*N1663  0.208612781     
GRID*   1664            0               0.00246412133   -0.413367965    *N1664  
*N1664  0.203678179     
GRID*   1665            0               0.00636184469   -0.411965766    *N1665  
*N1665  0.206180791     
GRID*   1666            0               0.0044683285    -0.41282071     *N1666  
*N1666  0.204929485     
GRID*   1667            0               0.00963308081   -0.409424619    *N1667  
*N1667  0.208683402     
GRID*   1668            0               0.00656342281   -0.411852575    *N1668  
*N1668  0.210523239     
GRID*   1669            0               0.00809776305   -0.41082431     *N1669  
*N1669  0.207432096     
GRID*   1670            0               0.006513409     -0.411881093    *N1670  
*N1670  0.216115181     
GRID*   1671            0               0.00314177467   -0.413220657    *N1671  
*N1671  0.216705523     
GRID*   1672            0               0.00490057411   -0.412656605    *N1672  
*N1672  0.213614381     
GRID*   1673            0               0.0128498663    -0.403420089    *N1673  
*N1673  0.211199823     
GRID*   1674            0               0.0122520274    -0.405312008    *N1674  
*N1674  0.208041701     
GRID*   1675            0               0.0130508799    -0.402378518    *N1675  
*N1675  0.204241878     
GRID*   1676            0               0.012960075     -0.402905286    *N1676  
*N1676  0.207720851     
GRID*   1677            0               0.012604836     -0.404318943    *N1677  
*N1677  0.218157768     
GRID*   1678            0               0.0113738564    -0.40709891     *N1678  
*N1678  0.215157591     
GRID*   1679            0               0.0127341466    -0.403875847    *N1679  
*N1679  0.214678795     
GRID*   1680            0               0.00816070228   -0.410775111    *N1680  
*N1680  0.219273303     
GRID*   1681            0               0.0102412817    -0.408728034    *N1681  
*N1681  0.211999469     
GRID*   1682            0               0.00925774731   -0.409809257    *N1682  
*N1682  0.215636386     
GRID*   1683            0               0.0118780582    -0.406157754    *N1683  
*N1683  0.204725635     
GRID*   1684            0               0.0111340866    -0.407490283    *N1684  
*N1684  0.208362552     
GRID*   1685            0               0.0114784826    -0.393881991    *N1685  
*N1685  0.250031063     
GRID*   1686            0               0.0127188356    -0.396868539    *N1686  
*N1686  0.252411289     
GRID*   1687            0               0.012762229     -0.397028723    *N1687  
*N1687  0.249115532     
GRID*   1688            0               0.00908934803   -0.39082797     *N1688  
*N1688  0.254033867     
GRID*   1689            0               0.00943922205   -0.391172807    *N1689  
*N1689  0.250946595     
GRID*   1690            0               0.00836504253   -0.390188924    *N1690  
*N1690  0.260208411     
GRID*   1691            0               0.0111439707    -0.393325262    *N1691  
*N1691  0.256414093     
GRID*   1692            0               0.00873304256   -0.39050182     *N1692  
*N1692  0.257121139     
GRID*   1693            0               0.0126304921    -0.396564551    *N1693  
*N1693  0.259002804     
GRID*   1694            0               0.0126754274    -0.396715771    *N1694  
*N1694  0.255707046     
GRID*   1695            0               -0.0131990257   -0.400239623    *N1695  
*N1695  0.130253108     
GRID*   1696            0               -0.0128051679   -0.403604321    *N1696  
*N1696  0.129300962     
GRID*   1697            0               -0.0126329912   -0.40422721     *N1697  
*N1697  0.133253654     
GRID*   1698            0               -0.0131910568   -0.400885821    *N1698  
*N1698  0.1342058       
GRID*   1699            0               -0.0130689894   -0.402255132    *N1699  
*N1699  0.131753381     
GRID*   1700            0               -0.0129525804   -0.402943749    *N1700  
*N1700  0.125247848     
GRID*   1701            0               -0.0118652147   -0.406184175    *N1701  
*N1701  0.124396123     
GRID*   1702            0               -0.0115531355   -0.406784752    *N1702  
*N1702  0.128449237     
GRID*   1703            0               -0.0124024536   -0.404918755    *N1703  
*N1703  0.126848543     
GRID*   1704            0               -0.00950527417  -0.409559135    *N1704  
*N1704  0.127697934     
GRID*   1705            0               -0.00904560337  -0.410013379    *N1705  
*N1705  0.131650626     
GRID*   1706            0               -0.0112267982   -0.40734255     *N1706  
*N1706  0.132401929     
GRID*   1707            0               -0.0104251148   -0.408496727    *N1707  
*N1707  0.130049932     
GRID*   1708            0               -0.0108908617   -0.407858494    *N1708  
*N1708  0.1362542       
GRID*   1709            0               -0.0124407906   -0.404812112    *N1709  
*N1709  0.137105925     
GRID*   1710            0               -0.0119012381   -0.406109687    *N1710  
*N1710  0.134753927     
GRID*   1711            0               -0.00448409775  -0.387984974    *N1711  
*N1711  0.267991853     
GRID*   1712            0               -0.000234625343 -0.387202085    *N1712  
*N1712  0.269075213     
GRID*   1713            0               0.00118173574   -0.387253004    *N1713  
*N1713  0.265887724     
GRID*   1714            0               -0.00169125507  -0.387308795    *N1714  
*N1714  0.266939788     
GRID*   1715            0               -0.00185464951  -0.387330942    *N1715  
*N1715  0.271704732     
GRID*   1716            0               0.00266938326   -0.387472727    *N1716  
*N1716  0.273346062     
GRID*   1717            0               0.00423769743   -0.387898723    *N1717  
*N1717  0.270716543     
GRID*   1718            0               0.00122487682   -0.387256953    *N1718  
*N1718  0.271210638     
GRID*   1719            0               0.00837374335   -0.390196058    *N1719  
*N1719  0.272915843     
GRID*   1720            0               0.00941948746   -0.391152662    *N1720  
*N1720  0.269728354     
GRID*   1721            0               0.0055535899    -0.388425125    *N1721  
*N1721  0.267529054     
GRID*   1722            0               0.00701973678   -0.389221302    *N1722  
*N1722  0.270222449     
GRID*   1723            0               0.00662621455   -0.38898364     *N1723  
*N1723  0.263783594     
GRID*   1724            0               0.0039987244    -0.387820246    *N1724  
*N1724  0.264835659     
GRID*   1725            0               -0.0131979212   -0.400165747    *N1725  
*N1725  0.0335510709    
GRID*   1726            0               -0.0125338028   -0.404540506    *N1726  
*N1726  0.0309459742    
GRID*   1727            0               -0.0113856238   -0.40707889     *N1727  
*N1727  0.0348343947    
GRID*   1728            0               -0.0129531287   -0.402940956    *N1728  
*N1728  0.0374394914    
GRID*   1729            0               -0.0127685379   -0.403747303    *N1729  
*N1729  0.0341927328    
GRID*   1730            0               -0.0130984703   -0.402034037    *N1730  
*N1730  0.0270719323    
GRID*   1731            0               -0.0119177806   -0.406075078    *N1731  
*N1731  0.0244524571    
GRID*   1732            0               -0.0105926525   -0.408276275    *N1732  
*N1732  0.028326499     
GRID*   1733            0               -0.0122498453   -0.405317447    *N1733  
*N1733  0.0276992157    
GRID*   1734            0               -0.00775135378  -0.411084405    *N1734  
*N1734  0.0256926451    
GRID*   1735            0               -0.00533625494  -0.412473292    *N1735  
*N1735  0.0295810656    
GRID*   1736            0               -0.00870364216  -0.410324042    *N1736  
*N1736  0.0322149195    
GRID*   1737            0               -0.00823627712  -0.410715219    *N1737  
*N1737  0.0289537823    
GRID*   1738            0               -0.0062357931   -0.412034212    *N1738  
*N1738  0.0361177186    
GRID*   1739            0               -0.00958175152  -0.409479099    *N1739  
*N1739  0.0387371939    
GRID*   1740            0               -0.00915245255  -0.409911709    *N1740  
*N1740  0.0354760567    
GRID*   1741            0               0.0129968595    -0.402706868    *N1741  
*N1741  0.297683748     
GRID*   1742            0               0.0123223826    -0.405132746    *N1742  
*N1742  0.292845609     
GRID*   1743            0               0.012959856     -0.402906418    *N1743  
*N1743  0.290961861     
GRID*   1744            0               0.0129787153    -0.402806854    *N1744  
*N1744  0.294322804     
GRID*   1745            0               0.011409058     -0.40703878     *N1745  
*N1745  0.294651244     
GRID*   1746            0               0.00980926994   -0.409232792    *N1746  
*N1746  0.289891218     
GRID*   1747            0               0.0110932754    -0.407553967    *N1747  
*N1747  0.288085583     
GRID*   1748            0               0.0112541151    -0.40729818     *N1748  
*N1748  0.291368413     
GRID*   1749            0               0.00925432178   -0.409812626    *N1749  
*N1749  0.28340367      
GRID*   1750            0               0.0107568796    -0.40805046     *N1750  
*N1750  0.281519923     
GRID*   1751            0               0.0121728032    -0.40550518     *N1751  
*N1751  0.286201835     
GRID*   1752            0               0.0109278975    -0.407804124    *N1752  
*N1752  0.284802753     
GRID*   1753            0               0.0129207192    -0.403100929    *N1753  
*N1753  0.284239974     
GRID*   1754            0               0.012940624     -0.403003891    *N1754  
*N1754  0.287600918     
GRID*   1755            0               0.0129118119    -0.403143194    *N1755  
*N1755  0.0343066703    
GRID*   1756            0               0.0123662535    -0.405016901    *N1756  
*N1756  0.0311006694    
GRID*   1757            0               0.013055742     -0.402346176    *N1757  
*N1757  0.0273939991    
GRID*   1758            0               0.0129894989    -0.402747961    *N1758  
*N1758  0.0308503347    
GRID*   1759            0               0.0127383767    -0.403860312    *N1759  
*N1759  0.0412193414    
GRID*   1760            0               0.0117411528    -0.406432025    *N1760  
*N1760  0.0381260117    
GRID*   1761            0               0.0128295359    -0.40350532     *N1761  
*N1761  0.0377630058    
GRID*   1762            0               0.00923685607   -0.409829766    *N1762  
*N1762  0.0420580242    
GRID*   1763            0               0.00774560808   -0.411088571    *N1763  
*N1763  0.0388520234    
GRID*   1764            0               0.0107234909    -0.408097191    *N1764  
*N1764  0.0349200108    
GRID*   1765            0               0.0100177002    -0.408995678    *N1765  
*N1765  0.0384890175    
GRID*   1766            0               0.0100174705    -0.408995946    *N1766  
*N1766  0.0316013388    
GRID*   1767            0               0.0119205277    -0.406069305    *N1767  
*N1767  0.0277819974    
GRID*   1768            0               0.0113673205    -0.407109994    *N1768  
*N1768  0.0313510041    
GRID*   1769            0               0.00838956529   -0.390209063    *N1769  
*N1769  0.0233101542    
GRID*   1770            0               0.00773249008   -0.389701935    *N1770  
*N1770  0.0171524774    
GRID*   1771            0               0.0045800096    -0.388020036    *N1771  
*N1771  0.0179514865    
GRID*   1772            0               0.00534902266   -0.388332359    *N1772  
*N1772  0.0241091633    
GRID*   1773            0               0.00657650578   -0.388954932    *N1773  
*N1773  0.0206308203    
GRID*   1774            0               0.00996032104   -0.391737898    *N1774  
*N1774  0.0168329771    
GRID*   1775            0               0.00978060535   -0.391535478    *N1775  
*N1775  0.0101957915    
GRID*   1776            0               0.00751149421   -0.389545625    *N1776  
*N1776  0.0105152917    
GRID*   1777            0               0.00880440785   -0.390565245    *N1777  
*N1777  0.0136741344    
GRID*   1778            0               0.007747132     -0.389712533    *N1778  
*N1778  0.00339859716   
GRID*   1779            0               0.00459695756   -0.388026319    *N1779  
*N1779  0.00419760626   
GRID*   1780            0               0.00432518827   -0.387928723    *N1780  
*N1780  0.0113143008    
GRID*   1781            0               0.00610169844   -0.388694904    *N1781  
*N1781  0.00735644898   
GRID*   1782            0               0.000263021371  -0.387202621    *N1782  
*N1782  0.0125928188    
GRID*   1783            0               0.000533585972  -0.387210789    *N1783  
*N1783  0.0192300045    
GRID*   1784            0               0.00245576447   -0.38743045     *N1784  
*N1784  0.0152721526    
GRID*   1785            0               -0.012160085    -0.4055354      *N1785  
*N1785  0.198738382     
GRID*   1786            0               -0.0115071857   -0.4068672      *N1786  
*N1786  0.195005398     
GRID*   1787            0               -0.0098285668   -0.409211315    *N1787  
*N1787  0.196156546     
GRID*   1788            0               -0.0107550457   -0.408053038    *N1788  
*N1788  0.199889529     
GRID*   1789            0               -0.011146896    -0.407470128    *N1789  
*N1789  0.197447464     
GRID*   1790            0               -0.012582431    -0.404390292    *N1790  
*N1790  0.194368339     
GRID*   1791            0               -0.0121290954   -0.405608171    *N1791  
*N1791  0.190121267     
GRID*   1792            0               -0.0108155093   -0.407967348    *N1792  
*N1792  0.190758326     
GRID*   1793            0               -0.0118348948   -0.406245961    *N1793  
*N1793  0.192563333     
GRID*   1794            0               -0.010137809    -0.408853687    *N1794  
*N1794  0.185997166     
GRID*   1795            0               -0.0080605588   -0.410853104    *N1795  
*N1795  0.187148313     
GRID*   1796            0               -0.00891453094  -0.410135047    *N1796  
*N1796  0.191909474     
GRID*   1797            0               -0.00954769001  -0.409514912    *N1797  
*N1797  0.18895332      
GRID*   1798            0               -0.00642820722  -0.411929013    *N1798  
*N1798  0.193574709     
GRID*   1799            0               -0.00753069051  -0.411241065    *N1799  
*N1799  0.197821782     
GRID*   1800            0               -0.00824118598  -0.410711297    *N1800  
*N1800  0.194865628     
GRID*   1801            0               0.00193065142   -0.387341953    *N1801  
*N1801  0.0804350077    
GRID*   1802            0               0.00193982855   -0.387343313    *N1802  
*N1802  0.0845732574    
GRID*   1803            0               0.00676025503   -0.389062498    *N1803  
*N1803  0.0834988393    
GRID*   1804            0               0.00442978919   -0.387965493    *N1804  
*N1804  0.0819669235    
GRID*   1805            0               -0.0031902047   -0.387591308    *N1805  
*N1805  0.0773711761    
GRID*   1806            0               -0.0025305037   -0.387444825    *N1806  
*N1806  0.080712874     
GRID*   1807            0               -0.000641999257 -0.387215621    *N1807  
*N1807  0.0789030919    
GRID*   1808            0               -0.00611992483  -0.388704423    *N1808  
*N1808  0.0801941883    
GRID*   1809            0               -0.0061117033   -0.388700125    *N1809  
*N1809  0.084332438     
GRID*   1810            0               -0.00252139778  -0.38744305     *N1810  
*N1810  0.0848511237    
GRID*   1811            0               -0.00436644931  -0.38794311     *N1811  
*N1811  0.082522656     
GRID*   1812            0               -0.00316319058  -0.38758461     *N1812  
*N1812  0.0897859253    
GRID*   1813            0               0.00128754182   -0.387262944    *N1813  
*N1813  0.0895080591    
GRID*   1814            0               -0.000623465845 -0.387214732    *N1814  
*N1814  0.0871795914    
GRID*   1815            0               -0.00706543361  -0.389250128    *N1815  
*N1815  0.0287802962    
GRID*   1816            0               -0.00338122126  -0.387640402    *N1816  
*N1816  0.0282950378    
GRID*   1817            0               -0.0034214009   -0.387651117    *N1817  
*N1817  0.0240051503    
GRID*   1818            0               -0.00710052387  -0.389272441    *N1818  
*N1818  0.0244904087    
GRID*   1819            0               -0.0053040205   -0.388312512    *N1819  
*N1819  0.0263927233    
GRID*   1820            0               -0.00362903086  -0.387708659    *N1820  
*N1820  0.0322267488    
GRID*   1821            0               0.000658209967  -0.387216421    *N1821  
*N1821  0.0320996669    
GRID*   1822            0               0.000914791443  -0.387231737    *N1822  
*N1822  0.028167956     
GRID*   1823            0               -0.0013779106   -0.387272115    *N1823  
*N1823  0.0301973524    
GRID*   1824            0               0.00538701267   -0.38834927     *N1824  
*N1824  0.0283990508    
GRID*   1825            0               0.000873303071  -0.38722892     *N1825  
*N1825  0.0238780685    
GRID*   1826            0               0.00317988744   -0.387588743    *N1826  
*N1826  0.0261385597    
GRID*   1827            0               -0.00374881138  -0.387743523    *N1827  
*N1827  0.0193570863    
GRID*   1828            0               -0.0014605961   -0.387281057    *N1828  
*N1828  0.0216175774    
GRID*   1829            0               0.00154226832   -0.413509592    *N1829  
*N1829  0.199165831     
GRID*   1830            0               -0.000860997869 -0.41357189     *N1830  
*N1830  0.197747488     
GRID*   1831            0               0.000612715728  -0.413585772    *N1831  
*N1831  0.194653483     
GRID*   1832            0               0.00107816506   -0.413555895    *N1832  
*N1832  0.196909657     
GRID*   1833            0               0.000421564015  -0.413593267    *N1833  
*N1833  0.20251255      
GRID*   1834            0               0.00200444608   -0.413446923    *N1834  
*N1834  0.201422005     
GRID*   1835            0               -0.00273949687  -0.413312597    *N1835  
*N1835  0.204693639     
GRID*   1836            0               -0.00197829123  -0.413450914    *N1836  
*N1836  0.201094207     
GRID*   1837            0               -0.00116743182  -0.413548274    *N1837  
*N1837  0.203603094     
GRID*   1838            0               -0.00464212343  -0.412756807    *N1838  
*N1838  0.199423151     
GRID*   1839            0               -0.00357421708  -0.413106887    *N1839  
*N1839  0.196076433     
GRID*   1840            0               -0.00278157794  -0.413303597    *N1840  
*N1840  0.19858532      
GRID*   1841            0               -0.0027896043   -0.413301865    *N1841  
*N1841  0.276254897     
GRID*   1842            0               -0.00547982276  -0.412408811    *N1842  
*N1842  0.275173302     
GRID*   1843            0               -0.00468234666  -0.412741622    *N1843  
*N1843  0.272323073     
GRID*   1844            0               -0.00193946057  -0.413456741    *N1844  
*N1844  0.273404668     
GRID*   1845            0               -0.00374646243  -0.413057173    *N1845  
*N1845  0.274288985     
GRID*   1846            0               -0.00615239665  -0.412078528    *N1846  
*N1846  0.277615277     
GRID*   1847            0               -0.00859145039  -0.410421326    *N1847  
*N1847  0.276941935     
GRID*   1848            0               -0.00800897964  -0.410892676    *N1848  
*N1848  0.27449996      
GRID*   1849            0               -0.00710547014  -0.411524401    *N1849  
*N1849  0.276057619     
GRID*   1850            0               -0.0102116458   -0.408764346    *N1850  
*N1850  0.274234873     
GRID*   1851            0               -0.00730528439  -0.411394218    *N1851  
*N1851  0.271649732     
GRID*   1852            0               -0.00885662273  -0.410187759    *N1852  
*N1852  0.272942302     
GRID*   1853            0               -0.00375479854  -0.413054702    *N1853  
*N1853  0.269064591     
GRID*   1854            0               -0.00559201761  -0.412356979    *N1854  
*N1854  0.270357161     
GRID*   1855            0               -0.00582189432  -0.412246753    *N1855  
*N1855  0.203226322     
GRID*   1856            0               -0.00854935229  -0.410457265    *N1856  
*N1856  0.201624952     
GRID*   1857            0               -0.00669520216  -0.411776039    *N1857  
*N1857  0.200524052     
GRID*   1858            0               -0.00398173826  -0.41298514     *N1858  
*N1858  0.208630862     
GRID*   1859            0               -0.00694592832  -0.411624708    *N1859  
*N1859  0.207163546     
GRID*   1860            0               -0.00491570006  -0.412650547    *N1860  
*N1860  0.205928592     
GRID*   1861            0               -0.00800366781  -0.410896728    *N1861  
*N1861  0.211234822     
GRID*   1862            0               -0.00948651552  -0.409578563    *N1862  
*N1862  0.205562176     
GRID*   1863            0               -0.00876989269  -0.410265545    *N1863  
*N1863  0.208398499     
GRID*   1864            0               -0.0101494831   -0.408839668    *N1864  
*N1864  0.202725853     
GRID*   1865            0               -0.0049591595   -0.412633018    *N1865  
*N1865  0.189780624     
GRID*   1866            0               -0.00198181734  -0.413450379    *N1866  
*N1866  0.192282347     
GRID*   1867            0               -0.00427326185  -0.412889165    *N1867  
*N1867  0.192928528     
GRID*   1868            0               -0.00628311948  -0.412008721    *N1868  
*N1868  0.183484816     
GRID*   1869            0               -0.00293676993  -0.413269164    *N1869  
*N1869  0.186117127     
GRID*   1870            0               -0.0056297998   -0.412339236    *N1870  
*N1870  0.18663272      
GRID*   1871            0               -0.000346843186 -0.413595442    *N1871  
*N1871  0.182584218     
GRID*   1872            0               0.00272789692   -0.413315052    *N1872  
*N1872  0.185085941     
GRID*   1873            0               0.000133024178  -0.41359933     *N1873  
*N1873  0.18861885      
GRID*   1874            0               -0.000106927171 -0.413599567    *N1874  
*N1874  0.185601534     
GRID*   1875            0               0.00271576808   -0.413317608    *N1875  
*N1875  0.190989985     
GRID*   1876            0               0.000372931569  -0.413594731    *N1876  
*N1876  0.191636166     
GRID*   1877            0               0.012932156     -0.397754373    *N1877  
*N1877  0.0331593345    
GRID*   1878            0               0.0123468418    -0.395731435    *N1878  
*N1878  0.0350408179    
GRID*   1879            0               0.0130320125    -0.398300798    *N1879  
*N1879  0.0392814834    
GRID*   1880            0               0.01298477      -0.398026027    *N1880  
*N1880  0.036220409     
GRID*   1881            0               0.0128175955    -0.397245758    *N1881  
*N1881  0.0270371857    
GRID*   1882            0               0.0119253179    -0.394740778    *N1882  
*N1882  0.0295965202    
GRID*   1883            0               0.0128771385    -0.397498396    *N1883  
*N1883  0.0300982601    
GRID*   1884            0               0.00989001519   -0.391657712    *N1884  
*N1884  0.026711557     
GRID*   1885            0               0.00837386134   -0.390196155    *N1885  
*N1885  0.0285930404    
GRID*   1886            0               0.0108735635    -0.39291631     *N1886  
*N1886  0.0314780036    
GRID*   1887            0               0.0104008446    -0.39227212     *N1887  
*N1887  0.0290947803    
GRID*   1888            0               0.00992019607   -0.391691974    *N1888  
*N1888  0.0326816359    
GRID*   1889            0               0.0117136579    -0.394314754    *N1889  
*N1889  0.0362444502    
GRID*   1890            0               0.0113152355    -0.393602541    *N1890  
*N1890  0.0338612269    
GRID*   1891            0               0.00508199529   -0.388217499    *N1891  
*N1891  0.0388673786    
GRID*   1892            0               0.00849771238   -0.390299065    *N1892  
*N1892  0.0397712665    
GRID*   1893            0               0.00895437424   -0.390701589    *N1893  
*N1893  0.0375559144    
GRID*   1894            0               0.0056382588    -0.388464756    *N1894  
*N1894  0.0366520265    
GRID*   1895            0               0.00712724297   -0.389289536    *N1895  
*N1895  0.0382116465    
GRID*   1896            0               0.00777729795   -0.389734465    *N1896  
*N1896  0.0420140209    
GRID*   1897            0               0.0107624271    -0.392757346    *N1897  
*N1897  0.0428905065    
GRID*   1898            0               0.0112661823    -0.393521545    *N1898  
*N1898  0.0406477522    
GRID*   1899            0               0.00970819393   -0.391456233    *N1899  
*N1899  0.0413308865    
GRID*   1900            0               0.012921372     -0.397702196    *N1900  
*N1900  0.0414968355    
GRID*   1901            0               0.0115713295    -0.394048281    *N1901  
*N1901  0.0384324       
GRID*   1902            0               0.01238339      -0.395829261    *N1902  
*N1902  0.0399646178    
GRID*   1903            0               0.00917397693   -0.390909049    *N1903  
*N1903  0.0353679645    
GRID*   1904            0               0.0104907402    -0.392388485    *N1904  
*N1904  0.0369001823    
GRID*   1905            0               0.0106494221    -0.392600653    *N1905  
*N1905  0.00679789573   
GRID*   1906            0               0.011744964     -0.394375399    *N1906  
*N1906  0.00339929858   
GRID*   1907            0               0.0100210294    -0.391808203    *N1907  
*N1907  0.00339894787   
GRID*   1908            0               0.0117416466    -0.394368936    *N1908  
*N1908  0.0135957915    
GRID*   1909            0               0.0123051713    -0.395622683    *N1909  
*N1909  0.0101978957    
GRID*   1910            0               0.0112303916    -0.393463264    *N1910  
*N1910  0.0101968436    
GRID*   1911            0               0.0130352298    -0.398320869    *N1911  
*N1911  0.0135985972    
GRID*   1912            0               0.0129040456    -0.397620502    *N1912  
*N1912  0.00679929858   
GRID*   1913            0               0.0129740384    -0.397968061    *N1913  
*N1913  0.0101989479    
GRID*   1914            0               0.0128306376    -0.397299236    *N1914  
*N1914  0.00339964929   
GRID*   1915            0               -0.00506979641  -0.412587582    *N1915  
*N1915  0.35327497      
GRID*   1916            0               -0.0026210384   -0.413337162    *N1916  
*N1916  0.350191567     
GRID*   1917            0               -5.32890841E-05 -0.413599892    *N1917  
*N1917  0.353772546     
GRID*   1918            0               -0.00261788446  -0.4133378      *N1918  
*N1918  0.353589733     
GRID*   1919            0               -0.00926226135  -0.409804813    *N1919  
*N1919  0.35224858      
GRID*   1920            0               -0.00724851964  -0.411431725    *N1920  
*N1920  0.349582104     
GRID*   1921            0               -0.00730392357  -0.411395122    *N1921  
*N1921  0.35278192      
GRID*   1922            0               -0.00913302187  -0.409930368    *N1922  
*N1922  0.346129894     
GRID*   1923            0               -0.00714537243  -0.411498813    *N1923  
*N1923  0.343222762     
GRID*   1924            0               -0.00500888376  -0.412612743    *N1924  
*N1924  0.346674972     
GRID*   1925            0               -0.0071970242   -0.411465389    *N1925  
*N1925  0.346402433     
GRID*   1926            0               -0.00264096755  -0.413333108    *N1926  
*N1926  0.343527185     
GRID*   1927            0               -0.00015986431  -0.413599032    *N1927  
*N1927  0.34704378      
GRID*   1928            0               -0.00263100376  -0.413335139    *N1928  
*N1928  0.346859376     
GRID*   1929            0               0.00985190889   -0.409185209    *N1929  
*N1929  0.108807407     
GRID*   1930            0               0.0119342679    -0.406040323    *N1930  
*N1930  0.111954329     
GRID*   1931            0               0.0109455445    -0.407778012    *N1931  
*N1931  0.114855581     
GRID*   1932            0               0.00841211136   -0.410572334    *N1932  
*N1932  0.111708659     
GRID*   1933            0               0.010422503     -0.408500088    *N1933  
*N1933  0.111831494     
GRID*   1934            0               0.0128130103    -0.403572817    *N1934  
*N1934  0.108802469     
GRID*   1935            0               0.0129401221    -0.403006385    *N1935  
*N1935  0.11535186      
GRID*   1936            0               0.0128793744    -0.403291663    *N1936  
*N1936  0.112077165     
GRID*   1937            0               0.0130485934    -0.402393542    *N1937  
*N1937  0.121901252     
GRID*   1938            0               0.0123980647    -0.404930783    *N1938  
*N1938  0.118253112     
GRID*   1939            0               0.0129977473    -0.402701861    *N1939  
*N1939  0.118626556     
GRID*   1940            0               0.0118581009    -0.406198745    *N1940  
*N1940  0.120903755     
GRID*   1941            0               0.0101166375    -0.408879012    *N1941  
*N1941  0.117506224     
GRID*   1942            0               0.011429133     -0.407004159    *N1942  
*N1942  0.117879668     
GRID*   1943            0               -0.0020158323   -0.413445168    *N1943  
*N1943  0.219265841     
GRID*   1944            0               -0.000964561901 -0.413564711    *N1944  
*N1944  0.214867409     
GRID*   1945            0               0.000574053897  -0.413587512    *N1945  
*N1945  0.217985682     
GRID*   1946            0               -0.00686510261  -0.411674323    *N1946  
*N1946  0.221826159     
GRID*   1947            0               -0.00574832379  -0.412282625    *N1947  
*N1947  0.217442274     
GRID*   1948            0               -0.00452788299  -0.412799124    *N1948  
*N1948  0.220546        
GRID*   1949            0               -0.0088186455   -0.41022199     *N1949  
*N1949  0.215633254     
GRID*   1950            0               -0.00477817186  -0.412704839    *N1950  
*N1950  0.213043842     
GRID*   1951            0               -0.00691082453  -0.411646355    *N1951  
*N1951  0.214338548     
GRID*   1952            0               -0.00249006965  -0.413363007    *N1952  
*N1952  0.211749136     
GRID*   1953            0               -0.00492372716  -0.412647323    *N1953  
*N1953  0.257459252     
GRID*   1954            0               -0.00529239882  -0.412492581    *N1954  
*N1954  0.261201165     
GRID*   1955            0               -0.00691245035  -0.411645356    *N1955  
*N1955  0.259107695     
GRID*   1956            0               -0.000586473878 -0.413586965    *N1956  
*N1956  0.254162365     
GRID*   1957            0               -0.000505000494 -0.413590336    *N1957  
*N1957  0.257998944     
GRID*   1958            0               -0.00279487225  -0.413300724    *N1958  
*N1958  0.255810808     
GRID*   1959            0               0.00442921691   -0.412834711    *N1959  
*N1959  0.258633303     
GRID*   1960            0               0.00405057926   -0.412963153    *N1960  
*N1960  0.262375216     
GRID*   1961            0               -0.000904259951 -0.413568991    *N1961  
*N1961  0.261740858     
GRID*   1962            0               0.00180031165   -0.413476654    *N1962  
*N1962  0.26018708      
GRID*   1963            0               -0.00178075562  -0.413479331    *N1963  
*N1963  0.265388107     
GRID*   1964            0               -0.00357082589  -0.41310784     *N1964  
*N1964  0.263294636     
GRID*   1965            0               0.0102398795    -0.408729758    *N1965  
*N1965  0.252185671     
GRID*   1966            0               0.00716692282   -0.411484909    *N1966  
*N1966  0.253574371     
GRID*   1967            0               0.00623260601   -0.412035919    *N1967  
*N1967  0.249904139     
GRID*   1968            0               0.00952139752   -0.409542373    *N1968  
*N1968  0.248515439     
GRID*   1969            0               0.00840049823   -0.410581927    *N1969  
*N1969  0.251044905     
GRID*   1970            0               0.00801960493   -0.410884557    *N1970  
*N1970  0.257974405     
GRID*   1971            0               0.00343379317   -0.413145551    *N1971  
*N1971  0.254233269     
GRID*   1972            0               0.00583721725   -0.41223921     *N1972  
*N1972  0.256103837     
GRID*   1973            0               0.0023757345    -0.413384448    *N1973  
*N1973  0.250563037     
GRID*   1974            0               0.000900342546  -0.413569259    *N1974  
*N1974  0.252362701     
GRID*   1975            0               0.00521774233   -0.412524981    *N1975  
*N1975  0.246963708     
GRID*   1976            0               0.00382098068   -0.413034877    *N1976  
*N1976  0.248763372     
GRID*   1977            0               -0.0107224768   -0.392701397    *N1977  
*N1977  0.220241532     
GRID*   1978            0               -0.0124138805   -0.395912732    *N1978  
*N1978  0.221967823     
GRID*   1979            0               -0.0117927908   -0.394469563    *N1979  
*N1979  0.225770273     
GRID*   1980            0               -0.0112922948   -0.393564499    *N1980  
*N1980  0.223005903     
GRID*   1981            0               -0.012859807    -0.397422524    *N1981  
*N1981  0.218002015     
GRID*   1982            0               -0.0131847478   -0.40103437     *N1982  
*N1982  0.219891665     
GRID*   1983            0               -0.0131665026   -0.399460207    *N1983  
*N1983  0.223857473     
GRID*   1984            0               -0.013052978    -0.398435372    *N1984  
*N1984  0.220929744     
GRID*   1985            0               -0.0129259986   -0.403075548    *N1985  
*N1985  0.225910482     
GRID*   1986            0               -0.0131523314   -0.401520793    *N1986  
*N1986  0.229712932     
GRID*   1987            0               -0.0129615749   -0.397902486    *N1987  
*N1987  0.227659924     
GRID*   1988            0               -0.0131996879   -0.400490777    *N1988  
*N1988  0.226785203     
GRID*   1989            0               -0.0125739714   -0.39638313     *N1989  
*N1989  0.231299015     
GRID*   1990            0               -0.0122208924   -0.395411033    *N1990  
*N1990  0.228534644     
GRID*   1991            0               -0.0119222658   -0.406065649    *N1991  
*N1991  0.21776246      
GRID*   1992            0               -0.0124986405   -0.404645466    *N1992  
*N1992  0.221858232     
GRID*   1993            0               -0.0128030846   -0.403612635    *N1993  
*N1993  0.218827062     
GRID*   1994            0               -0.00983493461  -0.409204207    *N1994  
*N1994  0.219772548     
GRID*   1995            0               -0.0105766319   -0.408297775    *N1995  
*N1995  0.216697857     
GRID*   1996            0               -0.0107891916   -0.408004824    *N1996  
*N1996  0.223868321     
GRID*   1997            0               -0.00901581013  -0.410041326    *N1997  
*N1997  0.22284724      
GRID*   1998            0               -0.0121110281   -0.405650048    *N1998  
*N1998  0.224889401     
GRID*   1999            0               0.0126306716    -0.404234858    *N1999  
*N1999  0.0482057822    
GRID*   2000            0               0.0111836704    -0.407411813    *N2000  
*N2000  0.0452251236    
GRID*   2001            0               0.0126856868    -0.404048746    *N2001  
*N2001  0.0447125618    
GRID*   2002            0               0.0125195598    -0.404583374    *N2002  
*N2002  0.0551922229    
GRID*   2003            0               0.0107642275    -0.408040118    *N2003  
*N2003  0.0523980051    
GRID*   2004            0               0.0125760892    -0.404410234    *N2004  
*N2004  0.0516990026    
GRID*   2005            0               0.0074897142    -0.411269415    *N2005  
*N2005  0.0567766688    
GRID*   2006            0               0.00437842697   -0.412852686    *N2006  
*N2006  0.0537960103    
GRID*   2007            0               0.00838496924   -0.410594719    *N2007  
*N2007  0.0494173465    
GRID*   2008            0               0.00794450737   -0.410941575    *N2008  
*N2008  0.0530970077    
GRID*   2009            0               0.00577220682   -0.412271042    *N2009  
*N2009  0.0462502472    
GRID*   2010            0               0.00881921028   -0.410221483    *N2010  
*N2010  0.0457376854    
GRID*   2011            0               -0.0119141055   -0.394717211    *N2011  
*N2011  0.151917454     
GRID*   2012            0               -0.0130122008   -0.3981813      *N2012  
*N2012  0.152339618     
GRID*   2013            0               -0.0129675668   -0.397933786    *N2013  
*N2013  0.156338169     
GRID*   2014            0               -0.0118036707   -0.394491247    *N2014  
*N2014  0.155916004     
GRID*   2015            0               -0.012544361    -0.396291593    *N2015  
*N2015  0.154127811     
GRID*   2016            0               -0.0130472958   -0.398397983    *N2016  
*N2016  0.148347967     
GRID*   2017            0               -0.0130947818   -0.402063337    *N2017  
*N2017  0.148763233     
GRID*   2018            0               -0.0131206304   -0.401845357    *N2018  
*N2018  0.152754885     
GRID*   2019            0               -0.0131970144   -0.400119265    *N2019  
*N2019  0.150551426     
GRID*   2020            0               -0.0122050683   -0.405427555    *N2020  
*N2020  0.153163253     
GRID*   2021            0               -0.012298641    -0.405194104    *N2021  
*N2021  0.157161803     
GRID*   2022            0               -0.0131457866   -0.401595112    *N2022  
*N2022  0.156753435     
GRID*   2023            0               -0.0128194526   -0.403546686    *N2023  
*N2023  0.154958344     
GRID*   2024            0               -0.0131684214   -0.401312512    *N2024  
*N2024  0.160758883     
GRID*   2025            0               -0.0129116104   -0.397655858    *N2025  
*N2025  0.160343617     
GRID*   2026            0               -0.0131767377   -0.399616685    *N2026  
*N2026  0.158548526     
GRID*   2027            0               0.00467207869   -0.412745513    *N2027  
*N2027  0.106516852     
GRID*   2028            0               0.00259468836   -0.413342472    *N2028  
*N2028  0.101016315     
GRID*   2029            0               0.00595405184   -0.412180886    *N2029  
*N2029  0.100414424     
GRID*   2030            0               0.00779683693   -0.41105126     *N2030  
*N2030  0.10591496      
GRID*   2031            0               0.00532056044   -0.412480217    *N2031  
*N2031  0.103465638     
GRID*   2032            0               -0.00150547716  -0.413513868    *N2032  
*N2032  0.101930803     
GRID*   2033            0               -0.00308863323  -0.413233563    *N2033  
*N2033  0.0961176703    
GRID*   2034            0               0.00100195559   -0.413561918    *N2034  
*N2034  0.0952031825    
GRID*   2035            0               -0.000252904503 -0.413597577    *N2035  
*N2035  0.0985669928    
GRID*   2036            0               -5.07464211E-05 -0.413599902    *N2036  
*N2036  0.0890774537    
GRID*   2037            0               0.00347322083   -0.413134863    *N2037  
*N2037  0.0884755621    
GRID*   2038            0               0.00447762034   -0.412817363    *N2038  
*N2038  0.094601291     
GRID*   2039            0               0.00224775332   -0.413407214    *N2039  
*N2039  0.0918393723    
GRID*   2040            0               0.00716897156   -0.411483585    *N2040  
*N2040  0.0943119956    
GRID*   2041            0               0.00846328449   -0.410529798    *N2041  
*N2041  0.100125128     
GRID*   2042            0               0.00657076807   -0.411848363    *N2042  
*N2042  0.0973632097    
GRID*   2043            0               -0.0111716236   -0.40743099     *N2043  
*N2043  0.00319546217   
GRID*   2044            0               -0.0124259638   -0.404853698    *N2044  
*N2044  0.00626371641   
GRID*   2045            0               -0.0131870936   -0.400983577    *N2045  
*N2045  0.00306825423   
GRID*   2046            0               -0.0125987722   -0.404338393    *N2046  
*N2046  0.0031318582    
GRID*   2047            0               -0.00865644826  -0.410365235    *N2047  
*N2047  0.00651813229   
GRID*   2048            0               -0.00900066765  -0.410055464    *N2048  
*N2048  0.00325906615   
GRID*   2049            0               -0.0079364846   -0.410947616    *N2049  
*N2049  0.0130362646    
GRID*   2050            0               -0.0106034784   -0.408261695    *N2050  
*N2050  0.00958638652   
GRID*   2051            0               -0.00830157499  -0.410662741    *N2051  
*N2051  0.00977719844   
GRID*   2052            0               -0.012017476    -0.405860794    *N2052  
*N2052  0.0125274328    
GRID*   2053            0               -0.0130839938   -0.402146169    *N2053  
*N2053  0.00920476269   
GRID*   2054            0               -0.0122320889   -0.405361452    *N2054  
*N2054  0.00939557461   
GRID*   2055            0               0.00787879231   -0.410990781    *N2055  
*N2055  0.0275601822    
GRID*   2056            0               0.00334356701   -0.413169517    *N2056  
*N2056  0.0239273716    
GRID*   2057            0               0.00645793082   -0.41191239     *N2057  
*N2057  0.0211647082    
GRID*   2058            0               0.0102965212    -0.40865964     *N2058  
*N2058  0.0247975187    
GRID*   2059            0               0.00718315729   -0.411474396    *N2059  
*N2059  0.0243624452    
GRID*   2060            0               -0.000514179406 -0.413589982    *N2060  
*N2060  0.0267285535    
GRID*   2061            0               -0.0049273666   -0.412645859    *N2061  
*N2061  0.0230572245    
GRID*   2062            0               -0.00115345384  -0.413549507    *N2062  
*N2062  0.0202560426    
GRID*   2063            0               -0.000834062172 -0.413573623    *N2063  
*N2063  0.023492298     
GRID*   2064            0               -0.00503252916  -0.412603018    *N2064  
*N2064  0.0165461951    
GRID*   2065            0               0.0022023665    -0.413414975    *N2065  
*N2065  0.0174933792    
GRID*   2066            0               -0.00147216636  -0.413517649    *N2066  
*N2066  0.0170197872    
GRID*   2067            0               0.00876731262   -0.410267838    *N2067  
*N2067  0.0184405632    
GRID*   2068            0               0.00570610051   -0.412302958    *N2068  
*N2068  0.0179669712    
GRID*   2069            0               -0.0101856917   -0.408795933    *N2069  
*N2069  0.0219998755    
GRID*   2070            0               -0.00784421736  -0.411016414    *N2070  
*N2070  0.0193644549    
GRID*   2071            0               -0.00779785967  -0.411050511    *N2071  
*N2071  0.02252855      
GRID*   2072            0               -0.012961201    -0.402899454    *N2072  
*N2072  0.0209425265    
GRID*   2073            0               -0.0119681079   -0.405968159    *N2073  
*N2073  0.018489945     
GRID*   2074            0               -0.0119430639   -0.406021675    *N2074  
*N2074  0.021471201     
GRID*   2075            0               -0.0129833352   -0.402781808    *N2075  
*N2075  0.0151628535    
GRID*   2076            0               -0.0102594778   -0.408705607    *N2076  
*N2076  0.0158545243    
GRID*   2077            0               -0.0119929121   -0.405914532    *N2077  
*N2077  0.0155086889    
GRID*   2078            0               -0.00789042596  -0.410982116    *N2078  
*N2078  0.0162003597    
GRID*   2079            0               0.0129296161    -0.403058012    *N2079  
*N2079  0.25247001      
GRID*   2080            0               0.0124261724    -0.404853116    *N2080  
*N2080  0.250192836     
GRID*   2081            0               0.0130683389    -0.402259709    *N2081  
*N2081  0.245922826     
GRID*   2082            0               0.0130047398    -0.402662022    *N2082  
*N2082  0.249196418     
GRID*   2083            0               0.0127603298    -0.403778459    *N2083  
*N2083  0.259017193     
GRID*   2084            0               0.0118186502    -0.406278734    *N2084  
*N2084  0.256487202     
GRID*   2085            0               0.0128494802    -0.403421731    *N2085  
*N2085  0.255743601     
GRID*   2086            0               0.00941675334   -0.409650122    *N2086  
*N2086  0.260251578     
GRID*   2087            0               0.0108725295    -0.407885192    *N2087  
*N2087  0.254210029     
GRID*   2088            0               0.0101829511    -0.408799256    *N2088  
*N2088  0.257230803     
GRID*   2089            0               0.0120307563    -0.405831473    *N2089  
*N2089  0.248168479     
GRID*   2090            0               0.0114975895    -0.406884245    *N2090  
*N2090  0.251189254     
GRID*   2091            0               0.00359550174   -0.413100881    *N2091  
*N2091  0.297018599     
GRID*   2092            0               0.00458273677   -0.412778955    *N2092  
*N2092  0.291689339     
GRID*   2093            0               0.00697585137   -0.411606137    *N2093  
*N2093  0.293454908     
GRID*   2094            0               0.00607340163   -0.412119803    *N2094  
*N2094  0.298784168     
GRID*   2095            0               0.00533825267   -0.412472409    *N2095  
*N2095  0.295236754     
GRID*   2096            0               0.001729527     -0.413486204    *N2096  
*N2096  0.289721341     
GRID*   2097            0               0.00302220089   -0.41324937     *N2097  
*N2097  0.284594509     
GRID*   2098            0               0.00579094357   -0.412261913    *N2098  
*N2098  0.286562506     
GRID*   2099            0               0.00380973644   -0.413038272    *N2099  
*N2099  0.288141924     
GRID*   2100            0               0.00717502498   -0.411479667    *N2100  
*N2100  0.281638101     
GRID*   2101            0               0.00805557682   -0.410856944    *N2101  
*N2101  0.288328076     
GRID*   2102            0               0.00762166344   -0.411177302    *N2102  
*N2102  0.284983088     
GRID*   2103            0               0.00888235291   -0.410164415    *N2103  
*N2103  0.295018051     
GRID*   2104            0               0.00847604064   -0.410519127    *N2104  
*N2104  0.291673063     
GRID*   2105            0               -0.012572381    -0.396378155    *N2105  
*N2105  0.0525298431    
GRID*   2106            0               -0.013195077    -0.400039523    *N2106  
*N2106  0.0526557214    
GRID*   2107            0               -0.0131995938   -0.400296446    *N2107  
*N2107  0.0564205294    
GRID*   2108            0               -0.0126482879   -0.396623651    *N2108  
*N2108  0.0562946511    
GRID*   2109            0               -0.0130340677   -0.398313597    *N2109  
*N2109  0.0544751863    
GRID*   2110            0               -0.0131815463   -0.399702264    *N2110  
*N2110  0.0495065003    
GRID*   2111            0               -0.0128356011   -0.403480153    *N2111  
*N2111  0.0490167917    
GRID*   2112            0               -0.0127526503   -0.403807332    *N2112  
*N2112  0.0521660128    
GRID*   2113            0               -0.013128539    -0.401771665    *N2113  
*N2113  0.0508362566    
GRID*   2114            0               -0.0112145734   -0.40736228     *N2114  
*N2114  0.0510607174    
GRID*   2115            0               -0.0110769209   -0.407579263    *N2115  
*N2115  0.0548255254    
GRID*   2116            0               -0.0126839069   -0.404054929    *N2116  
*N2116  0.0559308208    
GRID*   2117            0               -0.0120631249   -0.405759199    *N2117  
*N2117  0.0534957691    
GRID*   2118            0               -0.0126339343   -0.404224095    *N2118  
*N2118  0.0603112157    
GRID*   2119            0               -0.013199799    -0.400472839    *N2119  
*N2119  0.0608009243    
GRID*   2120            0               -0.0130651981   -0.402281648    *N2120  
*N2120  0.0583658725    
GRID*   2121            0               0.000331706251  -0.413595832    *N2121  
*N2121  0.283448211     
GRID*   2122            0               0.00233668713   -0.413391532    *N2122  
*N2122  0.279580595     
GRID*   2123            0               0.00494307978   -0.412639525    *N2123  
*N2123  0.280726892     
GRID*   2124            0               0.00268038667   -0.413324996    *N2124  
*N2124  0.282087552     
GRID*   2125            0               -0.000566628749 -0.413587833    *N2125  
*N2125  0.278199208     
GRID*   2126            0               0.00164460023   -0.413497148    *N2126  
*N2126  0.274566681     
GRID*   2127            0               0.00447431544   -0.412818555    *N2127  
*N2127  0.275948067     
GRID*   2128            0               0.00199134401   -0.413448929    *N2128  
*N2128  0.277073638     
GRID*   2129            0               0.00665819856   -0.411797736    *N2129  
*N2129  0.272550629     
GRID*   2130            0               0.00884753001   -0.410195979    *N2130  
*N2130  0.273696927     
GRID*   2131            0               0.00691843988   -0.411641672    *N2131  
*N2131  0.277094365     
GRID*   2132            0               0.0067887677    -0.411720452    *N2132  
*N2132  0.274822497     
GRID*   2133            0               0.00892524077   -0.410125229    *N2133  
*N2133  0.278005573     
GRID*   2134            0               0.00704719798   -0.411561407    *N2134  
*N2134  0.279366233     
GRID*   2135            0               0.0120841292    -0.405711668    *N2135  
*N2135  0.280102787     
GRID*   2136            0               0.0129153089    -0.403126682    *N2136  
*N2136  0.278062812     
GRID*   2137            0               0.0129180199    -0.403113809    *N2137  
*N2137  0.281151393     
GRID*   2138            0               0.0107109808    -0.408114589    *N2138  
*N2138  0.276588437     
GRID*   2139            0               0.0107339781    -0.408082559    *N2139  
*N2139  0.27905418      
GRID*   2140            0               0.0106647495    -0.408178375    *N2140  
*N2140  0.271656952     
GRID*   2141            0               0.0120628887    -0.405759731    *N2141  
*N2141  0.274548463     
GRID*   2142            0               0.0106879127    -0.408146517    *N2142  
*N2142  0.274122695     
GRID*   2143            0               0.0129098649    -0.403152342    *N2143  
*N2143  0.271885651     
GRID*   2144            0               0.0129125927    -0.403139516    *N2144  
*N2144  0.274974232     
GRID*   2145            0               0.00194539997   -0.413455858    *N2145  
*N2145  0.26630091      
GRID*   2146            0               -6.86580794E-05 -0.413599821    *N2146  
*N2146  0.269977394     
GRID*   2147            0               -0.000926667267 -0.413567433    *N2147  
*N2147  0.26768275      
GRID*   2148            0               0.00728102368   -0.411410299    *N2148  
*N2148  0.263537229     
GRID*   2149            0               0.00538600311   -0.412451181    *N2149  
*N2149  0.267462923     
GRID*   2150            0               0.0047252302    -0.412725267    *N2150  
*N2150  0.26491907      
GRID*   2151            0               0.00831869706   -0.410648867    *N2151  
*N2151  0.268874145     
GRID*   2152            0               0.00348492521   -0.413131665    *N2152  
*N2152  0.271139407     
GRID*   2153            0               0.00603095731   -0.412141701    *N2153  
*N2153  0.270006776     
GRID*   2154            0               0.000789641608  -0.41357636     *N2154  
*N2154  0.272272037     
GRID*   2155            0               -0.0118515077   -0.406212208    *N2155  
*N2155  0.0410759456    
GRID*   2156            0               -0.012897183    -0.403211169    *N2156  
*N2156  0.0432281416    
GRID*   2157            0               -0.0131850255   -0.399771429    *N2157  
*N2157  0.0395916873    
GRID*   2158            0               -0.012925862    -0.403076208    *N2158  
*N2158  0.0403338165    
GRID*   2159            0               -0.00757538894  -0.411209879    *N2159  
*N2159  0.0425602039    
GRID*   2160            0               -0.0104518904   -0.408462133    *N2160  
*N2160  0.0448989556    
GRID*   2161            0               -0.0100297187   -0.408981652    *N2161  
*N2161  0.0418180748    
GRID*   2162            0               -0.0092255202   -0.409840857    *N2162  
*N2162  0.0489085215    
GRID*   2163            0               -0.0120758766   -0.405730404    *N2163  
*N2163  0.0470511516    
GRID*   2164            0               -0.0108471808   -0.407921879    *N2164  
*N2164  0.0479798365    
GRID*   2165            0               -0.0131921723   -0.40085452     *N2165  
*N2165  0.0451937817    
GRID*   2166            0               -0.012867095    -0.403345822    *N2166  
*N2166  0.0461224666    
GRID*   2167            0               0.0130431807    -0.398371346    *N2167  
*N2167  0.0952126282    
GRID*   2168            0               0.0122565317    -0.395499242    *N2168  
*N2168  0.0985590002    
GRID*   2169            0               0.0128640985    -0.39744112     *N2169  
*N2169  0.101946372     
GRID*   2170            0               0.0129613797    -0.397901473    *N2170  
*N2170  0.0985795001    
GRID*   2171            0               0.0118108945    -0.3945057      *N2171  
*N2171  0.0952378847    
GRID*   2172            0               0.0096318281    -0.391374044    *N2172  
*N2172  0.0985180004    
GRID*   2173            0               0.0103429992    -0.392198636    *N2173  
*N2173  0.101839116     
GRID*   2174            0               0.0111368482    -0.393314055    *N2174  
*N2174  0.0985385003    
GRID*   2175            0               0.00685852673   -0.389121675    *N2175  
*N2175  0.105052975     
GRID*   2176            0               0.0114805558    -0.393885644    *N2176  
*N2176  0.105226488     
GRID*   2177            0               0.00947387652   -0.391208392    *N2177  
*N2177  0.105139731     
GRID*   2178            0               0.0127620229    -0.397027943    *N2178  
*N2178  0.105313244     
GRID*   2179            0               -0.00352091715  -0.413121759    *N2179  
*N2179  0.0401588753    
GRID*   2180            0               -0.00104612762  -0.413558481    *N2180  
*N2180  0.0444052255    
GRID*   2181            0               -0.00538945503  -0.412449638    *N2181  
*N2181  0.0468065542    
GRID*   2182            0               -0.00446784284  -0.412820885    *N2182  
*N2182  0.0434827147    
GRID*   2183            0               0.00326417614   -0.413190041    *N2183  
*N2183  0.0417045355    
GRID*   2184            0               0.00162432561   -0.413499678    *N2184  
*N2184  0.0489509372    
GRID*   2185            0               0.00244914905   -0.413370801    *N2185  
*N2185  0.0453277364    
GRID*   2186            0               -4.14875113E-05 -0.413599935    *N2186  
*N2186  0.0561973389    
GRID*   2187            0               -0.0028533062   -0.413287926    *N2187  
*N2187  0.0513522659    
GRID*   2188            0               0.000793005021  -0.413576158    *N2188  
*N2188  0.0525741381    
GRID*   2189            0               -0.00713602555  -0.411504825    *N2189  
*N2189  0.0534542331    
GRID*   2190            0               -0.00628053213  -0.412010121    *N2190  
*N2190  0.0501303937    
GRID*   2191            0               -0.00609822434  -0.412106907    *N2191  
*N2191  0.330838126     
GRID*   2192            0               -0.00412058473  -0.412940366    *N2192  
*N2192  0.334123491     
GRID*   2193            0               -0.00662877501  -0.411814874    *N2193  
*N2193  0.337030444     
GRID*   2194            0               -0.00839088487  -0.41058985     *N2194  
*N2194  0.333745079     
GRID*   2195            0               -0.0063651747   -0.411963933    *N2195  
*N2195  0.333934285     
GRID*   2196            0               -0.00142998904  -0.413522314    *N2196  
*N2196  0.331241202     
GRID*   2197            0               0.000711622478  -0.413580804    *N2197  
*N2197  0.334501904     
GRID*   2198            0               -0.00203767554  -0.413441774    *N2198  
*N2198  0.337384193     
GRID*   2199            0               -0.00173429988  -0.413485572    *N2199  
*N2199  0.334312697     
GRID*   2200            0               9.52165783E-05  -0.413599657    *N2200  
*N2200  0.340620232     
GRID*   2201            0               -0.00469489898  -0.412736852    *N2201  
*N2201  0.340291146     
GRID*   2202            0               -0.00233995243  -0.413390944    *N2202  
*N2202  0.340455689     
GRID*   2203            0               -0.00884669693  -0.410196732    *N2203  
*N2203  0.33996206      
GRID*   2204            0               -0.00688888656  -0.411659806    *N2204  
*N2204  0.340126603     
GRID*   2205            0               -0.00551266972  -0.412393768    *N2205  
*N2205  0.312709798     
GRID*   2206            0               -0.00326299989  -0.413190341    *N2206  
*N2206  0.307945614     
GRID*   2207            0               0.000618839733  -0.413585486    *N2207  
*N2207  0.309583042     
GRID*   2208            0               -0.00176542356  -0.41348141     *N2208  
*N2208  0.314347225     
GRID*   2209            0               -0.0025184203   -0.413357529    *N2209  
*N2209  0.31114642      
GRID*   2210            0               -0.00685204868  -0.411682262    *N2210  
*N2210  0.305460774     
GRID*   2211            0               -0.00471698985  -0.412728423    *N2211  
*N2211  0.301544004     
GRID*   2212            0               -0.000915629412 -0.413568205    *N2212  
*N2212  0.304028844     
GRID*   2213            0               -0.00399667378  -0.412980405    *N2213  
*N2213  0.304744809     
GRID*   2214            0               0.00145252057   -0.413519839    *N2214  
*N2214  0.300959486     
GRID*   2215            0               0.00522467219   -0.412521997    *N2215  
*N2215  0.302596914     
GRID*   2216            0               0.00297412462   -0.413260583    *N2216  
*N2216  0.305666271     
GRID*   2217            0               0.00221711534   -0.413412471    *N2217  
*N2217  0.303312879     
GRID*   2218            0               0.00661177938   -0.411824726    *N2218  
*N2218  0.306456286     
GRID*   2219            0               0.0044550616    -0.412825475    *N2219  
*N2219  0.310373057     
GRID*   2220            0               0.00372095843   -0.413064694    *N2220  
*N2220  0.308019664     
GRID*   2221            0               -0.0107197226   -0.392697562    *N2221  
*N2221  0.286359372     
GRID*   2222            0               -0.00957550149  -0.39131431     *N2222  
*N2222  0.288970697     
GRID*   2223            0               -0.0072496103   -0.389368991    *N2223  
*N2223  0.285721375     
GRID*   2224            0               -0.00913750938  -0.390873935    *N2224  
*N2224  0.286040374     
GRID*   2225            0               -0.0127673637   -0.397048221    *N2225  
*N2225  0.286997369     
GRID*   2226            0               -0.0121939364   -0.395345505    *N2226  
*N2226  0.28896481      
GRID*   2227            0               -0.0119433188   -0.394778867    *N2227  
*N2227  0.286678371     
GRID*   2228            0               -0.0130251118   -0.398258397    *N2228  
*N2228  0.290926364     
GRID*   2229            0               -0.012614081    -0.396510918    *N2229  
*N2229  0.293537689     
GRID*   2230            0               -0.0113953626   -0.39373774     *N2230  
*N2230  0.291576135     
GRID*   2231            0               -0.0124176881   -0.39592328     *N2231  
*N2231  0.291251249     
GRID*   2232            0               -0.0103869625   -0.392254387    *N2232  
*N2232  0.294831344     
GRID*   2233            0               -0.00825536013  -0.390100047    *N2233  
*N2233  0.292225906     
GRID*   2234            0               -0.00999229345  -0.3917748      *N2234  
*N2234  0.29190102      
GRID*   2235            0               0.00524702088   -0.38828766     *N2235  
*N2235  0.0903239589    
GRID*   2236            0               0.00827713164   -0.390117535    *N2236  
*N2236  0.0910084199    
GRID*   2237            0               0.00953004771   -0.391266644    *N2237  
*N2237  0.0841833003    
GRID*   2238            0               0.0075371762    -0.389563443    *N2238  
*N2238  0.0872536296    
GRID*   2239            0               0.00417771809   -0.387878552    *N2239  
*N2239  0.0972805172    
GRID*   2240            0               0.00274991083   -0.387489617    *N2240  
*N2240  0.0933942881    
GRID*   2241            0               0.00735499483   -0.389438976    *N2241  
*N2241  0.0979649782    
GRID*   2242            0               0.00555301846   -0.38842486     *N2242  
*N2242  0.101166746     
GRID*   2243            0               0.010377722     -0.392242618    *N2243  
*N2243  0.0915614421    
GRID*   2244            0               0.00897649226   -0.390722057    *N2244  
*N2244  0.0947632101    
GRID*   2245            0               0.0130304457    -0.398291094    *N2245  
*N2245  0.272175183     
GRID*   2246            0               0.0122560571    -0.395498055    *N2246  
*N2246  0.275728169     
GRID*   2247            0               0.0128817901    -0.397519117    *N2247  
*N2247  0.278952986     
GRID*   2248            0               0.0129614477    -0.397901826    *N2248  
*N2248  0.275564085     
GRID*   2249            0               0.0117000344    -0.394288601    *N2249  
*N2249  0.27252555      
GRID*   2250            0               0.00960820819   -0.391348904    *N2250  
*N2250  0.276056338     
GRID*   2251            0               0.0104709415    -0.392362626    *N2251  
*N2251  0.279258957     
GRID*   2252            0               0.0111272363    -0.393298971    *N2252  
*N2252  0.275892254     
GRID*   2253            0               0.00731951217   -0.38941525     *N2253  
*N2253  0.282767547     
GRID*   2254            0               0.00898047832   -0.390725755    *N2254  
*N2254  0.285992364     
GRID*   2255            0               0.011620538     -0.394138762    *N2255  
*N2255  0.282483774     
GRID*   2256            0               0.0097600855    -0.39151289     *N2256  
*N2256  0.28262566      
GRID*   2257            0               0.0127069108    -0.396825868    *N2257  
*N2257  0.285730788     
GRID*   2258            0               0.0127984657    -0.397169013    *N2258  
*N2258  0.282341887     
GRID*   2259            0               0.00671883498   -0.389037903    *N2259  
*N2259  0.174172351     
GRID*   2260            0               0.00987409329   -0.391639733    *N2260  
*N2260  0.179498901     
GRID*   2261            0               0.0114582123    -0.393846423    *N2261  
*N2261  0.177186176     
GRID*   2262            0               0.00890235158   -0.390653814    *N2262  
*N2262  0.171859626     
GRID*   2263            0               0.00940115574   -0.391134026    *N2263  
*N2263  0.175679263     
GRID*   2264            0               0.0082534075    -0.390098482    *N2264  
*N2264  0.182091384     
GRID*   2265            0               0.0107549801    -0.39274687     *N2265  
*N2265  0.187138175     
GRID*   2266            0               0.011892644     -0.394672434    *N2266  
*N2266  0.184545692     
GRID*   2267            0               0.0103293807    -0.392181491    *N2267  
*N2267  0.183318538     
GRID*   2268            0               0.0129204956    -0.397698002    *N2268  
*N2268  0.189312725     
GRID*   2269            0               0.012813237     -0.397228099    *N2269  
*N2269  0.182232967     
GRID*   2270            0               0.0128687934    -0.397461606    *N2270  
*N2270  0.185772846     
GRID*   2271            0               0.0126972795    -0.396791802    *N2271  
*N2271  0.175153209     
GRID*   2272            0               0.0127568689    -0.397008496    *N2272  
*N2272  0.178693088     
GRID*   2273            0               0.0119143101    -0.40608236     *N2273  
*N2273  0.268737073     
GRID*   2274            0               0.0128372677    -0.4034732      *N2274  
*N2274  0.265451422     
GRID*   2275            0               0.0128744661    -0.403313438    *N2275  
*N2275  0.268668536     
GRID*   2276            0               0.0100630991    -0.408942484    *N2276  
*N2276  0.265954265     
GRID*   2277            0               0.0103709639    -0.408565973    *N2277  
*N2277  0.268805609     
GRID*   2278            0               0.0116231129    -0.406656456    *N2278  
*N2278  0.262668615     
GRID*   2279            0               0.00974635062   -0.409302171    *N2279  
*N2279  0.263102922     
GRID*   2280            0               0.0127995967    -0.403626504    *N2280  
*N2280  0.262234307     
GRID*   2281            0               -0.000512536031 -0.387209954    *N2281  
*N2281  0.125246381     
GRID*   2282            0               0.00266148127   -0.387471098    *N2282  
*N2282  0.126727323     
GRID*   2283            0               0.0044827096    -0.387984473    *N2283  
*N2283  0.123951369     
GRID*   2284            0               0.00202250817   -0.387355865    *N2284  
*N2284  0.124598875     
GRID*   2285            0               0.000958428285  -0.387234841    *N2285  
*N2285  0.12922195      
GRID*   2286            0               0.0039185791    -0.387795051    *N2286  
*N2286  0.130984219     
GRID*   2287            0               0.00552370558   -0.38841131     *N2287  
*N2287  0.128489593     
GRID*   2288            0               0.00329401504   -0.387617611    *N2288  
*N2288  0.128855771     
GRID*   2289            0               0.00796069026   -0.389870641    *N2289  
*N2289  0.130533191     
GRID*   2290            0               0.00938438587   -0.391117042    *N2290  
*N2290  0.127757237     
GRID*   2291            0               0.00718109468   -0.389324266    *N2291  
*N2291  0.125713639     
GRID*   2292            0               0.00757581969   -0.389590423    *N2292  
*N2292  0.128123415     
GRID*   2293            0               0.00882056427   -0.390579733    *N2293  
*N2293  0.122656358     
GRID*   2294            0               0.00677702867   -0.389072517    *N2294  
*N2294  0.123303863     
GRID*   2295            0               -0.00396838078  -0.387810641    *N2295  
*N2295  0.309213803     
GRID*   2296            0               -0.0017791141   -0.387320445    *N2296  
*N2296  0.309773406     
GRID*   2297            0               -0.0015537402   -0.387291762    *N2297  
*N2297  0.306099623     
GRID*   2298            0               -0.00375111929  -0.387744207    *N2298  
*N2298  0.305540019     
GRID*   2299            0               -0.00277322264  -0.387494604    *N2299  
*N2299  0.307656713     
GRID*   2300            0               -0.00255850961  -0.387450327    *N2300  
*N2300  0.313009088     
GRID*   2301            0               0.000234432116  -0.387202082    *N2301  
*N2301  0.314006792     
GRID*   2302            0               0.001023677     -0.387239754    *N2302  
*N2302  0.31077111      
GRID*   2303            0               -0.000774605112 -0.387222747    *N2303  
*N2303  0.311890099     
GRID*   2304            0               0.00431615755   -0.387925595    *N2304  
*N2304  0.312206915     
GRID*   2305            0               0.0045302135    -0.388001727    *N2305  
*N2305  0.308533132     
GRID*   2306            0               0.00125002454   -0.387259321    *N2306  
*N2306  0.307097327     
GRID*   2307            0               0.00280295842   -0.38750103     *N2307  
*N2307  0.309652121     
GRID*   2308            0               0.000915293102  -0.387231772    *N2308  
*N2308  0.302985443     
GRID*   2309            0               -0.00188673867  -0.387335536    *N2309  
*N2309  0.301987738     
GRID*   2310            0               -0.00032062969  -0.387203895    *N2310  
*N2310  0.304542533     
GRID*   2311            0               -0.013199666    -0.400306103    *N2311  
*N2311  0.284309341     
GRID*   2312            0               -0.0131786316   -0.399649221    *N2312  
*N2312  0.287633969     
GRID*   2313            0               -0.0130853012   -0.398663656    *N2313  
*N2313  0.285653355     
GRID*   2314            0               -0.0128137554   -0.403569806    *N2314  
*N2314  0.281621314     
GRID*   2315            0               -0.012792991    -0.403652596    *N2315  
*N2315  0.284978175     
GRID*   2316            0               -0.0131086789   -0.401950012    *N2316  
*N2316  0.282965327     
GRID*   2317            0               -0.011174501    -0.407426416    *N2317  
*N2317  0.285679242     
GRID*   2318            0               -0.0115103822   -0.406861509    *N2318  
*N2318  0.28900387      
GRID*   2319            0               -0.0129390285   -0.403011808    *N2319  
*N2319  0.288302803     
GRID*   2320            0               -0.0122571517   -0.405299207    *N2320  
*N2320  0.286991023     
GRID*   2321            0               -0.0131428062   -0.401627454    *N2321  
*N2321  0.291595197     
GRID*   2322            0               -0.013197836    -0.40063901     *N2322  
*N2322  0.289614583     
GRID*   2323            0               -0.0102547487   -0.408711446    *N2323  
*N2323  0.277603872     
GRID*   2324            0               -0.0118020374   -0.406312014    *N2324  
*N2324  0.277928093     
GRID*   2325            0               -0.0110749287   -0.407582336    *N2325  
*N2325  0.276081483     
GRID*   2326            0               -0.00828096748  -0.410679376    *N2326  
*N2326  0.280648652     
GRID*   2327            0               -0.00999577808  -0.409021161    *N2327  
*N2327  0.281310589     
GRID*   2328            0               -0.00931994534  -0.409747653    *N2328  
*N2328  0.279126262     
GRID*   2329            0               -0.00940226797  -0.409664845    *N2329  
*N2329  0.285355022     
GRID*   2330            0               -0.0116157207   -0.40667017     *N2330  
*N2330  0.281634809     
GRID*   2331            0               -0.0106151298   -0.408245956    *N2331  
*N2331  0.283494916     
GRID*   2332            0               -0.0123840317   -0.404969       *N2332  
*N2332  0.279774703     
GRID*   2333            0               -0.00920144023  -0.390935672    *N2333  
*N2333  0.172918054     
GRID*   2334            0               -0.005842476    -0.388563384    *N2334  
*N2334  0.17291547      
GRID*   2335            0               -0.0058846702   -0.388584305    *N2335  
*N2335  0.168278567     
GRID*   2336            0               -0.00923514906  -0.390968562    *N2336  
*N2336  0.168281151     
GRID*   2337            0               -0.00763412827  -0.389631524    *N2337  
*N2337  0.17059831      
GRID*   2338            0               -0.00617035019  -0.388730948    *N2338  
*N2338  0.177636311     
GRID*   2339            0               -0.00186987715  -0.387333112    *N2339  
*N2339  0.177549788     
GRID*   2340            0               -0.00150468763  -0.387286041    *N2340  
*N2340  0.172828947     
GRID*   2341            0               -0.00390493152  -0.387790816    *N2341  
*N2341  0.175232629     
GRID*   2342            0               0.00341250649   -0.387648733    *N2342  
*N2342  0.172658486     
GRID*   2343            0               0.00336699005   -0.387636639    *N2343  
*N2343  0.168021584     
GRID*   2344            0               -0.00155146681  -0.387291493    *N2344  
*N2344  0.168192045     
GRID*   2345            0               0.000947508482  -0.38723405     *N2345  
*N2345  0.170425265     
GRID*   2346            0               -0.00200963013  -0.387353875    *N2346  
*N2346  0.163639081     
GRID*   2347            0               -0.00629489523  -0.38879766     *N2347  
*N2347  0.163725603     
GRID*   2348            0               -0.00399480712  -0.387819002    *N2348  
*N2348  0.165958824     
GRID*   2349            0               0.0129301789    -0.397744727    *N2349  
*N2349  0.128201699     
GRID*   2350            0               0.0122080282    -0.395379637    *N2350  
*N2350  0.130178618     
GRID*   2351            0               0.0129683654    -0.397937989    *N2351  
*N2351  0.134576919     
GRID*   2352            0               0.0129496051    -0.397841147    *N2352  
*N2352  0.131389309     
GRID*   2353            0               0.0120546056    -0.395021665    *N2353  
*N2353  0.124228179     
GRID*   2354            0               0.0129104458    -0.397650384    *N2354  
*N2354  0.125014089     
GRID*   2355            0               0.010839925     -0.392867668    *N2355  
*N2355  0.126205098     
GRID*   2356            0               0.0106712637    -0.392630564    *N2356  
*N2356  0.123442268     
GRID*   2357            0               0.0111637801    -0.393356562    *N2357  
*N2357  0.131730757     
GRID*   2358            0               0.0110045679    -0.393110316    *N2358  
*N2358  0.128967927     
GRID*   2359            0               0.00867053147   -0.410352984    *N2359  
*N2359  0.131423655     
GRID*   2360            0               0.01117256      -0.407429502    *N2360  
*N2360  0.136307419     
GRID*   2361            0               0.00890342881   -0.410145202    *N2361  
*N2361  0.138098603     
GRID*   2362            0               0.00878759428   -0.410249781    *N2362  
*N2362  0.134761129     
GRID*   2363            0               0.0126685828    -0.404107696    *N2363  
*N2363  0.134474552     
GRID*   2364            0               0.0126972545    -0.404008286    *N2364  
*N2364  0.141232868     
GRID*   2365            0               0.0126830005    -0.404058073    *N2365  
*N2365  0.13785371      
GRID*   2366            0               0.0127256068    -0.403906983    *N2366  
*N2366  0.147991184     
GRID*   2367            0               0.011282278     -0.407252022    *N2367  
*N2367  0.143024052     
GRID*   2368            0               0.0127115163    -0.403957717    *N2368  
*N2368  0.144612026     
GRID*   2369            0               0.00913260039   -0.409930772    *N2369  
*N2369  0.144773552     
GRID*   2370            0               0.00901865191   -0.410038668    *N2370  
*N2370  0.141436078     
GRID*   2371            0               0.0130470575    -0.40240357     *N2371  
*N2371  0.16262346      
GRID*   2372            0               0.0123268227    -0.40512117     *N2372  
*N2372  0.158130782     
GRID*   2373            0               0.0129006028    -0.403195433    *N2373  
*N2373  0.155307322     
GRID*   2374            0               0.0129794639    -0.402802814    *N2374  
*N2374  0.158965391     
GRID*   2375            0               0.0118446999    -0.406226069    *N2375  
*N2375  0.161470381     
GRID*   2376            0               0.00987114134   -0.409163593    *N2376  
*N2376  0.156461565     
GRID*   2377            0               0.0106294877    -0.408226493    *N2377  
*N2377  0.153121966     
GRID*   2378            0               0.0112815203    -0.407253269    *N2378  
*N2378  0.157296173     
GRID*   2379            0               0.00758015119   -0.41120654     *N2379  
*N2379  0.147597012     
GRID*   2380            0               0.0116942773    -0.406522408    *N2380  
*N2380  0.150298506     
GRID*   2381            0               0.00991772013   -0.409110845    *N2381  
*N2381  0.148947759     
GRID*   2382            0               0.0128174632    -0.40355478     *N2382  
*N2382  0.151649253     
GRID*   2383            0               0.00842426223   -0.390237726    *N2383  
*N2383  0.152920211     
GRID*   2384            0               0.00554161043   -0.388419576    *N2384  
*N2384  0.149024457     
GRID*   2385            0               0.00394065383   -0.387801935    *N2385  
*N2385  0.15188793      
GRID*   2386            0               0.00703480333   -0.389230777    *N2386  
*N2386  0.155783685     
GRID*   2387            0               0.00630127427   -0.388801123    *N2387  
*N2387  0.152404071     
GRID*   2388            0               0.00725300852   -0.389371225    *N2388  
*N2388  0.145955338     
GRID*   2389            0               0.00395657667   -0.387806926    *N2389  
*N2389  0.142265229     
GRID*   2390            0               0.00205002975   -0.387360162    *N2390  
*N2390  0.145334347     
GRID*   2391            0               0.00475896254   -0.388087719    *N2391  
*N2391  0.145644843     
GRID*   2392            0               -0.00183893661  -0.387328722    *N2392  
*N2392  0.141849882     
GRID*   2393            0               -0.00351903845  -0.387677722    *N2393  
*N2393  0.144713355     
GRID*   2394            0               0.000341145889  -0.387204409    *N2394  
*N2394  0.14819782      
GRID*   2395            0               -0.000751470344 -0.387221408    *N2395  
*N2395  0.145023851     
GRID*   2396            0               -0.00113178706  -0.38724861     *N2396  
*N2396  0.150855649     
GRID*   2397            0               0.00251189266   -0.387441204    *N2397  
*N2397  0.154545759     
GRID*   2398            0               0.00143142418   -0.387277842    *N2398  
*N2398  0.151371789     
GRID*   2399            0               0.00485160065   -0.388123927    *N2399  
*N2399  0.133583418     
GRID*   2400            0               0.0060473169    -0.388666716    *N2400  
*N2400  0.13639921      
GRID*   2401            0               0.0089674725    -0.390713698    *N2401  
*N2401  0.133348983     
GRID*   2402            0               0.00702982396   -0.389227642    *N2402  
*N2402  0.1334662       
GRID*   2403            0               7.7284457E-05   -0.387200226    *N2403  
*N2403  0.133817853     
GRID*   2404            0               0.00106564251   -0.387243085    *N2404  
*N2404  0.136417051     
GRID*   2405            0               0.00250734577   -0.387440323    *N2405  
*N2405  0.133700635     
GRID*   2406            0               -0.00312856999  -0.387576114    *N2406  
*N2406  0.13903409      
GRID*   2407            0               0.00236761098   -0.387414068    *N2407  
*N2407  0.139232843     
GRID*   2408            0               -0.000389010733 -0.387205733    *N2408  
*N2408  0.139133466     
GRID*   2409            0               0.00745296219   -0.389505352    *N2409  
*N2409  0.139431595     
GRID*   2410            0               0.00502038655   -0.388191981    *N2410  
*N2410  0.139332219     
GRID*   2411            0               -0.00249994226  -0.413361107    *N2411  
*N2411  0.281368242     
GRID*   2412            0               -0.00465669082  -0.412751325    *N2412  
*N2412  0.27942393      
GRID*   2413            0               -0.00264493915  -0.413332297    *N2413  
*N2413  0.278811569     
GRID*   2414            0               -0.00220902604  -0.413413847    *N2414  
*N2414  0.286481586     
GRID*   2415            0               -0.00494286717  -0.41263961     *N2415  
*N2415  0.284401617     
GRID*   2416            0               -0.00235463181  -0.413388291    *N2416  
*N2416  0.283924914     
GRID*   2417            0               -0.00769928787  -0.411121985    *N2417  
*N2417  0.287299333     
GRID*   2418            0               -0.00694233639  -0.41162693     *N2418  
*N2418  0.282457305     
GRID*   2419            0               -0.00732516434  -0.411380982    *N2419  
*N2419  0.284878319     
GRID*   2420            0               -0.00655125892  -0.411859538    *N2420  
*N2420  0.280036291     
GRID*   2421            0               -0.00306057228  -0.387559716    *N2421  
*N2421  0.299028241     
GRID*   2422            0               -0.00576441192  -0.388525171    *N2422  
*N2422  0.300056747     
GRID*   2423            0               -0.00466681438  -0.388052496    *N2423  
*N2423  0.303016245     
GRID*   2424            0               -0.0038715416   -0.387780524    *N2424  
*N2424  0.301022243     
GRID*   2425            0               -0.00700988449  -0.389215121    *N2425  
*N2425  0.296661528     
GRID*   2426            0               -0.00909781464  -0.390836017    *N2426  
*N2426  0.298125757     
GRID*   2427            0               -0.00801477826  -0.389911753    *N2427  
*N2427  0.301520976     
GRID*   2428            0               -0.00752040202  -0.389551795    *N2428  
*N2428  0.299091252     
GRID*   2429            0               -0.00979164278  -0.391547671    *N2429  
*N2429  0.303420927     
GRID*   2430            0               -0.00895089933  -0.390698382    *N2430  
*N2430  0.306380424     
GRID*   2431            0               -0.00703336236  -0.38922987     *N2431  
*N2431  0.304480473     
GRID*   2432            0               -0.00849195208  -0.390294222    *N2432  
*N2432  0.3039507       
GRID*   2433            0               -0.00619744984  -0.388745318    *N2433  
*N2433  0.307004248     
GRID*   2434            0               -0.00544316633  -0.38837453     *N2434  
*N2434  0.305010246     
GRID*   2435            0               -0.0131066828   -0.398833199    *N2435  
*N2435  0.304734018     
GRID*   2436            0               -0.0123799007   -0.395819819    *N2436  
*N2436  0.302430266     
GRID*   2437            0               -0.0129126941   -0.397660962    *N2437  
*N2437  0.299135853     
GRID*   2438            0               -0.0131954165   -0.400747827    *N2438  
*N2438  0.301439605     
GRID*   2439            0               -0.0130228848   -0.398244896    *N2439  
*N2439  0.301934936     
GRID*   2440            0               -0.0115548947   -0.394018432    *N2440  
*N2440  0.305623681     
GRID*   2441            0               -0.0110063272   -0.393112973    *N2441  
*N2441  0.300227512     
GRID*   2442            0               -0.0112896921   -0.393560201    *N2442  
*N2442  0.302925597     
GRID*   2443            0               -0.0119456065   -0.39478373     *N2443  
*N2443  0.2969331       
GRID*   2444            0               -0.0107052559   -0.392677468    *N2444  
*N2444  0.297529428     
GRID*   2445            0               -0.0131689523   -0.399495183    *N2445  
*N2445  0.295740442     
GRID*   2446            0               -0.0127763341   -0.397082578    *N2446  
*N2446  0.296336771     
GRID*   2447            0               0.00890895374   -0.410140151    *N2447  
*N2447  0.334342628     
GRID*   2448            0               0.00637721499   -0.411957298    *N2448  
*N2448  0.33763894      
GRID*   2449            0               0.0051086588    -0.412571344    *N2449  
*N2449  0.334422266     
GRID*   2450            0               0.00781970611   -0.411034481    *N2450  
*N2450  0.331125954     
GRID*   2451            0               0.00711344077   -0.411519306    *N2451  
*N2451  0.334382447     
GRID*   2452            0               0.00727074132   -0.411417092    *N2452  
*N2452  0.340987167     
GRID*   2453            0               0.0048273986    -0.41268561     *N2453  
*N2453  0.344151927     
GRID*   2454            0               0.0038412538    -0.413028728    *N2454  
*N2454  0.3408037       
GRID*   2455            0               0.00561412961   -0.412346612    *N2455  
*N2455  0.340895433     
GRID*   2456            0               0.00150198456   -0.413514269    *N2456  
*N2456  0.343836907     
GRID*   2457            0               0.00247291931   -0.41336629     *N2457  
*N2457  0.337587025     
GRID*   2458            0               0.00198882871   -0.413449313    *N2458  
*N2458  0.340711966     
GRID*   2459            0               0.00343016371   -0.413146528    *N2459  
*N2459  0.331337144     
GRID*   2460            0               0.00295358614   -0.413265315    *N2460  
*N2460  0.334462085     
GRID*   2461            0               -0.0131398639   -0.401658561    *N2461  
*N2461  0.320273489     
GRID*   2462            0               -0.0130372749   -0.398333732    *N2462  
*N2462  0.323569579     
GRID*   2463            0               -0.0123899276   -0.395847013    *N2463  
*N2463  0.320268257     
GRID*   2464            0               -0.0131347325   -0.399088969    *N2464  
*N2464  0.316972167     
GRID*   2465            0               -0.013091451    -0.398710647    *N2465  
*N2465  0.320270873     
GRID*   2466            0               -0.0131754113   -0.401205318    *N2466  
*N2466  0.326825192     
GRID*   2467            0               -0.0128964287   -0.397585373    *N2467  
*N2467  0.33016699      
GRID*   2468            0               -0.0119811887   -0.394860043    *N2468  
*N2468  0.326911377     
GRID*   2469            0               -0.0129722495   -0.397958537    *N2469  
*N2469  0.326868285     
GRID*   2470            0               -0.0098161426   -0.391574846    *N2470  
*N2470  0.330298884     
GRID*   2471            0               -0.00792034618  -0.38984026     *N2471  
*N2471  0.326997563     
GRID*   2472            0               -0.0106808514   -0.39264375     *N2472  
*N2472  0.323610056     
GRID*   2473            0               -0.0102624232   -0.392098032    *N2473  
*N2473  0.32695447      
GRID*   2474            0               -0.00919837739  -0.390932696    *N2474  
*N2474  0.320263026     
GRID*   2475            0               -0.0114296868   -0.393796799    *N2475  
*N2475  0.316921227     
GRID*   2476            0               -0.0110702916   -0.393210518    *N2476  
*N2476  0.320265642     
GRID*   2477            0               -0.0105091693   -0.408387325    *N2477  
*N2477  0.336740079     
GRID*   2478            0               -0.0118426778   -0.406230179    *N2478  
*N2478  0.333497703     
GRID*   2479            0               -0.0101846907   -0.408797147    *N2479  
*N2479  0.330502702     
GRID*   2480            0               -0.0103489588   -0.408593842    *N2480  
*N2480  0.333621391     
GRID*   2481            0               -0.0108171676   -0.407964977    *N2481  
*N2481  0.342977456     
GRID*   2482            0               -0.0120318608   -0.405829026    *N2482  
*N2482  0.339755475     
GRID*   2483            0               -0.0106652593   -0.408177676    *N2483  
*N2483  0.339858768     
GRID*   2484            0               -0.012926696    -0.403072177    *N2484  
*N2484  0.342791268     
GRID*   2485            0               -0.0131991385   -0.400550808    *N2485  
*N2485  0.339548891     
GRID*   2486            0               -0.0128480274   -0.403427902    *N2486  
*N2486  0.336513099     
GRID*   2487            0               -0.012888589    -0.403250311    *N2487  
*N2487  0.339652183     
GRID*   2488            0               -0.0131928024   -0.400835851    *N2488  
*N2488  0.333250326     
GRID*   2489            0               -0.0127595718   -0.403781321    *N2489  
*N2489  0.33023493      
GRID*   2490            0               -0.0128050189   -0.403604917    *N2490  
*N2490  0.333374014     
GRID*   2491            0               -0.0108929785   -0.392944598    *N2491  
*N2491  0.349047599     
GRID*   2492            0               -0.0121613433   -0.39526758     *N2492  
*N2492  0.351364206     
GRID*   2493            0               -0.0109209307   -0.392985604    *N2493  
*N2493  0.351849074     
GRID*   2494            0               -0.0108295994   -0.39285283     *N2494  
*N2494  0.343391873     
GRID*   2495            0               -0.0121400115   -0.395217325    *N2495  
*N2495  0.345895162     
GRID*   2496            0               -0.0108613859   -0.392898647    *N2496  
*N2496  0.346219736     
GRID*   2497            0               -0.0129303767   -0.39774569     *N2497  
*N2497  0.342929406     
GRID*   2498            0               -0.0131999985   -0.400406189    *N2498  
*N2498  0.34542363      
GRID*   2499            0               -0.0129354273   -0.397770414    *N2499  
*N2499  0.348389385     
GRID*   2500            0               -0.0129329079   -0.397758051    *N2500  
*N2500  0.345659396     
GRID*   2501            0               -0.0131999998   -0.400402063    *N2501  
*N2501  0.350874543     
GRID*   2502            0               -0.0129368311   -0.39777733     *N2502  
*N2502  0.351059646     
GRID*   2503            0               -0.0129136515   -0.397665479    *N2503  
*N2503  0.336548198     
GRID*   2504            0               -0.0118478891   -0.394580419    *N2504  
*N2504  0.333464863     
GRID*   2505            0               -0.0129051022   -0.397625412    *N2505  
*N2505  0.333357594     
GRID*   2506            0               -0.012038948    -0.394986708    *N2506  
*N2506  0.339928714     
GRID*   2507            0               -0.0129220763   -0.397705572    *N2507  
*N2507  0.339738802     
GRID*   2508            0               -0.00864665633  -0.390426268    *N2508  
*N2508  0.340308537     
GRID*   2509            0               -0.0103426291   -0.39219817     *N2509  
*N2509  0.336845379     
GRID*   2510            0               -0.0105911737   -0.392521736    *N2510  
*N2510  0.340118626     
GRID*   2511            0               -0.00771921032  -0.389692349    *N2511  
*N2511  0.3336794       
GRID*   2512            0               -0.0100842031   -0.391882439    *N2512  
*N2512  0.333572131     
GRID*   2513            0               0.00752601014   -0.389555685    *N2513  
*N2513  0.212522371     
GRID*   2514            0               0.00571446955   -0.388501057    *N2514  
*N2514  0.207630819     
GRID*   2515            0               0.00177812576   -0.387320311    *N2515  
*N2515  0.209506561     
GRID*   2516            0               0.00478444986   -0.3880976      *N2516  
*N2516  0.211014466     
GRID*   2517            0               0.0091178328    -0.3908551      *N2517  
*N2517  0.205563313     
GRID*   2518            0               0.00746810583   -0.389515727    *N2518  
*N2518  0.200863526     
GRID*   2519            0               0.00373111151   -0.387738294    *N2519  
*N2519  0.202931032     
GRID*   2520            0               0.00661078378   -0.388974697    *N2520  
*N2520  0.204247173     
GRID*   2521            0               0.00162238324   -0.387300081    *N2521  
*N2521  0.198423009     
GRID*   2522            0               -0.00248498648  -0.387436018    *N2522  
*N2522  0.200298751     
GRID*   2523            0               -0.000343689398 -0.387204475    *N2523  
*N2523  0.204806774     
GRID*   2524            0               0.000641131513  -0.387215579    *N2524  
*N2524  0.201614891     
GRID*   2525            0               -0.00435790797  -0.387940119    *N2525  
*N2525  0.206490751     
GRID*   2526            0               -0.00132659699  -0.387266831    *N2526  
*N2526  0.207998656     
GRID*   2527            0               -0.0114041422   -0.393752779    *N2527  
*N2527  0.206068486     
GRID*   2528            0               -0.00919643291  -0.390930807    *N2528  
*N2528  0.203882949     
GRID*   2529            0               -0.0106037529   -0.392538675    *N2529  
*N2529  0.199089609     
GRID*   2530            0               -0.0123272241   -0.395679879    *N2530  
*N2530  0.201275147     
GRID*   2531            0               -0.0110206794   -0.393134697    *N2531  
*N2531  0.202579048     
GRID*   2532            0               -0.00768056566  -0.389664595    *N2532  
*N2532  0.208413996     
GRID*   2533            0               -0.00616828381  -0.388729855    *N2533  
*N2533  0.201959703     
GRID*   2534            0               -0.00694017958  -0.389171736    *N2534  
*N2534  0.20518685      
GRID*   2535            0               -0.00454410852  -0.388006813    *N2535  
*N2535  0.195505411     
GRID*   2536            0               -0.00797039228  -0.389877983    *N2536  
*N2536  0.197166364     
GRID*   2537            0               -0.00536838289  -0.388340959    *N2537  
*N2537  0.198732557     
GRID*   2538            0               -0.0096746707   -0.391419981    *N2538  
*N2538  0.192110731     
GRID*   2539            0               -0.0118066043   -0.394497111    *N2539  
*N2539  0.194033976     
GRID*   2540            0               -0.0101546288   -0.391966524    *N2540  
*N2540  0.19560017      
GRID*   2541            0               0.00950817878   -0.39124388     *N2541  
*N2541  0.319254696     
GRID*   2542            0               0.00666314931   -0.389005157    *N2542  
*N2542  0.317402022     
GRID*   2543            0               0.00574188794   -0.388514264    *N2543  
*N2543  0.320744455     
GRID*   2544            0               0.00875492588   -0.39052117     *N2544  
*N2544  0.322597129     
GRID*   2545            0               0.00774621421   -0.389711868    *N2545  
*N2545  0.319999576     
GRID*   2546            0               0.00740170784   -0.389470466    *N2546  
*N2546  0.313956217     
GRID*   2547            0               0.0034822395    -0.3876676      *N2547  
*N2547  0.315652721     
GRID*   2548            0               0.00551612713   -0.388407822    *N2548  
*N2548  0.314804469     
GRID*   2549            0               -0.000809206449 -0.387224827    *N2549  
*N2549  0.317349225     
GRID*   2550            0               0.00246523048   -0.387432246    *N2550  
*N2550  0.318995154     
GRID*   2551            0               0.00135472818   -0.387269703    *N2551  
*N2551  0.316500973     
GRID*   2552            0               0.00126261471   -0.387260525    *N2552  
*N2552  0.322234214     
GRID*   2553            0               0.00462486998   -0.388036725    *N2553  
*N2553  0.323983516     
GRID*   2554            0               0.00355791086   -0.387688538    *N2554  
*N2554  0.321489335     
GRID*   2555            0               -0.0111069997   -0.40753264     *N2555  
*N2555  0.076496457     
GRID*   2556            0               -0.0128322465   -0.403494099    *N2556  
*N2556  0.0748490263    
GRID*   2557            0               -0.0126685796   -0.404107707    *N2557  
*N2557  0.0709354312    
GRID*   2558            0               -0.010751089    -0.408058595    *N2558  
*N2558  0.0725828619    
GRID*   2559            0               -0.0120104989   -0.405876122    *N2559  
*N2559  0.0737159441    
GRID*   2560            0               -0.0130224325   -0.402557835    *N2560  
*N2560  0.0779711133    
GRID*   2561            0               -0.0130600162   -0.398482716    *N2561  
*N2561  0.0771151907    
GRID*   2562            0               -0.0131644862   -0.399432373    *N2562  
*N2562  0.0739931037    
GRID*   2563            0               -0.0131863872   -0.400999327    *N2563  
*N2563  0.0759821085    
GRID*   2564            0               -0.0123581742   -0.395761516    *N2564  
*N2564  0.0739286893    
GRID*   2565            0               -0.0125669676   -0.396361272    *N2565  
*N2565  0.0700150942    
GRID*   2566            0               -0.0131957904   -0.400066661    *N2566  
*N2566  0.0700795086    
GRID*   2567            0               -0.0129570384   -0.397879057    *N2567  
*N2567  0.072004099     
GRID*   2568            0               -0.0131999867   -0.400381274    *N2568  
*N2568  0.0653744053    
GRID*   2569            0               -0.0125766084   -0.404408606    *N2569  
*N2569  0.0662303279    
GRID*   2570            0               -0.0130677946   -0.40226353     *N2570  
*N2570  0.0681549182    
GRID*   2571            0               -0.0125023128   -0.39616536     *N2571  
*N2571  0.0655305327    
GRID*   2572            0               -0.0125313866   -0.396252187    *N2572  
*N2572  0.0609570517    
GRID*   2573            0               -0.0130302813   -0.398290079    *N2573  
*N2573  0.0631657285    
GRID*   2574            0               -0.0104385801   -0.392320641    *N2574  
*N2574  0.0702601412    
GRID*   2575            0               -0.0103110357   -0.392158487    *N2575  
*N2575  0.0657755797    
GRID*   2576            0               -0.0116304174   -0.394157133    *N2576  
*N2576  0.067895337     
GRID*   2577            0               -0.00662964784  -0.388985633    *N2577  
*N2577  0.0661095463    
GRID*   2578            0               -0.0103679568   -0.39223021     *N2578  
*N2578  0.0612020987    
GRID*   2579            0               -0.00865225176  -0.390431121    *N2579  
*N2579  0.0636558225    
GRID*   2580            0               -0.0117159063   -0.394319084    *N2580  
*N2580  0.0587483749    
GRID*   2581            0               -0.0126022722   -0.396472821    *N2581  
*N2581  0.25768813      
GRID*   2582            0               -0.012519823    -0.396217413    *N2582  
*N2582  0.262529757     
GRID*   2583            0               -0.0106657584   -0.392623008    *N2583  
*N2583  0.262742201     
GRID*   2584            0               -0.0117921828   -0.394468354    *N2584  
*N2584  0.260215166     
GRID*   2585            0               -0.0131948271   -0.40003049     *N2585  
*N2585  0.262753135     
GRID*   2586            0               -0.0124896015   -0.396128015    *N2586  
*N2586  0.266935561     
GRID*   2587            0               -0.0129896033   -0.398052617    *N2587  
*N2587  0.264844348     
GRID*   2588            0               -0.0106570825   -0.392611124    *N2588  
*N2588  0.271117987     
GRID*   2589            0               -0.0106098877   -0.392546957    *N2589  
*N2589  0.267148005     
GRID*   2590            0               -0.0117061683   -0.394300359    *N2590  
*N2590  0.269026774     
GRID*   2591            0               -0.00759244888  -0.389602096    *N2591  
*N2591  0.267796271     
GRID*   2592            0               -0.00925321624  -0.390986287    *N2592  
*N2592  0.265269236     
GRID*   2593            0               -0.00526489837  -0.38829542     *N2593  
*N2593  0.280242125     
GRID*   2594            0               -0.00524630948  -0.388287352    *N2594  
*N2594  0.275875638     
GRID*   2595            0               -0.00824825392  -0.390094356    *N2595  
*N2595  0.275680056     
GRID*   2596            0               -0.0068161839   -0.389096034    *N2596  
*N2596  0.27796109      
GRID*   2597            0               -0.00213156412  -0.387373242    *N2597  
*N2597  0.275788156     
GRID*   2598            0               -0.00498809139  -0.38817875     *N2598  
*N2598  0.271792214     
GRID*   2599            0               -0.00358253886  -0.387695457    *N2599  
*N2599  0.273790185     
GRID*   2600            0               -0.0080277054   -0.389921644    *N2600  
*N2600  0.271596632     
GRID*   2601            0               -0.00633040101  -0.388816994    *N2601  
*N2601  0.269794242     
GRID*   2602            0               -0.0095360614   -0.391272923    *N2602  
*N2602  0.273399021     
GRID*   2603            0               0.0128229686    -0.397267672    *N2603  
*N2603  0.0744927792    
GRID*   2604            0               0.0119265594    -0.394743395    *N2604  
*N2604  0.0776163366    
GRID*   2605            0               0.0129281998    -0.397735108    *N2605  
*N2605  0.0813235573    
GRID*   2606            0               0.0128774955    -0.397499981    *N2606  
*N2606  0.0779081683    
GRID*   2607            0               0.0114995276    -0.393919193    *N2607  
*N2607  0.0707547803    
GRID*   2608            0               0.0127675602    -0.397048969    *N2608  
*N2608  0.0710773902    
GRID*   2609            0               0.00995435884   -0.391731047    *N2609  
*N2609  0.0738783377    
GRID*   2610            0               0.00948860382   -0.391223596    *N2610  
*N2610  0.0704321705    
GRID*   2611            0               0.0108204964    -0.392839785    *N2611  
*N2611  0.080770672     
GRID*   2612            0               0.0104022102    -0.392273868    *N2612  
*N2612  0.0773245049    
GRID*   2613            0               -0.0104250969   -0.39230325     *N2613  
*N2613  0.210211374     
GRID*   2614            0               -0.0093259602   -0.391058348    *N2614  
*N2614  0.214327764     
GRID*   2615            0               -0.00853177103  -0.390327816    *N2615  
*N2615  0.21137088      
GRID*   2616            0               -0.0122699455   -0.395532923    *N2616  
*N2616  0.212035251     
GRID*   2617            0               -0.0118704606   -0.394626598    *N2617  
*N2617  0.209051869     
GRID*   2618            0               -0.011561728    -0.394030821    *N2618  
*N2618  0.21615164      
GRID*   2619            0               -0.0126003477   -0.396466651    *N2619  
*N2619  0.215018633     
GRID*   2620            0               -0.0100578258   -0.391851308    *N2620  
*N2620  0.217284648     
GRID*   2621            0               0.012861553     -0.403369925    *N2621  
*N2621  0.102255011     
GRID*   2622            0               0.0119560694    -0.405993961    *N2622  
*N2622  0.0993625642    
GRID*   2623            0               0.0129081262    -0.403160485    *N2623  
*N2623  0.0957075531    
GRID*   2624            0               0.0128852241    -0.403265484    *N2624  
*N2624  0.0989812821    
GRID*   2625            0               0.0117706199    -0.406374321    *N2625  
*N2625  0.10565748      
GRID*   2626            0               0.0128376378    -0.403471653    *N2626  
*N2626  0.10552874      
GRID*   2627            0               0.0102609565    -0.408703781    *N2627  
*N2627  0.102765033     
GRID*   2628            0               0.0100593132    -0.408946942    *N2628  
*N2628  0.10578622      
GRID*   2629            0               0.010650011     -0.408198542    *N2629  
*N2629  0.0967226593    
GRID*   2630            0               0.0104585351    -0.408453511    *N2630  
*N2630  0.0997438463    
GRID*   2631            0               0.0130099869    -0.398168355    *N2631  
*N2631  0.236239077     
GRID*   2632            0               0.0123784154    -0.395815806    *N2632  
*N2632  0.237464931     
GRID*   2633            0               0.0129929576    -0.398071255    *N2633  
*N2633  0.239432465     
GRID*   2634            0               0.012510924     -0.396190869    *N2634  
*N2634  0.231491379     
GRID*   2635            0               0.013026572     -0.398267297    *N2635  
*N2635  0.233045689     
GRID*   2636            0               0.0105180498    -0.392424373    *N2636  
*N2636  0.228382757     
GRID*   2637            0               0.0115244928    -0.393963692    *N2637  
*N2637  0.232717232     
GRID*   2638            0               0.0116674775    -0.394226673    *N2638  
*N2638  0.229937068     
GRID*   2639            0               0.0100185322    -0.391805292    *N2639  
*N2639  0.233529861     
GRID*   2640            0               0.0113765932    -0.393705739    *N2640  
*N2640  0.235497396     
GRID*   2641            0               0.00537663291   -0.388344635    *N2641  
*N2641  0.223857137     
GRID*   2642            0               0.00807977708   -0.389961743    *N2642  
*N2642  0.22356454      
GRID*   2643            0               0.00663964046   -0.388991443    *N2643  
*N2643  0.221155432     
GRID*   2644            0               0.00627304488   -0.388785832    *N2644  
*N2644  0.228882515     
GRID*   2645            0               0.00405149204   -0.387837142    *N2645  
*N2645  0.226558842     
GRID*   2646            0               0.00884613526   -0.390602761    *N2646  
*N2646  0.228589919     
GRID*   2647            0               0.008284513     -0.390123481    *N2647  
*N2647  0.231206188     
GRID*   2648            0               0.00938008142   -0.391112693    *N2648  
*N2648  0.225973649     
GRID*   2649            0               -0.0127510803   -0.396986798    *N2649  
*N2649  0.0483350764    
GRID*   2650            0               -0.0130001697   -0.398111859    *N2650  
*N2650  0.0440223578    
GRID*   2651            0               -0.013114988    -0.398904309    *N2651  
*N2651  0.046764429     
GRID*   2652            0               -0.0115236065   -0.393962105    *N2652  
*N2652  0.0472816043    
GRID*   2653            0               -0.0121084053   -0.395143906    *N2653  
*N2653  0.0499057237    
GRID*   2654            0               -0.010016029    -0.391802375    *N2654  
*N2654  0.0420333655    
GRID*   2655            0               -0.0120411645   -0.39499164     *N2655  
*N2655  0.0429688857    
GRID*   2656            0               -0.0108238202   -0.392844544    *N2656  
*N2656  0.0446574849    
GRID*   2657            0               -0.0126276191   -0.396555103    *N2657  
*N2657  0.0385382153    
GRID*   2658            0               -0.0128375138   -0.397327828    *N2658  
*N2658  0.0412802865    
GRID*   2659            0               0.0103441297    -0.392200062    *N2659  
*N2659  0.0515919675    
GRID*   2660            0               0.00826266926   -0.39010591     *N2660  
*N2660  0.0475727299    
GRID*   2661            0               0.00631122083   -0.388806532    *N2661  
*N2661  0.0491122013    
GRID*   2662            0               0.00873032608   -0.390499424    *N2662  
*N2662  0.0531314389    
GRID*   2663            0               0.00849877556   -0.39029996     *N2663  
*N2663  0.0503520844    
GRID*   2664            0               0.00945520749   -0.391189188    *N2664  
*N2664  0.0462555505    
GRID*   2665            0               0.00642003522   -0.388866434    *N2665  
*N2665  0.0433312003    
GRID*   2666            0               0.00802213375   -0.389917378    *N2666  
*N2666  0.0447933754    
GRID*   2667            0               0.0028466375    -0.387510599    *N2667  
*N2667  0.04040685      
GRID*   2668            0               0.00427837539   -0.387912586    *N2668  
*N2668  0.0448706717    
GRID*   2669            0               0.00468266781   -0.3880585      *N2669  
*N2669  0.0418690252    
GRID*   2670            0               0.00127206643   -0.387261437    *N2670  
*N2670  0.0466324352    
GRID*   2671            0               0.0034566152    -0.38766062     *N2671  
*N2671  0.0508739648    
GRID*   2672            0               0.0038695467    -0.387779913    *N2672  
*N2672  0.0478723182    
GRID*   2673            0               -0.0121125853   -0.395153546    *N2673  
*N2673  0.0905141504    
GRID*   2674            0               -0.0102116489   -0.392035657    *N2674  
*N2674  0.0918868676    
GRID*   2675            0               -0.00966658348  -0.391411276    *N2675  
*N2675  0.0874232942    
GRID*   2676            0               -0.0117594474   -0.394403718    *N2676  
*N2676  0.086050577     
GRID*   2677            0               -0.0110491717   -0.393178102    *N2677  
*N2677  0.0889687223    
GRID*   2678            0               -0.0107794497   -0.392781374    *N2678  
*N2678  0.0964780421    
GRID*   2679            0               -0.00743981814  -0.389496372    *N2679  
*N2679  0.0931319837    
GRID*   2680            0               -0.00925652418  -0.39098954     *N2680  
*N2680  0.0948050129    
GRID*   2681            0               -0.00674085445  -0.389050952    *N2681  
*N2681  0.0886684103    
GRID*   2682            0               -0.00538698961  -0.38834926     *N2682  
*N2682  0.0914589545    
GRID*   2683            0               -0.00916183614  -0.390897329    *N2683  
*N2683  0.0830873219    
GRID*   2684            0               -0.00800475912  -0.389904104    *N2684  
*N2684  0.0858778661    
GRID*   2685            0               -0.0126136775   -0.404290391    *N2685  
*N2685  0.259962331     
GRID*   2686            0               -0.0123975851   -0.404932095    *N2686  
*N2686  0.256779949     
GRID*   2687            0               -0.0118117184   -0.406292649    *N2687  
*N2687  0.258566929     
GRID*   2688            0               -0.0131996952   -0.400489703    *N2688  
*N2688  0.259073738     
GRID*   2689            0               -0.0130788538   -0.40218426     *N2689  
*N2689  0.261357733     
GRID*   2690            0               -0.013177729    -0.401166458    *N2690  
*N2690  0.255891356     
GRID*   2691            0               -0.0131018958   -0.39879366     *N2691  
*N2691  0.256789743     
GRID*   2692            0               -0.0128273189   -0.403514464    *N2692  
*N2692  0.254992969     
GRID*   2693            0               -0.00690365413  -0.411650758    *N2693  
*N2693  0.0978925019    
GRID*   2694            0               -0.00795518682  -0.410933518    *N2694  
*N2694  0.0922749782    
GRID*   2695            0               -0.00431035234  -0.412876412    *N2695  
*N2695  0.0905001466    
GRID*   2696            0               -0.0056403938   -0.412334235    *N2696  
*N2696  0.0941963242    
GRID*   2697            0               -0.010709597    -0.40811651     *N2697  
*N2697  0.0944019485    
GRID*   2698            0               -0.0114989097   -0.406881904    *N2698  
*N2698  0.088432286     
GRID*   2699            0               -0.00907371078  -0.409986854    *N2699  
*N2699  0.0863053157    
GRID*   2700            0               -0.00993576183  -0.409090261    *N2700  
*N2700  0.0903536321    
GRID*   2701            0               -0.0102037841   -0.408773935    *N2701  
*N2701  0.0799835146    
GRID*   2702            0               -0.00711629161  -0.411517481    *N2702  
*N2702  0.078208683     
GRID*   2703            0               -0.0056666868   -0.412321773    *N2703  
*N2703  0.0845304841    
GRID*   2704            0               -0.00813109767  -0.410798329    *N2704  
*N2704  0.0822569994    
GRID*   2705            0               -0.00151351992  -0.413512942    *N2705  
*N2705  0.0831077912    
GRID*   2706            0               -0.00292927716  -0.413270872    *N2706  
*N2706  0.0868039689    
GRID*   2707            0               -0.0128251183   -0.397276486    *N2707  
*N2707  0.0853262637    
GRID*   2708            0               -0.0131971342   -0.400675046    *N2708  
*N2708  0.0833922173    
GRID*   2709            0               -0.013075955    -0.402205381    *N2709  
*N2709  0.0868792749    
GRID*   2710            0               -0.0131010298   -0.398786613    *N2710  
*N2710  0.0888133213    
GRID*   2711            0               -0.0131829398   -0.399729106    *N2711  
*N2711  0.0861027693    
GRID*   2712            0               -0.0131263197   -0.399007258    *N2712  
*N2712  0.0809143822    
GRID*   2713            0               -0.0126459651   -0.40418412     *N2713  
*N2713  0.0804489484    
GRID*   2714            0               -0.01314354     -0.401619573    *N2714  
*N2714  0.0806816653    
GRID*   2715            0               -0.0121211075   -0.405626735    *N2715  
*N2715  0.083936006     
GRID*   2716            0               -0.0116530837   -0.406600455    *N2716  
*N2716  0.0802162315    
GRID*   2717            0               -0.0128109776   -0.403581015    *N2717  
*N2717  0.0913755549    
GRID*   2718            0               -0.0125079358   -0.404618002    *N2718  
*N2718  0.0876557805    
GRID*   2719            0               -0.0124964007   -0.396147945    *N2719  
*N2719  0.0948623447    
GRID*   2720            0               -0.0128021834   -0.397183775    *N2720  
*N2720  0.0992956707    
GRID*   2721            0               -0.0119945254   -0.394888978    *N2721  
*N2721  0.0978868564    
GRID*   2722            0               -0.0131884916   -0.399848919    *N2722  
*N2722  0.0931615157    
GRID*   2723            0               -0.0128665362   -0.397451739    *N2723  
*N2723  0.091837833     
GRID*   2724            0               -0.012508044    -0.404617681    *N2724  
*N2724  0.0958088809    
GRID*   2725            0               -0.0131893981   -0.40092894     *N2725  
*N2725  0.0975948417    
GRID*   2726            0               -0.0130676416   -0.402264602    *N2726  
*N2726  0.0944851983    
GRID*   2727            0               -0.013100282    -0.402019448    *N2727  
*N2727  0.102113299     
GRID*   2728            0               -0.0131749899   -0.399587818    *N2728  
*N2728  0.100704485     
GRID*   2729            0               0.0129007895    -0.403194572    *N2729  
*N2729  0.307814953     
GRID*   2730            0               0.0118269798    -0.406261958    *N2730  
*N2730  0.306711446     
GRID*   2731            0               0.0127999271    -0.403625192    *N2731  
*N2731  0.301496493     
GRID*   2732            0               0.0128519693    -0.403411127    *N2732  
*N2732  0.304655723     
GRID*   2733            0               0.0122028274    -0.405432991    *N2733  
*N2733  0.312548365     
GRID*   2734            0               0.0129481506    -0.402966203    *N2734  
*N2734  0.310974182     
GRID*   2735            0               0.00938012501   -0.409687263    *N2735  
*N2735  0.315696729     
GRID*   2736            0               0.0106032528    -0.408261999    *N2736  
*N2736  0.311444858     
GRID*   2737            0               0.0109991211    -0.407697899    *N2737  
*N2737  0.314122547     
GRID*   2738            0               0.00801405299   -0.410888801    *N2738  
*N2738  0.310822891     
GRID*   2739            0               0.00974338175   -0.40930542     *N2739  
*N2739  0.306089479     
GRID*   2740            0               0.0101866858    -0.408794727    *N2740  
*N2740  0.308767169     
GRID*   2741            0               -0.00600403351  -0.388644508    *N2741  
*N2741  0.237237968     
GRID*   2742            0               -0.00566336987  -0.388476651    *N2742  
*N2742  0.240033823     
GRID*   2743            0               -0.00344491869  -0.387657452    *N2743  
*N2743  0.239066666     
GRID*   2744            0               -0.00475018364  -0.388084329    *N2744  
*N2744  0.238152317     
GRID*   2745            0               -0.00753583958  -0.389562513    *N2745  
*N2745  0.240500766     
GRID*   2746            0               -0.00738842447  -0.389461482    *N2746  
*N2746  0.243796834     
GRID*   2747            0               -0.00550142533  -0.38840107     *N2747  
*N2747  0.243329891     
GRID*   2748            0               -0.00654444853  -0.388936571    *N2748  
*N2748  0.241915328     
GRID*   2749            0               -0.00552173948  -0.388410405    *N2749  
*N2749  0.247126174     
GRID*   2750            0               -0.00327208664  -0.38761198     *N2750  
*N2750  0.242362734     
GRID*   2751            0               -0.00441499886  -0.387960234    *N2751  
*N2751  0.244744454     
GRID*   2752            0               -0.00210236659  -0.387368498    *N2752  
*N2752  0.239981015     
GRID*   2753            0               0.0084663829    -0.410527209    *N2753  
*N2753  0.319207032     
GRID*   2754            0               0.0054573958    -0.41241902     *N2754  
*N2754  0.318300347     
GRID*   2755            0               0.0065621215    -0.411853321    *N2755  
*N2755  0.314790045     
GRID*   2756            0               0.00754344943   -0.411232191    *N2756  
*N2756  0.316998538     
GRID*   2757            0               0.00477647337   -0.412705499    *N2757  
*N2757  0.3213538       
GRID*   2758            0               0.000818969151  -0.41357457     *N2758  
*N2758  0.320903966     
GRID*   2759            0               0.00155470725   -0.413508123    *N2759  
*N2759  0.317850513     
GRID*   2760            0               0.00319092672   -0.413208512    *N2760  
*N2760  0.319602156     
GRID*   2761            0               -0.00298625115  -0.413257772    *N2761  
*N2761  0.317857528     
GRID*   2762            0               0.00277897525   -0.413304158    *N2762  
*N2762  0.31434021      
GRID*   2763            0               -0.00010620141  -0.413599573    *N2763  
*N2763  0.316098869     
GRID*   2764            0               0.00552999563   -0.412385789    *N2764  
*N2764  0.312581551     
GRID*   2765            0               -0.0131981022   -0.400623826    *N2765  
*N2765  0.200006764     
GRID*   2766            0               -0.0130285537   -0.402520563    *N2766  
*N2766  0.196828661     
GRID*   2767            0               -0.0129147321   -0.403129413    *N2767  
*N2767  0.199372573     
GRID*   2768            0               -0.0128741652   -0.397485232    *N2768  
*N2768  0.197379261     
GRID*   2769            0               -0.0129998548   -0.398110071    *N2769  
*N2769  0.200640955     
GRID*   2770            0               -0.0125331051   -0.396257383    *N2770  
*N2770  0.190855873     
GRID*   2771            0               -0.0131595979   -0.39936802     *N2771  
*N2771  0.194201158     
GRID*   2772            0               -0.012718461    -0.39686719     *N2772  
*N2772  0.194117567     
GRID*   2773            0               -0.013169948    -0.401290207    *N2773  
*N2773  0.191740836     
GRID*   2774            0               -0.0131136882   -0.401907044    *N2774  
*N2774  0.194284749     
GRID*   2775            0               -0.0116689767   -0.394229507    *N2775  
*N2775  0.119635209     
GRID*   2776            0               -0.00954517501  -0.391282455    *N2776  
*N2776  0.121175166     
GRID*   2777            0               -0.00869406406  -0.390467566    *N2777  
*N2777  0.117143317     
GRID*   2778            0               -0.0103538113   -0.39221229     *N2778  
*N2778  0.118389263     
GRID*   2779            0               -0.0102814992   -0.392121668    *N2779  
*N2779  0.125151579     
GRID*   2780            0               -0.00768611852  -0.38966857     *N2780  
*N2780  0.126746972     
GRID*   2781            0               -0.00675178183  -0.38905745     *N2781  
*N2781  0.122770559     
GRID*   2782            0               -0.00865335339  -0.390432078    *N2782  
*N2782  0.123961069     
GRID*   2783            0               -0.00352390535  -0.387679069    *N2783  
*N2783  0.124421388     
GRID*   2784            0               -0.00571337996  -0.388500534    *N2784  
*N2784  0.11873871      
GRID*   2785            0               -0.00463686977  -0.38804122     *N2785  
*N2785  0.121580049     
GRID*   2786            0               -0.00674497258  -0.389053399    *N2786  
*N2786  0.115897371     
GRID*   2787            0               0.00232563506   -0.387406485    *N2787  
*N2787  0.0620065205    
GRID*   2788            0               0.000884452073  -0.387229664    *N2788  
*N2788  0.0577808263    
GRID*   2789            0               -0.000420951615 -0.387206714    *N2789  
*N2789  0.061234257     
GRID*   2790            0               0.00630869714   -0.388805159    *N2790  
*N2790  0.0595630022    
GRID*   2791            0               0.00497100046   -0.388171789    *N2791  
*N2791  0.0627787839    
GRID*   2792            0               0.00499703709   -0.388182405    *N2792  
*N2792  0.055337308     
GRID*   2793            0               0.00756707925   -0.389584303    *N2793  
*N2793  0.0563472205    
GRID*   2794            0               0.00218120309   -0.387381461    *N2794  
*N2794  0.0543273955    
GRID*   2795            0               -0.0098678624   -0.391632715    *N2795  
*N2795  0.314188946     
GRID*   2796            0               -0.0114928251   -0.393907314    *N2796  
*N2796  0.311272454     
GRID*   2797            0               -0.0125639082   -0.396351765    *N2797  
*N2797  0.314004735     
GRID*   2798            0               -0.0114613891   -0.393851981    *N2798  
*N2798  0.314096841     
GRID*   2799            0               -0.0100355384   -0.391825155    *N2799  
*N2799  0.308775324     
GRID*   2800            0               -0.0125636975   -0.396351111    *N2800  
*N2800  0.308120812     
GRID*   2801            0               -0.0115239938   -0.393962798    *N2801  
*N2801  0.308448068     
GRID*   2802            0               -0.0131539536   -0.401501592    *N2802  
*N2802  0.307466299     
GRID*   2803            0               -0.0131213308   -0.398961015    *N2803  
*N2803  0.310853093     
GRID*   2804            0               -0.0131141625   -0.398897089    *N2804  
*N2804  0.307793556     
GRID*   2805            0               -0.0131300533   -0.401757093    *N2805  
*N2805  0.313820525     
GRID*   2806            0               -0.0131281875   -0.399024976    *N2806  
*N2806  0.31391263      
GRID*   2807            0               -0.00793091037  -0.410951808    *N2807  
*N2807  0.316500142     
GRID*   2808            0               -0.0107318449   -0.408085539    *N2808  
*N2808  0.313265161     
GRID*   2809            0               -0.00885776852  -0.410186722    *N2809  
*N2809  0.309474818     
GRID*   2810            0               -0.00840305146  -0.41057982     *N2810  
*N2810  0.31298748      
GRID*   2811            0               -0.012239207    -0.405343866    *N2811  
*N2811  0.316831805     
GRID*   2812            0               -0.0124418287   -0.404809183    *N2812  
*N2812  0.310253881     
GRID*   2813            0               -0.0123434133   -0.405077622    *N2813  
*N2813  0.313542843     
GRID*   2814            0               -0.0126211048   -0.404266227    *N2814  
*N2814  0.303675956     
GRID*   2815            0               -0.0112237044   -0.407347551    *N2815  
*N2815  0.306463537     
GRID*   2816            0               -0.012534407    -0.404538676    *N2816  
*N2816  0.306964918     
GRID*   2817            0               -0.00971119715  -0.409340506    *N2817  
*N2817  0.302449493     
GRID*   2818            0               -0.00929411868  -0.409773332    *N2818  
*N2818  0.305962156     
GRID*   2819            0               0.0123573885    -0.395759423    *N2819  
*N2819  0.0169164886    
GRID*   2820            0               0.012934073     -0.397763761    *N2820  
*N2820  0.0203178914    
GRID*   2821            0               0.0129874451    -0.398040706    *N2821  
*N2821  0.0169582443    
GRID*   2822            0               0.0108904927    -0.392940967    *N2822  
*N2822  0.0201536743    
GRID*   2823            0               0.0113385716    -0.393641539    *N2823  
*N2823  0.0168747329    
GRID*   2824            0               0.0119294226    -0.394749436    *N2824  
*N2824  0.0235550771    
GRID*   2825            0               0.0104100463    -0.392283909    *N2825  
*N2825  0.0234326156    
GRID*   2826            0               0.012878182     -0.397503031    *N2826  
*N2826  0.0236775385    
GRID*   2827            0               -0.0128649017   -0.397444614    *N2827  
*N2827  0.164557799     
GRID*   2828            0               -0.0115671829   -0.394040733    *N2828  
*N2828  0.164312384     
GRID*   2829            0               -0.011669853    -0.394231164    *N2829  
*N2829  0.160098202     
GRID*   2830            0               -0.0123721507   -0.395798925    *N2830  
*N2830  0.162328        
GRID*   2831            0               -0.0114989885   -0.393918236    *N2831  
*N2831  0.168558549     
GRID*   2832            0               -0.00933479967  -0.391067181    *N2832  
*N2832  0.164034986     
GRID*   2833            0               -0.0105139817   -0.392419011    *N2833  
*N2833  0.166296767     
GRID*   2834            0               -0.00648420358  -0.388902387    *N2834  
*N2834  0.159511422     
GRID*   2835            0               -0.00948650394  -0.391221425    *N2835  
*N2835  0.159820804     
GRID*   2836            0               -0.00798321983  -0.389887712    *N2836  
*N2836  0.161773204     
GRID*   2837            0               -0.00968754441  -0.39143387     *N2837  
*N2837  0.155638606     
GRID*   2838            0               -0.0107699034   -0.392767885    *N2838  
*N2838  0.157868404     
GRID*   2839            0               0.00770049296   -0.41112112     *N2839  
*N2839  0.117163836     
GRID*   2840            0               0.00448147824   -0.412815972    *N2840  
*N2840  0.117004541     
GRID*   2841            0               0.00531587386   -0.41248228     *N2841  
*N2841  0.111549365     
GRID*   2842            0               0.00654367179   -0.411863872    *N2842  
*N2842  0.1143566       
GRID*   2843            0               0.00975192056   -0.409296069    *N2843  
*N2843  0.122778306     
GRID*   2844            0               0.00724381846   -0.411434813    *N2844  
*N2844  0.122435918     
GRID*   2845            0               0.00877378976   -0.41026208     *N2845  
*N2845  0.119971071     
GRID*   2846            0               0.00706792027   -0.411548296    *N2846  
*N2846  0.127524906     
GRID*   2847            0               0.00375632226   -0.41305425     *N2847  
*N2847  0.127365612     
GRID*   2848            0               0.0039565179    -0.412993092    *N2848  
*N2848  0.122276624     
GRID*   2849            0               0.00555935411   -0.4123722      *N2849  
*N2849  0.124900765     
GRID*   2850            0               2.39991568E-05  -0.413599978    *N2850  
*N2850  0.122300424     
GRID*   2851            0               0.000577890251  -0.413587344    *N2851  
*N2851  0.117028342     
GRID*   2852            0               0.00228659095   -0.413400442    *N2852  
*N2852  0.119652483     
GRID*   2853            0               -0.00404488315  -0.412964988    *N2853  
*N2853  0.133362862     
GRID*   2854            0               -0.00366375776  -0.41308136     *N2854  
*N2854  0.130226895     
GRID*   2855            0               -0.000151025752 -0.413599136    *N2855  
*N2855  0.130364237     
GRID*   2856            0               -0.00212177964  -0.413428356    *N2856  
*N2856  0.131863549     
GRID*   2857            0               -0.00673390818  -0.411753171    *N2857  
*N2857  0.130686847     
GRID*   2858            0               -0.00656877615  -0.411849506    *N2858  
*N2858  0.126953587     
GRID*   2859            0               -0.00347971183  -0.413133091    *N2859  
*N2859  0.126493635     
GRID*   2860            0               -0.00515320808  -0.412552549    *N2860  
*N2860  0.128590241     
GRID*   2861            0               -0.00349528942  -0.413128824    *N2861  
*N2861  0.122163082     
GRID*   2862            0               4.01506149E-05  -0.413599939    *N2862  
*N2862  0.126630977     
GRID*   2863            0               -0.00174355483  -0.413484342    *N2863  
*N2863  0.12439703      
GRID*   2864            0               0.00182311983   -0.413473494    *N2864  
*N2864  0.128864925     
GRID*   2865            0               -0.00348428236  -0.387668159    *N2865  
*N2865  0.159567571     
GRID*   2866            0               -0.00389673876  -0.387788282    *N2866  
*N2866  0.155183535     
GRID*   2867            0               -0.00685490875  -0.389119476    *N2867  
*N2867  0.155127386     
GRID*   2868            0               -0.00522027762  -0.38827611     *N2868  
*N2868  0.157347478     
GRID*   2869            0               -0.00111981497  -0.387247585    *N2869  
*N2869  0.155807054     
GRID*   2870            0               -0.0039082175   -0.387791835    *N2870  
*N2870  0.15023213      
GRID*   2871            0               -0.00252870114  -0.387444473    *N2871  
*N2871  0.153019592     
GRID*   2872            0               -0.00651557796  -0.388920137    *N2872  
*N2872  0.144657206     
GRID*   2873            0               -0.00686517449  -0.38912572     *N2873  
*N2873  0.150175981     
GRID*   2874            0               -0.00524234154  -0.388285634    *N2874  
*N2874  0.147444668     
GRID*   2875            0               -0.0096957022   -0.391442692    *N2875  
*N2875  0.150687201     
GRID*   2876            0               -0.00835643552  -0.39018188     *N2876  
*N2876  0.152907293     
GRID*   2877            0               0.00175826555   -0.387317626    *N2877  
*N2877  0.16316393      
GRID*   2878            0               0.000254899031  -0.387202461    *N2878  
*N2878  0.15909242      
GRID*   2879            0               -0.000880625801 -0.387229408    *N2879  
*N2879  0.16136575      
GRID*   2880            0               0.00672222785   -0.38903991     *N2880  
*N2880  0.166760288     
GRID*   2881            0               0.00526162001   -0.388293995    *N2881  
*N2881  0.161902634     
GRID*   2882            0               0.0043268068    -0.387929285    *N2882  
*N2882  0.164962109     
GRID*   2883            0               0.00826263352   -0.390105881    *N2883  
*N2883  0.159855195     
GRID*   2884            0               0.00384674249   -0.387772943    *N2884  
*N2884  0.157831124     
GRID*   2885            0               0.00616602764   -0.388728663    *N2885  
*N2885  0.158843159     
GRID*   2886            0               0.00138853649   -0.387273235    *N2886  
*N2886  0.156819089     
GRID*   2887            0               0.00852552045   -0.390322525    *N2887  
*N2887  0.352591397     
GRID*   2888            0               0.00588296273   -0.388583454    *N2888  
*N2888  0.350230359     
GRID*   2889            0               0.00453152214   -0.388002206    *N2889  
*N2889  0.353580372     
GRID*   2890            0               0.00663505189   -0.388988774    *N2890  
*N2890  0.353106017     
GRID*   2891            0               0.00675627077   -0.389060123    *N2891  
*N2891  0.347158345     
GRID*   2892            0               0.00431739142   -0.387926022    *N2892  
*N2892  0.344519308     
GRID*   2893            0               0.00336559097   -0.38763627     *N2893  
*N2893  0.347591321     
GRID*   2894            0               0.0051107593    -0.388229538    *N2894  
*N2894  0.347374833     
GRID*   2895            0               0.00118396558   -0.387253205    *N2895  
*N2895  0.344674285     
GRID*   2896            0               0.00189541334   -0.387336792    *N2896  
*N2896  0.350765099     
GRID*   2897            0               0.00154025658   -0.387290171    *N2897  
*N2897  0.347719692     
GRID*   2898            0               0.00225597968   -0.387394211    *N2898  
*N2898  0.353876494     
GRID*   2899            0               -0.0113128889   -0.393598637    *N2899  
*N2899  0.0823071971    
GRID*   2900            0               -0.0125762076   -0.396390137    *N2900  
*N2900  0.0815828838    
GRID*   2901            0               -0.012208296    -0.395380288    *N2901  
*N2901  0.0838167304    
GRID*   2902            0               -0.0087739413   -0.390538055    *N2902  
*N2902  0.0792881304    
GRID*   2903            0               -0.0110314455   -0.393151055    *N2903  
*N2903  0.0785080056    
GRID*   2904            0               -0.0101593295   -0.391972187    *N2904  
*N2904  0.0807976638    
GRID*   2905            0               -0.0109557967   -0.393037221    *N2905  
*N2905  0.0746530026    
GRID*   2906            0               -0.0124055398   -0.395889725    *N2906  
*N2906  0.0777836924    
GRID*   2907            0               -0.0117674214   -0.394419382    *N2907  
*N2907  0.0762183475    
GRID*   2908            0               -0.0128607432   -0.39742657     *N2908  
*N2908  0.0793490373    
GRID*   2909            0               0.00567896323   -0.41231593     *N2909  
*N2909  0.0346323589    
GRID*   2910            0               0.002915721     -0.413273949    *N2910  
*N2910  0.0305912022    
GRID*   2911            0               0.00681118116   -0.411706981    *N2911  
*N2911  0.0310962705    
GRID*   2912            0               0.000890754926  -0.413569911    *N2912  
*N2912  0.037484871     
GRID*   2913            0               0.00449287806   -0.412811851    *N2913  
*N2913  0.0381684472    
GRID*   2914            0               -0.00203108574  -0.413442802    *N2914  
*N2914  0.0334437144    
GRID*   2915            0               -0.00278063864  -0.4133038      *N2915  
*N2915  0.0368012948    
GRID*   2916            0               -0.00127475845  -0.413538302    *N2916  
*N2916  0.0300861339    
GRID*   2917            0               0.0129848853    -0.398026658    *N2917  
*N2917  0.0479309397    
GRID*   2918            0               0.0124636123    -0.396052775    *N2918  
*N2918  0.0512959837    
GRID*   2919            0               0.013014539     -0.398195057    *N2919  
*N2919  0.0511479919    
GRID*   2920            0               0.0122257365    -0.395422916    *N2920  
*N2920  0.0452277753    
GRID*   2921            0               0.0129540681    -0.397863838    *N2921  
*N2921  0.0447138876    
GRID*   2922            0               0.011312046     -0.393597235    *N2922  
*N2922  0.0485928192    
GRID*   2923            0               0.0110452227    -0.393172064    *N2923  
*N2923  0.0457416629    
GRID*   2924            0               0.0115654278    -0.394037541    *N2924  
*N2924  0.0514439756    
GRID*   2925            0               0.0128817246    -0.397518825    *N2925  
*N2925  0.318851364     
GRID*   2926            0               0.0122309932    -0.395435848    *N2926  
*N2926  0.321127348     
GRID*   2927            0               0.013019612     -0.398225212    *N2927  
*N2927  0.325275984     
GRID*   2928            0               0.0129551235    -0.397869234    *N2928  
*N2928  0.322063674     
GRID*   2929            0               0.0127217626    -0.396879097    *N2929  
*N2929  0.312426744     
GRID*   2930            0               0.011646508     -0.394187203    *N2930  
*N2930  0.315078108     
GRID*   2931            0               0.0128052544    -0.397196025    *N2931  
*N2931  0.315639054     
GRID*   2932            0               0.00910127178   -0.390839307    *N2932  
*N2932  0.311680233     
GRID*   2933            0               0.0104637497    -0.392353265    *N2933  
*N2933  0.317354092     
GRID*   2934            0               0.00981175485   -0.391569968    *N2934  
*N2934  0.314517162     
GRID*   2935            0               0.0116059546    -0.394111772    *N2935  
*N2935  0.323027952     
GRID*   2936            0               0.011069826     -0.393209802    *N2936  
*N2936  0.320191022     
GRID*   2937            0               0.00814699363   -0.41078588     *N2937  
*N2937  0.325166493     
GRID*   2938            0               0.00646785795   -0.411906816    *N2938  
*N2938  0.323018199     
GRID*   2939            0               0.00830769508   -0.410657787    *N2939  
*N2939  0.322186763     
GRID*   2940            0               0.0059741466    -0.412170708    *N2940  
*N2940  0.328493766     
GRID*   2941            0               0.0079843175    -0.410911454    *N2941  
*N2941  0.328146223     
GRID*   2942            0               0.00144620004   -0.413520538    *N2942  
*N2942  0.32918885      
GRID*   2943            0               0.00410923956   -0.412944088    *N2943  
*N2943  0.326345472     
GRID*   2944            0               0.00377106031   -0.413049866    *N2944  
*N2944  0.328841308     
GRID*   2945            0               0.00229492024   -0.413398975    *N2945  
*N2945  0.324681073     
GRID*   2946            0               0.00444445776   -0.412829272    *N2946  
*N2946  0.323849636     
GRID*   2947            0               -0.0017882829   -0.413478304    *N2947  
*N2947  0.322295476     
GRID*   2948            0               -0.00457854198  -0.412780507    *N2948  
*N2948  0.324347827     
GRID*   2949            0               -0.00570030557  -0.412305735    *N2949  
*N2949  0.319909879     
GRID*   2950            0               -0.00378991679  -0.413044229    *N2950  
*N2950  0.321102678     
GRID*   2951            0               -0.000306625159 -0.413596438    *N2951  
*N2951  0.326072584     
GRID*   2952            0               0.000256405242  -0.413597509    *N2952  
*N2952  0.323488275     
GRID*   2953            0               -0.00315764422  -0.413216758    *N2953  
*N2953  0.328124935     
GRID*   2954            0               -0.0008690977   -0.413571358    *N2954  
*N2954  0.328656893     
GRID*   2955            0               -0.00737570526  -0.411347099    *N2955  
*N2955  0.327061019     
GRID*   2956            0               -0.00534899702  -0.412467652    *N2956  
*N2956  0.327592977     
GRID*   2957            0               -0.0104754984   -0.408431434    *N2957  
*N2957  0.0598422805    
GRID*   2958            0               -0.0103568218   -0.408583901    *N2958  
*N2958  0.0657613927    
GRID*   2959            0               -0.0117002433   -0.406510999    *N2959  
*N2959  0.0630363042    
GRID*   2960            0               -0.00623696141  -0.412033586    *N2960  
*N2960  0.0584709882    
GRID*   2961            0               -0.0089388409   -0.41011273     *N2961  
*N2961  0.0566482568    
GRID*   2962            0               0.00015172158   -0.413599128    *N2962  
*N2962  0.0621164511    
GRID*   2963            0               -0.00606601496  -0.412123628    *N2963  
*N2963  0.0643901004    
GRID*   2964            0               -0.00314169807  -0.413220676    *N2964  
*N2964  0.0602937196    
GRID*   2965            0               -0.00664166899  -0.411807376    *N2965  
*N2965  0.0712115696    
GRID*   2966            0               -0.00865071499  -0.410370212    *N2966  
*N2966  0.0684864811    
GRID*   2967            0               0.0128764742    -0.40330455     *N2967  
*N2967  0.128187902     
GRID*   2968            0               0.0122901161    -0.405215916    *N2968  
*N2968  0.124289153     
GRID*   2969            0               0.0129699735    -0.402853526    *N2969  
*N2969  0.125044577     
GRID*   2970            0               0.0115422342    -0.406804438    *N2970  
*N2970  0.130062453     
GRID*   2971            0               0.0127780212    -0.403710917    *N2971  
*N2971  0.131331227     
GRID*   2972            0               0.0104426063    -0.408474155    *N2972  
*N2972  0.126163705     
GRID*   2973            0               0.0096026303    -0.409457013    *N2973  
*N2973  0.12879368      
GRID*   2974            0               0.0112082451    -0.407372463    *N2974  
*N2974  0.12353373      
GRID*   2975            0               0.0130023029    -0.402675988    *N2975  
*N2975  0.0887988614    
GRID*   2976            0               0.012582016     -0.4043916      *N2976  
*N2976  0.0856890312    
GRID*   2977            0               0.0130818194    -0.402162385    *N2977  
*N2977  0.0818901698    
GRID*   2978            0               0.0130444694    -0.402420351    *N2978  
*N2978  0.0853445156    
GRID*   2979            0               0.0122388286    -0.405344803    *N2979  
*N2979  0.0927064145    
GRID*   2980            0               0.0129573113    -0.402919541    *N2980  
*N2980  0.0922532073    
GRID*   2981            0               0.00951344579   -0.409550647    *N2981  
*N2981  0.0936128291    
GRID*   2982            0               0.0114690529    -0.406934587    *N2982  
*N2982  0.0895965843    
GRID*   2983            0               0.0110775739    -0.407578256    *N2983  
*N2983  0.0931596218    
GRID*   2984            0               0.0108009879    -0.40798806     *N2984  
*N2984  0.0863780625    
GRID*   2985            0               0.0121490335    -0.405561491    *N2985  
*N2985  0.0824705094    
GRID*   2986            0               0.0118289834    -0.406257914    *N2986  
*N2986  0.0860335468    
GRID*   2987            0               -0.00957434241  -0.391313088    *N2987  
*N2987  0.0256519445    
GRID*   2988            0               -0.0117174087   -0.394321979    *N2988  
*N2988  0.0257629897    
GRID*   2989            0               -0.0122162346   -0.395399639    *N2989  
*N2989  0.0296015077    
GRID*   2990            0               -0.0103522549   -0.392210322    *N2990  
*N2990  0.0294904625    
GRID*   2991            0               -0.0110852283   -0.39323357     *N2991  
*N2991  0.0276267261    
GRID*   2992            0               -0.0112381624   -0.393475861    *N2992  
*N2992  0.0228416935    
GRID*   2993            0               -0.0126573666   -0.396654193    *N2993  
*N2993  0.0220355168    
GRID*   2994            0               -0.0128987797   -0.397596166    *N2994  
*N2994  0.0249568129    
GRID*   2995            0               -0.0122430479   -0.395465653    *N2995  
*N2995  0.0238992532    
GRID*   2996            0               -0.0131923191   -0.400850242    *N2996  
*N2996  0.0232334143    
GRID*   2997            0               -0.0130985682   -0.398766748    *N2997  
*N2997  0.028795331     
GRID*   2998            0               -0.0131866571   -0.399806641    *N2998  
*N2998  0.0260143726    
GRID*   2999            0               -0.0126778239   -0.396724027    *N2999  
*N2999  0.0343572476    
GRID*   3000            0               -0.012928603    -0.397737065    *N3000  
*N3000  0.0315762893    
GRID*   3001            0               0.0129886011    -0.398047078    *N3001  
*N3001  0.0882680928    
GRID*   3002            0               0.0124726824    -0.396078867    *N3002  
*N3002  0.091680721     
GRID*   3003            0               0.0130168443    -0.398208707    *N3003  
*N3003  0.0917403605    
GRID*   3004            0               0.0122461324    -0.395473313    *N3004  
*N3004  0.0845916501    
GRID*   3005            0               0.0129592702    -0.397890554    *N3005  
*N3005  0.0847958251    
GRID*   3006            0               0.011343483     -0.393649786    *N3006  
*N3006  0.0880042784    
GRID*   3007            0               0.0110893878    -0.393240008    *N3007  
*N3007  0.0843874752    
GRID*   3008            0               0.0115850959    -0.394073425    *N3008  
*N3008  0.0916210816    
GRID*   3009            0               -0.00912164414  -0.409941258    *N3009  
*N3009  0.323501422     
GRID*   3010            0               -0.0108202852   -0.407960518    *N3010  
*N3010  0.320091684     
GRID*   3011            0               -0.00854123567  -0.410464159    *N3011  
*N3011  0.320000782     
GRID*   3012            0               -0.0114586661   -0.406952783    *N3012  
*N3012  0.326943106     
GRID*   3013            0               -0.00967010282  -0.409384938    *N3013  
*N3013  0.327002062     
GRID*   3014            0               -0.0125237823   -0.404570717    *N3014  
*N3014  0.323533368     
GRID*   3015            0               -0.0126478371   -0.404177859    *N3015  
*N3015  0.326884149     
GRID*   3016            0               -0.012387528    -0.404959512    *N3016  
*N3016  0.320182587     
GRID*   3017            0               -0.00469438906  -0.388062954    *N3017  
*N3017  0.128294628     
GRID*   3018            0               -0.00173986248  -0.387315166    *N3018  
*N3018  0.12911962      
GRID*   3019            0               -0.00263816589  -0.38746632     *N3019  
*N3019  0.126770504     
GRID*   3020            0               -0.00838547845  -0.3902057      *N3020  
*N3020  0.131342875     
GRID*   3021            0               -0.00550762791  -0.388403916    *N3021  
*N3021  0.132890531     
GRID*   3022            0               -0.00662710902  -0.388984159    *N3022  
*N3022  0.129818751     
GRID*   3023            0               -0.00598623553  -0.388635435    *N3023  
*N3023  0.138209097     
GRID*   3024            0               -0.00260962211  -0.38746053     *N3024  
*N3024  0.133715523     
GRID*   3025            0               -0.00433789032  -0.387933136    *N3025  
*N3025  0.13596231      
GRID*   3026            0               -0.000833273191 -0.387226327    *N3026  
*N3026  0.131468737     
GRID*   3027            0               0.0108498616    -0.407918012    *N3027  
*N3027  0.302070017     
GRID*   3028            0               0.0113569781    -0.407127484    *N3028  
*N3028  0.298257272     
GRID*   3029            0               0.0122096068    -0.405416523    *N3029  
*N3029  0.299876882     
GRID*   3030            0               0.00808448697   -0.410834609    *N3030  
*N3030  0.302436824     
GRID*   3031            0               0.00894666588   -0.410105523    *N3031  
*N3031  0.304263152     
GRID*   3032            0               0.00880599295   -0.410233336    *N3032  
*N3032  0.298624079     
GRID*   3033            0               0.0071080506    -0.411522752    *N3033  
*N3033  0.300610496     
GRID*   3034            0               0.010232955     -0.408738263    *N3034  
*N3034  0.296637661     
GRID*   3035            0               0.00540686292   -0.388358163    *N3035  
*N3035  0.179558675     
GRID*   3036            0               0.00426646269   -0.387908511    *N3036  
*N3036  0.183926155     
GRID*   3037            0               0.0072621767    -0.38937726     *N3037  
*N3037  0.186458864     
GRID*   3038            0               0.0063549808    -0.388830462    *N3038  
*N3038  0.18300877      
GRID*   3039            0               0.00196598992   -0.387347227    *N3039  
*N3039  0.17804481      
GRID*   3040            0               0.00442392833   -0.387963406    *N3040  
*N3040  0.176108581     
GRID*   3041            0               -0.00307398987  -0.387562921    *N3041  
*N3041  0.181917268     
GRID*   3042            0               0.000746645741  -0.387221134    *N3042  
*N3042  0.18241229      
GRID*   3043            0               -0.000564399681 -0.387212072    *N3043  
*N3043  0.179981039     
GRID*   3044            0               -0.000227141796 -0.387201954    *N3044  
*N3044  0.185760926     
GRID*   3045            0               0.0033337779    -0.387627924    *N3045  
*N3045  0.187274791     
GRID*   3046            0               0.00205032531   -0.387360208    *N3046  
*N3046  0.18484354      
GRID*   3047            0               -0.00853488325  -0.390330453    *N3047  
*N3047  0.311389462     
GRID*   3048            0               -0.00728399052  -0.389391663    *N3048  
*N3048  0.308994563     
GRID*   3049            0               -0.00874482652  -0.390512229    *N3049  
*N3049  0.308884943     
GRID*   3050            0               -0.00810375868  -0.389980351    *N3050  
*N3050  0.316398501     
GRID*   3051            0               -0.00655566716  -0.388942983    *N3051  
*N3051  0.313599017     
GRID*   3052            0               -0.00832116244  -0.390153134    *N3052  
*N3052  0.313893982     
GRID*   3053            0               -0.00407218478  -0.387843834    *N3053  
*N3053  0.315403988     
GRID*   3054            0               -0.00515456276  -0.388248026    *N3054  
*N3054  0.311204118     
GRID*   3055            0               -0.00461779821  -0.388034082    *N3055  
*N3055  0.313304053     
GRID*   3056            0               -0.00568144985  -0.388485256    *N3056  
*N3056  0.309104183     
GRID*   3057            0               0.00801659329   -0.41088686     *N3057  
*N3057  0.187736388     
GRID*   3058            0               0.00681639941   -0.411703836    *N3058  
*N3058  0.184993866     
GRID*   3059            0               0.00860292856   -0.410411474    *N3059  
*N3059  0.184947829     
GRID*   3060            0               0.00593174174   -0.412192135    *N3060  
*N3060  0.19067996      
GRID*   3061            0               0.00740404304   -0.411327953    *N3061  
*N3061  0.190524947     
GRID*   3062            0               0.00460080919   -0.412772249    *N3062  
*N3062  0.187937438     
GRID*   3063            0               0.00436022123   -0.412859072    *N3063  
*N3063  0.190834972     
GRID*   3064            0               0.00483966972   -0.412680782    *N3064  
*N3064  0.185039904     
GRID*   3065            0               -0.00624879113  -0.412027236    *N3065  
*N3065  0.134612156     
GRID*   3066            0               -0.00863184828  -0.410386551    *N3066  
*N3066  0.135575936     
GRID*   3067            0               -0.00771320493  -0.411111978    *N3067  
*N3067  0.133131391     
GRID*   3068            0               -0.00529791123  -0.412490167    *N3068  
*N3068  0.138822981     
GRID*   3069            0               -0.00467742615  -0.412743488    *N3069  
*N3069  0.136092922     
GRID*   3070            0               -0.00649634461  -0.411890757    *N3070  
*N3070  0.1442831       
GRID*   3071            0               -0.00780466555  -0.411045525    *N3071  
*N3071  0.139786761     
GRID*   3072            0               -0.00590473883  -0.412205679    *N3072  
*N3072  0.141553041     
GRID*   3073            0               -0.0102588132   -0.408706428    *N3073  
*N3073  0.140465025     
GRID*   3074            0               -0.0094826144   -0.409582594    *N3074  
*N3074  0.13802048      
GRID*   3075            0               -0.0121006423   -0.405673941    *N3075  
*N3075  0.148815948     
GRID*   3076            0               -0.00989337952  -0.409138481    *N3076  
*N3076  0.148723176     
GRID*   3077            0               -0.0100684917   -0.408936128    *N3077  
*N3077  0.153070481     
GRID*   3078            0               -0.011203932    -0.407379392    *N3078  
*N3078  0.150943214     
GRID*   3079            0               -0.0131069401   -0.401964647    *N3079  
*N3079  0.144561414     
GRID*   3080            0               -0.0121400274   -0.405582638    *N3080  
*N3080  0.144614129     
GRID*   3081            0               -0.012739516    -0.403856115    *N3081  
*N3081  0.146688681     
GRID*   3082            0               -0.0123155604   -0.405150471    *N3082  
*N3082  0.140557796     
GRID*   3083            0               -0.00995892548  -0.409063706    *N3083  
*N3083  0.144521358     
GRID*   3084            0               -0.0113078085   -0.407209807    *N3084  
*N3084  0.142539577     
GRID*   3085            0               -0.00640960081  -0.411939368    *N3085  
*N3085  0.148484919     
GRID*   3086            0               -0.00830960416  -0.410656241    *N3086  
*N3086  0.146503138     
GRID*   3087            0               -0.0131605079   -0.39937969     *N3087  
*N3087  0.126411207     
GRID*   3088            0               -0.0130590877   -0.398476403    *N3088  
*N3088  0.122441528     
GRID*   3089            0               -0.013096932    -0.402046321    *N3089  
*N3089  0.121278169     
GRID*   3090            0               -0.0131962501   -0.400714616    *N3090  
*N3090  0.123844688     
GRID*   3091            0               -0.012686684    -0.396754722    *N3091  
*N3091  0.131544245     
GRID*   3092            0               -0.0124221198   -0.395935592    *N3092  
*N3092  0.127702343     
GRID*   3093            0               -0.012990071    -0.398055207    *N3093  
*N3093  0.128977726     
GRID*   3094            0               -0.0108268378   -0.392848869    *N3094  
*N3094  0.129121257     
GRID*   3095            0               -0.0120854274   -0.395091286    *N3095  
*N3095  0.123732665     
GRID*   3096            0               -0.011510868    -0.393939356    *N3096  
*N3096  0.126426961     
GRID*   3097            0               -0.0128853699   -0.397535171    *N3097  
*N3097  0.118344072     
GRID*   3098            0               -0.0125450517   -0.396293703    *N3098  
*N3098  0.121038369     
GRID*   3099            0               -0.00367606885  -0.387722204    *N3099  
*N3099  0.28338262      
GRID*   3100            0               0.00116998452   -0.387251953    *N3100  
*N3100  0.281504836     
GRID*   3101            0               -0.000518568857 -0.38721019     *N3101  
*N3101  0.278364341     
GRID*   3102            0               -0.00211288568  -0.387370199    *N3102  
*N3102  0.280873481     
GRID*   3103            0               0.0029057395    -0.387523794    *N3103  
*N3103  0.285209641     
GRID*   3104            0               0.00579585477   -0.388540486    *N3104  
*N3104  0.279062742     
GRID*   3105            0               0.00438039398   -0.387948006    *N3105  
*N3105  0.282136192     
GRID*   3106            0               0.00423397271   -0.387897461    *N3106  
*N3106  0.275922247     
GRID*   3107            0               0.00713299429   -0.389293228    *N3107  
*N3107  0.275989293     
GRID*   3108            0               0.00108338914   -0.387244535    *N3108  
*N3108  0.275855202     
GRID*   3109            0               0.0124472616    -0.404793823    *N3109  
*N3109  0.0242987594    
GRID*   3110            0               0.0129590445    -0.40291061     *N3110  
*N3110  0.0207047602    
GRID*   3111            0               0.0130102774    -0.402629951    *N3111  
*N3111  0.0240493797    
GRID*   3112            0               0.0111025602    -0.407539549    *N3112  
*N3112  0.0213142807    
GRID*   3113            0               0.0115349923    -0.406817472    *N3113  
*N3113  0.0245481391    
GRID*   3114            0               0.0101263879    -0.408867365    *N3114  
*N3114  0.014846564     
GRID*   3115            0               0.012033862     -0.405824589    *N3115  
*N3115  0.0177202816    
GRID*   3116            0               0.0106352166    -0.408218706    *N3116  
*N3116  0.0180804224    
GRID*   3117            0               0.0128459382    -0.403436754    *N3117  
*N3117  0.0140155213    
GRID*   3118            0               0.0129049307    -0.403175385    *N3118  
*N3118  0.0173601408    
GRID*   3119            0               0.0129805702    -0.398003169    *N3119  
*N3119  0.203520946     
GRID*   3120            0               0.0121298914    -0.395193683    *N3120  
*N3120  0.206481657     
GRID*   3121            0               0.0128736035    -0.397482753    *N3121  
*N3121  0.210360711     
GRID*   3122            0               0.0129294888    -0.397741369    *N3122  
*N3122  0.206940828     
GRID*   3123            0               0.0112686616    -0.393525608    *N3123  
*N3123  0.202562838     
GRID*   3124            0               0.0103796481    -0.392245069    *N3124  
*N3124  0.209482132     
GRID*   3125            0               0.0108430749    -0.392872203    *N3125  
*N3125  0.206022485     
GRID*   3126            0               0.0116878591    -0.394265348    *N3126  
*N3126  0.213361185     
GRID*   3127            0               0.00989133082   -0.391659201    *N3127  
*N3127  0.212941778     
GRID*   3128            0               0.0128161226    -0.397239778    *N3128  
*N3128  0.213780593     
GRID*   3129            0               -0.0123681341   -0.405011861    *N3129  
*N3129  0.293490332     
GRID*   3130            0               -0.0129493459   -0.402960164    *N3130  
*N3130  0.297635577     
GRID*   3131            0               -0.0130630827   -0.402296278    *N3131  
*N3131  0.294615387     
GRID*   3132            0               -0.00936150571  -0.409706031    *N3132  
*N3132  0.291240221     
GRID*   3133            0               -0.0106829403   -0.408153373    *N3133  
*N3133  0.295726682     
GRID*   3134            0               -0.0111154451   -0.407519472    *N3134  
*N3134  0.292365276     
GRID*   3135            0               -0.0081448768   -0.41078754     *N3135  
*N3135  0.298304248     
GRID*   3136            0               -0.0117919883   -0.406332033    *N3136  
*N3136  0.299871927     
GRID*   3137            0               -0.0102143298   -0.408761069    *N3137  
*N3137  0.299088088     
GRID*   3138            0               -0.0128018919   -0.403617384    *N3138  
*N3138  0.300655766     
GRID*   3139            0               -0.00255187966  -0.413350981    *N3139  
*N3139  0.297661424     
GRID*   3140            0               -0.000381947303 -0.413594473    *N3140  
*N3140  0.293720536     
GRID*   3141            0               0.000536585805  -0.413589089    *N3141  
*N3141  0.297340011     
GRID*   3142            0               -0.00625988407  -0.412021267    *N3142  
*N3142  0.294421668     
GRID*   3143            0               -0.00549981431  -0.412399668    *N3143  
*N3143  0.297982836     
GRID*   3144            0               -0.00425842718  -0.412894231    *N3144  
*N3144  0.290480781     
GRID*   3145            0               -0.00699405443  -0.411594785    *N3145  
*N3145  0.290860501     
GRID*   3146            0               -0.00129863089  -0.413535964    *N3146  
*N3146  0.290101061     
GRID*   3147            0               -0.00160419477  -0.387297841    *N3147  
*N3147  0.287683319     
GRID*   3148            0               -7.94725776E-05 -0.387200239    *N3148  
*N3148  0.292118941     
GRID*   3149            0               0.00437414254   -0.387945809    *N3149  
*N3149  0.289645263     
GRID*   3150            0               0.00142236357   -0.387276857    *N3150  
*N3150  0.288664291     
GRID*   3151            0               -0.00539486794  -0.388352785    *N3151  
*N3151  0.290022074     
GRID*   3152            0               -0.00454641415  -0.388007659    *N3152  
*N3152  0.286702347     
GRID*   3153            0               -0.00396665426  -0.387810097    *N3153  
*N3153  0.294457696     
GRID*   3154            0               -0.00621734483  -0.388755919    *N3154  
*N3154  0.293341801     
GRID*   3155            0               0.000860155873  -0.387228055    *N3155  
*N3155  0.296689486     
GRID*   3156            0               -0.00158027728  -0.387294935    *N3156  
*N3156  0.295573591     
GRID*   3157            0               0.0129511635    -0.397849047    *N3157  
*N3157  0.196416836     
GRID*   3158            0               0.0122726731    -0.395539805    *N3158  
*N3158  0.199337782     
GRID*   3159            0               0.0129660795    -0.397925978    *N3159  
*N3159  0.199968891     
GRID*   3160            0               0.0121547562    -0.395252       *N3160  
*N3160  0.191929561     
GRID*   3161            0               0.0129360322    -0.397773392    *N3161  
*N3161  0.19286478      
GRID*   3162            0               0.00918655435   -0.390921223    *N3162  
*N3162  0.190059122     
GRID*   3163            0               0.0110179381    -0.393130541    *N3163  
*N3163  0.194850507     
GRID*   3164            0               0.0108881492    -0.392937547    *N3164  
*N3164  0.190994341     
GRID*   3165            0               0.00962288638   -0.391364511    *N3165  
*N3165  0.198075563     
GRID*   3166            0               0.0111450505    -0.393326963    *N3166  
*N3166  0.198706673     
GRID*   3167            0               0.000525431954  -0.387210462    *N3167  
*N3167  0.190062754     
GRID*   3168            0               0.00248349623   -0.387435732    *N3168  
*N3168  0.1928489       
GRID*   3169            0               0.00519837536   -0.388266703    *N3169  
*N3169  0.190060938     
GRID*   3170            0               0.00291022405   -0.387524807    *N3170  
*N3170  0.190061846     
GRID*   3171            0               -0.000843728504 -0.387226993    *N3171  
*N3171  0.194822752     
GRID*   3172            0               0.00485264548   -0.38812434     *N3172  
*N3172  0.196449158     
GRID*   3173            0               0.00205405984   -0.387360796    *N3173  
*N3173  0.195635955     
GRID*   3174            0               0.00736546666   -0.38944601     *N3174  
*N3174  0.193661195     
GRID*   3175            0               0.00741686816   -0.389480748    *N3175  
*N3175  0.19726236      
GRID*   3176            0               0.00731390246   -0.389411514    *N3176  
*N3176  0.19006003      
GRID*   3177            0               -0.0049591745   -0.388166988    *N3177  
*N3177  0.0717403612    
GRID*   3178            0               -0.00576660309  -0.388526235    *N3178  
*N3178  0.0761332226    
GRID*   3179            0               -0.00408484359  -0.387847946    *N3179  
*N3179  0.0745557687    
GRID*   3180            0               -0.00777820733  -0.389735128    *N3180  
*N3180  0.0708343034    
GRID*   3181            0               -0.00580885065  -0.388546846    *N3181  
*N3181  0.0689249538    
GRID*   3182            0               -0.00847438963  -0.39027949     *N3182  
*N3182  0.0752271647    
GRID*   3183            0               -0.0095113974   -0.391247223    *N3183  
*N3183  0.072743653     
GRID*   3184            0               -0.00733953082  -0.389428615    *N3184  
*N3184  0.0777106765    
GRID*   3185            0               0.0124350206    -0.404828348    *N3185  
*N3185  0.201300818     
GRID*   3186            0               0.0129582975    -0.402914464    *N3186  
*N3186  0.19765894      
GRID*   3187            0               0.013007187     -0.402647907    *N3187  
*N3187  0.200950409     
GRID*   3188            0               0.0110944474    -0.407552149    *N3188  
*N3188  0.198576819     
GRID*   3189            0               0.0115073927    -0.406866832    *N3189  
*N3189  0.201651227     
GRID*   3190            0               0.0120411331    -0.40580843     *N3190  
*N3190  0.194934941     
GRID*   3191            0               0.01064999      -0.408198571    *N3191  
*N3191  0.195502411     
GRID*   3192            0               0.0129068137    -0.403166615    *N3192  
*N3192  0.19436747      
GRID*   3193            0               -0.00827296072  -0.390114179    *N3193  
*N3193  0.246302255     
GRID*   3194            0               -0.00939016373  -0.391122887    *N3194  
*N3194  0.249558121     
GRID*   3195            0               -0.00757829824  -0.38959216     *N3195  
*N3195  0.248342147     
GRID*   3196            0               -0.00955187955  -0.391289479    *N3196  
*N3196  0.242222472     
GRID*   3197            0               -0.0102768122   -0.392115851    *N3197  
*N3197  0.244727893     
GRID*   3198            0               -0.0089317728   -0.39068077     *N3198  
*N3198  0.244262363     
GRID*   3199            0               -0.0116202549   -0.394138237    *N3199  
*N3199  0.242403085     
GRID*   3200            0               -0.0111531068   -0.393339674    *N3200  
*N3200  0.247983759     
GRID*   3201            0               -0.0113936793   -0.393734861    *N3201  
*N3201  0.245193422     
GRID*   3202            0               -0.0108988332   -0.392953159    *N3202  
*N3202  0.250774095     
GRID*   3203            0               -0.0131790221   -0.401143893    *N3203  
*N3203  0.239632639     
GRID*   3204            0               -0.0128903093   -0.403242521    *N3204  
*N3204  0.236239263     
GRID*   3205            0               -0.0126747158   -0.404086676    *N3205  
*N3205  0.239502429     
GRID*   3206            0               -0.0121735728   -0.395296656    *N3206  
*N3206  0.239893058     
GRID*   3207            0               -0.012891578    -0.397563238    *N3207  
*N3207  0.23694157      
GRID*   3208            0               -0.0130090762   -0.398163052    *N3208  
*N3208  0.239762848     
GRID*   3209            0               -0.0117694822   -0.394423438    *N3209  
*N3209  0.23469239      
GRID*   3210            0               -0.0131793531   -0.399661995    *N3210  
*N3210  0.233548195     
GRID*   3211            0               -0.0127464393   -0.396969507    *N3211  
*N3211  0.234120293     
GRID*   3212            0               -0.013049746    -0.402385983    *N3212  
*N3212  0.232976098     
GRID*   3213            0               -0.00934470292  -0.391077097    *N3213  
*N3213  0.235965179     
GRID*   3214            0               -0.00839487116  -0.390213433    *N3214  
*N3214  0.238475206     
GRID*   3215            0               -0.00777015436  -0.38972926     *N3215  
*N3215  0.236601573     
GRID*   3216            0               -0.0110211182   -0.393135363    *N3216  
*N3216  0.237686885     
GRID*   3217            0               -0.0106888589   -0.392654789    *N3217  
*N3217  0.235328785     
GRID*   3218            0               -0.0102633002   -0.392099116    *N3218  
*N3218  0.240196912     
GRID*   3219            0               -0.0113317864   -0.393630169    *N3219  
*N3219  0.240044985     
GRID*   3220            0               -0.00898949018  -0.390734129    *N3220  
*N3220  0.240348839     
GRID*   3221            0               0.0073921392    -0.389463992    *N3221  
*N3221  0.0318835077    
GRID*   3222            0               0.00647200364   -0.388895515    *N3222  
*N3222  0.0345698364    
GRID*   3223            0               0.00831451133   -0.390147737    *N3223  
*N3223  0.0336257361    
GRID*   3224            0               0.00424697842   -0.387901873    *N3224  
*N3224  0.031689518     
GRID*   3225            0               0.00641383908   -0.388862987    *N3225  
*N3225  0.0301412792    
GRID*   3226            0               -0.000423326962 -0.38720679     *N3226  
*N3226  0.0347859956    
GRID*   3227            0               0.00320951168   -0.387596132    *N3227  
*N3227  0.0343758467    
GRID*   3228            0               0.00194315795   -0.387343808    *N3228  
*N3228  0.0332377568    
GRID*   3229            0               0.00229169124   -0.387400456    *N3229  
*N3229  0.0364580369    
GRID*   3230            0               0.00444515329   -0.387970977    *N3230  
*N3230  0.0355139366    
GRID*   3231            0               0.00496432603   -0.412630923    *N3231  
*N3231  0.0606466511    
GRID*   3232            0               0.00367535832   -0.413078002    *N3232  
*N3232  0.0679578671    
GRID*   3233            0               -0.0012114771   -0.413544289    *N3233  
*N3233  0.0694276671    
GRID*   3234            0               0.00193119863   -0.413457966    *N3234  
*N3234  0.0650371591    
GRID*   3235            0               0.00739841735   -0.411331762    *N3235  
*N3235  0.0668021698    
GRID*   3236            0               0.00693136746   -0.411633706    *N3236  
*N3236  0.0737992832    
GRID*   3237            0               0.00313805535   -0.413221568    *N3237  
*N3237  0.0749549805    
GRID*   3238            0               0.00535230381   -0.412466186    *N3238  
*N3238  0.0708785752    
GRID*   3239            0               0.00338274854   -0.413159193    *N3239  
*N3239  0.0816379913    
GRID*   3240            0               -0.00176408416  -0.41348159     *N3240  
*N3240  0.0764247805    
GRID*   3241            0               0.000825229411  -0.413574179    *N3241  
*N3241  0.0790313859    
GRID*   3242            0               -0.0042854311   -0.412884994    *N3242  
*N3242  0.073818175     
GRID*   3243            0               0.00669577163   -0.411775704    *N3243  
*N3243  0.0876254102    
GRID*   3244            0               0.00911958016   -0.409943231    *N3244  
*N3244  0.0869262436    
GRID*   3245            0               0.00818061132   -0.410759421    *N3245  
*N3245  0.0906191196    
GRID*   3246            0               0.00661486472   -0.41182294     *N3246  
*N3246  0.0807878394    
GRID*   3247            0               0.00508651677   -0.412580614    *N3247  
*N3247  0.0846317007    
GRID*   3248            0               0.00931646416   -0.409751123    *N3248  
*N3248  0.0731001166    
GRID*   3249            0               0.00905161805   -0.410007716    *N3249  
*N3249  0.0800886728    
GRID*   3250            0               0.00803274031   -0.410874497    *N3250  
*N3250  0.076943978     
GRID*   3251            0               0.0107468601    -0.408064529    *N3251  
*N3251  0.0795404916    
GRID*   3252            0               0.00997753693   -0.409042266    *N3252  
*N3252  0.0832333676    
GRID*   3253            0               -0.00241932983  -0.387423604    *N3253  
*N3253  0.190633168     
GRID*   3254            0               -0.00599930402  -0.388642094    *N3254  
*N3254  0.191315827     
GRID*   3255            0               -0.00349390921  -0.387670797    *N3255  
*N3255  0.19306929      
GRID*   3256            0               -0.00315496921  -0.387582583    *N3256  
*N3256  0.186331341     
GRID*   3257            0               -0.00132786866  -0.387266959    *N3257  
*N3257  0.188197047     
GRID*   3258            0               -0.00658759689  -0.388961313    *N3258  
*N3258  0.182599927     
GRID*   3259            0               -0.00665967816  -0.389003128    *N3259  
*N3259  0.187014        
GRID*   3260            0               -0.00491981933  -0.388151107    *N3260  
*N3260  0.184465634     
GRID*   3261            0               -0.0101707488   -0.391985972    *N3261  
*N3261  0.187808903     
GRID*   3262            0               -0.00825609061  -0.390100633    *N3262  
*N3262  0.189562365     
GRID*   3263            0               0.0125669075    -0.404438915    *N3263  
*N3263  0.0788702458    
GRID*   3264            0               0.0129936469    -0.402724896    *N3264  
*N3264  0.075180076     
GRID*   3265            0               0.0130406192    -0.402445055    *N3265  
*N3265  0.0785351229    
GRID*   3266            0               0.0113974106    -0.407058756    *N3266  
*N3266  0.0759402281    
GRID*   3267            0               0.011797        -0.40632206     *N3267  
*N3267  0.0792053687    
GRID*   3268            0               0.0104815593    -0.408423523    *N3268  
*N3268  0.0694099468    
GRID*   3269            0               0.0121844061    -0.405477425    *N3269  
*N3269  0.0722500583    
GRID*   3270            0               0.0109607471    -0.407755408    *N3270  
*N3270  0.0726750875    
GRID*   3271            0               0.0128882088    -0.40325203     *N3271  
*N3271  0.0684699823    
GRID*   3272            0               0.012943401     -0.402990052    *N3272  
*N3272  0.0718250292    
GRID*   3273            0               -0.0103944386   -0.392263929    *N3273  
*N3273  0.0378402234    
GRID*   3274            0               -0.0105021305   -0.392403422    *N3274  
*N3274  0.0336592557    
GRID*   3275            0               -0.0117496996   -0.39438464     *N3275  
*N3275  0.0360987355    
GRID*   3276            0               -0.00661331421  -0.388976162    *N3276  
*N3276  0.0413231992    
GRID*   3277            0               -0.00712295874  -0.389286789    *N3277  
*N3277  0.0371300571    
GRID*   3278            0               -0.00866130866  -0.390438989    *N3278  
*N3278  0.0395817113    
GRID*   3279            0               -0.00345927543  -0.387661342    *N3279  
*N3279  0.0364077164    
GRID*   3280            0               -0.00727068761  -0.389382872    *N3280  
*N3280  0.0329490895    
GRID*   3281            0               -0.00543359399  -0.388370201    *N3281  
*N3281  0.0346784029    
GRID*   3282            0               -0.00892416067  -0.39067378     *N3282  
*N3282  0.031219776     
GRID*   3283            0               0.000250313906  -0.387202374    *N3283  
*N3283  0.0423560964    
GRID*   3284            0               -0.00280487124  -0.387501446    *N3284  
*N3284  0.0439778172    
GRID*   3285            0               -0.00077574078  -0.387222814    *N3285  
*N3285  0.0453051262    
GRID*   3286            0               -0.000315455454 -0.38720377     *N3286  
*N3286  0.0384072832    
GRID*   3287            0               0.00127485555   -0.387261707    *N3287  
*N3287  0.0394070666    
GRID*   3288            0               -0.00335501853  -0.387633487    *N3288  
*N3288  0.040029004     
GRID*   3289            0               -0.00190118156  -0.38733763     *N3289  
*N3289  0.0374074998    
GRID*   3290            0               -0.00476647156  -0.388090624    *N3290  
*N3290  0.0426505082    
GRID*   3291            0               -0.0016979132   -0.387309657    *N3291  
*N3291  0.00368088817   
GRID*   3292            0               -0.000462938731 -0.38720812     *N3292  
*N3292  0.00787849443   
GRID*   3293            0               0.00149315632   -0.387284723    *N3293  
*N3293  0.00393924722   
GRID*   3294            0               -0.00760164219  -0.389608567    *N3294  
*N3294  0.00316417007   
GRID*   3295            0               -0.00610567318  -0.388696977    *N3295  
*N3295  0.00684505824   
GRID*   3296            0               -0.00478974732  -0.388099662    *N3296  
*N3296  0.00342252912   
GRID*   3297            0               -0.00941236463  -0.391145412    *N3297  
*N3297  0.00949251021   
GRID*   3298            0               -0.008503081    -0.390303584    *N3298  
*N3298  0.0136901165    
GRID*   3299            0               -0.00498136749  -0.388176008    *N3299  
*N3299  0.0110426645    
GRID*   3300            0               -0.00734841626  -0.389434564    *N3300  
*N3300  0.0102675874    
GRID*   3301            0               -0.00430178592  -0.387920632    *N3301  
*N3301  0.0157569889    
GRID*   3302            0               -0.00240885206  -0.387421655    *N3302  
*N3302  0.0118177416    
GRID*   3303            0               -0.013033811    -0.398311994    *N3303  
*N3303  0.0200920613    
GRID*   3304            0               -0.01319996     -0.400367493    *N3304  
*N3304  0.0178011735    
GRID*   3305            0               -0.0131983469   -0.400608903    *N3305  
*N3305  0.0205172939    
GRID*   3306            0               -0.0115317966   -0.393976787    *N3306  
*N3306  0.0192415961    
GRID*   3307            0               -0.0122616782   -0.395512133    *N3307  
*N3307  0.0172981406    
GRID*   3308            0               -0.0124726009   -0.396078631    *N3308  
*N3308  0.0196668287    
GRID*   3309            0               -0.010686853    -0.392652021    *N3309  
*N3309  0.0148516522    
GRID*   3310            0               -0.0117631849   -0.394411053    *N3310  
*N3310  0.0125607644    
GRID*   3311            0               -0.0128733288   -0.397481541    *N3311  
*N3311  0.0150072528    
GRID*   3312            0               -0.0120250408   -0.394955884    *N3312  
*N3312  0.0149294525    
GRID*   3313            0               -0.0131899415   -0.399884788    *N3313  
*N3313  0.0123689328    
GRID*   3314            0               -0.0131971579   -0.400126095    *N3314  
*N3314  0.0150850532    
GRID*   3315            0               -0.0131310267   -0.399052358    *N3315  
*N3315  0.144979568     
GRID*   3316            0               -0.0131316395   -0.399058343    *N3316  
*N3316  0.1414609       
GRID*   3317            0               -0.0131062256   -0.401970621    *N3317  
*N3317  0.141042746     
GRID*   3318            0               -0.0131995233   -0.400512177    *N3318  
*N3318  0.143011157     
GRID*   3319            0               -0.0126293553   -0.396560809    *N3319  
*N3319  0.141812257     
GRID*   3320            0               -0.0125197126   -0.396217083    *N3320  
*N3320  0.138360386     
GRID*   3321            0               -0.0130900669   -0.398699956    *N3321  
*N3321  0.138009029     
GRID*   3322            0               -0.0129041139   -0.39762082     *N3322  
*N3322  0.139910643     
GRID*   3323            0               -0.0129765213   -0.397981344    *N3323  
*N3323  0.134623954     
GRID*   3324            0               -0.0131442551   -0.401611841    *N3324  
*N3324  0.137590875     
GRID*   3325            0               -0.0131859344   -0.399790792    *N3325  
*N3325  0.136107415     
GRID*   3326            0               -0.0128522771   -0.403409813    *N3326  
*N3326  0.139074336     
GRID*   3327            0               0.000343027039  -0.413595542    *N3327  
*N3327  0.112155226     
GRID*   3328            0               -0.00035250417  -0.413595292    *N3328  
*N3328  0.107122713     
GRID*   3329            0               0.00254331652   -0.413352665    *N3329  
*N3329  0.109336039     
GRID*   3330            0               -0.00402434197  -0.412971582    *N3330  
*N3330  0.1177936       
GRID*   3331            0               -0.00424751352  -0.412897945    *N3331  
*N3331  0.112920484     
GRID*   3332            0               -0.00186690961  -0.413467312    *N3332  
*N3332  0.114974413     
GRID*   3333            0               -0.00794969656  -0.410937662    *N3333  
*N3333  0.11384514      
GRID*   3334            0               -0.00849371596  -0.410504296    *N3334  
*N3334  0.108812627     
GRID*   3335            0               -0.00489992723  -0.412656864    *N3335  
*N3335  0.107887972     
GRID*   3336            0               -0.00648206152  -0.411898821    *N3336  
*N3336  0.110866556     
GRID*   3337            0               -0.00595337291  -0.412181229    *N3337  
*N3337  0.102696062     
GRID*   3338            0               -0.00323124054  -0.413198402    *N3338  
*N3338  0.104909387     
GRID*   3339            0               -0.0131997078   -0.400312177    *N3339  
*N3339  0.112630466     
GRID*   3340            0               -0.0131745429   -0.401219401    *N3340  
*N3340  0.117000393     
GRID*   3341            0               -0.0131162403   -0.398915332    *N3341  
*N3341  0.115487269     
GRID*   3342            0               -0.012922349    -0.40309312     *N3342  
*N3342  0.106916859     
GRID*   3343            0               -0.012685662    -0.404048833    *N3343  
*N3343  0.111378937     
GRID*   3344            0               -0.0131348344   -0.40171001     *N3344  
*N3344  0.109773662     
GRID*   3345            0               -0.0110942554   -0.407552447    *N3345  
*N3345  0.11021956      
GRID*   3346            0               -0.0105765528   -0.408297881    *N3346  
*N3346  0.114589487     
GRID*   3347            0               -0.0124049483   -0.404911902    *N3347  
*N3347  0.115748865     
GRID*   3348            0               -0.011823547    -0.406268879    *N3348  
*N3348  0.112984212     
GRID*   3349            0               -0.0120966409   -0.405683113    *N3349  
*N3349  0.120026641     
GRID*   3350            0               -0.0128311871   -0.40349849     *N3350  
*N3350  0.118513517     
GRID*   3351            0               -0.00946845653  -0.391202809    *N3351  
*N3351  0.177451793     
GRID*   3352            0               -0.0097943157   -0.391550628    *N3352  
*N3352  0.18241541      
GRID*   3353            0               -0.00810587989  -0.389982001    *N3353  
*N3353  0.18002586      
GRID*   3354            0               -0.0116252892   -0.394147588    *N3354  
*N3354  0.172303659     
GRID*   3355            0               -0.0117994174   -0.394482758    *N3355  
*N3355  0.176837398     
GRID*   3356            0               -0.010649153    -0.392600286    *N3356  
*N3356  0.174877726     
GRID*   3357            0               -0.0130178941   -0.398214953    *N3357  
*N3357  0.175793126     
GRID*   3358            0               -0.0130882914   -0.398686341    *N3358  
*N3358  0.180756743     
GRID*   3359            0               -0.0120053463   -0.394912591    *N3359  
*N3359  0.181801015     
GRID*   3360            0               -0.0126201046   -0.396530509    *N3360  
*N3360  0.17879707      
GRID*   3361            0               -0.0122331306   -0.395441117    *N3361  
*N3361  0.187194508     
GRID*   3362            0               -0.0111841886   -0.393389014    *N3362  
*N3362  0.184804959     
GRID*   3363            0               0.00991973387   -0.409108552    *N3363  
*N3363  0.163865327     
GRID*   3364            0               0.00628763896   -0.412006274    *N3364  
*N3364  0.165745018     
GRID*   3365            0               0.00482552298   -0.412686347    *N3365  
*N3365  0.161989592     
GRID*   3366            0               0.00878384669   -0.410253123    *N3366  
*N3366  0.160109901     
GRID*   3367            0               0.00758655419   -0.411202046    *N3367  
*N3367  0.16292746      
GRID*   3368            0               0.00775941424   -0.411078553    *N3368  
*N3368  0.1698083       
GRID*   3369            0               0.00345566501   -0.413139638    *N3369  
*N3369  0.171380134     
GRID*   3370            0               0.00175020916   -0.413483454    *N3370  
*N3370  0.167316852     
GRID*   3371            0               0.00490450014   -0.412655035    *N3371  
*N3371  0.168562576     
GRID*   3372            0               -0.00313991478  -0.413221113    *N3372  
*N3372  0.16858083      
GRID*   3373            0               -0.0046798145   -0.412742582    *N3373  
*N3373  0.164825404     
GRID*   3374            0               0.000141832092  -0.413599238    *N3374  
*N3374  0.163561426     
GRID*   3375            0               -0.00151091681  -0.413513243    *N3375  
*N3375  0.166071128     
GRID*   3376            0               -0.00134190157  -0.413531615    *N3376  
*N3376  0.160113857     
GRID*   3377            0               0.00341469587   -0.41315068     *N3377  
*N3377  0.158542023     
GRID*   3378            0               0.00179235146   -0.413477747    *N3378  
*N3378  0.161051724     
GRID*   3379            0               -0.00821176439  -0.410734744    *N3379  
*N3379  0.17974663      
GRID*   3380            0               -0.00475035441  -0.412715605    *N3380  
*N3380  0.176032823     
GRID*   3381            0               -0.00252924505  -0.41335542     *N3381  
*N3381  0.179771008     
GRID*   3382            0               -0.00552804737  -0.412386688    *N3382  
*N3382  0.179758819     
GRID*   3383            0               -0.00692507295  -0.411637587    *N3383  
*N3383  0.171369662     
GRID*   3384            0               -0.000739240426 -0.413579284    *N3384  
*N3384  0.17324399      
GRID*   3385            0               -0.00395322292  -0.412994127    *N3385  
*N3385  0.172306826     
GRID*   3386            0               0.00157102917   -0.413506177    *N3386  
*N3386  0.176982176     
GRID*   3387            0               0.00252002009   -0.413357218    *N3387  
*N3387  0.174181155     
GRID*   3388            0               0.000613718115  -0.413585725    *N3388  
*N3388  0.179783197     
GRID*   3389            0               -0.0096013659   -0.409458354    *N3389  
*N3389  0.175032621     
GRID*   3390            0               -0.0107337405   -0.408082891    *N3390  
*N3390  0.171392399     
GRID*   3391            0               -0.00837528814  -0.410602674    *N3391  
*N3391  0.16772944      
GRID*   3392            0               -0.00900651928  -0.410050006    *N3392  
*N3392  0.171381031     
GRID*   3393            0               -0.01067245     -0.408167806    *N3393  
*N3393  0.182335801     
GRID*   3394            0               -0.0116709267   -0.406566804    *N3394  
*N3394  0.177621791     
GRID*   3395            0               -0.0101574249   -0.408830108    *N3395  
*N3395  0.178684211     
GRID*   3396            0               -0.012915742    -0.40312463     *N3396  
*N3396  0.179137174     
GRID*   3397            0               -0.0131650057   -0.401360533    *N3397  
*N3397  0.175496952     
GRID*   3398            0               -0.0123950642   -0.404938985    *N3398  
*N3398  0.17398157      
GRID*   3399            0               -0.012687876    -0.404041127    *N3399  
*N3399  0.176559372     
GRID*   3400            0               -0.0128703857   -0.403331411    *N3400  
*N3400  0.171415137     
GRID*   3401            0               -0.011620923    -0.406660523    *N3401  
*N3401  0.168825966     
GRID*   3402            0               -0.0120388053   -0.405813609    *N3402  
*N3402  0.171403768     
GRID*   3403            0               -0.0131795571   -0.399665647    *N3403  
*N3403  0.184996523     
GRID*   3404            0               -0.013199309    -0.400535063    *N3404  
*N3404  0.188657888     
GRID*   3405            0               -0.0129687824   -0.397940186    *N3405  
*N3405  0.187926198     
GRID*   3406            0               -0.0126770134   -0.404078768    *N3406  
*N3406  0.183376954     
GRID*   3407            0               -0.0131617742   -0.401403843    *N3407  
*N3407  0.182066848     
GRID*   3408            0               -0.0124072692   -0.404905516    *N3408  
*N3408  0.187038319     
GRID*   3409            0               -0.0116545696   -0.406597661    *N3409  
*N3409  0.18468706      
GRID*   3410            0               -0.0129157316   -0.403124679    *N3410  
*N3410  0.189389578     
GRID*   3411            0               0.0128136816    -0.397229895    *N3411  
*N3411  0.168326935     
GRID*   3412            0               0.0114591312    -0.39384803     *N3412  
*N3412  0.170080144     
GRID*   3413            0               0.0127571046    -0.397009383    *N3413  
*N3413  0.171740072     
GRID*   3414            0               0.012921302     -0.397701861    *N3414  
*N3414  0.161500662     
GRID*   3415            0               0.0118951565    -0.394677653    *N3415  
*N3415  0.163227597     
GRID*   3416            0               0.0128694362    -0.397464423    *N3416  
*N3416  0.164913799     
GRID*   3417            0               0.0107618324    -0.392756508    *N3417  
*N3417  0.158101986     
GRID*   3418            0               0.00987793692   -0.391644067    *N3418  
*N3418  0.164980806     
GRID*   3419            0               0.0103348634    -0.392188386    *N3419  
*N3419  0.161541396     
GRID*   3420            0               0.00940318878   -0.391136089    *N3420  
*N3420  0.168420216     
GRID*   3421            0               0.0103119838    -0.392159673    *N3421  
*N3421  0.137992717     
GRID*   3422            0               0.0120895044    -0.395100577    *N3422  
*N3422  0.136374491     
GRID*   3423            0               0.0107545453    -0.392746259    *N3423  
*N3423  0.134861737     
GRID*   3424            0               0.00935420318   -0.391086629    *N3424  
*N3424  0.144254676     
GRID*   3425            0               0.0116679811    -0.394227625    *N3425  
*N3425  0.142815798     
GRID*   3426            0               0.00984771971   -0.391610096    *N3426  
*N3426  0.141123697     
GRID*   3427            0               0.0127527084    -0.396992886    *N3427  
*N3427  0.147818225     
GRID*   3428            0               0.012865784     -0.397448458    *N3428  
*N3428  0.141197572     
GRID*   3429            0               0.0128110293    -0.397219194    *N3429  
*N3429  0.144507899     
GRID*   3430            0               0.0129191942    -0.397691786    *N3430  
*N3430  0.137887246     
GRID*   3431            0               0.012839805     -0.397337418    *N3431  
*N3431  0.154659444     
GRID*   3432            0               0.0119427064    -0.394777566    *N3432  
*N3432  0.156360106     
GRID*   3433            0               0.0128817166    -0.397518789    *N3433  
*N3433  0.158080053     
GRID*   3434            0               0.0116142214    -0.394127053    *N3434  
*N3434  0.149477669     
GRID*   3435            0               0.0127972725    -0.397164291    *N3435  
*N3435  0.151238835     
GRID*   3436            0               0.0100867863    -0.391885498    *N3436  
*N3436  0.151178331     
GRID*   3437            0               0.00972869805   -0.391478541    *N3437  
*N3437  0.147716504     
GRID*   3438            0               0.0104334026    -0.392313956    *N3438  
*N3438  0.154640159     
GRID*   3439            0               0.00335761509   -0.38763417     *N3439  
*N3439  0.342095833     
GRID*   3440            0               0.00195330292   -0.387345322    *N3440  
*N3440  0.340106595     
GRID*   3441            0               -0.000248842454 -0.387202346    *N3441  
*N3441  0.342685047     
GRID*   3442            0               0.0015693103    -0.387293617    *N3442  
*N3442  0.34239044      
GRID*   3443            0               0.00670984259   -0.38903259     *N3443  
*N3443  0.34150662      
GRID*   3444            0               0.00582719313   -0.388555853    *N3444  
*N3444  0.339083145     
GRID*   3445            0               0.00508205871   -0.388217526    *N3445  
*N3445  0.341801226     
GRID*   3446            0               0.00840125346   -0.390218697    *N3446  
*N3446  0.335636222     
GRID*   3447            0               0.00724749378   -0.389367601    *N3447  
*N3447  0.333646983     
GRID*   3448            0               0.00450827439   -0.387993733    *N3448  
*N3448  0.337093907     
GRID*   3449            0               0.00654993077   -0.388939703    *N3449  
*N3449  0.336365064     
GRID*   3450            0               0.0027159099    -0.387482422    *N3450  
*N3450  0.335538905     
GRID*   3451            0               9.50804785E-05  -0.387200342    *N3451  
*N3451  0.338551593     
GRID*   3452            0               0.00233561258   -0.387408275    *N3452  
*N3452  0.33782275      
GRID*   3453            0               0.0129351936    -0.397769265    *N3453  
*N3453  0.327975256     
GRID*   3454            0               0.0119322519    -0.394755413    *N3454  
*N3454  0.332718111     
GRID*   3455            0               0.0128178334    -0.397246724    *N3455  
*N3455  0.334542855     
GRID*   3456            0               0.012878903     -0.397506238    *N3456  
*N3456  0.331259055     
GRID*   3457            0               0.0108800639    -0.392925764    *N3457  
*N3457  0.331125767     
GRID*   3458            0               0.0099165909    -0.391687869    *N3458  
*N3458  0.337228565     
GRID*   3459            0               0.0104167321    -0.392292492    *N3459  
*N3459  0.334177166     
GRID*   3460            0               0.00884073906   -0.390597891    *N3460  
*N3460  0.343331364     
GRID*   3461            0               0.0114539644    -0.393839002    *N3461  
*N3461  0.33905331      
GRID*   3462            0               0.00939448613   -0.391127264    *N3462  
*N3462  0.340279965     
GRID*   3463            0               0.0126896699    -0.39676513     *N3463  
*N3463  0.341110455     
GRID*   3464            0               0.0127557136    -0.397004154    *N3464  
*N3464  0.337826655     
GRID*   3465            0               0.0114410784    -0.393816557    *N3465  
*N3465  0.325286193     
GRID*   3466            0               0.0112027886    -0.393418773    *N3466  
*N3466  0.327985464     
GRID*   3467            0               0.0123480248    -0.395734565    *N3467  
*N3467  0.326630724     
GRID*   3468            0               0.0084990144    -0.390300161    *N3468  
*N3468  0.32485537      
GRID*   3469            0               0.0102315463    -0.392060008    *N3469  
*N3469  0.323941661     
GRID*   3470            0               0.00418778049   -0.387881913    *N3470  
*N3470  0.326682787     
GRID*   3471            0               0.00813903332   -0.390007881    *N3471  
*N3471  0.327554641     
GRID*   3472            0               0.00645760569   -0.388887427    *N3472  
*N3472  0.325769078     
GRID*   3473            0               0.00766713772   -0.389655001    *N3473  
*N3473  0.330694944     
GRID*   3474            0               0.00962081205   -0.391362303    *N3474  
*N3474  0.329340204     
GRID*   3475            0               -0.00550024687  -0.38840053     *N3475  
*N3475  0.33189484      
GRID*   3476            0               -0.00121288847  -0.387255842    *N3476  
*N3476  0.332240853     
GRID*   3477            0               -0.000705608089 -0.387218873    *N3477  
*N3477  0.329288814     
GRID*   3478            0               -0.00503388292  -0.38819754     *N3478  
*N3478  0.328942801     
GRID*   3479            0               -0.00315867652  -0.387583496    *N3479  
*N3479  0.330591827     
GRID*   3480            0               -0.0017082641   -0.387311003    *N3480  
*N3480  0.334954857     
GRID*   3481            0               0.00320165976   -0.387594166    *N3481  
*N3481  0.332824901     
GRID*   3482            0               0.00076000196   -0.387221897    *N3482  
*N3482  0.333889879     
GRID*   3483            0               0.00369262893   -0.387727017    *N3483  
*N3483  0.329872861     
GRID*   3484            0               0.00553122498   -0.388414778    *N3484  
*N3484  0.331759922     
GRID*   3485            0               -0.000187091005 -0.387201326    *N3485  
*N3485  0.326098739     
GRID*   3486            0               0.00177236759   -0.387319529    *N3486  
*N3486  0.3279858       
GRID*   3487            0               0.0128568074    -0.403390402    *N3487  
*N3487  0.334316224     
GRID*   3488            0               0.0120724754    -0.405738102    *N3488  
*N3488  0.332071314     
GRID*   3489            0               0.0129148092    -0.403129048    *N3489  
*N3489  0.330935657     
GRID*   3490            0               0.0127338326    -0.403876997    *N3490  
*N3490  0.341077359     
GRID*   3491            0               0.0116150618    -0.406671391    *N3491  
*N3491  0.338793584     
GRID*   3492            0               0.0127973465    -0.403635417    *N3492  
*N3492  0.337696792     
GRID*   3493            0               0.00919972414   -0.409865996    *N3493  
*N3493  0.343232078     
GRID*   3494            0               0.0102400239    -0.40872958     *N3494  
*N3494  0.336548673     
GRID*   3495            0               0.0097364681    -0.409312979    *N3495  
*N3495  0.339890375     
GRID*   3496            0               0.0107191231    -0.408103272    *N3496  
*N3496  0.333206971     
GRID*   3497            0               0.00427944914   -0.387912954    *N3497  
*N3497  0.296156921     
GRID*   3498            0               0.00727079719   -0.389382945    *N3498  
*N3498  0.295840057     
GRID*   3499            0               0.00735424241   -0.389438471    *N3499  
*N3499  0.2893284       
GRID*   3500            0               0.00586664258   -0.388575343    *N3500  
*N3500  0.29274266      
GRID*   3501            0               0.00433168905   -0.38793098     *N3501  
*N3501  0.302452877     
GRID*   3502            0               0.00261960667   -0.387462548    *N3502  
*N3502  0.299571182     
GRID*   3503            0               0.00749133153   -0.3895317      *N3503  
*N3503  0.308216268     
GRID*   3504            0               0.00731685673   -0.389413481    *N3504  
*N3504  0.302136013     
GRID*   3505            0               0.00596544467   -0.388624879    *N3505  
*N3505  0.305334573     
GRID*   3506            0               0.0097311386    -0.391481203    *N3506  
*N3506  0.302034851     
GRID*   3507            0               0.0096937145    -0.391440541    *N3507  
*N3507  0.295738895     
GRID*   3508            0               0.00856546129   -0.390356451    *N3508  
*N3508  0.298937454     
GRID*   3509            0               0.0130370551    -0.398332346    *N3509  
*N3509  0.299136036     
GRID*   3510            0               0.0122897366    -0.395583116    *N3510  
*N3510  0.302317426     
GRID*   3511            0               0.0128925473    -0.397567647    *N3511  
*N3511  0.30578139      
GRID*   3512            0               0.0129700425    -0.397946839    *N3512  
*N3512  0.302458713     
GRID*   3513            0               0.0117575342    -0.394399968    *N3513  
*N3513  0.299008107     
GRID*   3514            0               0.0105596463    -0.392479528    *N3514  
*N3514  0.30534417      
GRID*   3515            0               0.0111998285    -0.393414025    *N3515  
*N3515  0.302176138     
GRID*   3516            0               0.011669961     -0.394231369    *N3516  
*N3516  0.308808134     
GRID*   3517            0               0.00986460876   -0.391629054    *N3517  
*N3517  0.308512201     
GRID*   3518            0               0.012811229     -0.397219998    *N3518  
*N3518  0.309104067     
GRID*   3519            0               0.0128859575    -0.397537816    *N3519  
*N3519  0.292433412     
GRID*   3520            0               0.0122785554    -0.395554685    *N3520  
*N3520  0.295769447     
GRID*   3521            0               0.0129671605    -0.397931651    *N3521  
*N3521  0.295784724     
GRID*   3522            0               0.0116296126    -0.394155634    *N3522  
*N3522  0.2891642       
GRID*   3523            0               0.0128007773    -0.397178184    *N3523  
*N3523  0.2890821       
GRID*   3524            0               0.0105079327    -0.392411048    *N3524  
*N3524  0.292500235     
GRID*   3525            0               0.0097805723    -0.391535441    *N3525  
*N3525  0.2892463       
GRID*   3526            0               0.0111770615    -0.393377657    *N3526  
*N3526  0.295754171     
GRID*   3527            0               -0.0101885517   -0.408792462    *N3527  
*N3527  0.119120632     
GRID*   3528            0               -0.00982881217  -0.409211041    *N3528  
*N3528  0.123490114     
GRID*   3529            0               -0.0111037355   -0.407537721    *N3529  
*N3529  0.121758378     
GRID*   3530            0               -0.00743899768  -0.411304188    *N3530  
*N3530  0.118376285     
GRID*   3531            0               -0.00913233181  -0.409931029    *N3531  
*N3531  0.116482886     
GRID*   3532            0               -0.00697666294  -0.411605631    *N3532  
*N3532  0.122745767     
GRID*   3533            0               -0.00554274142  -0.412379901    *N3533  
*N3533  0.120269684     
GRID*   3534            0               -0.00830425187  -0.410660575    *N3534  
*N3534  0.12522185      
GRID*   3535            0               0.012909113     -0.403155867    *N3535  
*N3535  0.169209203     
GRID*   3536            0               0.01234124      -0.405083353    *N3536  
*N3536  0.165232664     
GRID*   3537            0               0.0129831747    -0.402782682    *N3537  
*N3537  0.165916332     
GRID*   3538            0               0.0117466674    -0.406421279    *N3538  
*N3538  0.17160415      
GRID*   3539            0               0.0128310132    -0.403499209    *N3539  
*N3539  0.172502075     
GRID*   3540            0               0.0106966205    -0.408134488    *N3540  
*N3540  0.16762761      
GRID*   3541            0               0.0100271808    -0.408984617    *N3541  
*N3541  0.170706225     
GRID*   3542            0               0.0113109812    -0.407204536    *N3542  
*N3542  0.164548995     
GRID*   3543            0               -0.0128214636   -0.397261518    *N3543  
*N3543  0.168282642     
GRID*   3544            0               -0.0128811917   -0.397516443    *N3544  
*N3544  0.172027751     
GRID*   3545            0               -0.0123221374   -0.395666615    *N3545  
*N3545  0.17029315      
GRID*   3546            0               -0.0131988282   -0.400575878    *N3546  
*N3546  0.164261625     
GRID*   3547            0               -0.0131999943   -0.400387703    *N3547  
*N3547  0.167986468     
GRID*   3548            0               -0.0131152638   -0.39890673     *N3548  
*N3548  0.166272133     
GRID*   3549            0               -0.012925997    -0.403075556    *N3549  
*N3549  0.167670028     
GRID*   3550            0               -0.0131976414   -0.400649522    *N3550  
*N3550  0.171731577     
GRID*   3551            0               -0.0131180232   -0.401868832    *N3551  
*N3551  0.169700802     
GRID*   3552            0               -0.0131641695   -0.399428073    *N3552  
*N3552  0.173762351     
GRID*   3553            0               -0.0120799764   -0.405721106    *N3553  
*N3553  0.100659404     
GRID*   3554            0               -0.0116005754   -0.406698147    *N3554  
*N3554  0.105462963     
GRID*   3555            0               -0.0125700296   -0.404429188    *N3555  
*N3555  0.103788131     
GRID*   3556            0               -0.0099753592   -0.409044779    *N3556  
*N3556  0.0992524712    
GRID*   3557            0               -0.0114575588   -0.406954719    *N3557  
*N3557  0.0975306761    
GRID*   3558            0               -0.00922931342  -0.409837149    *N3558  
*N3558  0.104056031     
GRID*   3559            0               -0.0081172936   -0.410809109    *N3559  
*N3559  0.100974266     
GRID*   3560            0               -0.0102257923   -0.408747046    *N3560  
*N3560  0.107137795     
GRID*   3561            0               -0.00311131309  -0.413228084    *N3561  
*N3561  0.149083624     
GRID*   3562            0               -0.00395667277  -0.412993043    *N3562  
*N3562  0.154299388     
GRID*   3563            0               -0.00716205799  -0.411488053    *N3563  
*N3563  0.153700683     
GRID*   3564            0               -0.00520984307  -0.412528377    *N3564  
*N3564  0.151392154     
GRID*   3565            0               -0.00079607951  -0.413575973    *N3565  
*N3565  0.154866597     
GRID*   3566            0               -0.00447559645  -0.412818093    *N3566  
*N3566  0.159546648     
GRID*   3567            0               -0.00266293771  -0.413328603    *N3567  
*N3567  0.157206622     
GRID*   3568            0               -0.00779259556  -0.411054363    *N3568  
*N3568  0.164226699     
GRID*   3569            0               -0.00761579992  -0.411181447    *N3569  
*N3569  0.158947943     
GRID*   3570            0               -0.00619716222  -0.412054835    *N3570  
*N3570  0.161886673     
GRID*   3571            0               -0.0104138849   -0.408511165    *N3571  
*N3571  0.158317741     
GRID*   3572            0               -0.00891313117  -0.410136329    *N3572  
*N3572  0.156009212     
GRID*   3573            0               -0.0124552097   -0.404771241    *N3573  
*N3573  0.161289683     
GRID*   3574            0               -0.0126798345   -0.404069032    *N3574  
*N3574  0.164792425     
GRID*   3575            0               -0.0129974106   -0.402703761    *N3575  
*N3575  0.162775654     
GRID*   3576            0               -0.0106848488   -0.408150742    *N3576  
*N3576  0.162445621     
GRID*   3577            0               -0.0115864416   -0.40672411     *N3577  
*N3577  0.159803712     
GRID*   3578            0               -0.0111009171   -0.407542103    *N3578  
*N3578  0.165948363     
GRID*   3579            0               -0.00960860016  -0.40945068     *N3579  
*N3579  0.165087531     
GRID*   3580            0               -0.0122192742   -0.405392929    *N3580  
*N3580  0.166809195     
GRID*   3581            0               -0.00662902782  -0.388985273    *N3581  
*N3581  0.322670651     
GRID*   3582            0               -0.00533619771  -0.388326683    *N3582  
*N3582  0.318806126     
GRID*   3583            0               -0.00738317643  -0.389457939    *N3583  
*N3583  0.319534576     
GRID*   3584            0               -0.00357002869  -0.387691936    *N3584  
*N3584  0.324615889     
GRID*   3585            0               -0.00584474144  -0.388564503    *N3585  
*N3585  0.325806726     
GRID*   3586            0               -0.00215373202  -0.387376888    *N3586  
*N3586  0.320751363     
GRID*   3587            0               -0.0011736987   -0.387252284    *N3587  
*N3587  0.323425051     
GRID*   3588            0               -0.00312170138  -0.38757444     *N3588  
*N3588  0.318077676     
GRID*   3589            0               0.0130468401    -0.402404985    *N3589  
*N3589  0.239041304     
GRID*   3590            0               0.0125466418    -0.404501436    *N3590  
*N3590  0.236601086     
GRID*   3591            0               0.0130240414    -0.402548103    *N3591  
*N3591  0.232159782     
GRID*   3592            0               0.0130356273    -0.402476637    *N3592  
*N3592  0.235600543     
GRID*   3593            0               0.0126342302    -0.404223117    *N3593  
*N3593  0.24356413      
GRID*   3594            0               0.0130577828    -0.402332436    *N3594  
*N3594  0.242482065     
GRID*   3595            0               0.0109864928    -0.407716897    *N3595  
*N3595  0.245728261     
GRID*   3596            0               0.0118436582    -0.406228187    *N3596  
*N3596  0.241123912     
GRID*   3597            0               0.0119388551    -0.406030607    *N3597  
*N3597  0.244646195     
GRID*   3598            0               0.0106523884    -0.408195295    *N3598  
*N3598  0.238602172     
GRID*   3599            0               0.0116443943    -0.406616758    *N3599  
*N3599  0.234079346     
GRID*   3600            0               0.0117456332    -0.406423297    *N3600  
*N3600  0.237601629     
GRID*   3601            0               0.00597781629   -0.412168845    *N3601  
*N3601  0.239063502     
GRID*   3602            0               0.0038051329    -0.413039658    *N3602  
*N3602  0.24185068      
GRID*   3603            0               0.00307914396   -0.413235843    *N3603  
*N3603  0.239294167     
GRID*   3604            0               0.00888347034   -0.410163399    *N3604  
*N3604  0.242060371     
GRID*   3605            0               0.00854916384   -0.410457425    *N3605  
*N3605  0.238832837     
GRID*   3606            0               0.00701932021   -0.41157896     *N3606  
*N3606  0.24484755      
GRID*   3607            0               0.00920767117   -0.409858266    *N3607  
*N3607  0.245287905     
GRID*   3608            0               0.00451877113   -0.412802448    *N3608  
*N3608  0.244407194     
GRID*   3609            0               -0.011848654    -0.394581976    *N3609  
*N3609  0.00311621215   
GRID*   3610            0               -0.0106802537   -0.392642927    *N3610  
*N3610  0.00628038222   
GRID*   3611            0               -0.010038038    -0.391828081    *N3611  
*N3611  0.00314019111   
GRID*   3612            0               -0.0130509481   -0.398421932    *N3612  
*N3612  0.00618446638   
GRID*   3613            0               -0.0129206148   -0.397698572    *N3613  
*N3613  0.00309223319   
GRID*   3614            0               -0.0125210103   -0.396220969    *N3614  
*N3614  0.00934863645   
GRID*   3615            0               -0.0131408165   -0.399151424    *N3615  
*N3615  0.00927669957   
GRID*   3616            0               -0.0112564893   -0.393505695    *N3616  
*N3616  0.00942057333   
GRID*   3617            0               -0.012030862    -0.394968761    *N3617  
*N3617  0.147833384     
GRID*   3618            0               -0.0122871945   -0.395576635    *N3618  
*N3618  0.144464985     
GRID*   3619            0               -0.0127455522   -0.396966212    *N3619  
*N3619  0.146406476     
GRID*   3620            0               -0.00988174051  -0.39164836     *N3620  
*N3620  0.146603131     
GRID*   3621            0               -0.0110054163   -0.393111597    *N3621  
*N3621  0.149260292     
GRID*   3622            0               -0.00708100249  -0.389260009    *N3622  
*N3622  0.141288807     
GRID*   3623            0               -0.0103066524   -0.392153006    *N3623  
*N3623  0.143234732     
GRID*   3624            0               -0.00856502876  -0.390356082    *N3624  
*N3624  0.143945969     
GRID*   3625            0               -0.0109250208   -0.392991632    *N3625  
*N3625  0.140582004     
GRID*   3626            0               -0.0116778549   -0.394246326    *N3626  
*N3626  0.142523494     
GRID*   3627            0               -0.00473084484  -0.388076887    *N3627  
*N3627  0.341496792     
GRID*   3628            0               -0.00636928889  -0.388838332    *N3628  
*N3628  0.337900056     
GRID*   3629            0               -0.00679111784  -0.389080958    *N3629  
*N3629  0.340902665     
GRID*   3630            0               -0.00225567306  -0.387394158    *N3630  
*N3630  0.339712232     
GRID*   3631            0               -0.00252794919  -0.387444327    *N3631  
*N3631  0.34209092      
GRID*   3632            0               -0.00401053151  -0.387824006    *N3632  
*N3632  0.336115497     
GRID*   3633            0               -0.00198240463  -0.38734971     *N3633  
*N3633  0.337333545     
GRID*   3634            0               -0.00593880355  -0.38861142     *N3634  
*N3634  0.334897448     
GRID*   3635            0               -0.00762367631  -0.389624121    *N3635  
*N3635  0.0171043693    
GRID*   3636            0               -0.0071424033   -0.389299276    *N3636  
*N3636  0.0207044667    
GRID*   3637            0               -0.00576346526  -0.388524712    *N3637  
*N3637  0.0182307278    
GRID*   3638            0               -0.00999724996  -0.391780546    *N3638  
*N3638  0.018265905     
GRID*   3639            0               -0.00927959671  -0.391012291    *N3639  
*N3639  0.0159780107    
GRID*   3640            0               -0.0096085149   -0.39134923     *N3640  
*N3640  0.0218660024    
GRID*   3641            0               -0.0106514885   -0.392603476    *N3641  
*N3641  0.0205537993    
GRID*   3642            0               -0.00841880376  -0.390233204    *N3642  
*N3642  0.0231782056    
GRID*   3643            0               0.0116423803    -0.406620529    *N3643  
*N3643  0.0657010849    
GRID*   3644            0               0.0127114063    -0.403958111    *N3644  
*N3644  0.0618311026    
GRID*   3645            0               0.0128040833    -0.403608653    *N3645  
*N3645  0.0651505424    
GRID*   3646            0               0.00907080868   -0.4099896      *N3646  
*N3646  0.0630933078    
GRID*   3647            0               0.00980749318   -0.409234765    *N3647  
*N3647  0.0662516273    
GRID*   3648            0               0.0109285078    -0.407803223    *N3648  
*N3648  0.0592233256    
GRID*   3649            0               0.008304951     -0.410660009    *N3649  
*N3649  0.0599349883    
GRID*   3650            0               0.0126186591    -0.404274202    *N3650  
*N3650  0.0585116628    
GRID*   3651            0               0.0128477097    -0.39737075     *N3651  
*N3651  0.265588994     
GRID*   3652            0               0.0121987106    -0.395357039    *N3652  
*N3652  0.269164177     
GRID*   3653            0               0.0129466256    -0.397826115    *N3653  
*N3653  0.268882088     
GRID*   3654            0               0.0114132094    -0.39376836     *N3654  
*N3654  0.262791797     
GRID*   3655            0               0.0127445833    -0.396962618    *N3655  
*N3655  0.262295899     
GRID*   3656            0               0.0102070983    -0.392030105    *N3656  
*N3656  0.266366981     
GRID*   3657            0               0.00933159099   -0.391063972    *N3657  
*N3657  0.263287696     
GRID*   3658            0               0.0110116219    -0.393120977    *N3658  
*N3658  0.269446265     
GRID*   3659            0               0.0128205507    -0.397257791    *N3659  
*N3659  0.347479923     
GRID*   3660            0               0.0119483044    -0.394789472    *N3660  
*N3660  0.351129314     
GRID*   3661            0               0.0128817892    -0.397519114    *N3661  
*N3661  0.350604923     
GRID*   3662            0               0.0114596239    -0.393848892    *N3662  
*N3662  0.345190377     
GRID*   3663            0               0.0127571643    -0.397009608    *N3663  
*N3663  0.344295189     
GRID*   3664            0               0.00995961604   -0.391737088    *N3664  
*N3664  0.349017358     
GRID*   3665            0               0.00941741897   -0.391150556    *N3665  
*N3665  0.346174361     
GRID*   3666            0               0.0104739902    -0.392366599    *N3666  
*N3666  0.351833973     
GRID*   3667            0               0.012157394     -0.405541767    *N3667  
*N3667  0.229518557     
GRID*   3668            0               0.0128320793    -0.403494792    *N3668  
*N3668  0.225158775     
GRID*   3669            0               0.012936025     -0.403026644    *N3669  
*N3669  0.228659278     
GRID*   3670            0               0.010082702     -0.408919338    *N3670  
*N3670  0.226676324     
GRID*   3671            0               0.0109243831    -0.407809309    *N3671  
*N3671  0.230377835     
GRID*   3672            0               0.0113346925    -0.407164965    *N3672  
*N3672  0.222316542     
GRID*   3673            0               0.00916877436   -0.409895977    *N3673  
*N3673  0.222974814     
GRID*   3674            0               0.0127241534    -0.403912253    *N3674  
*N3674  0.221658271     
GRID*   3675            0               0.00463249933   -0.412760419    *N3675  
*N3675  0.353429827     
GRID*   3676            0               0.00612499035   -0.412092925    *N3676  
*N3676  0.350046685     
GRID*   3677            0               0.00865001476   -0.41037082     *N3677  
*N3677  0.352558302     
GRID*   3678            0               0.0067521013    -0.41174236     *N3678  
*N3678  0.353014201     
GRID*   3679            0               0.00205337364   -0.413439312    *N3679  
*N3679  0.350346427     
GRID*   3680            0               0.00233455832   -0.413391914    *N3680  
*N3680  0.353667167     
GRID*   3681            0               0.00367754226   -0.413077369    *N3681  
*N3681  0.347139554     
GRID*   3682            0               0.00177807413   -0.413479696    *N3682  
*N3682  0.347091667     
GRID*   3683            0               0.00717398311   -0.411480341    *N3683  
*N3683  0.347059058     
GRID*   3684            0               0.00548420686   -0.41240681     *N3684  
*N3684  0.347099306     
GRID*   3685            0               0.00245240456   -0.413370185    *N3685  
*N3685  0.148340318     
GRID*   3686            0               0.000925854244  -0.41356749     *N3686  
*N3686  0.151988655     
GRID*   3687            0               -0.000337028701 -0.413595697    *N3687  
*N3687  0.148711971     
GRID*   3688            0               0.00643108491   -0.411927409    *N3688  
*N3688  0.152015744     
GRID*   3689            0               0.00513160639   -0.412561686    *N3689  
*N3689  0.147968665     
GRID*   3690            0               0.0050454395    -0.412597686    *N3690  
*N3690  0.155664081     
GRID*   3691            0               0.00765338773   -0.411154797    *N3691  
*N3691  0.156062823     
GRID*   3692            0               0.00218025833   -0.413418697    *N3692  
*N3692  0.155265339     
GRID*   3693            0               -0.0119548469   -0.394803426    *N3693  
*N3693  0.136063124     
GRID*   3694            0               -0.0113665702   -0.393688735    *N3694  
*N3694  0.132983415     
GRID*   3695            0               -0.0123593345   -0.395764609    *N3695  
*N3695  0.133803684     
GRID*   3696            0               -0.00999939364  -0.391783033    *N3696  
*N3696  0.138284742     
GRID*   3697            0               -0.0114757456   -0.393877174    *N3697  
*N3697  0.138322564     
GRID*   3698            0               -0.00913195842  -0.390868613    *N3698  
*N3698  0.135205032     
GRID*   3699            0               -0.00814628304  -0.390013563    *N3699  
*N3699  0.13824692      
GRID*   3700            0               -0.0100283967   -0.391816804    *N3700  
*N3700  0.132163145     
GRID*   3701            0               0.0119853929    -0.405930855    *N3701  
*N3701  0.351112782     
GRID*   3702            0               0.0128412003    -0.403456726    *N3702  
*N3702  0.347463381     
GRID*   3703            0               0.0128913826    -0.403237649    *N3703  
*N3703  0.350596658     
GRID*   3704            0               0.0101230947    -0.408871302    *N3704  
*N3704  0.348967721     
GRID*   3705            0               0.0105501416    -0.408333128    *N3705  
*N3705  0.35180916      
GRID*   3706            0               0.0115825354    -0.406731262    *N3706  
*N3706  0.34514074      
GRID*   3707            0               0.00967420211   -0.409380524    *N3707  
*N3707  0.346099899     
GRID*   3708            0               0.0127890246    -0.403668157    *N3708  
*N3708  0.34427037      
GRID*   3709            0               0.0117125198    -0.406487436    *N3709  
*N3709  0.010823282     
GRID*   3710            0               0.0127988144    -0.403629605    *N3710  
*N3710  0.00700776067   
GRID*   3711            0               0.0128226968    -0.40353344     *N3711  
*N3711  0.010511641     
GRID*   3712            0               0.00973788096   -0.409311435    *N3712  
*N3712  0.00742328202   
GRID*   3713            0               0.00993461593   -0.409091571    *N3713  
*N3713  0.011134923     
GRID*   3714            0               0.011526822     -0.406832136    *N3714  
*N3714  0.00360776067   
GRID*   3715            0               0.0095381835    -0.409524859    *N3715  
*N3715  0.00371164101   
GRID*   3716            0               0.0127748144    -0.403723269    *N3716  
*N3716  0.00350388034   
GRID*   3717            0               -0.0121592501   -0.405537376    *N3717  
*N3717  0.351295206     
GRID*   3718            0               -0.010886769    -0.407864467    *N3718  
*N3718  0.348840414     
GRID*   3719            0               -0.0109177704   -0.407819049    *N3719  
*N3719  0.351745514     
GRID*   3720            0               -0.0129335814   -0.40303865     *N3720  
*N3720  0.348320339     
GRID*   3721            0               -0.0129358752   -0.403027382    *N3721  
*N3721  0.35102514      
GRID*   3722            0               -0.0121340695   -0.405596572    *N3722  
*N3722  0.345687977     
GRID*   3723            0               -0.0129301496   -0.403055416    *N3723  
*N3723  0.345555803     
GRID*   3724            0               -0.0108520847   -0.407914803    *N3724  
*N3724  0.345908935     
GRID*   3725            0               7.48216033E-06  -0.377541564    *N3725  
*N3725  0.366791975     
GRID*   3726            0               4.48950686E-05  -0.374000059    *N3726  
*N3726  0.379944397     
GRID*   3727            0               0.000261890358  -0.377376485    *N3727  
*N3727  0.392918117     
GRID*   3728            0               0.00152644832   -0.385598017    *N3728  
*N3728  0.401860039     
GRID*   3729            0               -0.0043824      -0.393148697    *N3729  
*N3729  0.405384614     
GRID*   3730            0               0.004488        -0.393148697    *N3730  
*N3730  0.405384614     
GRID*   3731            0               0.0112631177    -0.389092271    *N3731  
*N3731  0.356144282     
GRID*   3732            0               0.00660000009   -0.3872         *N3732  
*N3732  0.357136929     
GRID*   3733            0               -0.0112631177   -0.389092271    *N3733  
*N3733  0.356144282     
GRID*   3734            0               -0.00659999991  -0.3872         *N3734  
*N3734  0.357136929     
GRID*   3735            0               -0.0021912      -0.396738975    *N3735  
*N3735  0.406144921     
GRID*   3736            0               -0.0087912      -0.390096918    *N3736  
*N3736  0.404306512     
GRID*   3737            0               -0.0076956      -0.395123869    *N3737  
*N3737  0.405867401     
GRID*   3738            0               0.00300722416   -0.38923342     *N3738  
*N3738  0.403922113     
GRID*   3739            0               0.008844        -0.396738975    *N3739  
*N3739  0.406144921     
GRID*   3740            0               0.00736322416   -0.386390029    *N3740  
*N3740  0.402375896     
GRID*   3741            0               0.00810361208   -0.39138908     *N3741  
*N3741  0.404814579     
GRID*   3742            0               -0.00583677584  -0.386390029    *N3742  
*N3742  0.402375896     
GRID*   3743            0               0.000894169342  -0.380965969    *N3743  
*N3743  0.397868364     
GRID*   3744            0               -0.00646905482  -0.377456274    *N3744  
*N3744  0.393059305     
GRID*   3745            0               -0.00615291533  -0.381344984    *N3745  
*N3745  0.39827201      
GRID*   3746            0               0.00673094518   -0.377456274    *N3746  
*N3746  0.393059305     
GRID*   3747            0               0.00704708467   -0.381344984    *N3747  
*N3747  0.39827201      
GRID*   3748            0               -0.00657755247  -0.374000015    *N3748  
*N3748  0.379972199     
GRID*   3749            0               2.61886145E-05  -0.374907972    *N3749  
*N3749  0.373135853     
GRID*   3750            0               -0.00659625892  -0.377539246    *N3750  
*N3750  0.366795987     
GRID*   3751            0               -0.00658690569  -0.37490376     *N3751  
*N3751  0.373151514     
GRID*   3752            0               0.00660374108   -0.377539246    *N3752  
*N3752  0.366795987     
GRID*   3753            0               0.00662244753   -0.374000015    *N3753  
*N3753  0.379972199     
GRID*   3754            0               0.00661309431   -0.37490376     *N3754  
*N3754  0.373151514     
GRID*   3755            0               0.000153392713  -0.37485105     *N3755  
*N3755  0.386649145     
GRID*   3756            0               0.00667669636   -0.374875139    *N3756  
*N3756  0.386741028     
GRID*   3757            0               -0.00652330364  -0.374875139    *N3757  
*N3757  0.386741028     
GRID*   3758            0               5.28000001E-05  -0.393148697    *N3758  
*N3758  0.405384614     
GRID*   3759            0               0.0033264       -0.396738975    *N3759  
*N3759  0.406144921     
GRID*   3760            0               -0.00289198792  -0.389663449    *N3760  
*N3760  0.404118177     
GRID*   3761            0               3.74116946E-06  -0.381735658    *N3761  
*N3761  0.361329105     
GRID*   3762            0               -0.00659812942  -0.381734019    *N3762  
*N3762  0.361330743     
GRID*   3763            0               0.00660187058   -0.381734019    *N3763  
*N3763  0.361330743     
GRID*   3764            0               0.0120601948    -0.392663855    *N3764  
*N3764  0.354758921     
GRID*   3765            0               0.00758164828   -0.388308999    *N3765  
*N3765  0.35653156      
GRID*   3766            0               -0.012060214    -0.3926639      *N3766  
*N3766  0.354758907     
GRID*   3767            0               -0.00758142862  -0.388308906    *N3767  
*N3767  0.356531607     
GRID*   3768            0               -0.0010956      -0.39856505     *N3768  
*N3768  0.406336153     
GRID*   3769            0               -0.0049434      -0.395929268    *N3769  
*N3769  0.406018696     
GRID*   3770            0               -0.0071478      -0.397748528    *N3770  
*N3770  0.406266513     
GRID*   3771            0               -0.0041217      -0.39815598     *N3771  
*N3771  0.406304455     
GRID*   3772            0               -0.0032868      -0.394930609    *N3772  
*N3772  0.405827229     
GRID*   3773            0               -0.0065868      -0.39160627     *N3773  
*N3773  0.404892375     
GRID*   3774            0               -0.0082434      -0.392571395    *N3774  
*N3774  0.405212555     
GRID*   3775            0               -0.0057651      -0.393743903    *N3775  
*N3775  0.40554714      
GRID*   3776            0               -0.0109956      -0.388626318    *N3776  
*N3776  0.403629228     
GRID*   3777            0               -0.0104478      -0.394342744    *N3777  
*N3777  0.405695713     
GRID*   3778            0               -0.0107217      -0.391424858    *N3778  
*N3778  0.404827542     
GRID*   3779            0               -0.0101739      -0.397350274    *N3779  
*N3779  0.406223256     
GRID*   3780            0               0.00226683624   -0.387374847    *N3780  
*N3780  0.402963131     
GRID*   3781            0               0.00555541812   -0.390301386    *N3781  
*N3781  0.404392171     
GRID*   3782            0               0.00773341812   -0.388825151    *N3782  
*N3782  0.40372726      
GRID*   3783            0               0.00444483624   -0.385991715    *N3783  
*N3783  0.402121512     
GRID*   3784            0               0.00500012718   -0.388094067    *N3784  
*N3784  0.403356455     
GRID*   3785            0               0.00374761208   -0.391162071    *N3785  
*N3785  0.404730966     
GRID*   3786            0               0.006666        -0.394930609    *N3786  
*N3786  0.405827229     
GRID*   3787            0               0.00847380604   -0.394029208    *N3787  
*N3787  0.405619778     
GRID*   3788            0               0.00611070906   -0.392582997    *N3788  
*N3788  0.405216155     
GRID*   3789            0               0.011022        -0.39856505     *N3789  
*N3789  0.406336153     
GRID*   3790            0               0.010651806     -0.39247071     *N3790  
*N3790  0.405181071     
GRID*   3791            0               0.010836903     -0.395486097    *N3791  
*N3791  0.40593865      
GRID*   3792            0               0.0102816121    -0.386792834    *N3792  
*N3792  0.402623109     
GRID*   3793            0               0.0104667091    -0.389556083    *N3793  
*N3793  0.404070095     
GRID*   3794            0               -0.00951838792  -0.386792834    *N3794  
*N3794  0.402623109     
GRID*   3795            0               -0.00599484558  -0.383740654    *N3795  
*N3795  0.400479897     
GRID*   3796            0               -0.00967645766  -0.381537645    *N3796  
*N3796  0.39847083      
GRID*   3797            0               -0.00959742279  -0.384033027    *N3797  
*N3797  0.4007143       
GRID*   3798            0               -0.00215516376  -0.385991715    *N3798  
*N3798  0.402121512     
GRID*   3799            0               0.00121030883   -0.383166036    *N3799  
*N3799  0.399998762     
GRID*   3800            0               -0.00262937299  -0.381154418    *N3800  
*N3800  0.398071181     
GRID*   3801            0               -0.00239226838  -0.383451637    *N3801  
*N3801  0.400241369     
GRID*   3802            0               0.00057802985   -0.379027423    *N3802  
*N3802  0.395497514     
GRID*   3803            0               -0.00310358223  -0.377416271    *N3803  
*N3803  0.392988772     
GRID*   3804            0               -0.00631098507  -0.379239502    *N3804  
*N3804  0.395785859     
GRID*   3805            0               -0.00286647761  -0.379132974    *N3805  
*N3805  0.395642046     
GRID*   3806            0               -0.00983452741  -0.377496494    *N3806  
*N3806  0.393129714     
GRID*   3807            0               -0.00975549254  -0.379347003    *N3807  
*N3807  0.395928946     
GRID*   3808            0               0.0101235423    -0.381537645    *N3808  
*N3808  0.39847083      
GRID*   3809            0               0.00720515442   -0.383740654    *N3809  
*N3809  0.400479897     
GRID*   3810            0               0.0102025772    -0.384033027    *N3810  
*N3810  0.4007143       
GRID*   3811            0               0.00996547259   -0.377496494    *N3811  
*N3811  0.393129714     
GRID*   3812            0               0.00688901493   -0.379239502    *N3812  
*N3812  0.395785859     
GRID*   3813            0               0.0100445075    -0.379347003    *N3813  
*N3813  0.395928946     
GRID*   3814            0               0.00349641777   -0.377416271    *N3814  
*N3814  0.392988772     
GRID*   3815            0               0.00397062701   -0.381154418    *N3815  
*N3815  0.398071181     
GRID*   3816            0               0.00373352239   -0.379132974    *N3816  
*N3816  0.395642046     
GRID*   3817            0               0.00420773162   -0.383451637    *N3817  
*N3817  0.400241369     
GRID*   3818            0               -0.00988877623  -0.374000004    *N3818  
*N3818  0.379986099     
GRID*   3819            0               -0.00658222908  -0.374228738    *N3819  
*N3819  0.376532289     
GRID*   3820            0               -0.00989345285  -0.374901658    *N3820  
*N3820  0.373159345     
GRID*   3821            0               -0.00989111454  -0.374227294    *N3821  
*N3821  0.376543198     
GRID*   3822            0               -0.0032663287   -0.374000033    *N3822  
*N3822  0.379958298     
GRID*   3823            0               3.55418415E-05  -0.374231638    *N3823  
*N3823  0.376510471     
GRID*   3824            0               -0.00328035854  -0.374905865    *N3824  
*N3824  0.373143683     
GRID*   3825            0               -0.00327334362  -0.374230185    *N3825  
*N3825  0.37652138      
GRID*   3826            0               1.68353874E-05  -0.376017567    *N3826  
*N3826  0.369877897     
GRID*   3827            0               -0.00329438838  -0.377540405    *N3827  
*N3827  0.366793981     
GRID*   3828            0               -0.00659158231  -0.376013572    *N3828  
*N3828  0.369887526     
GRID*   3829            0               -0.00328737346  -0.376015569    *N3829  
*N3829  0.369882711     
GRID*   3830            0               -0.00989812946  -0.377538088    *N3830  
*N3830  0.366797994     
GRID*   3831            0               -0.00989579115  -0.376011576    *N3831  
*N3831  0.369892342     
GRID*   3832            0               0.00990654715   -0.374901658    *N3832  
*N3832  0.373159345     
GRID*   3833            0               0.00661777092   -0.374228738    *N3833  
*N3833  0.376532289     
GRID*   3834            0               0.00991122377   -0.374000004    *N3834  
*N3834  0.379986099     
GRID*   3835            0               0.00990888546   -0.374227294    *N3835  
*N3835  0.376543198     
GRID*   3836            0               0.00990187054   -0.377538088    *N3836  
*N3836  0.366797994     
GRID*   3837            0               0.00660841769   -0.376013572    *N3837  
*N3837  0.369887526     
GRID*   3838            0               0.00990420885   -0.376011576    *N3838  
*N3838  0.369892342     
GRID*   3839            0               0.00330561162   -0.377540405    *N3839  
*N3839  0.366793981     
GRID*   3840            0               0.00331964146   -0.374905865    *N3840  
*N3840  0.373143683     
GRID*   3841            0               0.00331262654   -0.376015569    *N3841  
*N3841  0.369882711     
GRID*   3842            0               0.0033336713    -0.374000033    *N3842  
*N3842  0.379958298     
GRID*   3843            0               0.00332665638   -0.374230185    *N3843  
*N3843  0.37652138      
GRID*   3844            0               0.00993834818   -0.374887307    *N3844  
*N3844  0.386786936     
GRID*   3845            0               0.00670382077   -0.375960664    *N3845  
*N3845  0.38998393      
GRID*   3846            0               0.00995191038   -0.37598505     *N3846  
*N3846  0.390043416     
GRID*   3847            0               0.00664957195   -0.374217913    *N3847  
*N3847  0.383385013     
GRID*   3848            0               0.00992478597   -0.374221867    *N3848  
*N3848  0.383415454     
GRID*   3849            0               9.91438911E-05  -0.374210112    *N3849  
*N3849  0.383324116     
GRID*   3850            0               0.00341504454   -0.374863053    *N3850  
*N3850  0.386695097     
GRID*   3851            0               0.00337435792   -0.374213995    *N3851  
*N3851  0.383354567     
GRID*   3852            0               0.000207641536  -0.375912327    *N3852  
*N3852  0.38986478      
GRID*   3853            0               0.00345573115   -0.375936423    *N3853  
*N3853  0.389924384     
GRID*   3854            0               -0.00649617923  -0.375960664    *N3854  
*N3854  0.38998393      
GRID*   3855            0               -0.00986165182  -0.374887307    *N3855  
*N3855  0.386786936     
GRID*   3856            0               -0.00984808962  -0.37598505     *N3856  
*N3856  0.390043416     
GRID*   3857            0               -0.00318495546  -0.374863053    *N3857  
*N3857  0.386695097     
GRID*   3858            0               -0.00314426885  -0.375936423    *N3858  
*N3858  0.389924384     
GRID*   3859            0               -0.00655042805  -0.374217913    *N3859  
*N3859  0.383385013     
GRID*   3860            0               -0.00322564208  -0.374213995    *N3860  
*N3860  0.383354567     
GRID*   3861            0               -0.00987521403  -0.374221867    *N3861  
*N3861  0.383415454     
GRID*   3862            0               0.0060852       -0.396738975    *N3862  
*N3862  0.406144921     
GRID*   3863            0               0.0049632       -0.39856505     *N3863  
*N3863  0.406336153     
GRID*   3864            0               0.0079926       -0.39856505     *N3864  
*N3864  0.406336153     
GRID*   3865            0               0.0022704       -0.393148697    *N3865  
*N3865  0.405384614     
GRID*   3866            0               0.0016896       -0.394930609    *N3866  
*N3866  0.405827229     
GRID*   3867            0               0.0041778       -0.394930609    *N3867  
*N3867  0.405827229     
GRID*   3868            0               -0.0021648      -0.393148697    *N3868  
*N3868  0.405384614     
GRID*   3869            0               0.0005676       -0.396738975    *N3869  
*N3869  0.406144921     
GRID*   3870            0               -0.0007986      -0.394930609    *N3870  
*N3870  0.405827229     
GRID*   3871            0               0.0019338       -0.39856505     *N3871  
*N3871  0.406336153     
GRID*   3872            0               -0.00584159396  -0.389879762    *N3872  
*N3872  0.404213314     
GRID*   3873            0               -0.00436438188  -0.387996111    *N3873  
*N3873  0.403304582     
GRID*   3874            0               -0.00767999094  -0.388310124    *N3874  
*N3874  0.40346902      
GRID*   3875            0               -0.00141959396  -0.39138381     *N3875  
*N3875  0.404812664     
GRID*   3876            0               -0.00400319698  -0.391494951    *N3876  
*N3876  0.404852768     
GRID*   3877            0               5.76181219E-05  -0.389447996    *N3877  
*N3877  0.404021107     
GRID*   3878            0               0.00116400906   -0.391272849    *N3878  
*N3878  0.404772063     
GRID*   3879            0               -0.00104877282  -0.387684333    *N3879  
*N3879  0.403135942     
GRID*   3880            0               5.61166489E-06  -0.379459704    *N3880  
*N3880  0.363923185     
GRID*   3881            0               -0.00329719412  -0.381734838    *N3881  
*N3881  0.361329924     
GRID*   3882            0               -0.00659719417  -0.379457588    *N3882  
*N3882  0.363925941     
GRID*   3883            0               -0.00329579125  -0.379458646    *N3883  
*N3883  0.363924563     
GRID*   3884            0               1.87067403E-06  -0.384330536    *N3884  
*N3884  0.359054062     
GRID*   3885            0               -0.00329999987  -0.3872         *N3885  
*N3885  0.357136929     
GRID*   3886            0               -0.00659906466  -0.384329617    *N3886  
*N3886  0.359054767     
GRID*   3887            0               -0.00329859699  -0.384330077    *N3887  
*N3887  0.359054414     
GRID*   3888            0               -0.00989999996  -0.3872         *N3888  
*N3888  0.357136929     
GRID*   3889            0               -0.00989906471  -0.3817332      *N3889  
*N3889  0.361331562     
GRID*   3890            0               -0.00989953233  -0.384329158    *N3890  
*N3890  0.359055119     
GRID*   3891            0               -0.00989859708  -0.37945653     *N3891  
*N3891  0.36392732      
GRID*   3892            0               0.00660280583   -0.379457588    *N3892  
*N3892  0.363925941     
GRID*   3893            0               0.00330280588   -0.381734838    *N3893  
*N3893  0.361329924     
GRID*   3894            0               0.00330420875   -0.379458646    *N3894  
*N3894  0.363924563     
GRID*   3895            0               0.00990093529   -0.3817332      *N3895  
*N3895  0.361331562     
GRID*   3896            0               0.00990140292   -0.37945653     *N3896  
*N3896  0.36392732      
GRID*   3897            0               0.00990000004   -0.3872         *N3897  
*N3897  0.357136929     
GRID*   3898            0               0.00660093534   -0.384329617    *N3898  
*N3898  0.359054767     
GRID*   3899            0               0.00990046767   -0.384329158    *N3899  
*N3899  0.359055119     
GRID*   3900            0               0.00330000013   -0.3872         *N3900  
*N3900  0.357136929     
GRID*   3901            0               0.00330140301   -0.384330077    *N3901  
*N3901  0.359054414     
GRID*   3902            0               0.0102946765    -0.390066981    *N3902  
*N3902  0.3557062       
GRID*   3903            0               0.0116616562    -0.390852901    *N3903  
*N3903  0.355386733     
GRID*   3904            0               0.0121160053    -0.393969684    *N3904  
*N3904  0.354395098     
GRID*   3905            0               0.0113051472    -0.391931738    *N3905  
*N3905  0.35499503      
GRID*   3906            0               0.0122315588    -0.388136088    *N3906  
*N3906  0.356621453     
GRID*   3907            0               0.0126300974    -0.393114362    *N3907  
*N3907  0.35462522      
GRID*   3908            0               0.0124308281    -0.390574398    *N3908  
*N3908  0.355496581     
GRID*   3909            0               0.0127841468    -0.39542902     *N3909  
*N3909  0.354072228     
GRID*   3910            0               0.00942238297   -0.388699032    *N3910  
*N3910  0.35633468      
GRID*   3911            0               0.00709082418   -0.387750877    *N3911  
*N3911  0.356827609     
GRID*   3912            0               0.00966119151   -0.387943056    *N3912  
*N3912  0.356723734     
GRID*   3913            0               0.00634109236   -0.388267105    *N3913  
*N3913  0.356553191     
GRID*   3914            0               0.00839086429   -0.38906909     *N3914  
*N3914  0.356155284     
GRID*   3915            0               0.00485282215   -0.387605978    *N3915  
*N3915  0.356907296     
GRID*   3916            0               -0.0122315589   -0.388136088    *N3916  
*N3916  0.356621453     
GRID*   3917            0               -0.0116616658   -0.390852923    *N3917  
*N3917  0.355386725     
GRID*   3918            0               -0.012630107    -0.393114384    *N3918  
*N3918  0.354625213     
GRID*   3919            0               -0.0124308329   -0.390574408    *N3919  
*N3919  0.355496577     
GRID*   3920            0               -0.0102946766   -0.390066981    *N3920  
*N3920  0.3557062       
GRID*   3921            0               -0.0121160724   -0.393969842    *N3921  
*N3921  0.354395058     
GRID*   3922            0               -0.0113051973   -0.391931815    *N3922  
*N3922  0.354995004     
GRID*   3923            0               -0.0127841693   -0.395429117    *N3923  
*N3923  0.354072209     
GRID*   3924            0               -0.00942227317  -0.388698986    *N3924  
*N3924  0.356334703     
GRID*   3925            0               -0.0063403237   -0.388266783    *N3925  
*N3925  0.356553358     
GRID*   3926            0               -0.00839053077  -0.389068881    *N3926  
*N3926  0.356155384     
GRID*   3927            0               -0.00709071426  -0.387750832    *N3927  
*N3927  0.356827634     
GRID*   3928            0               -0.00966113656  -0.387943033    *N3928  
*N3928  0.356723746     
GRID*   3929            0               -0.00485248094  -0.387605897    *N3929  
*N3929  0.356907341     
GRID*   3930            0               2.90885264E-05  -0.426797129    *N3930  
*N3930  0.379610633     
GRID*   3931            0               0.000169658796  -0.424312507    *N3931  
*N3931  0.391187135     
GRID*   3932            0               0.00102795318   -0.422752842    *N3932  
*N3932  0.394046725     
GRID*   3933            0               4.85009668E-06  -0.423230531    *N3933  
*N3933  0.3667438       
GRID*   3934            0               -0.00436731429  -0.408430702    *N3934  
*N3934  0.405148913     
GRID*   3935            0               0.00440808882   -0.408446231    *N3935  
*N3935  0.405143949     
GRID*   3936            0               0.0112631177    -0.411707729    *N3936  
*N3936  0.356144282     
GRID*   3937            0               0.00660000013   -0.4136         *N3937  
*N3937  0.357136929     
GRID*   3938            0               -0.0112631177   -0.411707729    *N3938  
*N3938  0.356144282     
GRID*   3939            0               -0.00659999987  -0.4136         *N3939  
*N3939  0.357136929     
GRID*   3940            0               0.00660242505   -0.423246818    *N3940  
*N3940  0.36677189      
GRID*   3941            0               2.42518134E-06  -0.419044645    *N3941  
*N3941  0.361309435     
GRID*   3942            0               0.00660121259   -0.419056136    *N3942  
*N3942  0.361320905     
GRID*   3943            0               -0.00878365714  -0.411076701    *N3943  
*N3943  0.404144731     
GRID*   3944            0               -0.00218365714  -0.404463785    *N3944  
*N3944  0.406085353     
GRID*   3945            0               -0.00769182857  -0.405871463    *N3945  
*N3945  0.40582679      
GRID*   3946            0               0.00880404441   -0.404471839    *N3946  
*N3946  0.406084097     
GRID*   3947            0               0.002718021     -0.416580636    *N3947  
*N3947  0.400860177     
GRID*   3948            0               0.00711397659   -0.418714833    *N3948  
*N3948  0.39901386      
GRID*   3949            0               0.0079590105    -0.412200336    *N3949  
*N3949  0.403615928     
GRID*   3950            0               0.00059880599   -0.423576819    *N3950  
*N3950  0.392641007     
GRID*   3951            0               0.0066848294    -0.423809434    *N3951  
*N3951  0.392204852     
GRID*   3952            0               0.006899403     -0.4215381      *N3952  
*N3952  0.395815838     
GRID*   3953            0               -0.0065151706   -0.423809434    *N3953  
*N3953  0.392204852     
GRID*   3954            0               -0.00608602341  -0.418714833    *N3954  
*N3954  0.39901386      
GRID*   3955            0               -0.006300597    -0.4215381      *N3955  
*N3955  0.395815838     
GRID*   3956            0               -0.00658545574  -0.426799282    *N3956  
*N3956  0.379805311     
GRID*   3957            0               9.93736611E-05  -0.426212182    *N3957  
*N3957  0.385539972     
GRID*   3958            0               -0.00655031317  -0.426064454    *N3958  
*N3958  0.38618836      
GRID*   3959            0               0.00661454426   -0.426799282    *N3959  
*N3959  0.379805311     
GRID*   3960            0               0.00664968683   -0.426064454    *N3960  
*N3960  0.38618836      
GRID*   3961            0               -0.00659757495  -0.423246818    *N3961  
*N3961  0.36677189      
GRID*   3962            0               -0.00659878741  -0.419056136    *N3962  
*N3962  0.361320905     
GRID*   3963            0               1.69693116E-05  -0.425840705    *N3963  
*N3963  0.372948012     
GRID*   3964            0               -0.00659151534  -0.425870809    *N3964  
*N3964  0.373057531     
GRID*   3965            0               0.00660848466   -0.425870809    *N3965  
*N3965  0.373057531     
GRID*   3966            0               2.03872653E-05  -0.408438467    *N3966  
*N3966  0.405146432     
GRID*   3967            0               0.00331019363   -0.404467812    *N3967  
*N3967  0.406084726     
GRID*   3968            0               -0.00303281807  -0.413928718    *N3968  
*N3968  0.402670108     
GRID*   3969            0               0.0120601871    -0.408136163    *N3969  
*N3969  0.354758927     
GRID*   3970            0               0.00758159655   -0.412491023    *N3970  
*N3970  0.356531571     
GRID*   3971            0               -0.0120601808   -0.408136177    *N3971  
*N3971  0.354758931     
GRID*   3972            0               -0.00758159304  -0.412491025    *N3972  
*N3972  0.356531572     
GRID*   3973            0               0.00990121252   -0.423254949    *N3973  
*N3973  0.366785942     
GRID*   3974            0               0.00660181882   -0.421329694    *N3974  
*N3974  0.363909385     
GRID*   3975            0               0.0099006063    -0.419061878    *N3975  
*N3975  0.361326642     
GRID*   3976            0               0.00990090941   -0.421337113    *N3976  
*N3976  0.36391904      
GRID*   3977            0               0.00330363757   -0.423238679    *N3977  
*N3977  0.366757842     
GRID*   3978            0               3.63763901E-06  -0.421314843    *N3978  
*N3978  0.363890085     
GRID*   3979            0               0.00330181889   -0.419050391    *N3979  
*N3979  0.361315169     
GRID*   3980            0               0.00330272823   -0.421322271    *N3980  
*N3980  0.363899733     
GRID*   3981            0               1.21272367E-06  -0.416458418    *N3981  
*N3981  0.359045592     
GRID*   3982            0               0.0033000002    -0.4136         *N3982  
*N3982  0.357136929     
GRID*   3983            0               0.00660060636   -0.416464861    *N3983  
*N3983  0.359050531     
GRID*   3984            0               0.00330090954   -0.41646164     *N3984  
*N3984  0.359048062     
GRID*   3985            0               0.00990000007   -0.4136         *N3985  
*N3985  0.357136929     
GRID*   3986            0               0.00990030318   -0.416468081    *N3986  
*N3986  0.359053001     
GRID*   3987            0               -0.0109918286   -0.412355537    *N3987  
*N3987  0.403537738     
GRID*   3988            0               -0.00823774286  -0.408517766    *N3988  
*N3988  0.405120945     
GRID*   3989            0               -0.0104459143   -0.406554306    *N3989  
*N3989  0.405672641     
GRID*   3990            0               -0.0107188714   -0.409517624    *N3990  
*N3990  0.404775571     
GRID*   3991            0               -0.00657548571  -0.409767167    *N3991  
*N3991  0.404682305     
GRID*   3992            0               -0.00327548571  -0.406465343    *N3992  
*N3992  0.405693805     
GRID*   3993            0               -0.00493774286  -0.405169376    *N3993  
*N3993  0.405965613     
GRID*   3994            0               -0.00575661429  -0.407497337    *N3994  
*N3994  0.405428091     
GRID*   3995            0               -0.00109182857  -0.402437974    *N3995  
*N3995  0.406321221     
GRID*   3996            0               -0.00714591429  -0.403150703    *N3996  
*N3996  0.406256306     
GRID*   3997            0               -0.00411887143  -0.402794997    *N3997  
*N3997  0.406291139     
GRID*   3998            0               -0.0101729571   -0.403499111    *N3998  
*N3998  0.406217466     
GRID*   3999            0               0.0110020222    -0.402442037    *N3999  
*N3999  0.406320906     
GRID*   4000            0               0.00838152745   -0.408431466    *N4000  
*N4000  0.405148669     
GRID*   4001            0               0.0105795053    -0.409764107    *N4001  
*N4001  0.404683466     
GRID*   4002            0               0.0107907637    -0.406165346    *N4002  
*N4002  0.405762779     
GRID*   4003            0               0.00660606661   -0.406477242    *N4003  
*N4003  0.405690993     
GRID*   4004            0               0.00356305491   -0.412701339    *N4004  
*N4004  0.403358875     
GRID*   4005            0               0.00533851575   -0.414458174    *N4005  
*N4005  0.402345643     
GRID*   4006            0               0.00597229118   -0.410605713    *N4006  
*N4006  0.404347555     
GRID*   4007            0               0.00187298709   -0.419965608    *N4007  
*N4007  0.397724192     
GRID*   4008            0               0.00407096489   -0.420884947    *N4008  
*N4008  0.396653136     
GRID*   4009            0               0.00753649355   -0.415632387    *N4009  
*N4009  0.401562337     
GRID*   4010            0               0.00470474032   -0.417904512    *N4010  
*N4010  0.39976239      
GRID*   4011            0               0.0101569883    -0.416274517    *N4011  
*N4011  0.401094068     
GRID*   4012            0               0.0103682468    -0.413146293    *N4012  
*N4012  0.403119084     
GRID*   4013            0               0.00700668979   -0.420191168    *N4013  
*N4013  0.397471968     
GRID*   4014            0               0.0100497015    -0.420353871    *N4014  
*N4014  0.39728592      
GRID*   4015            0               0.0101033449    -0.418415101    *N4015  
*N4015  0.399298087     
GRID*   4016            0               0.000813379587  -0.423175678    *N4016  
*N4016  0.393350224     
GRID*   4017            0               0.00374910449   -0.42261425     *N4017  
*N4017  0.394264891     
GRID*   4018            0               0.00391003469   -0.421782967    *N4018  
*N4018  0.395483175     
GRID*   4019            0               0.000384232393  -0.423955883    *N4019  
*N4019  0.391919748     
GRID*   4020            0               0.0034272441    -0.424066442    *N4020  
*N4020  0.391698698     
GRID*   4021            0               0.0067921162    -0.422746823    *N4021  
*N4021  0.394056298     
GRID*   4022            0               0.00358817429   -0.423376201    *N4022  
*N4022  0.393002084     
GRID*   4023            0               0.0099424147    -0.423541602    *N4023  
*N4023  0.392705363     
GRID*   4024            0               0.0099960581    -0.42206911     *N4024  
*N4024  0.395080109     
GRID*   4025            0               -0.0097502985   -0.420353871    *N4025  
*N4025  0.39728592      
GRID*   4026            0               -0.00619331021  -0.420191168    *N4026  
*N4026  0.397471968     
GRID*   4027            0               -0.0096430117   -0.416274517    *N4027  
*N4027  0.401094068     
GRID*   4028            0               -0.0096966551   -0.418415101    *N4028  
*N4028  0.399298087     
GRID*   4029            0               -0.0098575853   -0.423541602    *N4029  
*N4029  0.392705363     
GRID*   4030            0               -0.0064078838   -0.422746823    *N4030  
*N4030  0.394056298     
GRID*   4031            0               -0.0098039419   -0.42206911     *N4031  
*N4031  0.395080109     
GRID*   4032            0               -0.0031727559   -0.424066442    *N4032  
*N4032  0.391698698     
GRID*   4033            0               -0.00285089551  -0.42261425     *N4033  
*N4033  0.394264891     
GRID*   4034            0               -0.00301182571  -0.423376201    *N4034  
*N4034  0.393002084     
GRID*   4035            0               -0.00252903511  -0.420884947    *N4035  
*N4035  0.396653136     
GRID*   4036            0               -0.00268996531  -0.421782967    *N4036  
*N4036  0.395483175     
GRID*   4037            0               -0.00987515658  -0.425984477    *N4037  
*N4037  0.386511108     
GRID*   4038            0               -0.00653274189  -0.425120662    *N4038  
*N4038  0.389265465     
GRID*   4039            0               -0.00986637094  -0.42495911     *N4039  
*N4039  0.389685562     
GRID*   4040            0               -0.00989272787  -0.426799821    *N4040  
*N4040  0.379902655     
GRID*   4041            0               -0.00656788445  -0.42662678     *N4041  
*N4041  0.383019274     
GRID*   4042            0               -0.00988394223  -0.42660133     *N4042  
*N4042  0.38323269      
GRID*   4043            0               -0.00327818361  -0.426798385    *N4043  
*N4043  0.37970797      
GRID*   4044            0               6.42310938E-05  -0.426672462    *N4044  
*N4044  0.382591857     
GRID*   4045            0               -0.00322546975  -0.426140359    *N4045  
*N4045  0.385864631     
GRID*   4046            0               -0.00325182668  -0.426650491    *N4046  
*N4046  0.382805659     
GRID*   4047            0               0.000134516228  -0.425422166    *N4047  
*N4047  0.388417316     
GRID*   4048            0               -0.00319911283  -0.425275029    *N4048  
*N4048  0.388842676     
GRID*   4049            0               0.00666725811   -0.425120662    *N4049  
*N4049  0.389265465     
GRID*   4050            0               0.00992484342   -0.425984477    *N4050  
*N4050  0.386511108     
GRID*   4051            0               0.00993362906   -0.42495911     *N4051  
*N4051  0.389685562     
GRID*   4052            0               0.00337453025   -0.426140359    *N4052  
*N4052  0.385864631     
GRID*   4053            0               0.00340088717   -0.425275029    *N4053  
*N4053  0.388842676     
GRID*   4054            0               0.00332181639   -0.426798385    *N4054  
*N4054  0.37970797      
GRID*   4055            0               0.00663211555   -0.42662678     *N4055  
*N4055  0.383019274     
GRID*   4056            0               0.00334817332   -0.426650491    *N4056  
*N4056  0.382805659     
GRID*   4057            0               0.00990727213   -0.426799821    *N4057  
*N4057  0.379902655     
GRID*   4058            0               0.00991605777   -0.42660133     *N4058  
*N4058  0.38323269      
GRID*   4059            0               -0.00329818111  -0.419050391    *N4059  
*N4059  0.361315169     
GRID*   4060            0               -0.00659939364  -0.416464861    *N4060  
*N4060  0.359050531     
GRID*   4061            0               -0.0032999998   -0.4136         *N4061  
*N4061  0.357136929     
GRID*   4062            0               -0.00329909046  -0.41646164     *N4062  
*N4062  0.359048062     
GRID*   4063            0               -0.00329636243  -0.423238679    *N4063  
*N4063  0.366757842     
GRID*   4064            0               -0.00659818118  -0.421329694    *N4064  
*N4064  0.363909385     
GRID*   4065            0               -0.00329727177  -0.421322271    *N4065  
*N4065  0.363899733     
GRID*   4066            0               -0.00989878748  -0.423254949    *N4066  
*N4066  0.366785942     
GRID*   4067            0               -0.0098993937   -0.419061878    *N4067  
*N4067  0.361326642     
GRID*   4068            0               -0.00989909059  -0.421337113    *N4068  
*N4068  0.36391904      
GRID*   4069            0               -0.00989999993  -0.4136         *N4069  
*N4069  0.357136929     
GRID*   4070            0               -0.00989969682  -0.416468081    *N4070  
*N4070  0.359053001     
GRID*   4071            0               -0.00989575767  -0.425885684    *N4071  
*N4071  0.373112338     
GRID*   4072            0               -0.00658848554  -0.42655358     *N4072  
*N4072  0.376401351     
GRID*   4073            0               -0.00989424277  -0.426563973    *N4073  
*N4073  0.376477715     
GRID*   4074            0               -0.00659454515  -0.424762381    *N4074  
*N4074  0.36982973      
GRID*   4075            0               -0.00989727257  -0.424776424    *N4075  
*N4075  0.369863434     
GRID*   4076            0               1.09097041E-05  -0.424734156    *N4076  
*N4076  0.36976238      
GRID*   4077            0               -0.00328727302  -0.425855816    *N4077  
*N4077  0.373002755     
GRID*   4078            0               -0.00329181772  -0.424748291    *N4078  
*N4078  0.369796045     
GRID*   4079            0               2.3028919E-05   -0.426532123    *N4079  
*N4079  0.376248717     
GRID*   4080            0               -0.00328272831  -0.426542963    *N4080  
*N4080  0.376325018     
GRID*   4081            0               0.00661151446   -0.42655358     *N4081  
*N4081  0.376401351     
GRID*   4082            0               0.00990424233   -0.425885684    *N4082  
*N4082  0.373112338     
GRID*   4083            0               0.00990575723   -0.426563973    *N4083  
*N4083  0.376477715     
GRID*   4084            0               0.00331272698   -0.425855816    *N4084  
*N4084  0.373002755     
GRID*   4085            0               0.00331727169   -0.426542963    *N4085  
*N4085  0.376325018     
GRID*   4086            0               0.00660545485   -0.424762381    *N4086  
*N4086  0.36982973      
GRID*   4087            0               0.00330818228   -0.424748291    *N4087  
*N4087  0.369796045     
GRID*   4088            0               0.00990272743   -0.424776424    *N4088  
*N4088  0.369863434     
GRID*   4089            0               0.00495509682   -0.402440006    *N4089  
*N4089  0.406321063     
GRID*   4090            0               0.00605711902   -0.404469826    *N4090  
*N4090  0.406084411     
GRID*   4091            0               0.00797855951   -0.402441022    *N4091  
*N4091  0.406320985     
GRID*   4092            0               0.000563268245  -0.404465798    *N4092  
*N4092  0.406085039     
GRID*   4093            0               0.00193163412   -0.40243899     *N4093  
*N4093  0.406321142     
GRID*   4094            0               -0.00217346351  -0.408434584    *N4094  
*N4094  0.405147673     
GRID*   4095            0               0.00166529045   -0.406471293    *N4095  
*N4095  0.4056924       
GRID*   4096            0               -0.000805097633 -0.406468318    *N4096  
*N4096  0.405693103     
GRID*   4097            0               0.00221423804   -0.408442349    *N4097  
*N4097  0.405145191     
GRID*   4098            0               0.00413567853   -0.406474268    *N4098  
*N4098  0.405691697     
GRID*   4099            0               -0.00455942074  -0.416426384    *N4099  
*N4099  0.400978918     
GRID*   4100            0               -0.00590823761  -0.412525148    *N4100  
*N4100  0.403450816     
GRID*   4101            0               -0.00777562466  -0.414449337    *N4101  
*N4101  0.4023512       
GRID*   4102            0               -0.000157398535 -0.415282218    *N4102  
*N4102  0.401805495     
GRID*   4103            0               -0.00134321682  -0.418270249    *N4103  
*N4103  0.399432298     
GRID*   4104            0               -0.0015062154   -0.411254442    *N4104  
*N4104  0.40406535      
GRID*   4105            0               0.00102841975   -0.411983278    *N4105  
*N4105  0.403723146     
GRID*   4106            0               -0.00404085056  -0.410515509    *N4106  
*N4106  0.404385169     
GRID*   4107            0               0.0122315589    -0.412663912    *N4107  
*N4107  0.356621453     
GRID*   4108            0               0.0116616524    -0.409947107    *N4108  
*N4108  0.355386736     
GRID*   4109            0               0.0126300936    -0.407685647    *N4109  
*N4109  0.354625222     
GRID*   4110            0               0.0124308262    -0.410225607    *N4110  
*N4110  0.355496583     
GRID*   4111            0               0.0102946766    -0.410733019    *N4111  
*N4111  0.3557062       
GRID*   4112            0               0.0121159783    -0.40683038     *N4112  
*N4112  0.354395113     
GRID*   4113            0               0.0113051307    -0.408868288    *N4113  
*N4113  0.354995038     
GRID*   4114            0               0.0127841328    -0.405371045    *N4114  
*N4114  0.354072241     
GRID*   4115            0               0.00942235713   -0.412100979    *N4115  
*N4115  0.356334686     
GRID*   4116            0               0.00634091118   -0.412532972    *N4116  
*N4116  0.35655323      
GRID*   4117            0               0.00839078372   -0.411730961    *N4117  
*N4117  0.356155308     
GRID*   4118            0               0.00709079834   -0.413049134    *N4118  
*N4118  0.356827615     
GRID*   4119            0               0.0096611786    -0.412856949    *N4119  
*N4119  0.356723737     
GRID*   4120            0               0.00485272595   -0.413194045    *N4120  
*N4120  0.356907308     
GRID*   4121            0               -0.0102946766   -0.410733019    *N4121  
*N4121  0.3557062       
GRID*   4122            0               -0.0116616493   -0.409947114    *N4122  
*N4122  0.355386739     
GRID*   4123            0               -0.0121159564   -0.406830431    *N4123  
*N4123  0.354395126     
GRID*   4124            0               -0.0113051158   -0.408868312    *N4124  
*N4124  0.354995047     
GRID*   4125            0               -0.0122315589   -0.412663912    *N4125  
*N4125  0.356621453     
GRID*   4126            0               -0.0126300904   -0.407685654    *N4126  
*N4126  0.354625224     
GRID*   4127            0               -0.0124308246   -0.41022561     *N4127  
*N4127  0.355496584     
GRID*   4128            0               -0.0127841246   -0.405371079    *N4128  
*N4128  0.354072247     
GRID*   4129            0               -0.00942235539  -0.412100979    *N4129  
*N4129  0.356334686     
GRID*   4130            0               -0.00709079645  -0.413049134    *N4130  
*N4130  0.356827615     
GRID*   4131            0               -0.00966117766  -0.41285695     *N4131  
*N4131  0.356723737     
GRID*   4132            0               -0.00634089921  -0.412532976    *N4132  
*N4132  0.356553233     
GRID*   4133            0               -0.00839074902  -0.411730984    *N4133  
*N4133  0.356155319     
GRID*   4134            0               -0.00485276345  -0.413194037    *N4134  
*N4134  0.356907304     
GRID*   4135            0               -0.0132         -0.405602508    *N4135  
*N4135  0.357921587     
GRID*   4136            0               -0.0132         -0.395197492    *N4136  
*N4136  0.357921587     
GRID*   4137            0               -0.0132         -0.404088455    *N4137  
*N4137  0.359508485     
GRID*   4138            0               -0.0132         -0.396711545    *N4138  
*N4138  0.359508485     
GRID*   4139            0               -0.0132         -0.403024923    *N4139  
*N4139  0.358218775     
GRID*   4140            0               -0.0132         -0.397775077    *N4140  
*N4140  0.358218775     
GRID*   4141            0               -0.0132         -0.39455942     *N4141  
*N4141  0.359824764     
GRID*   4142            0               -0.0132         -0.40624058     *N4142  
*N4142  0.359824764     
GRID*   4143            0               -0.0132         -0.397798746    *N4143  
*N4143  0.355760794     
GRID*   4144            0               -0.0132         -0.391198746    *N4144  
*N4144  0.357529258     
GRID*   4145            0               -0.0132         -0.409601254    *N4145  
*N4145  0.357529258     
GRID*   4146            0               -0.0132         -0.403001254    *N4146  
*N4146  0.355760794     
GRID*   4147            0               -0.0132         -0.398555773    *N4147  
*N4147  0.360275714     
GRID*   4148            0               -0.0132         -0.397243311    *N4148  
*N4148  0.35886363      
GRID*   4149            0               -0.0132         -0.399087538    *N4149  
*N4149  0.357770123     
GRID*   4150            0               -0.0132         -0.398821655    *N4150  
*N4150  0.359022919     
GRID*   4151            0               -0.0132         -0.401712462    *N4151  
*N4151  0.357770123     
GRID*   4152            0               -0.0132         -0.403556689    *N4152  
*N4152  0.35886363      
GRID*   4153            0               -0.0132         -0.402244227    *N4153  
*N4153  0.360275714     
GRID*   4154            0               -0.0132         -0.401978345    *N4154  
*N4154  0.359022919     
GRID*   4155            0               -0.0132         -0.408059554    *N4155  
*N4155  0.361703736     
GRID*   4156            0               -0.0132         -0.405921544    *N4156  
*N4156  0.358873176     
GRID*   4157            0               -0.0132         -0.411739264    *N4157  
*N4157  0.360359818     
GRID*   4158            0               -0.0132         -0.408830404    *N4158  
*N4158  0.359616497     
GRID*   4159            0               -0.0132         -0.389060736    *N4159  
*N4159  0.360359818     
GRID*   4160            0               -0.0132         -0.394878456    *N4160  
*N4160  0.358873176     
GRID*   4161            0               -0.0132         -0.392740446    *N4161  
*N4161  0.361703736     
GRID*   4162            0               -0.0132         -0.391969596    *N4162  
*N4162  0.359616497     
GRID*   4163            0               -0.0132         -0.404313715    *N4163  
*N4163  0.358070181     
GRID*   4164            0               -0.0132         -0.405164517    *N4164  
*N4164  0.359666625     
GRID*   4165            0               -0.0132         -0.404739116    *N4165  
*N4165  0.358868403     
GRID*   4166            0               -0.0132         -0.395635483    *N4166  
*N4166  0.359666625     
GRID*   4167            0               -0.0132         -0.396486285    *N4167  
*N4167  0.358070181     
GRID*   4168            0               -0.0132         -0.396060884    *N4168  
*N4168  0.358868403     
GRID*   4169            0               -0.0132         -0.402356858    *N4169  
*N4169  0.356765458     
GRID*   4170            0               -0.0132         -0.398443142    *N4170  
*N4170  0.356765458     
GRID*   4171            0               -0.0132         -0.395564518    *N4171  
*N4171  0.360677757     
GRID*   4172            0               -0.0132         -0.405235482    *N4172  
*N4172  0.360677757     
GRID*   4173            0               -0.0132         -0.377721472    *N4173  
*N4173  0.38            
GRID*   4174            0               -0.0132         -0.380759818    *N4174  
*N4174  0.368660736     
GRID*   4175            0               -0.0132         -0.378494224    *N4175  
*N4175  0.374130365     
GRID*   4176            0               -0.0132         -0.389060736    *N4176  
*N4176  0.399640182     
GRID*   4177            0               -0.0132         -0.4004         *N4177  
*N4177  0.402678528     
GRID*   4178            0               -0.0132         -0.394530365    *N4178  
*N4178  0.401905776     
GRID*   4179            0               -0.0132         -0.411739264    *N4179  
*N4179  0.399640182     
GRID*   4180            0               -0.0132         -0.406269635    *N4180  
*N4180  0.401905776     
GRID*   4181            0               -0.0132         -0.380759818    *N4181  
*N4181  0.391339264     
GRID*   4182            0               -0.0132         -0.378494224    *N4182  
*N4182  0.385869635     
GRID*   4183            0               -0.0132         -0.420040182    *N4183  
*N4183  0.391339264     
GRID*   4184            0               -0.0132         -0.416436141    *N4184  
*N4184  0.396036141     
GRID*   4185            0               -0.0132         -0.384363859    *N4185  
*N4185  0.396036141     
GRID*   4186            0               -0.0132         -0.420040182    *N4186  
*N4186  0.368660736     
GRID*   4187            0               -0.0132         -0.423078528    *N4187  
*N4187  0.38            
GRID*   4188            0               -0.0132         -0.422305776    *N4188  
*N4188  0.374130365     
GRID*   4189            0               -0.0132         -0.384363859    *N4189  
*N4189  0.363963859     
GRID*   4190            0               -0.0132         -0.416436141    *N4190  
*N4190  0.363963859     
GRID*   4191            0               -0.0132         -0.422305776    *N4191  
*N4191  0.385869635     
GRID*   4192            0               -0.0132         -0.394227027    *N4192  
*N4192  0.356074688     
GRID*   4193            0               -0.0132         -0.406572973    *N4193  
*N4193  0.356074688     
GRID*   4194            0               -0.0132         -0.399477886    *N4194  
*N4194  0.360659329     
GRID*   4195            0               -0.0132         -0.398688714    *N4195  
*N4195  0.359649316     
GRID*   4196            0               -0.0132         -0.399610828    *N4196  
*N4196  0.359102563     
GRID*   4197            0               -0.0132         -0.399544357    *N4197  
*N4197  0.359880946     
GRID*   4198            0               -0.0132         -0.397633659    *N4198  
*N4198  0.359892099     
GRID*   4199            0               -0.0132         -0.396977428    *N4199  
*N4199  0.359186057     
GRID*   4200            0               -0.0132         -0.398032483    *N4200  
*N4200  0.358943274     
GRID*   4201            0               -0.0132         -0.397833071    *N4201  
*N4201  0.359417687     
GRID*   4202            0               -0.0132         -0.397509194    *N4202  
*N4202  0.358541202     
GRID*   4203            0               -0.0132         -0.398431307    *N4203  
*N4203  0.357994449     
GRID*   4204            0               -0.0132         -0.398954597    *N4204  
*N4204  0.358396521     
GRID*   4205            0               -0.0132         -0.398231895    *N4205  
*N4205  0.358468861     
GRID*   4206            0               -0.0132         -0.399743769    *N4206  
*N4206  0.357545797     
GRID*   4207            0               -0.0132         -0.399677298    *N4207  
*N4207  0.35832418      
GRID*   4208            0               -0.0132         -0.401189172    *N4208  
*N4208  0.359102563     
GRID*   4209            0               -0.0132         -0.402111286    *N4209  
*N4209  0.359649316     
GRID*   4210            0               -0.0132         -0.401322114    *N4210  
*N4210  0.360659329     
GRID*   4211            0               -0.0132         -0.401255643    *N4211  
*N4211  0.359880946     
GRID*   4212            0               -0.0132         -0.401056231    *N4212  
*N4212  0.357545797     
GRID*   4213            0               -0.0132         -0.401845403    *N4213  
*N4213  0.358396521     
GRID*   4214            0               -0.0132         -0.401122702    *N4214  
*N4214  0.35832418      
GRID*   4215            0               -0.0132         -0.402368693    *N4215  
*N4215  0.357994449     
GRID*   4216            0               -0.0132         -0.403290806    *N4216  
*N4216  0.358541202     
GRID*   4217            0               -0.0132         -0.402767517    *N4217  
*N4217  0.358943274     
GRID*   4218            0               -0.0132         -0.402568105    *N4218  
*N4218  0.358468861     
GRID*   4219            0               -0.0132         -0.403822572    *N4219  
*N4219  0.359186057     
GRID*   4220            0               -0.0132         -0.403166341    *N4220  
*N4220  0.359892099     
GRID*   4221            0               -0.0132         -0.402966929    *N4221  
*N4221  0.359417687     
GRID*   4222            0               -0.0132         -0.408969041    *N4222  
*N4222  0.362643222     
GRID*   4223            0               -0.0132         -0.408444979    *N4223  
*N4223  0.360660116     
GRID*   4224            0               -0.0132         -0.410284834    *N4224  
*N4224  0.359988158     
GRID*   4225            0               -0.0132         -0.410808896    *N4225  
*N4225  0.361971263     
GRID*   4226            0               -0.0132         -0.409626938    *N4226  
*N4226  0.36131569      
GRID*   4227            0               -0.0132         -0.407150067    *N4227  
*N4227  0.36076425      
GRID*   4228            0               -0.0132         -0.406081062    *N4228  
*N4228  0.35934897      
GRID*   4229            0               -0.0132         -0.407375974    *N4229  
*N4229  0.359244836     
GRID*   4230            0               -0.0132         -0.40726302     *N4230  
*N4230  0.360004543     
GRID*   4231            0               -0.0132         -0.405762026    *N4231  
*N4231  0.358397382     
GRID*   4232            0               -0.0132         -0.407601881    *N4232  
*N4232  0.357725423     
GRID*   4233            0               -0.0132         -0.409215829    *N4233  
*N4233  0.358572878     
GRID*   4234            0               -0.0132         -0.407488927    *N4234  
*N4234  0.35848513      
GRID*   4235            0               -0.0132         -0.411600627    *N4235  
*N4235  0.357333094     
GRID*   4236            0               -0.0132         -0.412669632    *N4236  
*N4236  0.358748374     
GRID*   4237            0               -0.0132         -0.41094273     *N4237  
*N4237  0.358660626     
GRID*   4238            0               -0.0132         -0.389991104    *N4238  
*N4238  0.361971263     
GRID*   4239            0               -0.0132         -0.390515166    *N4239  
*N4239  0.359988158     
GRID*   4240            0               -0.0132         -0.392355021    *N4240  
*N4240  0.360660116     
GRID*   4241            0               -0.0132         -0.391830959    *N4241  
*N4241  0.362643222     
GRID*   4242            0               -0.0132         -0.391173062    *N4242  
*N4242  0.36131569      
GRID*   4243            0               -0.0132         -0.388130368    *N4243  
*N4243  0.358748374     
GRID*   4244            0               -0.0132         -0.389199373    *N4244  
*N4244  0.357333094     
GRID*   4245            0               -0.0132         -0.391584171    *N4245  
*N4245  0.358572878     
GRID*   4246            0               -0.0132         -0.38985727     *N4246  
*N4246  0.358660626     
GRID*   4247            0               -0.0132         -0.393198119    *N4247  
*N4247  0.357725423     
GRID*   4248            0               -0.0132         -0.395037974    *N4248  
*N4248  0.358397382     
GRID*   4249            0               -0.0132         -0.393424026    *N4249  
*N4249  0.359244836     
GRID*   4250            0               -0.0132         -0.393311073    *N4250  
*N4250  0.35848513      
GRID*   4251            0               -0.0132         -0.394718938    *N4251  
*N4251  0.35934897      
GRID*   4252            0               -0.0132         -0.393649933    *N4252  
*N4252  0.36076425      
GRID*   4253            0               -0.0132         -0.39353698     *N4253  
*N4253  0.360004543     
GRID*   4254            0               -0.0132         -0.403669319    *N4254  
*N4254  0.358144478     
GRID*   4255            0               -0.0132         -0.404526416    *N4255  
*N4255  0.358469292     
GRID*   4256            0               -0.0132         -0.404147903    *N4256  
*N4256  0.358866016     
GRID*   4257            0               -0.0132         -0.403908611    *N4257  
*N4257  0.358505247     
GRID*   4258            0               -0.0132         -0.404958112    *N4258  
*N4258  0.357995884     
GRID*   4259            0               -0.0132         -0.40533033     *N4259  
*N4259  0.358870789     
GRID*   4260            0               -0.0132         -0.405144221    *N4260  
*N4260  0.358433337     
GRID*   4261            0               -0.0132         -0.405702549    *N4261  
*N4261  0.359745694     
GRID*   4262            0               -0.0132         -0.404951817    *N4262  
*N4262  0.359267514     
GRID*   4263            0               -0.0132         -0.405516439    *N4263  
*N4263  0.359308242     
GRID*   4264            0               -0.0132         -0.404626486    *N4264  
*N4264  0.359587555     
GRID*   4265            0               -0.0132         -0.404387194    *N4265  
*N4265  0.359226785     
GRID*   4266            0               -0.0132         -0.396652097    *N4266  
*N4266  0.358866016     
GRID*   4267            0               -0.0132         -0.396273584    *N4267  
*N4267  0.358469292     
GRID*   4268            0               -0.0132         -0.397130681    *N4268  
*N4268  0.358144478     
GRID*   4269            0               -0.0132         -0.396891389    *N4269  
*N4269  0.358505247     
GRID*   4270            0               -0.0132         -0.396173514    *N4270  
*N4270  0.359587555     
GRID*   4271            0               -0.0132         -0.395848183    *N4271  
*N4271  0.359267514     
GRID*   4272            0               -0.0132         -0.396412806    *N4272  
*N4272  0.359226785     
GRID*   4273            0               -0.0132         -0.395097451    *N4273  
*N4273  0.359745694     
GRID*   4274            0               -0.0132         -0.39546967     *N4274  
*N4274  0.358870789     
GRID*   4275            0               -0.0132         -0.395283561    *N4275  
*N4275  0.359308242     
GRID*   4276            0               -0.0132         -0.395841888    *N4276  
*N4276  0.357995884     
GRID*   4277            0               -0.0132         -0.395655779    *N4277  
*N4277  0.358433337     
GRID*   4278            0               -0.0132         -0.401378429    *N4278  
*N4278  0.356113097     
GRID*   4279            0               -0.0132         -0.40203466     *N4279  
*N4279  0.357267791     
GRID*   4280            0               -0.0132         -0.40121733     *N4280  
*N4280  0.356829447     
GRID*   4281            0               -0.0132         -0.401700627    *N4281  
*N4281  0.354680397     
GRID*   4282            0               -0.0132         -0.402679056    *N4282  
*N4282  0.356263126     
GRID*   4283            0               -0.0132         -0.401539528    *N4283  
*N4283  0.355396747     
GRID*   4284            0               -0.0132         -0.404301881    *N4284  
*N4284  0.356841191     
GRID*   4285            0               -0.0132         -0.403335287    *N4285  
*N4285  0.35741782      
GRID*   4286            0               -0.0132         -0.403818584    *N4286  
*N4286  0.357129505     
GRID*   4287            0               -0.0132         -0.40285199     *N4287  
*N4287  0.357706134     
GRID*   4288            0               -0.0132         -0.39876534     *N4288  
*N4288  0.357267791     
GRID*   4289            0               -0.0132         -0.399421571    *N4289  
*N4289  0.356113097     
GRID*   4290            0               -0.0132         -0.39958267     *N4290  
*N4290  0.356829447     
GRID*   4291            0               -0.0132         -0.397464713    *N4291  
*N4291  0.35741782      
GRID*   4292            0               -0.0132         -0.39794801     *N4292  
*N4292  0.357706134     
GRID*   4293            0               -0.0132         -0.396498119    *N4293  
*N4293  0.356841191     
GRID*   4294            0               -0.0132         -0.398120944    *N4294  
*N4294  0.356263126     
GRID*   4295            0               -0.0132         -0.396981416    *N4295  
*N4295  0.357129505     
GRID*   4296            0               -0.0132         -0.399099373    *N4296  
*N4296  0.354680397     
GRID*   4297            0               -0.0132         -0.399260472    *N4297  
*N4297  0.355396747     
GRID*   4298            0               -0.0132         -0.3956         *N4298  
*N4298  0.360172191     
GRID*   4299            0               -0.0132         -0.394152482    *N4299  
*N4299  0.361190746     
GRID*   4300            0               -0.0132         -0.394624967    *N4300  
*N4300  0.36046822      
GRID*   4301            0               -0.0132         -0.397060145    *N4301  
*N4301  0.360476735     
GRID*   4302            0               -0.0132         -0.39661683     *N4302  
*N4302  0.360032145     
GRID*   4303            0               -0.0132         -0.395529035    *N4303  
*N4303  0.361183323     
GRID*   4304            0               -0.0132         -0.397492876    *N4304  
*N4304  0.360840929     
GRID*   4305            0               -0.0132         -0.393648965    *N4305  
*N4305  0.361838355     
GRID*   4306            0               -0.0132         -0.406647518    *N4306  
*N4306  0.361190746     
GRID*   4307            0               -0.0132         -0.4052         *N4307  
*N4307  0.360172191     
GRID*   4308            0               -0.0132         -0.406175033    *N4308  
*N4308  0.36046822      
GRID*   4309            0               -0.0132         -0.405270965    *N4309  
*N4309  0.361183323     
GRID*   4310            0               -0.0132         -0.407151035    *N4310  
*N4310  0.361838355     
GRID*   4311            0               -0.0132         -0.403739855    *N4311  
*N4311  0.360476735     
GRID*   4312            0               -0.0132         -0.403307124    *N4312  
*N4312  0.360840929     
GRID*   4313            0               -0.0132         -0.40418317     *N4313  
*N4313  0.360032145     
GRID*   4314            0               -0.0132         -0.380291557    *N4314  
*N4314  0.374611959     
GRID*   4315            0               -0.0132         -0.379627021    *N4315  
*N4315  0.37139555      
GRID*   4316            0               -0.0132         -0.382371263    *N4316  
*N4316  0.369591104     
GRID*   4317            0               -0.0132         -0.381256492    *N4317  
*N4317  0.372070499     
GRID*   4318            0               -0.0132         -0.379582207    *N4318  
*N4318  0.38            
GRID*   4319            0               -0.0132         -0.378107848    *N4319  
*N4319  0.377065182     
GRID*   4320            0               -0.0132         -0.379856486    *N4320  
*N4320  0.377295395     
GRID*   4321            0               -0.0132         -0.375860736    *N4321  
*N4321  0.38            
GRID*   4322            0               -0.0132         -0.376696891    *N4322  
*N4322  0.373648771     
GRID*   4323            0               -0.0132         -0.376166852    *N4323  
*N4323  0.376809645     
GRID*   4324            0               -0.0132         -0.379148374    *N4324  
*N4324  0.367730368     
GRID*   4325            0               -0.0132         -0.377818301    *N4325  
*N4325  0.370646354     
GRID*   4326            0               -0.0132         -0.388130368    *N4326  
*N4326  0.401251626     
GRID*   4327            0               -0.0132         -0.39179555     *N4327  
*N4327  0.400772979     
GRID*   4328            0               -0.0132         -0.394048771    *N4328  
*N4328  0.403703109     
GRID*   4329            0               -0.0132         -0.391046354    *N4329  
*N4329  0.402581699     
GRID*   4330            0               -0.0132         -0.389991104    *N4330  
*N4330  0.398028737     
GRID*   4331            0               -0.0132         -0.395011959    *N4331  
*N4331  0.400108443     
GRID*   4332            0               -0.0132         -0.392470499    *N4332  
*N4332  0.399143508     
GRID*   4333            0               -0.0132         -0.4004         *N4333  
*N4333  0.400817793     
GRID*   4334            0               -0.0132         -0.397465182    *N4334  
*N4334  0.402292152     
GRID*   4335            0               -0.0132         -0.397695395    *N4335  
*N4335  0.400543514     
GRID*   4336            0               -0.0132         -0.4004         *N4336  
*N4336  0.404539264     
GRID*   4337            0               -0.0132         -0.397209645    *N4337  
*N4337  0.404233148     
GRID*   4338            0               -0.0132         -0.405788041    *N4338  
*N4338  0.400108443     
GRID*   4339            0               -0.0132         -0.403334818    *N4339  
*N4339  0.402292152     
GRID*   4340            0               -0.0132         -0.403104605    *N4340  
*N4340  0.400543514     
GRID*   4341            0               -0.0132         -0.410808896    *N4341  
*N4341  0.398028737     
GRID*   4342            0               -0.0132         -0.40900445     *N4342  
*N4342  0.400772979     
GRID*   4343            0               -0.0132         -0.408329501    *N4343  
*N4343  0.399143508     
GRID*   4344            0               -0.0132         -0.412669632    *N4344  
*N4344  0.401251626     
GRID*   4345            0               -0.0132         -0.406751229    *N4345  
*N4345  0.403703109     
GRID*   4346            0               -0.0132         -0.409753646    *N4346  
*N4346  0.402581699     
GRID*   4347            0               -0.0132         -0.403590355    *N4347  
*N4347  0.404233148     
GRID*   4348            0               -0.0132         -0.380291557    *N4348  
*N4348  0.385388041     
GRID*   4349            0               -0.0132         -0.378107848    *N4349  
*N4349  0.382934818     
GRID*   4350            0               -0.0132         -0.379856486    *N4350  
*N4350  0.382704605     
GRID*   4351            0               -0.0132         -0.382371263    *N4351  
*N4351  0.390408896     
GRID*   4352            0               -0.0132         -0.379627021    *N4352  
*N4352  0.38860445      
GRID*   4353            0               -0.0132         -0.381256492    *N4353  
*N4353  0.387929501     
GRID*   4354            0               -0.0132         -0.379148374    *N4354  
*N4354  0.392269632     
GRID*   4355            0               -0.0132         -0.376696891    *N4355  
*N4355  0.386351229     
GRID*   4356            0               -0.0132         -0.377818301    *N4356  
*N4356  0.389353646     
GRID*   4357            0               -0.0132         -0.376166852    *N4357  
*N4357  0.383190355     
GRID*   4358            0               -0.0132         -0.415120402    *N4358  
*N4358  0.394720402     
GRID*   4359            0               -0.0132         -0.414087703    *N4359  
*N4359  0.397838161     
GRID*   4360            0               -0.0132         -0.413014014    *N4360  
*N4360  0.396438903     
GRID*   4361            0               -0.0132         -0.418428737    *N4361  
*N4361  0.390408896     
GRID*   4362            0               -0.0132         -0.418238161    *N4362  
*N4362  0.393687703     
GRID*   4363            0               -0.0132         -0.416838903    *N4363  
*N4363  0.392614014     
GRID*   4364            0               -0.0132         -0.421651626    *N4364  
*N4364  0.392269632     
GRID*   4365            0               -0.0132         -0.41775188     *N4365  
*N4365  0.39735188      
GRID*   4366            0               -0.0132         -0.419791345    *N4366  
*N4366  0.394879502     
GRID*   4367            0               -0.0132         -0.415279502    *N4367  
*N4367  0.399391345     
GRID*   4368            0               -0.0132         -0.385679598    *N4368  
*N4368  0.394720402     
GRID*   4369            0               -0.0132         -0.382561839    *N4369  
*N4369  0.393687703     
GRID*   4370            0               -0.0132         -0.383961097    *N4370  
*N4370  0.392614014     
GRID*   4371            0               -0.0132         -0.386712297    *N4371  
*N4371  0.397838161     
GRID*   4372            0               -0.0132         -0.387785986    *N4372  
*N4372  0.396438903     
GRID*   4373            0               -0.0132         -0.38304812     *N4373  
*N4373  0.39735188      
GRID*   4374            0               -0.0132         -0.385520498    *N4374  
*N4374  0.399391345     
GRID*   4375            0               -0.0132         -0.381008655    *N4375  
*N4375  0.394879502     
GRID*   4376            0               -0.0132         -0.420508443    *N4376  
*N4376  0.374611959     
GRID*   4377            0               -0.0132         -0.422692152    *N4377  
*N4377  0.377065182     
GRID*   4378            0               -0.0132         -0.421217793    *N4378  
*N4378  0.38            
GRID*   4379            0               -0.0132         -0.420943514    *N4379  
*N4379  0.377295395     
GRID*   4380            0               -0.0132         -0.418428737    *N4380  
*N4380  0.369591104     
GRID*   4381            0               -0.0132         -0.421172979    *N4381  
*N4381  0.37139555      
GRID*   4382            0               -0.0132         -0.419543508    *N4382  
*N4382  0.372070499     
GRID*   4383            0               -0.0132         -0.421651626    *N4383  
*N4383  0.367730368     
GRID*   4384            0               -0.0132         -0.424103109    *N4384  
*N4384  0.373648771     
GRID*   4385            0               -0.0132         -0.422981699    *N4385  
*N4385  0.370646354     
GRID*   4386            0               -0.0132         -0.424939264    *N4386  
*N4386  0.38            
GRID*   4387            0               -0.0132         -0.424633148    *N4387  
*N4387  0.376809645     
GRID*   4388            0               -0.0132         -0.385679598    *N4388  
*N4388  0.365279598     
GRID*   4389            0               -0.0132         -0.386712297    *N4389  
*N4389  0.362161839     
GRID*   4390            0               -0.0132         -0.387785986    *N4390  
*N4390  0.363561097     
GRID*   4391            0               -0.0132         -0.382561839    *N4391  
*N4391  0.366312297     
GRID*   4392            0               -0.0132         -0.383961097    *N4392  
*N4392  0.367385986     
GRID*   4393            0               -0.0132         -0.38304812     *N4393  
*N4393  0.36264812      
GRID*   4394            0               -0.0132         -0.381008655    *N4394  
*N4394  0.365120498     
GRID*   4395            0               -0.0132         -0.385520498    *N4395  
*N4395  0.360608655     
GRID*   4396            0               -0.0132         -0.418238161    *N4396  
*N4396  0.366312297     
GRID*   4397            0               -0.0132         -0.41775188     *N4397  
*N4397  0.36264812      
GRID*   4398            0               -0.0132         -0.419791345    *N4398  
*N4398  0.365120498     
GRID*   4399            0               -0.0132         -0.415120402    *N4399  
*N4399  0.365279598     
GRID*   4400            0               -0.0132         -0.416838903    *N4400  
*N4400  0.367385986     
GRID*   4401            0               -0.0132         -0.414087703    *N4401  
*N4401  0.362161839     
GRID*   4402            0               -0.0132         -0.413014014    *N4402  
*N4402  0.363561097     
GRID*   4403            0               -0.0132         -0.415279502    *N4403  
*N4403  0.360608655     
GRID*   4404            0               -0.0132         -0.420508443    *N4404  
*N4404  0.385388041     
GRID*   4405            0               -0.0132         -0.421172979    *N4405  
*N4405  0.38860445      
GRID*   4406            0               -0.0132         -0.419543508    *N4406  
*N4406  0.387929501     
GRID*   4407            0               -0.0132         -0.422692152    *N4407  
*N4407  0.382934818     
GRID*   4408            0               -0.0132         -0.420943514    *N4408  
*N4408  0.382704605     
GRID*   4409            0               -0.0132         -0.424103109    *N4409  
*N4409  0.386351229     
GRID*   4410            0               -0.0132         -0.424633148    *N4410  
*N4410  0.383190355     
GRID*   4411            0               -0.0132         -0.422981699    *N4411  
*N4411  0.389353646     
GRID*   4412            0               -0.0132         -0.396012887    *N4412  
*N4412  0.355917741     
GRID*   4413            0               -0.0132         -0.393897102    *N4413  
*N4413  0.355287123     
GRID*   4414            0               -0.0132         -0.396483498    *N4414  
*N4414  0.354871798     
GRID*   4415            0               -0.0132         -0.392712887    *N4415  
*N4415  0.356801973     
GRID*   4416            0               -0.0132         -0.394605503    *N4416  
*N4416  0.356821582     
GRID*   4417            0               -0.0132         -0.391505022    *N4417  
*N4417  0.356205777     
GRID*   4418            0               -0.0132         -0.406902898    *N4418  
*N4418  0.355287123     
GRID*   4419            0               -0.0132         -0.404787113    *N4419  
*N4419  0.355917741     
GRID*   4420            0               -0.0132         -0.404316502    *N4420  
*N4420  0.354871798     
GRID*   4421            0               -0.0132         -0.408087113    *N4421  
*N4421  0.356801973     
GRID*   4422            0               -0.0132         -0.409294978    *N4422  
*N4422  0.356205777     
GRID*   4423            0               -0.0132         -0.406194497    *N4423  
*N4423  0.356821582     
GRID*   4424            0               0.0132          -0.395197492    *N4424  
*N4424  0.357921587     
GRID*   4425            0               0.0132          -0.405602508    *N4425  
*N4425  0.357921587     
GRID*   4426            0               0.0132          -0.404088455    *N4426  
*N4426  0.359508485     
GRID*   4427            0               0.0132          -0.396711545    *N4427  
*N4427  0.359508485     
GRID*   4428            0               0.0132          -0.397775077    *N4428  
*N4428  0.358218775     
GRID*   4429            0               0.0132          -0.403024923    *N4429  
*N4429  0.358218775     
GRID*   4430            0               0.0132          -0.39455942     *N4430  
*N4430  0.359824764     
GRID*   4431            0               0.0132          -0.40624058     *N4431  
*N4431  0.359824764     
GRID*   4432            0               0.0132          -0.391198746    *N4432  
*N4432  0.357529258     
GRID*   4433            0               0.0132          -0.397798746    *N4433  
*N4433  0.355760794     
GRID*   4434            0               0.0132          -0.403001254    *N4434  
*N4434  0.355760794     
GRID*   4435            0               0.0132          -0.409601254    *N4435  
*N4435  0.357529258     
GRID*   4436            0               0.0132          -0.402244227    *N4436  
*N4436  0.360275714     
GRID*   4437            0               0.0132          -0.403556689    *N4437  
*N4437  0.35886363      
GRID*   4438            0               0.0132          -0.401712462    *N4438  
*N4438  0.357770123     
GRID*   4439            0               0.0132          -0.401978345    *N4439  
*N4439  0.359022919     
GRID*   4440            0               0.0132          -0.399087538    *N4440  
*N4440  0.357770123     
GRID*   4441            0               0.0132          -0.397243311    *N4441  
*N4441  0.35886363      
GRID*   4442            0               0.0132          -0.398555773    *N4442  
*N4442  0.360275714     
GRID*   4443            0               0.0132          -0.398821655    *N4443  
*N4443  0.359022919     
GRID*   4444            0               0.0132          -0.392740446    *N4444  
*N4444  0.361703736     
GRID*   4445            0               0.0132          -0.394878456    *N4445  
*N4445  0.358873176     
GRID*   4446            0               0.0132          -0.389060736    *N4446  
*N4446  0.360359818     
GRID*   4447            0               0.0132          -0.391969596    *N4447  
*N4447  0.359616497     
GRID*   4448            0               0.0132          -0.411739264    *N4448  
*N4448  0.360359818     
GRID*   4449            0               0.0132          -0.405921544    *N4449  
*N4449  0.358873176     
GRID*   4450            0               0.0132          -0.408059554    *N4450  
*N4450  0.361703736     
GRID*   4451            0               0.0132          -0.408830404    *N4451  
*N4451  0.359616497     
GRID*   4452            0               0.0132          -0.405164517    *N4452  
*N4452  0.359666625     
GRID*   4453            0               0.0132          -0.404313715    *N4453  
*N4453  0.358070181     
GRID*   4454            0               0.0132          -0.404739116    *N4454  
*N4454  0.358868403     
GRID*   4455            0               0.0132          -0.396486285    *N4455  
*N4455  0.358070181     
GRID*   4456            0               0.0132          -0.395635483    *N4456  
*N4456  0.359666625     
GRID*   4457            0               0.0132          -0.396060884    *N4457  
*N4457  0.358868403     
GRID*   4458            0               0.0132          -0.398443142    *N4458  
*N4458  0.356765458     
GRID*   4459            0               0.0132          -0.402356858    *N4459  
*N4459  0.356765458     
GRID*   4460            0               0.0132          -0.395564518    *N4460  
*N4460  0.360677757     
GRID*   4461            0               0.0132          -0.405235482    *N4461  
*N4461  0.360677757     
GRID*   4462            0               0.0132          -0.380759818    *N4462  
*N4462  0.368660736     
GRID*   4463            0               0.0132          -0.377721472    *N4463  
*N4463  0.38            
GRID*   4464            0               0.0132          -0.378494224    *N4464  
*N4464  0.374130365     
GRID*   4465            0               0.0132          -0.380759818    *N4465  
*N4465  0.391339264     
GRID*   4466            0               0.0132          -0.389060736    *N4466  
*N4466  0.399640182     
GRID*   4467            0               0.0132          -0.384363859    *N4467  
*N4467  0.396036141     
GRID*   4468            0               0.0132          -0.4004         *N4468  
*N4468  0.402678528     
GRID*   4469            0               0.0132          -0.394530365    *N4469  
*N4469  0.401905776     
GRID*   4470            0               0.0132          -0.411739264    *N4470  
*N4470  0.399640182     
GRID*   4471            0               0.0132          -0.406269635    *N4471  
*N4471  0.401905776     
GRID*   4472            0               0.0132          -0.420040182    *N4472  
*N4472  0.391339264     
GRID*   4473            0               0.0132          -0.416436141    *N4473  
*N4473  0.396036141     
GRID*   4474            0               0.0132          -0.423078528    *N4474  
*N4474  0.38            
GRID*   4475            0               0.0132          -0.420040182    *N4475  
*N4475  0.368660736     
GRID*   4476            0               0.0132          -0.422305776    *N4476  
*N4476  0.374130365     
GRID*   4477            0               0.0132          -0.378494224    *N4477  
*N4477  0.385869635     
GRID*   4478            0               0.0132          -0.416436141    *N4478  
*N4478  0.363963859     
GRID*   4479            0               0.0132          -0.422305776    *N4479  
*N4479  0.385869635     
GRID*   4480            0               0.0132          -0.384363859    *N4480  
*N4480  0.363963859     
GRID*   4481            0               0.0132          -0.394227027    *N4481  
*N4481  0.356074688     
GRID*   4482            0               0.0132          -0.406572973    *N4482  
*N4482  0.356074688     
GRID*   4483            0               0.0132          -0.401322114    *N4483  
*N4483  0.360659329     
GRID*   4484            0               0.0132          -0.402111286    *N4484  
*N4484  0.359649316     
GRID*   4485            0               0.0132          -0.401189172    *N4485  
*N4485  0.359102563     
GRID*   4486            0               0.0132          -0.401255643    *N4486  
*N4486  0.359880946     
GRID*   4487            0               0.0132          -0.403166341    *N4487  
*N4487  0.359892099     
GRID*   4488            0               0.0132          -0.403822572    *N4488  
*N4488  0.359186057     
GRID*   4489            0               0.0132          -0.402767517    *N4489  
*N4489  0.358943274     
GRID*   4490            0               0.0132          -0.402966929    *N4490  
*N4490  0.359417687     
GRID*   4491            0               0.0132          -0.403290806    *N4491  
*N4491  0.358541202     
GRID*   4492            0               0.0132          -0.402368693    *N4492  
*N4492  0.357994449     
GRID*   4493            0               0.0132          -0.401845403    *N4493  
*N4493  0.358396521     
GRID*   4494            0               0.0132          -0.402568105    *N4494  
*N4494  0.358468861     
GRID*   4495            0               0.0132          -0.401056231    *N4495  
*N4495  0.357545797     
GRID*   4496            0               0.0132          -0.401122702    *N4496  
*N4496  0.35832418      
GRID*   4497            0               0.0132          -0.399610828    *N4497  
*N4497  0.359102563     
GRID*   4498            0               0.0132          -0.398688714    *N4498  
*N4498  0.359649316     
GRID*   4499            0               0.0132          -0.399477886    *N4499  
*N4499  0.360659329     
GRID*   4500            0               0.0132          -0.399544357    *N4500  
*N4500  0.359880946     
GRID*   4501            0               0.0132          -0.399743769    *N4501  
*N4501  0.357545797     
GRID*   4502            0               0.0132          -0.398954597    *N4502  
*N4502  0.358396521     
GRID*   4503            0               0.0132          -0.399677298    *N4503  
*N4503  0.35832418      
GRID*   4504            0               0.0132          -0.398431307    *N4504  
*N4504  0.357994449     
GRID*   4505            0               0.0132          -0.397509194    *N4505  
*N4505  0.358541202     
GRID*   4506            0               0.0132          -0.398032483    *N4506  
*N4506  0.358943274     
GRID*   4507            0               0.0132          -0.398231895    *N4507  
*N4507  0.358468861     
GRID*   4508            0               0.0132          -0.396977428    *N4508  
*N4508  0.359186057     
GRID*   4509            0               0.0132          -0.397633659    *N4509  
*N4509  0.359892099     
GRID*   4510            0               0.0132          -0.397833071    *N4510  
*N4510  0.359417687     
GRID*   4511            0               0.0132          -0.391830959    *N4511  
*N4511  0.362643222     
GRID*   4512            0               0.0132          -0.392355021    *N4512  
*N4512  0.360660116     
GRID*   4513            0               0.0132          -0.390515166    *N4513  
*N4513  0.359988158     
GRID*   4514            0               0.0132          -0.389991104    *N4514  
*N4514  0.361971263     
GRID*   4515            0               0.0132          -0.391173062    *N4515  
*N4515  0.36131569      
GRID*   4516            0               0.0132          -0.393649933    *N4516  
*N4516  0.36076425      
GRID*   4517            0               0.0132          -0.394718938    *N4517  
*N4517  0.35934897      
GRID*   4518            0               0.0132          -0.393424026    *N4518  
*N4518  0.359244836     
GRID*   4519            0               0.0132          -0.39353698     *N4519  
*N4519  0.360004543     
GRID*   4520            0               0.0132          -0.395037974    *N4520  
*N4520  0.358397382     
GRID*   4521            0               0.0132          -0.393198119    *N4521  
*N4521  0.357725423     
GRID*   4522            0               0.0132          -0.391584171    *N4522  
*N4522  0.358572878     
GRID*   4523            0               0.0132          -0.393311073    *N4523  
*N4523  0.35848513      
GRID*   4524            0               0.0132          -0.389199373    *N4524  
*N4524  0.357333094     
GRID*   4525            0               0.0132          -0.388130368    *N4525  
*N4525  0.358748374     
GRID*   4526            0               0.0132          -0.38985727     *N4526  
*N4526  0.358660626     
GRID*   4527            0               0.0132          -0.410808896    *N4527  
*N4527  0.361971263     
GRID*   4528            0               0.0132          -0.410284834    *N4528  
*N4528  0.359988158     
GRID*   4529            0               0.0132          -0.408444979    *N4529  
*N4529  0.360660116     
GRID*   4530            0               0.0132          -0.408969041    *N4530  
*N4530  0.362643222     
GRID*   4531            0               0.0132          -0.409626938    *N4531  
*N4531  0.36131569      
GRID*   4532            0               0.0132          -0.412669632    *N4532  
*N4532  0.358748374     
GRID*   4533            0               0.0132          -0.411600627    *N4533  
*N4533  0.357333094     
GRID*   4534            0               0.0132          -0.409215829    *N4534  
*N4534  0.358572878     
GRID*   4535            0               0.0132          -0.41094273     *N4535  
*N4535  0.358660626     
GRID*   4536            0               0.0132          -0.407601881    *N4536  
*N4536  0.357725423     
GRID*   4537            0               0.0132          -0.405762026    *N4537  
*N4537  0.358397382     
GRID*   4538            0               0.0132          -0.407375974    *N4538  
*N4538  0.359244836     
GRID*   4539            0               0.0132          -0.407488927    *N4539  
*N4539  0.35848513      
GRID*   4540            0               0.0132          -0.406081062    *N4540  
*N4540  0.35934897      
GRID*   4541            0               0.0132          -0.407150067    *N4541  
*N4541  0.36076425      
GRID*   4542            0               0.0132          -0.40726302     *N4542  
*N4542  0.360004543     
GRID*   4543            0               0.0132          -0.404147903    *N4543  
*N4543  0.358866016     
GRID*   4544            0               0.0132          -0.404526416    *N4544  
*N4544  0.358469292     
GRID*   4545            0               0.0132          -0.403669319    *N4545  
*N4545  0.358144478     
GRID*   4546            0               0.0132          -0.403908611    *N4546  
*N4546  0.358505247     
GRID*   4547            0               0.0132          -0.404626486    *N4547  
*N4547  0.359587555     
GRID*   4548            0               0.0132          -0.404951817    *N4548  
*N4548  0.359267514     
GRID*   4549            0               0.0132          -0.404387194    *N4549  
*N4549  0.359226785     
GRID*   4550            0               0.0132          -0.405702549    *N4550  
*N4550  0.359745694     
GRID*   4551            0               0.0132          -0.40533033     *N4551  
*N4551  0.358870789     
GRID*   4552            0               0.0132          -0.405516439    *N4552  
*N4552  0.359308242     
GRID*   4553            0               0.0132          -0.404958112    *N4553  
*N4553  0.357995884     
GRID*   4554            0               0.0132          -0.405144221    *N4554  
*N4554  0.358433337     
GRID*   4555            0               0.0132          -0.397130681    *N4555  
*N4555  0.358144478     
GRID*   4556            0               0.0132          -0.396273584    *N4556  
*N4556  0.358469292     
GRID*   4557            0               0.0132          -0.396652097    *N4557  
*N4557  0.358866016     
GRID*   4558            0               0.0132          -0.396891389    *N4558  
*N4558  0.358505247     
GRID*   4559            0               0.0132          -0.395841888    *N4559  
*N4559  0.357995884     
GRID*   4560            0               0.0132          -0.39546967     *N4560  
*N4560  0.358870789     
GRID*   4561            0               0.0132          -0.395655779    *N4561  
*N4561  0.358433337     
GRID*   4562            0               0.0132          -0.395097451    *N4562  
*N4562  0.359745694     
GRID*   4563            0               0.0132          -0.395848183    *N4563  
*N4563  0.359267514     
GRID*   4564            0               0.0132          -0.395283561    *N4564  
*N4564  0.359308242     
GRID*   4565            0               0.0132          -0.396173514    *N4565  
*N4565  0.359587555     
GRID*   4566            0               0.0132          -0.396412806    *N4566  
*N4566  0.359226785     
GRID*   4567            0               0.0132          -0.399421571    *N4567  
*N4567  0.356113097     
GRID*   4568            0               0.0132          -0.39876534     *N4568  
*N4568  0.357267791     
GRID*   4569            0               0.0132          -0.39958267     *N4569  
*N4569  0.356829447     
GRID*   4570            0               0.0132          -0.399099373    *N4570  
*N4570  0.354680397     
GRID*   4571            0               0.0132          -0.398120944    *N4571  
*N4571  0.356263126     
GRID*   4572            0               0.0132          -0.399260472    *N4572  
*N4572  0.355396747     
GRID*   4573            0               0.0132          -0.396498119    *N4573  
*N4573  0.356841191     
GRID*   4574            0               0.0132          -0.397464713    *N4574  
*N4574  0.35741782      
GRID*   4575            0               0.0132          -0.396981416    *N4575  
*N4575  0.357129505     
GRID*   4576            0               0.0132          -0.39794801     *N4576  
*N4576  0.357706134     
GRID*   4577            0               0.0132          -0.40203466     *N4577  
*N4577  0.357267791     
GRID*   4578            0               0.0132          -0.401378429    *N4578  
*N4578  0.356113097     
GRID*   4579            0               0.0132          -0.40121733     *N4579  
*N4579  0.356829447     
GRID*   4580            0               0.0132          -0.403335287    *N4580  
*N4580  0.35741782      
GRID*   4581            0               0.0132          -0.40285199     *N4581  
*N4581  0.357706134     
GRID*   4582            0               0.0132          -0.404301881    *N4582  
*N4582  0.356841191     
GRID*   4583            0               0.0132          -0.402679056    *N4583  
*N4583  0.356263126     
GRID*   4584            0               0.0132          -0.403818584    *N4584  
*N4584  0.357129505     
GRID*   4585            0               0.0132          -0.401700627    *N4585  
*N4585  0.354680397     
GRID*   4586            0               0.0132          -0.401539528    *N4586  
*N4586  0.355396747     
GRID*   4587            0               0.0132          -0.394152482    *N4587  
*N4587  0.361190746     
GRID*   4588            0               0.0132          -0.3956         *N4588  
*N4588  0.360172191     
GRID*   4589            0               0.0132          -0.394624967    *N4589  
*N4589  0.36046822      
GRID*   4590            0               0.0132          -0.395529035    *N4590  
*N4590  0.361183323     
GRID*   4591            0               0.0132          -0.393648965    *N4591  
*N4591  0.361838355     
GRID*   4592            0               0.0132          -0.397060145    *N4592  
*N4592  0.360476735     
GRID*   4593            0               0.0132          -0.397492876    *N4593  
*N4593  0.360840929     
GRID*   4594            0               0.0132          -0.39661683     *N4594  
*N4594  0.360032145     
GRID*   4595            0               0.0132          -0.4052         *N4595  
*N4595  0.360172191     
GRID*   4596            0               0.0132          -0.406647518    *N4596  
*N4596  0.361190746     
GRID*   4597            0               0.0132          -0.406175033    *N4597  
*N4597  0.36046822      
GRID*   4598            0               0.0132          -0.403739855    *N4598  
*N4598  0.360476735     
GRID*   4599            0               0.0132          -0.40418317     *N4599  
*N4599  0.360032145     
GRID*   4600            0               0.0132          -0.405270965    *N4600  
*N4600  0.361183323     
GRID*   4601            0               0.0132          -0.403307124    *N4601  
*N4601  0.360840929     
GRID*   4602            0               0.0132          -0.407151035    *N4602  
*N4602  0.361838355     
GRID*   4603            0               0.0132          -0.382371263    *N4603  
*N4603  0.369591104     
GRID*   4604            0               0.0132          -0.379627021    *N4604  
*N4604  0.37139555      
GRID*   4605            0               0.0132          -0.380291557    *N4605  
*N4605  0.374611959     
GRID*   4606            0               0.0132          -0.381256492    *N4606  
*N4606  0.372070499     
GRID*   4607            0               0.0132          -0.379148374    *N4607  
*N4607  0.367730368     
GRID*   4608            0               0.0132          -0.376696891    *N4608  
*N4608  0.373648771     
GRID*   4609            0               0.0132          -0.377818301    *N4609  
*N4609  0.370646354     
GRID*   4610            0               0.0132          -0.375860736    *N4610  
*N4610  0.38            
GRID*   4611            0               0.0132          -0.378107848    *N4611  
*N4611  0.377065182     
GRID*   4612            0               0.0132          -0.376166852    *N4612  
*N4612  0.376809645     
GRID*   4613            0               0.0132          -0.379582207    *N4613  
*N4613  0.38            
GRID*   4614            0               0.0132          -0.379856486    *N4614  
*N4614  0.377295395     
GRID*   4615            0               0.0132          -0.382371263    *N4615  
*N4615  0.390408896     
GRID*   4616            0               0.0132          -0.382561839    *N4616  
*N4616  0.393687703     
GRID*   4617            0               0.0132          -0.385679598    *N4617  
*N4617  0.394720402     
GRID*   4618            0               0.0132          -0.383961097    *N4618  
*N4618  0.392614014     
GRID*   4619            0               0.0132          -0.379148374    *N4619  
*N4619  0.392269632     
GRID*   4620            0               0.0132          -0.38304812     *N4620  
*N4620  0.39735188      
GRID*   4621            0               0.0132          -0.381008655    *N4621  
*N4621  0.394879502     
GRID*   4622            0               0.0132          -0.388130368    *N4622  
*N4622  0.401251626     
GRID*   4623            0               0.0132          -0.386712297    *N4623  
*N4623  0.397838161     
GRID*   4624            0               0.0132          -0.385520498    *N4624  
*N4624  0.399391345     
GRID*   4625            0               0.0132          -0.389991104    *N4625  
*N4625  0.398028737     
GRID*   4626            0               0.0132          -0.387785986    *N4626  
*N4626  0.396438903     
GRID*   4627            0               0.0132          -0.394048771    *N4627  
*N4627  0.403703109     
GRID*   4628            0               0.0132          -0.39179555     *N4628  
*N4628  0.400772979     
GRID*   4629            0               0.0132          -0.391046354    *N4629  
*N4629  0.402581699     
GRID*   4630            0               0.0132          -0.4004         *N4630  
*N4630  0.404539264     
GRID*   4631            0               0.0132          -0.397465182    *N4631  
*N4631  0.402292152     
GRID*   4632            0               0.0132          -0.397209645    *N4632  
*N4632  0.404233148     
GRID*   4633            0               0.0132          -0.4004         *N4633  
*N4633  0.400817793     
GRID*   4634            0               0.0132          -0.395011959    *N4634  
*N4634  0.400108443     
GRID*   4635            0               0.0132          -0.397695395    *N4635  
*N4635  0.400543514     
GRID*   4636            0               0.0132          -0.392470499    *N4636  
*N4636  0.399143508     
GRID*   4637            0               0.0132          -0.403334818    *N4637  
*N4637  0.402292152     
GRID*   4638            0               0.0132          -0.405788041    *N4638  
*N4638  0.400108443     
GRID*   4639            0               0.0132          -0.403104605    *N4639  
*N4639  0.400543514     
GRID*   4640            0               0.0132          -0.406751229    *N4640  
*N4640  0.403703109     
GRID*   4641            0               0.0132          -0.403590355    *N4641  
*N4641  0.404233148     
GRID*   4642            0               0.0132          -0.412669632    *N4642  
*N4642  0.401251626     
GRID*   4643            0               0.0132          -0.40900445     *N4643  
*N4643  0.400772979     
GRID*   4644            0               0.0132          -0.409753646    *N4644  
*N4644  0.402581699     
GRID*   4645            0               0.0132          -0.410808896    *N4645  
*N4645  0.398028737     
GRID*   4646            0               0.0132          -0.408329501    *N4646  
*N4646  0.399143508     
GRID*   4647            0               0.0132          -0.414087703    *N4647  
*N4647  0.397838161     
GRID*   4648            0               0.0132          -0.415120402    *N4648  
*N4648  0.394720402     
GRID*   4649            0               0.0132          -0.413014014    *N4649  
*N4649  0.396438903     
GRID*   4650            0               0.0132          -0.41775188     *N4650  
*N4650  0.39735188      
GRID*   4651            0               0.0132          -0.415279502    *N4651  
*N4651  0.399391345     
GRID*   4652            0               0.0132          -0.421651626    *N4652  
*N4652  0.392269632     
GRID*   4653            0               0.0132          -0.418238161    *N4653  
*N4653  0.393687703     
GRID*   4654            0               0.0132          -0.419791345    *N4654  
*N4654  0.394879502     
GRID*   4655            0               0.0132          -0.418428737    *N4655  
*N4655  0.390408896     
GRID*   4656            0               0.0132          -0.416838903    *N4656  
*N4656  0.392614014     
GRID*   4657            0               0.0132          -0.421217793    *N4657  
*N4657  0.38            
GRID*   4658            0               0.0132          -0.422692152    *N4658  
*N4658  0.377065182     
GRID*   4659            0               0.0132          -0.420508443    *N4659  
*N4659  0.374611959     
GRID*   4660            0               0.0132          -0.420943514    *N4660  
*N4660  0.377295395     
GRID*   4661            0               0.0132          -0.424939264    *N4661  
*N4661  0.38            
GRID*   4662            0               0.0132          -0.424103109    *N4662  
*N4662  0.373648771     
GRID*   4663            0               0.0132          -0.424633148    *N4663  
*N4663  0.376809645     
GRID*   4664            0               0.0132          -0.421651626    *N4664  
*N4664  0.367730368     
GRID*   4665            0               0.0132          -0.421172979    *N4665  
*N4665  0.37139555      
GRID*   4666            0               0.0132          -0.422981699    *N4666  
*N4666  0.370646354     
GRID*   4667            0               0.0132          -0.418428737    *N4667  
*N4667  0.369591104     
GRID*   4668            0               0.0132          -0.419543508    *N4668  
*N4668  0.372070499     
GRID*   4669            0               0.0132          -0.376696891    *N4669  
*N4669  0.386351229     
GRID*   4670            0               0.0132          -0.378107848    *N4670  
*N4670  0.382934818     
GRID*   4671            0               0.0132          -0.376166852    *N4671  
*N4671  0.383190355     
GRID*   4672            0               0.0132          -0.379627021    *N4672  
*N4672  0.38860445      
GRID*   4673            0               0.0132          -0.377818301    *N4673  
*N4673  0.389353646     
GRID*   4674            0               0.0132          -0.380291557    *N4674  
*N4674  0.385388041     
GRID*   4675            0               0.0132          -0.381256492    *N4675  
*N4675  0.387929501     
GRID*   4676            0               0.0132          -0.379856486    *N4676  
*N4676  0.382704605     
GRID*   4677            0               0.0132          -0.41775188     *N4677  
*N4677  0.36264812      
GRID*   4678            0               0.0132          -0.418238161    *N4678  
*N4678  0.366312297     
GRID*   4679            0               0.0132          -0.419791345    *N4679  
*N4679  0.365120498     
GRID*   4680            0               0.0132          -0.414087703    *N4680  
*N4680  0.362161839     
GRID*   4681            0               0.0132          -0.415279502    *N4681  
*N4681  0.360608655     
GRID*   4682            0               0.0132          -0.415120402    *N4682  
*N4682  0.365279598     
GRID*   4683            0               0.0132          -0.413014014    *N4683  
*N4683  0.363561097     
GRID*   4684            0               0.0132          -0.416838903    *N4684  
*N4684  0.367385986     
GRID*   4685            0               0.0132          -0.421172979    *N4685  
*N4685  0.38860445      
GRID*   4686            0               0.0132          -0.420508443    *N4686  
*N4686  0.385388041     
GRID*   4687            0               0.0132          -0.419543508    *N4687  
*N4687  0.387929501     
GRID*   4688            0               0.0132          -0.424103109    *N4688  
*N4688  0.386351229     
GRID*   4689            0               0.0132          -0.422981699    *N4689  
*N4689  0.389353646     
GRID*   4690            0               0.0132          -0.422692152    *N4690  
*N4690  0.382934818     
GRID*   4691            0               0.0132          -0.424633148    *N4691  
*N4691  0.383190355     
GRID*   4692            0               0.0132          -0.420943514    *N4692  
*N4692  0.382704605     
GRID*   4693            0               0.0132          -0.386712297    *N4693  
*N4693  0.362161839     
GRID*   4694            0               0.0132          -0.385679598    *N4694  
*N4694  0.365279598     
GRID*   4695            0               0.0132          -0.387785986    *N4695  
*N4695  0.363561097     
GRID*   4696            0               0.0132          -0.38304812     *N4696  
*N4696  0.36264812      
GRID*   4697            0               0.0132          -0.385520498    *N4697  
*N4697  0.360608655     
GRID*   4698            0               0.0132          -0.382561839    *N4698  
*N4698  0.366312297     
GRID*   4699            0               0.0132          -0.381008655    *N4699  
*N4699  0.365120498     
GRID*   4700            0               0.0132          -0.383961097    *N4700  
*N4700  0.367385986     
GRID*   4701            0               0.0132          -0.393897102    *N4701  
*N4701  0.355287123     
GRID*   4702            0               0.0132          -0.396012887    *N4702  
*N4702  0.355917741     
GRID*   4703            0               0.0132          -0.396483498    *N4703  
*N4703  0.354871798     
GRID*   4704            0               0.0132          -0.392712887    *N4704  
*N4704  0.356801973     
GRID*   4705            0               0.0132          -0.391505022    *N4705  
*N4705  0.356205777     
GRID*   4706            0               0.0132          -0.394605503    *N4706  
*N4706  0.356821582     
GRID*   4707            0               0.0132          -0.404787113    *N4707  
*N4707  0.355917741     
GRID*   4708            0               0.0132          -0.406902898    *N4708  
*N4708  0.355287123     
GRID*   4709            0               0.0132          -0.404316502    *N4709  
*N4709  0.354871798     
GRID*   4710            0               0.0132          -0.408087113    *N4710  
*N4710  0.356801973     
GRID*   4711            0               0.0132          -0.406194497    *N4711  
*N4711  0.356821582     
GRID*   4712            0               0.0132          -0.409294978    *N4712  
*N4712  0.356205777     
GRID*   4713            0               0.00403452593   -0.416599333    *N4713  
*N4713  0.395966033     
GRID*   4714            0               -0.000863738266 -0.416262117    *N4714  
*N4714  0.363229276     
GRID*   4715            0               6.1376736E-05   -0.384908461    *N4715  
*N4715  0.362864702     
GRID*   4716            0               -0.00304384485  -0.387140766    *N4716  
*N4716  0.398669165     
GRID*   4717            0               0.00238150458   -0.394042612    *N4717  
*N4717  0.357920098     
GRID*   4718            0               0.000815205131  -0.413865046    *N4718  
*N4718  0.361247987     
GRID*   4719            0               0.00037997498   -0.413046617    *N4719  
*N4719  0.399326891     
GRID*   4720            0               -0.00247423524  -0.402874235    *N4720  
*N4720  0.357166553     
GRID*   4721            0               -0.00826397534  -0.414931316    *N4721  
*N4721  0.36405768      
GRID*   4722            0               -0.00604045692  -0.415889297    *N4722  
*N4722  0.396037598     
GRID*   4723            0               -0.009569975    -0.391229101    *N4723  
*N4723  0.398918779     
GRID*   4724            0               -0.0107194377   -0.39925272     *N4724  
*N4724  0.400430061     
GRID*   4725            0               -0.0098160223   -0.398349532    *N4725  
*N4725  0.359190116     
GRID*   4726            0               -0.00338993597  -0.420834517    *N4726  
*N4726  0.390224913     
GRID*   4727            0               -0.00666217333  -0.420427916    *N4727  
*N4727  0.370613413     
GRID*   4728            0               -0.00744618976  -0.407791346    *N4728  
*N4728  0.359420101     
GRID*   4729            0               -0.00408838671  -0.379627901    *N4729  
*N4729  0.389242022     
GRID*   4730            0               0.00448021913   -0.378343739    *N4730  
*N4730  0.385201825     
GRID*   4731            0               0.00376996511   -0.420343133    *N4731  
*N4731  0.368969642     
GRID*   4732            0               0.00657084938   -0.418373407    *N4732  
*N4732  0.392937952     
GRID*   4733            0               0.00593084873   -0.421475866    *N4733  
*N4733  0.387364978     
GRID*   4734            0               0.00489911742   -0.422965457    *N4734  
*N4734  0.379360641     
GRID*   4735            0               -0.00437562892  -0.380419028    *N4735  
*N4735  0.369265726     
GRID*   4736            0               -0.00506546518  -0.422935945    *N4736  
*N4736  0.379713212     
GRID*   4737            0               -0.00726819005  -0.38493742     *N4737  
*N4737  0.395546448     
GRID*   4738            0               -0.00868925535  -0.383743259    *N4738  
*N4738  0.366559025     
GRID*   4739            0               -0.00791626406  -0.379763231    *N4739  
*N4739  0.373286838     
GRID*   4740            0               0.000155158114  -0.394272279    *N4740  
*N4740  0.402271887     
GRID*   4741            0               0.00330366118   -0.377852764    *N4741  
*N4741  0.376216088     
GRID*   4742            0               0.0055911342    -0.405373937    *N4742  
*N4742  0.358145729     
GRID*   4743            0               -0.00800289538  -0.389102438    *N4743  
*N4743  0.361508684     
GRID*   4744            0               0.00697743507   -0.414981354    *N4744  
*N4744  0.363498197     
GRID*   4745            0               0.00716600427   -0.382602062    *N4745  
*N4745  0.367135639     
GRID*   4746            0               -0.00648333804  -0.378238736    *N4746  
*N4746  0.379325668     
GRID*   4747            0               -0.00509799859  -0.405891054    *N4747  
*N4747  0.401851058     
GRID*   4748            0               0.00328356066   -0.405749575    *N4748  
*N4748  0.402230841     
GRID*   4749            0               0.00702257708   -0.392133578    *N4749  
*N4749  0.40039509      
GRID*   4750            0               0.00784223209   -0.404218536    *N4750  
*N4750  0.401389908     
GRID*   4751            0               0.00377742905   -0.383624118    *N4751  
*N4751  0.395424358     
GRID*   4752            0               0.00715585633   -0.411974786    *N4752  
*N4752  0.398666228     
GRID*   4753            0               0.0088818754    -0.387963671    *N4753  
*N4753  0.36267776      
GRID*   4754            0               -0.00387372241  -0.396019124    *N4754  
*N4754  0.357652468     
GRID*   4755            0               -0.00626130029  -0.400615889    *N4755  
*N4755  0.357765803     
GRID*   4756            0               -0.00124070193  -0.401640702    *N4756  
*N4756  0.356966735     
GRID*   4757            0               0.00120412001   -0.397185621    *N4757  
*N4757  0.357156448     
GRID*   4758            0               -0.00259457575  -0.398822608    *N4758  
*N4758  0.357100436     
GRID*   4759            0               0.00222677877   -0.41495058     *N4759  
*N4759  0.397802586     
GRID*   4760            0               0.000330610443  -0.419189516    *N4760  
*N4760  0.393433347     
GRID*   4761            0               -0.00478898465  -0.418642993    *N4761  
*N4761  0.393336747     
GRID*   4762            0               -0.00287096399  -0.414670374    *N4762  
*N4762  0.397936666     
GRID*   4763            0               -0.00129733232  -0.417133704    *N4763  
*N4763  0.395871675     
GRID*   4764            0               -0.00982377168  -0.413148045    *N4764  
*N4764  0.396570783     
GRID*   4765            0               -0.0085235206   -0.419333597    *N4765  
*N4765  0.390123167     
GRID*   4766            0               -0.00919095145  -0.416578639    *N4766  
*N4766  0.393688976     
GRID*   4767            0               -0.0100634728   -0.41886552     *N4767  
*N4767  0.370441702     
GRID*   4768            0               -0.00759914794  -0.417994674    *N4768  
*N4768  0.367104636     
GRID*   4769            0               -0.0108602546   -0.412548403    *N4769  
*N4769  0.363626815     
GRID*   4770            0               -0.0105175232   -0.416071989    *N4770  
*N4770  0.366681574     
GRID*   4771            0               -2.43378819E-05 -0.415106675    *N4771  
*N4771  0.362186434     
GRID*   4772            0               -0.00340310026  -0.411103749    *N4772  
*N4772  0.359814394     
GRID*   4773            0               -0.00799325589  -0.411554144    *N4773  
*N4773  0.361417672     
GRID*   4774            0               -0.00462628965  -0.415804605    *N4774  
*N4774  0.363419723     
GRID*   4775            0               -0.00387983366  -0.413570376    *N4775  
*N4775  0.361423184     
GRID*   4776            0               -0.0105488282   -0.404176486    *N4776  
*N4776  0.359799248     
GRID*   4777            0               -0.0108912132   -0.40834852     *N4777  
*N4777  0.361243334     
GRID*   4778            0               0.00532613242   -0.417561914    *N4778  
*N4778  0.394515889     
GRID*   4779            0               0.00631190368   -0.420115342    *N4779  
*N4779  0.390250618     
GRID*   4780            0               0.00129985844   -0.421635527    *N4780  
*N4780  0.388998486     
GRID*   4781            0               0.0033153894    -0.419875068    *N4781  
*N4781  0.391972465     
GRID*   4782            0               -0.00148543683  -0.420929113    *N4782  
*N4782  0.369513866     
GRID*   4783            0               0.00147792959   -0.418608365    *N4783  
*N4783  0.365862066     
GRID*   4784            0               -0.00311754671  -0.418682171    *N4784  
*N4784  0.366228539     
GRID*   4785            0               -0.0114374314   -0.391032333    *N4785  
*N4785  0.397749422     
GRID*   4786            0               -0.0103102298   -0.395156734    *N4786  
*N4786  0.399995433     
GRID*   4787            0               -0.0119868159   -0.39982506     *N4787  
*N4787  0.399738178     
GRID*   4788            0               -0.0117867336   -0.395320728    *N4788  
*N4788  0.399206351     
GRID*   4789            0               -0.00502414584  -0.405396371    *N4789  
*N4789  0.358013544     
GRID*   4790            0               -0.011559818    -0.399370151    *N4790  
*N4790  0.360027018     
GRID*   4791            0               -0.00860206655  -0.402105416    *N4791  
*N4791  0.358629319     
GRID*   4792            0               -0.00147007671  -0.390533817    *N4792  
*N4792  0.400835242     
GRID*   4793            0               -0.00547324894  -0.396630894    *N4793  
*N4793  0.402123458     
GRID*   4794            0               -0.00639649304  -0.389025635    *N4794  
*N4794  0.399060921     
GRID*   4795            0               -0.00657799161  -0.393286862    *N4795  
*N4795  0.400970057     
GRID*   4796            0               -0.00578504125  -0.381942051    *N4796  
*N4796  0.392627249     
GRID*   4797            0               -0.0104105774   -0.387714397    *N4797  
*N4797  0.396257471     
GRID*   4798            0               -0.00885853784  -0.381344223    *N4798  
*N4798  0.389592376     
GRID*   4799            0               -0.00967213724  -0.384159721    *N4799  
*N4799  0.393278294     
GRID*   4800            0               -0.00519566515  -0.385928664    *N4800  
*N4800  0.397239359     
GRID*   4801            0               -0.00844908595  -0.38829644     *N4801  
*N4801  0.397768703     
GRID*   4802            0               -0.00911275485  -0.393573697    *N4802  
*N4802  0.359901013     
GRID*   4803            0               -0.010688485    -0.389926669    *N4803  
*N4803  0.362402397     
GRID*   4804            0               -0.0112122999   -0.394481963    *N4804  
*N4804  0.360690128     
GRID*   4805            0               -0.00405173286  -0.386732301    *N4805  
*N4805  0.361823436     
GRID*   4806            0               0.00125519838   -0.38917361     *N4806  
*N4806  0.359850493     
GRID*   4807            0               -0.00482530764  -0.391766986    *N4807  
*N4807  0.359124237     
GRID*   4808            0               0.0062935281    -0.402902572    *N4808  
*N4808  0.357915194     
GRID*   4809            0               0.00964208558   -0.407815833    *N4809  
*N4809  0.360362138     
GRID*   4810            0               0.00990580083   -0.404190534    *N4810  
*N4810  0.359478865     
GRID*   4811            0               0.00546268673   -0.417948101    *N4811  
*N4811  0.366005958     
GRID*   4812            0               0.00393737804   -0.414570971    *N4812  
*N4812  0.362187346     
GRID*   4813            0               0.00273923872   -0.416723083    *N4813  
*N4813  0.363885921     
GRID*   4814            0               0.0102453547    -0.412616718    *N4814  
*N4814  0.363284902     
GRID*   4815            0               0.00869906846   -0.419038921    *N4815  
*N4815  0.369486825     
GRID*   4816            0               0.00950019831   -0.416162318    *N4816  
*N4816  0.366039141     
GRID*   4817            0               0.00328460983   -0.409853896    *N4817  
*N4817  0.359180653     
GRID*   4818            0               0.00158551792   -0.404188769    *N4818  
*N4818  0.357268054     
GRID*   4819            0               -0.000112450239 -0.407861085    *N4819  
*N4819  0.3581384       
GRID*   4820            0               0.00664634884   -0.411625507    *N4820  
*N4820  0.360936316     
GRID*   4821            0               0.00255945377   -0.402303472    *N4821  
*N4821  0.357121276     
GRID*   4822            0               -0.00599391068  -0.42215408     *N4822  
*N4822  0.375056008     
GRID*   4823            0               -8.51813259E-05 -0.423494974    *N4823  
*N4823  0.37952575      
GRID*   4824            0               0.00445749209   -0.422257181    *N4824  
*N4824  0.373999634     
GRID*   4825            0               -0.000815308866 -0.422789709    *N4825  
*N4825  0.374374503     
GRID*   4826            0               -0.00930672317  -0.421541749    *N4826  
*N4826  0.379853874     
GRID*   4827            0               -0.00974190357  -0.420741246    *N4827  
*N4827  0.3750061       
GRID*   4828            0               -0.00434933955  -0.422503402    *N4828  
*N4828  0.385112032     
GRID*   4829            0               0.00550249525   -0.422573308    *N4829  
*N4829  0.383417156     
GRID*   4830            0               0.000624868407  -0.423076215    *N4830  
*N4830  0.384359907     
GRID*   4831            0               -0.00898717205  -0.421046491    *N4831  
*N4831  0.385153946     
GRID*   4832            0               -0.00658978324  -0.381920342    *N4832  
*N4832  0.367806272     
GRID*   4833            0               -0.00618832752  -0.379951084    *N4833  
*N4833  0.371216125     
GRID*   4834            0               -0.0106926567   -0.38163691     *N4834  
*N4834  0.371801003     
GRID*   4835            0               -0.0110383858   -0.383721317    *N4835  
*N4835  0.368442077     
GRID*   4836            0               -0.00870963804  -0.381634182    *N4836  
*N4836  0.369723996     
GRID*   4837            0               0.00911346359   -0.380568383    *N4837  
*N4837  0.38756715      
GRID*   4838            0               0.00396928165   -0.377655066    *N4838  
*N4838  0.380723045     
GRID*   4839            0               0.00850492358   -0.379011362    *N4839  
*N4839  0.378050016     
GRID*   4840            0               0.00882858469   -0.379251756    *N4840  
*N4840  0.382901355     
GRID*   4841            0               0.00922931526   -0.42157365     *N4841  
*N4841  0.379673971     
GRID*   4842            0               0.00904120238   -0.420907677    *N4842  
*N4842  0.374405194     
GRID*   4843            0               -0.00845511518  -0.38624024     *N4843  
*N4843  0.36382526      
GRID*   4844            0               -0.0109202206   -0.386545521    *N4844  
*N4844  0.365086509     
GRID*   4845            0               -0.00219916062  -0.382318129    *N4845  
*N4845  0.365793676     
GRID*   4846            0               -0.00536547396  -0.384091059    *N4846  
*N4846  0.364545546     
GRID*   4847            0               0.00538840046   -0.379635635    *N4847  
*N4847  0.371431669     
GRID*   4848            0               0.0103038637    -0.383089335    *N4848  
*N4848  0.368695962     
GRID*   4849            0               0.00946851534   -0.38046959     *N4849  
*N4849  0.373163627     
GRID*   4850            0               -0.00542221465  -0.378379571    *N4850  
*N4850  0.38439435      
GRID*   4851            0               -0.00163069025  -0.377471345    *N4851  
*N4851  0.3777136       
GRID*   4852            0               0.00020025031   -0.378512091    *N4852  
*N4852  0.387381688     
GRID*   4853            0               -0.000734133673 -0.377459485    *N4853  
*N4853  0.382608413     
GRID*   4854            0               -0.000550878951 -0.378544963    *N4854  
*N4854  0.372539176     
GRID*   4855            0               -0.00726969379  -0.378793251    *N4855  
*N4855  0.376270396     
GRID*   4856            0               -0.0039451216   -0.378352122    *N4856  
*N4856  0.374348708     
GRID*   4857            0               0.00974753645   -0.419503488    *N4857  
*N4857  0.388582091     
GRID*   4858            0               0.0095067506    -0.421021621    *N4858  
*N4858  0.384240336     
GRID*   4859            0               -0.00805669708  -0.402612525    *N4859  
*N4859  0.401536118     
GRID*   4860            0               -0.00939675106  -0.408087477    *N4860  
*N4860  0.399652322     
GRID*   4861            0               -0.0108159208   -0.403700333    *N4861  
*N4861  0.400142831     
GRID*   4862            0               -0.0024089523   -0.409660823    *N4862  
*N4862  0.401024845     
GRID*   4863            0               -0.00605152607  -0.411805472    *N4863  
*N4863  0.399154745     
GRID*   4864            0               7.82838293E-05  -0.397308306    *N4864  
*N4864  0.402892036     
GRID*   4865            0               -0.00258416799  -0.403183407    *N4865  
*N4865  0.402785625     
GRID*   4866            0               -0.00409750084  -0.399914127    *N4866  
*N4866  0.402728493     
GRID*   4867            0               -0.00997297589  -0.379566541    *N4867  
*N4867  0.379658336     
GRID*   4868            0               -0.0103278352   -0.380204104    *N4868  
*N4868  0.375632897     
GRID*   4869            0               -0.00947790472  -0.379881771    *N4869  
*N4869  0.384773009     
GRID*   4870            0               0.00165744509   -0.403100308    *N4870  
*N4870  0.402881678     
GRID*   4871            0               0.00186261415   -0.409549621    *N4871  
*N4871  0.401128775     
GRID*   4872            0               -0.0003779199   -0.406475351    *N4872  
*N4872  0.402283566     
GRID*   4873            0               0.00367804255   -0.383458854    *N4873  
*N4873  0.364733056     
GRID*   4874            0               0.0016258232    -0.380513223    *N4874  
*N4874  0.368360292     
GRID*   4875            0               0.0101964132    -0.414557777    *N4875  
*N4875  0.39513937      
GRID*   4876            0               0.00991819767   -0.417356949    *N4876  
*N4876  0.39215324      
GRID*   4877            0               0.00874716084   -0.383298115    *N4877  
*N4877  0.392830538     
GRID*   4878            0               -0.000159886572 -0.381093776    *N4878  
*N4878  0.392682829     
GRID*   4879            0               0.00462392362   -0.380291785    *N4879  
*N4879  0.390386964     
GRID*   4880            0               0.0102452498    -0.391409976    *N4880  
*N4880  0.398650049     
GRID*   4881            0               0.00554155456   -0.387550628    *N4881  
*N4881  0.398379195     
GRID*   4882            0               0.00951931406   -0.386963241    *N4882  
*N4882  0.39620019      
GRID*   4883            0               0.000372906869  -0.385132085    *N4883  
*N4883  0.397330947     
GRID*   4884            0               -0.00271024107  -0.383241714    *N4884  
*N4884  0.395226878     
GRID*   4885            0               0.00363624505   -0.393107918    *N4885  
*N4885  0.401615117     
GRID*   4886            0               0.00223869623   -0.388870483    *N4886  
*N4886  0.399891417     
GRID*   4887            0               0.00564623838   -0.414413757    *N4887  
*N4887  0.397474113     
GRID*   4888            0               0.010289367     -0.411041914    *N4888  
*N4888  0.397733826     
GRID*   4889            0               0.00798583015   -0.414535903    *N4889  
*N4889  0.396432065     
GRID*   4890            0               0.0053029126    -0.408997071    *N4890  
*N4890  0.400774491     
GRID*   4891            0               0.00363971039   -0.412182336    *N4891  
*N4891  0.399533025     
GRID*   4892            0               0.0107383062    -0.40718578     *N4892  
*N4892  0.399293833     
GRID*   4893            0               0.00740740673   -0.402316401    *N4893  
*N4893  0.401796049     
GRID*   4894            0               0.0104415806    -0.403870267    *N4894  
*N4894  0.400311097     
GRID*   4895            0               0.005594216     -0.405009864    *N4895  
*N4895  0.401933169     
GRID*   4896            0               0.00813801825   -0.408107723    *N4896  
*N4896  0.400198358     
GRID*   4897            0               0.00456682623   -0.402720523    *N4897  
*N4897  0.402524859     
GRID*   4898            0               0.00708899551   -0.39619623     *N4898  
*N4898  0.401579723     
GRID*   4899            0               0.010263754     -0.395789008    *N4899  
*N4899  0.400174343     
GRID*   4900            0               0.00362808376   -0.396704185    *N4900  
*N4900  0.402511951     
GRID*   4901            0               0.00577105415   -0.390770603    *N4901  
*N4901  0.359811398     
GRID*   4902            0               0.00812265309   -0.38509689     *N4902  
*N4902  0.364721016     
GRID*   4903            0               0.00473959021   -0.38679291     *N4903  
*N4903  0.361944713     
GRID*   4904            0               0.0111146405    -0.389369426    *N4904  
*N4904  0.363017621     
GRID*   4905            0               0.010739678     -0.38594049     *N4905  
*N4905  0.365536532     
GRID*   4906            0               0.00825706246   -0.393900507    *N4906  
*N4906  0.359428478     
GRID*   4907            0               0.00481136191   -0.395436183    *N4907  
*N4907  0.357958645     
GRID*   4908            0               0.0108106235    -0.3946676      *N4908  
*N4908  0.360407144     
GRID*   4909            0               -0.000753759008 -0.394975817    *N4909  
*N4909  0.357558519     
GRID*   4910            0               -0.00324159969  -0.397414003    *N4910  
*N4910  0.357324333     
GRID*   4911            0               -0.000698031749 -0.397994452    *N4911  
*N4911  0.3570362       
GRID*   4912            0               0.0017978089    -0.395600778    *N4912  
*N4912  0.357475672     
GRID*   4913            0               -0.000736737038 -0.396491556    *N4913  
*N4913  0.357244972     
GRID*   4914            0               -0.00691505502  -0.397151357    *N4914  
*N4914  0.358200038     
GRID*   4915            0               -0.00807620987  -0.399478426    *N4915  
*N4915  0.35837743      
GRID*   4916            0               -0.00444578606  -0.399716505    *N4916  
*N4916  0.357342158     
GRID*   4917            0               -0.0057044864   -0.39842215     *N4917  
*N4917  0.357702983     
GRID*   4918            0               -0.0043881696   -0.401751345    *N4918  
*N4918  0.357360922     
GRID*   4919            0               -0.00185881157  -0.402258812    *N4919  
*N4919  0.357050062     
GRID*   4920            0               -0.00192205296  -0.400231268    *N4920  
*N4920  0.35698072      
GRID*   4921            0               -0.00314360594  -0.400898478    *N4921  
*N4921  0.357120331     
GRID*   4922            0               -0.000620799493 -0.401020799    *N4922  
*N4922  0.35691669      
GRID*   4923            0               0.000603737958  -0.398788331    *N4923  
*N4923  0.356964201     
GRID*   4924            0               -0.000660532471 -0.399505533    *N4924  
*N4924  0.356926777     
GRID*   4925            0               0.00130624388   -0.414028511    *N4925  
*N4925  0.398605575     
GRID*   4926            0               0.000467016836  -0.416119343    *N4926  
*N4926  0.396920229     
GRID*   4927            0               -0.00209042979  -0.415948763    *N4927  
*N4927  0.39695512      
GRID*   4928            0               -0.0012499348   -0.413906476    *N4928  
*N4928  0.398698202     
GRID*   4929            0               -0.000393190321 -0.415050923    *N4929  
*N4929  0.397855135     
GRID*   4930            0               0.00313753878   -0.415808776    *N4930  
*N4930  0.39692145      
GRID*   4931            0               0.0021964229    -0.418005477    *N4931  
*N4931  0.394793002     
GRID*   4932            0               -0.000484819334 -0.4182152      *N4932  
*N4932  0.39469672      
GRID*   4933            0               0.0013343067    -0.417106103    *N4933  
*N4933  0.395897665     
GRID*   4934            0               -0.0015393729   -0.420136511    *N4934  
*N4934  0.39190422      
GRID*   4935            0               -0.00410530441  -0.419813681    *N4935  
*N4935  0.391826473     
GRID*   4936            0               -0.0030581645   -0.417974585    *N4936  
*N4936  0.394676225     
GRID*   4937            0               -0.00230739904  -0.419120078    *N4937  
*N4937  0.393335839     
GRID*   4938            0               -0.00543569945  -0.417331491    *N4938  
*N4938  0.394744076     
GRID*   4939            0               -0.00447159544  -0.415332884    *N4939  
*N4939  0.397047692     
GRID*   4940            0               -0.00377834597  -0.416709728    *N4940  
*N4940  0.395916245     
GRID*   4941            0               -0.0115719832   -0.411571303    *N4941  
*N4941  0.396580144     
GRID*   4942            0               -0.00955329112  -0.414933214    *N4942  
*N4942  0.395202971     
GRID*   4943            0               -0.0112585487   -0.415274984    *N4943  
*N4943  0.393623139     
GRID*   4944            0               -0.0114372487   -0.413501864    *N4944  
*N4944  0.395203306     
GRID*   4945            0               -0.0079735236   -0.414592377    *N4945  
*N4945  0.396389306     
GRID*   4946            0               -0.007029206    -0.417707428    *N4946  
*N4946  0.393588715     
GRID*   4947            0               -0.00753351964  -0.416218076    *N4947  
*N4947  0.395054719     
GRID*   4948            0               -0.00599706579  -0.420217352    *N4948  
*N4948  0.390242936     
GRID*   4949            0               -0.00890060592  -0.418042082    *N4949  
*N4949  0.39196437      
GRID*   4950            0               -0.00654160372  -0.419043522    *N4950  
*N4950  0.391968146     
GRID*   4951            0               -0.0109353135   -0.418195139    *N4951  
*N4951  0.389867217     
GRID*   4952            0               -0.011116632    -0.416838211    *N4952  
*N4952  0.391824369     
GRID*   4953            0               -0.0118932018   -0.414980548    *N4953  
*N4953  0.366599651     
GRID*   4954            0               -0.0107440603   -0.414381994    *N4954  
*N4954  0.365077567     
GRID*   4955            0               -0.0120658064   -0.411245536    *N4955  
*N4955  0.363556136     
GRID*   4956            0               -0.0120062669   -0.413194318    *N4956  
*N4956  0.364974522     
GRID*   4957            0               -0.0116701804   -0.417899052    *N4957  
*N4957  0.370450127     
GRID*   4958            0               -0.0103443081   -0.417558009    *N4958  
*N4958  0.368501825     
GRID*   4959            0               -0.0118070021   -0.416545929    *N4959  
*N4959  0.368445188     
GRID*   4960            0               -0.00839046298  -0.41971033     *N4960  
*N4960  0.37049625      
GRID*   4961            0               -0.00716279776  -0.419296076    *N4961  
*N4961  0.368808813     
GRID*   4962            0               -0.00908474711  -0.417081829    *N4962  
*N4962  0.366854889     
GRID*   4963            0               -0.00878007918  -0.418483761    *N4963  
*N4963  0.368620289     
GRID*   4964            0               -0.00796730834  -0.416535389    *N4964  
*N4964  0.365516174     
GRID*   4965            0               -0.00959047437  -0.413779423    *N4965  
*N4965  0.363794327     
GRID*   4966            0               -0.00938264854  -0.415503158    *N4966  
*N4966  0.365253118     
GRID*   4967            0               -0.000444363711 -0.415695605    *N4967  
*N4967  0.362695174     
GRID*   4968            0               -0.0019602802   -0.414397036    *N4968  
*N4968  0.36172843      
GRID*   4969            0               -0.00426259342  -0.414719511    *N4969  
*N4969  0.362382057     
GRID*   4970            0               -0.00275432224  -0.416086374    *N4970  
*N4970  0.363267953     
GRID*   4971            0               -0.00235423697  -0.41526287     *N4971  
*N4971  0.362473944     
GRID*   4972            0               0.000395723617  -0.41449619     *N4972  
*N4972  0.361703803     
GRID*   4973            0               -0.00130235654  -0.41256293     *N4973  
*N4973  0.360404669     
GRID*   4974            0               -0.00364908249  -0.412362027    *N4974  
*N4974  0.360578257     
GRID*   4975            0               -0.00161973586  -0.413497427    *N4975  
*N4975  0.361040995     
GRID*   4976            0               -0.00545989813  -0.409506345    *N4976  
*N4976  0.359484786     
GRID*   4977            0               -0.0077533019   -0.40971308     *N4977  
*N4977  0.360333713     
GRID*   4978            0               -0.00596594532  -0.412622493    *N4978  
*N4978  0.361328413     
GRID*   4979            0               -0.00571857482  -0.411096212    *N4979  
*N4979  0.360340423     
GRID*   4980            0               -0.00816397328  -0.413298593    *N4980  
*N4980  0.362662589     
GRID*   4981            0               -0.0064669878   -0.415418717    *N4981  
*N4981  0.36368356      
GRID*   4982            0               -0.00623094877  -0.414062895    *N4982  
*N4982  0.362446921     
GRID*   4983            0               -0.00948388067  -0.40999346     *N4983  
*N4983  0.361248159     
GRID*   4984            0               -0.0109356395   -0.41050381     *N4984  
*N4984  0.362338324     
GRID*   4985            0               -0.00958518404  -0.411937974    *N4985  
*N4985  0.362432718     
GRID*   4986            0               -0.00904603291  -0.40601403     *N4986  
*N4986  0.359499708     
GRID*   4987            0               -0.0107696035   -0.406289618    *N4987  
*N4987  0.360431197     
GRID*   4988            0               -0.0093193348   -0.40802199     *N4988  
*N4988  0.360285405     
GRID*   4989            0               -0.0119384533   -0.402298426    *N4989  
*N4989  0.360315506     
GRID*   4990            0               -0.0120875387   -0.406849859    *N4990  
*N4990  0.361401593     
GRID*   4991            0               -0.0120455476   -0.404583494    *N4991  
*N4991  0.360738298     
GRID*   4992            0               -0.0121104024   -0.409096609    *N4992  
*N4992  0.362355818     
GRID*   4993            0               0.00468548821   -0.41709901     *N4993  
*N4993  0.395257761     
GRID*   4994            0               0.00433690653   -0.418786943    *N4994  
*N4994  0.393293667     
GRID*   4995            0               0.00182793649   -0.419584101    *N4995  
*N4995  0.392737304     
GRID*   4996            0               0.00326824594   -0.418427576    *N4996  
*N4996  0.394068939     
GRID*   4997            0               0.0059550478    -0.417987025    *N4997  
*N4997  0.393742051     
GRID*   4998            0               0.00645701002   -0.41929011     *N4998  
*N4998  0.391622425     
GRID*   4999            0               0.00482723703   -0.420050529    *N4999  
*N4999  0.391142913     
GRID*   5000            0               0.0054038505    -0.419071566    *N5000  
*N5000  0.392481227     
GRID*   5001            0               0.00613623304   -0.420845105    *N5001  
*N5001  0.388829175     
GRID*   5002            0               0.00363597296   -0.421676353    *N5002  
*N5002  0.388228395     
GRID*   5003            0               0.00231632531   -0.420832052    *N5003  
*N5003  0.390525013     
GRID*   5004            0               0.00424213804   -0.420923555    *N5004  
*N5004  0.389715861     
GRID*   5005            0               -0.00105099891  -0.42135385     *N5005  
*N5005  0.389666518     
GRID*   5006            0               0.00038776194   -0.420566796    *N5006  
*N5006  0.391258774     
GRID*   5007            0               -0.0053853169   -0.41842871     *N5007  
*N5007  0.366599478     
GRID*   5008            0               -0.00388875824  -0.417316645    *N5008  
*N5008  0.364758127     
GRID*   5009            0               -0.00595276225  -0.416996567    *N5009  
*N5009  0.365075906     
GRID*   5010            0               -0.0041010433   -0.4208141      *N5010  
*N5010  0.369997203     
GRID*   5011            0               -0.00231153425  -0.419890318    *N5011  
*N5011  0.367818279     
GRID*   5012            0               -0.00476484022  -0.41970691     *N5012  
*N5012  0.368246298     
GRID*   5013            0               0.00114990153   -0.420771426    *N5013  
*N5013  0.369169822     
GRID*   5014            0               0.00263503198   -0.419556333    *N5014  
*N5014  0.367362694     
GRID*   5015            0               -0.000823921789 -0.41873681     *N5015  
*N5015  0.365975288     
GRID*   5016            0               0.000163160412  -0.419837364    *N5016  
*N5016  0.367519124     
GRID*   5017            0               0.000308392959  -0.417507205    *N5017  
*N5017  0.364480386     
GRID*   5018            0               -0.0017971227   -0.417483988    *N5018  
*N5018  0.364555982     
GRID*   5019            0               -0.0123328612   -0.390966082    *N5019  
*N5019  0.397102974     
GRID*   5020            0               -0.0116686234   -0.393141358    *N5020  
*N5020  0.398567858     
GRID*   5021            0               -0.0125016534   -0.395403829    *N5021  
*N5021  0.398771173     
GRID*   5022            0               -0.0124447631   -0.393139054    *N5022  
*N5022  0.398055928     
GRID*   5023            0               -0.0105157645   -0.391120073    *N5023  
*N5023  0.398355153     
GRID*   5024            0               -0.0099802395   -0.393163816    *N5024  
*N5024  0.399535672     
GRID*   5025            0               -0.0110558124   -0.395235306    *N5025  
*N5025  0.399613897     
GRID*   5026            0               -0.0108337365   -0.39314581     *N5026  
*N5026  0.399068741     
GRID*   5027            0               -0.0105572916   -0.397191825    *N5027  
*N5027  0.400294364     
GRID*   5028            0               -0.0113595484   -0.399538403    *N5028  
*N5028  0.40009548      
GRID*   5029            0               -0.0119445879   -0.397559144    *N5029  
*N5029  0.399566971     
GRID*   5030            0               -0.0112576863   -0.397373314    *N5030  
*N5030  0.39994276      
GRID*   5031            0               -0.012600531    -0.400112368    *N5031  
*N5031  0.399358561     
GRID*   5032            0               -0.0125791519   -0.397741997    *N5032  
*N5032  0.399191403     
GRID*   5033            0               -0.00959671051  -0.403147037    *N5033  
*N5033  0.359168127     
GRID*   5034            0               -0.010124159    -0.400739231    *N5034  
*N5034  0.359239549     
GRID*   5035            0               -0.0123938029   -0.399884497    *N5035  
*N5035  0.360513135     
GRID*   5036            0               -0.0110497689   -0.401525926    *N5036  
*N5036  0.359745497     
GRID*   5037            0               -0.00625509893  -0.406613658    *N5037  
*N5037  0.358648789     
GRID*   5038            0               -0.00685175411  -0.403769902    *N5038  
*N5038  0.358198458     
GRID*   5039            0               -0.0079849425   -0.404874189    *N5039  
*N5039  0.358790749     
GRID*   5040            0               -0.00376117508  -0.404147243    *N5040  
*N5040  0.357518414     
GRID*   5041            0               -0.00744642651  -0.401362558    *N5041  
*N5041  0.358154309     
GRID*   5042            0               -0.00567063992  -0.402693962    *N5042  
*N5042  0.357724642     
GRID*   5043            0               -0.0106999152   -0.398858113    *N5043  
*N5043  0.359585682     
GRID*   5044            0               -0.00911714912  -0.400115496    *N5044  
*N5044  0.358777214     
GRID*   5045            0               -0.00226690298  -0.388786357    *N5045  
*N5045  0.399839215     
GRID*   5046            0               -0.00405617108  -0.391842539    *N5046  
*N5046  0.401069583     
GRID*   5047            0               -0.00652068208  -0.3911086      *N5047  
*N5047  0.400118663     
GRID*   5048            0               -0.00473678278  -0.388039849    *N5048  
*N5048  0.398931443     
GRID*   5049            0               -0.00441359198  -0.389920021    *N5049  
*N5049  0.400107219     
GRID*   5050            0               -0.000660355491 -0.39236782     *N5050  
*N5050  0.401648511     
GRID*   5051            0               -0.00268256527  -0.395407816    *N5051  
*N5051  0.402394016     
GRID*   5052            0               -0.00604509924  -0.394941288    *N5052  
*N5052  0.401616411     
GRID*   5053            0               -0.0034110424   -0.393649264    *N5053  
*N5053  0.401826643     
GRID*   5054            0               -0.00816795731  -0.397920064    *N5054  
*N5054  0.401464957     
GRID*   5055            0               -0.00848069579  -0.39419503     *N5055  
*N5055  0.400571489     
GRID*   5056            0               -0.00838558142  -0.396068383    *N5056  
*N5056  0.401083859     
GRID*   5057            0               -0.00801133305  -0.390091211    *N5057  
*N5057  0.39905669      
GRID*   5058            0               -0.00830032255  -0.392112555    *N5058  
*N5058  0.399900576     
GRID*   5059            0               -0.00495964742  -0.380693854    *N5059  
*N5059  0.390985432     
GRID*   5060            0               -0.00776588375  -0.382967168    *N5060  
*N5060  0.393015276     
GRID*   5061            0               -0.00931384522  -0.382659578    *N5061  
*N5061  0.391495204     
GRID*   5062            0               -0.00651297978  -0.380364496    *N5062  
*N5062  0.389474687     
GRID*   5063            0               -0.00717467667  -0.381573645    *N5063  
*N5063  0.391300547     
GRID*   5064            0               -0.00655693496  -0.383360947    *N5064  
*N5064  0.394152289     
GRID*   5065            0               -0.00887708539  -0.38626588     *N5065  
*N5065  0.395969784     
GRID*   5066            0               -0.0100936447   -0.385861747    *N5066  
*N5066  0.394844782     
GRID*   5067            0               -0.00836213743  -0.384539088    *N5067  
*N5067  0.394564207     
GRID*   5068            0               -0.0118556405   -0.389270667    *N5068  
*N5068  0.396407064     
GRID*   5069            0               -0.0114913924   -0.385505823    *N5069  
*N5069  0.39340602      
GRID*   5070            0               -0.0116984566   -0.387305922    *N5070  
*N5070  0.395010037     
GRID*   5071            0               -0.0110965975   -0.382555192    *N5071  
*N5071  0.389593662     
GRID*   5072            0               -0.0113162642   -0.383923863    *N5072  
*N5072  0.391579684     
GRID*   5073            0               -0.00743396866  -0.388643358    *N5073  
*N5073  0.398442546     
GRID*   5074            0               -0.00684885278  -0.387060984    *N5074  
*N5074  0.397571963     
GRID*   5075            0               -0.00412763695  -0.386508188    *N5075  
*N5075  0.397988612     
GRID*   5076            0               -0.00580188282  -0.387528237    *N5076  
*N5076  0.398282939     
GRID*   5077            0               -0.00998171676  -0.389622864    *N5077  
*N5077  0.39782775      
GRID*   5078            0               -0.0090082787   -0.389843494    *N5078  
*N5078  0.398466757     
GRID*   5079            0               -0.00944415641  -0.38798659     *N5079  
*N5079  0.397038931     
GRID*   5080            0               -0.0109331033   -0.389432406    *N5080  
*N5080  0.397140278     
GRID*   5081            0               -0.00624385057  -0.385404407    *N5081  
*N5081  0.396424266     
GRID*   5082            0               -0.00787593721  -0.386639577    *N5082  
*N5082  0.396799714     
GRID*   5083            0               -0.0114518515   -0.396905983    *N5083  
*N5083  0.360245078     
GRID*   5084            0               -0.0122232612   -0.394980171    *N5084  
*N5084  0.361163139     
GRID*   5085            0               -0.0123400052   -0.39741176     *N5085  
*N5085  0.36070221      
GRID*   5086            0               -0.00951761947  -0.395936652    *N5086  
*N5086  0.359430522     
GRID*   5087            0               -0.0101764963   -0.394019071    *N5087  
*N5087  0.360268485     
GRID*   5088            0               -0.010497029    -0.39641209     *N5088  
*N5088  0.359812901     
GRID*   5089            0               -0.00860595719  -0.3912871      *N5089  
*N5089  0.360596326     
GRID*   5090            0               -0.0093647742   -0.389492325    *N5090  
*N5090  0.361918694     
GRID*   5091            0               -0.0110123683   -0.392157931    *N5091  
*N5091  0.36144182      
GRID*   5092            0               -0.00982553128  -0.391705753    *N5092  
*N5092  0.360987399     
GRID*   5093            0               -0.0119686328   -0.3904037      *N5093  
*N5093  0.362957823     
GRID*   5094            0               -0.0121260212   -0.392640685    *N5094  
*N5094  0.36193449      
GRID*   5095            0               -0.00200522176  -0.385746987    *N5095  
*N5095  0.362255189     
GRID*   5096            0               -0.00447348178  -0.389161814    *N5096  
*N5096  0.360320032     
GRID*   5097            0               -0.00180384024  -0.3903658      *N5097  
*N5097  0.359271493     
GRID*   5098            0               0.000662758753  -0.386950299    *N5098  
*N5098  0.361230975     
GRID*   5099            0               -0.00188884506  -0.387994075    *N5099  
*N5099  0.360605792     
GRID*   5100            0               -0.00605765554  -0.387854532    *N5100  
*N5100  0.361573767     
GRID*   5101            0               -0.00700564094  -0.392629736    *N5101  
*N5101  0.359405001     
GRID*   5102            0               -0.00660607692  -0.390185223    *N5102  
*N5102  0.360362585     
GRID*   5103            0               -0.00437122839  -0.393860572    *N5103  
*N5103  0.358280464     
GRID*   5104            0               -0.00707499244  -0.394920397    *N5104  
*N5104  0.358703793     
GRID*   5105            0               0.00183070202   -0.391548395    *N5105  
*N5105  0.358741881     
GRID*   5106            0               -0.00124547499  -0.392664112    *N5106  
*N5106  0.358269495     
GRID*   5107            0               0.0115991329    -0.404765892    *N5107  
*N5107  0.360506178     
GRID*   5108            0               0.00980613856   -0.40602164     *N5108  
*N5108  0.35985436      
GRID*   5109            0               0.0114947505    -0.408901696    *N5109  
*N5109  0.361856079     
GRID*   5110            0               0.0115616374    -0.4068673      *N5110  
*N5110  0.361076138     
GRID*   5111            0               0.010075225     -0.402301732    *N5111  
*N5111  0.359300163     
GRID*   5112            0               0.0116752967    -0.402596318    *N5112  
*N5112  0.360189053     
GRID*   5113            0               0.00661580521   -0.401653241    *N5113  
*N5113  0.357903156     
GRID*   5114            0               0.00813240652   -0.403559273    *N5114  
*N5114  0.358610915     
GRID*   5115            0               0.00837356008   -0.401983713    *N5115  
*N5115  0.358529431     
GRID*   5116            0               0.00595161552   -0.404144095    *N5116  
*N5116  0.357996136     
GRID*   5117            0               0.007665765     -0.406634865    *N5117  
*N5117  0.359120045     
GRID*   5118            0               0.00791955462   -0.405104941    *N5118  
*N5118  0.358816181     
GRID*   5119            0               0.00463524143   -0.419222428    *N5119  
*N5119  0.367436531     
GRID*   5120            0               0.00411390858   -0.417389054    *N5120  
*N5120  0.364898417     
GRID*   5121            0               0.00211306877   -0.417702445    *N5121  
*N5121  0.364841823     
GRID*   5122            0               0.00338600655   -0.4185277      *N5122  
*N5122  0.366088442     
GRID*   5123            0               0.00624554775   -0.416530553    *N5123  
*N5123  0.364689598     
GRID*   5124            0               0.00547168953   -0.414813788    *N5124  
*N5124  0.362797868     
GRID*   5125            0               0.00334533126   -0.415679103    *N5125  
*N5125  0.363000948     
GRID*   5126            0               0.00480832279   -0.416148576    *N5126  
*N5126  0.363799001     
GRID*   5127            0               0.00238251075   -0.414254173    *N5127  
*N5127  0.361669819     
GRID*   5128            0               0.00136164765   -0.415962851    *N5128  
*N5128  0.362983726     
GRID*   5129            0               0.00187411632   -0.415127606    *N5129  
*N5129  0.362302675     
GRID*   5130            0               0.000836365938  -0.416756815    *N5130  
*N5130  0.363709969     
GRID*   5131            0               0.0117677417    -0.411289324    *N5131  
*N5131  0.363370121     
GRID*   5132            0               0.00992103013   -0.414457892    *N5132  
*N5132  0.364587056     
GRID*   5133            0               0.0114024558    -0.415050762    *N5133  
*N5133  0.366254122     
GRID*   5134            0               0.0116079811    -0.413248495    *N5134  
*N5134  0.364710103     
GRID*   5135            0               0.00864449881   -0.413850545    *N5135  
*N5135  0.363327703     
GRID*   5136            0               0.0075158384    -0.417131781    *N5136  
*N5136  0.365958288     
GRID*   5137            0               0.0081163049    -0.415558315    *N5137  
*N5137  0.364574013     
GRID*   5138            0               0.00627323265   -0.419810823    *N5138  
*N5138  0.369161342     
GRID*   5139            0               0.00914430468   -0.417685059    *N5139  
*N5139  0.36770291      
GRID*   5140            0               0.00692564717   -0.418551979    *N5140  
*N5140  0.367503958     
GRID*   5141            0               0.01101753      -0.418036955    *N5141  
*N5141  0.369942075     
GRID*   5142            0               0.0112303308    -0.416645911    *N5142  
*N5142  0.368018345     
GRID*   5143            0               -0.00176780548  -0.409534243    *N5143  
*N5143  0.358856432     
GRID*   5144            0               -0.00258667178  -0.406673289    *N5144  
*N5144  0.357919126     
GRID*   5145            0               -0.00401953082  -0.408111311    *N5145  
*N5145  0.358599321     
GRID*   5146            0               0.00206273345   -0.411931171    *N5146  
*N5146  0.360090524     
GRID*   5147            0               0.00159228275   -0.408890567    *N5147  
*N5147  0.358576067     
GRID*   5148            0               0.000148498031  -0.410793607    *N5148  
*N5148  0.359370873     
GRID*   5149            0               0.00446563913   -0.407659053    *N5149  
*N5149  0.35852969      
GRID*   5150            0               0.00360374006   -0.404800173    *N5150  
*N5150  0.357611129     
GRID*   5151            0               0.000739506673  -0.406047631    *N5151  
*N5151  0.357613232     
GRID*   5152            0               0.00264263622   -0.406887793    *N5152  
*N5152  0.357987844     
GRID*   5153            0               -0.000446267446 -0.403544954    *N5153  
*N5153  0.357119438     
GRID*   5154            0               -0.00144442919  -0.405128415    *N5154  
*N5154  0.357435299     
GRID*   5155            0               0.00819004082   -0.409773113    *N5155  
*N5155  0.36054035      
GRID*   5156            0               0.00848460039   -0.412174888    *N5156  
*N5156  0.362028534     
GRID*   5157            0               0.0100168764    -0.410598451    *N5157  
*N5157  0.361854373     
GRID*   5158            0               0.00498598723   -0.410782405    *N5158  
*N5158  0.359976125     
GRID*   5159            0               0.00632362726   -0.40879309     *N5159  
*N5159  0.359428715     
GRID*   5160            0               0.00531379101   -0.413150856    *N5160  
*N5160  0.36148543      
GRID*   5161            0               0.00370099731   -0.412587151    *N5161  
*N5161  0.360728623     
GRID*   5162            0               0.00700119615   -0.413551227    *N5162  
*N5162  0.362346714     
GRID*   5163            0               0.00303247956   -0.401352742    *N5163  
*N5163  0.357119739     
GRID*   5164            0               0.00444205652   -0.402610769    *N5164  
*N5164  0.357439179     
GRID*   5165            0               0.00483939962   -0.401506849    *N5165  
*N5165  0.357439745     
GRID*   5166            0               0.000661690186  -0.401977604    *N5166  
*N5166  0.356963435     
GRID*   5167            0               0.0012095032    -0.401189511    *N5167  
*N5167  0.356945201     
GRID*   5168            0               0.0020746859    -0.403249142    *N5168  
*N5168  0.357170456     
GRID*   5169            0               0.000263556811  -0.402767469    *N5169  
*N5169  0.35702315      
GRID*   5170            0               0.00400528944   -0.403738152    *N5170  
*N5170  0.357496125     
GRID*   5171            0               -0.00115786598  -0.42199919     *N5171  
*N5171  0.371891712     
GRID*   5172            0               0.00183325373   -0.422671196    *N5172  
*N5172  0.374148247     
GRID*   5173            0               0.00414239264   -0.421445787    *N5173  
*N5173  0.371425304     
GRID*   5174            0               0.00150099163   -0.421866968    *N5174  
*N5174  0.371602006     
GRID*   5175            0               -0.00636265986  -0.421405283    *N5175  
*N5175  0.372795512     
GRID*   5176            0               -0.00342690799  -0.422616452    *N5176  
*N5176  0.374680644     
GRID*   5177            0               -0.00378784775  -0.421844293    *N5177  
*N5177  0.372292568     
GRID*   5178            0               -0.00555993835  -0.422666158    *N5178  
*N5178  0.377370302     
GRID*   5179            0               -0.00259063166  -0.423351081    *N5179  
*N5179  0.379617219     
GRID*   5180            0               -0.000453180973 -0.423290636    *N5180  
*N5180  0.376930239     
GRID*   5181            0               -0.00302725118  -0.423120443    *N5181  
*N5181  0.377131684     
GRID*   5182            0               0.0024212757    -0.423365925    *N5182  
*N5182  0.379439886     
GRID*   5183            0               0.0047109027    -0.422766085    *N5183  
*N5183  0.376657005     
GRID*   5184            0               0.00214155774   -0.423172897    *N5184  
*N5184  0.376772167     
GRID*   5185            0               -0.00995991073  -0.419915505    *N5185  
*N5185  0.372681856     
GRID*   5186            0               -0.00789764914  -0.421527226    *N5186  
*N5186  0.375012271     
GRID*   5187            0               -0.00819018855  -0.420733089    *N5187  
*N5187  0.372713278     
GRID*   5188            0               -0.0115144267   -0.419799424    *N5188  
*N5188  0.375031065     
GRID*   5189            0               -0.0116196888   -0.418977671    *N5189  
*N5189  0.372688161     
GRID*   5190            0               -0.011306329    -0.420543772    *N5190  
*N5190  0.379926593     
GRID*   5191            0               -0.00957906714  -0.421260737    *N5191  
*N5191  0.377415212     
GRID*   5192            0               -0.0114361614   -0.420309197    *N5192  
*N5192  0.37746069      
GRID*   5193            0               -0.00721991776  -0.422341638    *N5193  
*N5193  0.379782524     
GRID*   5194            0               -0.00760146951  -0.422055886    *N5194  
*N5194  0.377382696     
GRID*   5195            0               0.000271376663  -0.42341562     *N5195  
*N5195  0.381953867     
GRID*   5196            0               0.00308173396   -0.422956895    *N5196  
*N5196  0.383911444     
GRID*   5197            0               0.00522160901   -0.422858858    *N5197  
*N5197  0.381394454     
GRID*   5198            0               0.00276488298   -0.42327204     *N5198  
*N5198  0.381683805     
GRID*   5199            0               -0.00474066487  -0.422877384    *N5199  
*N5199  0.382429669     
GRID*   5200            0               -0.0018735209   -0.422925493    *N5200  
*N5200  0.38476467      
GRID*   5201            0               -0.0022463171   -0.423284535    *N5201  
*N5201  0.382205025     
GRID*   5202            0               -0.00389698062  -0.421819246    *N5202  
*N5202  0.387722658     
GRID*   5203            0               0.000967830887  -0.422480609    *N5203  
*N5203  0.386717143     
GRID*   5204            0               -0.00147101791  -0.422279462    *N5204  
*N5204  0.387261903     
GRID*   5205            0               0.00573953807   -0.422111083    *N5205  
*N5205  0.385412631     
GRID*   5206            0               0.00337542412   -0.422423044    *N5206  
*N5206  0.386099348     
GRID*   5207            0               -0.00670548276  -0.421894277    *N5207  
*N5207  0.385161645     
GRID*   5208            0               -0.00881301451  -0.420320393    *N5208  
*N5208  0.387688869     
GRID*   5209            0               -0.00639520109  -0.421198057    *N5209  
*N5209  0.387755786     
GRID*   5210            0               -0.0092084979   -0.421434718    *N5210  
*N5210  0.382520759     
GRID*   5211            0               -0.00701110882  -0.422269102    *N5211  
*N5211  0.382489324     
GRID*   5212            0               -0.011154539    -0.419985826    *N5212  
*N5212  0.385057835     
GRID*   5213            0               -0.0112606708   -0.420412495    *N5213  
*N5213  0.382511445     
GRID*   5214            0               -0.0110741193   -0.419226331    *N5214  
*N5214  0.387519518     
GRID*   5215            0               -0.00765619257  -0.382793458    *N5215  
*N5215  0.367154674     
GRID*   5216            0               -0.00766454341  -0.381741153    *N5216  
*N5216  0.368743349     
GRID*   5217            0               -0.00990053897  -0.382630138    *N5217  
*N5217  0.369053708     
GRID*   5218            0               -0.00988483293  -0.383696782    *N5218  
*N5218  0.367473924     
GRID*   5219            0               -0.00879632306  -0.382675798    *N5219  
*N5219  0.368079959     
GRID*   5220            0               -0.0054946721   -0.381127715    *N5220  
*N5220  0.368510979     
GRID*   5221            0               -0.00529104498  -0.380150356    *N5221  
*N5221  0.370224174     
GRID*   5222            0               -0.00746898388  -0.380739986    *N5222  
*N5222  0.370444472     
GRID*   5223            0               -0.00649380931  -0.380898314    *N5223  
*N5223  0.369458431     
GRID*   5224            0               -0.00706440138  -0.379821895    *N5224  
*N5224  0.372238181     
GRID*   5225            0               -0.00933386413  -0.380637816    *N5225  
*N5225  0.372520358     
GRID*   5226            0               -0.00971994187  -0.381599193    *N5226  
*N5226  0.370744603     
GRID*   5227            0               -0.00841687919  -0.380652837    *N5227  
*N5227  0.371466788     
GRID*   5228            0               -0.0119840809   -0.382754221    *N5228  
*N5228  0.371133305     
GRID*   5229            0               -0.0121450097   -0.383816761    *N5229  
*N5229  0.369459368     
GRID*   5230            0               -0.0109646458   -0.382656057    *N5230  
*N5230  0.370073317     
GRID*   5231            0               0.0112413449    -0.382138089    *N5231  
*N5231  0.388587477     
GRID*   5232            0               0.00902100095   -0.379795922    *N5232  
*N5232  0.385263412     
GRID*   5233            0               0.0110956306    -0.380524623    *N5233  
*N5233  0.383932731     
GRID*   5234            0               0.0111907577    -0.381200941    *N5234  
*N5234  0.386306591     
GRID*   5235            0               0.0068483889    -0.379297221    *N5235  
*N5235  0.386432907     
GRID*   5236            0               0.00424548182   -0.37788948     *N5236  
*N5236  0.382976972     
GRID*   5237            0               0.00644577162   -0.378292768    *N5237  
*N5237  0.381825465     
GRID*   5238            0               0.0066817248    -0.378680587    *N5238  
*N5238  0.384151101     
GRID*   5239            0               0.00365431608   -0.377642788    *N5239  
*N5239  0.378462057     
GRID*   5240            0               0.00594871431   -0.378266784    *N5240  
*N5240  0.377111482     
GRID*   5241            0               0.00871527067   -0.379012498    *N5241  
*N5241  0.380478348     
GRID*   5242            0               0.00623035159   -0.378162483    *N5242  
*N5242  0.379465621     
GRID*   5243            0               0.0109341121    -0.380075379    *N5243  
*N5243  0.379017672     
GRID*   5244            0               0.011037247     -0.380161981    *N5244  
*N5244  0.381487205     
GRID*   5245            0               0.0111799318    -0.419912947    *N5245  
*N5245  0.37472136      
GRID*   5246            0               0.00919629545   -0.421379909    *N5246  
*N5246  0.377019802     
GRID*   5247            0               0.0112696658    -0.420563774    *N5247  
*N5247  0.379836186     
GRID*   5248            0               0.0112549282    -0.420385469    *N5248  
*N5248  0.377258174     
GRID*   5249            0               0.00892846966   -0.420102022    *N5249  
*N5249  0.371893043     
GRID*   5250            0               0.0111286022    -0.419110095    *N5250  
*N5250  0.372273646     
GRID*   5251            0               0.00678600176   -0.421697467    *N5251  
*N5251  0.374170928     
GRID*   5252            0               0.00657496357   -0.420893118    *N5252  
*N5252  0.371608817     
GRID*   5253            0               0.00709886651   -0.422376824    *N5253  
*N5253  0.379514938     
GRID*   5254            0               0.00699041268   -0.422186212    *N5254  
*N5254  0.376821146     
GRID*   5255            0               -0.0120818554   -0.386745854    *N5255  
*N5255  0.365815393     
GRID*   5256            0               -0.0110291503   -0.385064108    *N5256  
*N5256  0.366704202     
GRID*   5257            0               -0.0121379751   -0.385185726    *N5257  
*N5257  0.367557917     
GRID*   5258            0               -0.0108519702   -0.388182486    *N5258  
*N5258  0.363672811     
GRID*   5259            0               -0.0120492502   -0.388503771    *N5259  
*N5259  0.364286779     
GRID*   5260            0               -0.00825566524  -0.387630101    *N5260  
*N5260  0.362610818     
GRID*   5261            0               -0.00970532796  -0.386367346    *N5261  
*N5261  0.364427549     
GRID*   5262            0               -0.00957275146  -0.387883826    *N5262  
*N5262  0.363108646     
GRID*   5263            0               -0.00859995704  -0.38494183     *N5263  
*N5263  0.365144169     
GRID*   5264            0               -0.00983367165  -0.38497295     *N5264  
*N5264  0.365896276     
GRID*   5265            0               -0.00600135442  -0.382936661    *N5265  
*N5265  0.36612104      
GRID*   5266            0               -0.00379543332  -0.383144965    *N5266  
*N5266  0.365118183     
GRID*   5267            0               -0.003303217    -0.38127698     *N5267  
*N5267  0.367469682     
GRID*   5268            0               -0.00466243806  -0.382056812    *N5268  
*N5268  0.366756166     
GRID*   5269            0               -0.00693418726  -0.385112976    *N5269  
*N5269  0.364130723     
GRID*   5270            0               -0.00732045326  -0.383896331    *N5270  
*N5270  0.365589939     
GRID*   5271            0               -0.00472647626  -0.385354788    *N5271  
*N5271  0.363120663     
GRID*   5272            0               -0.00651867884  -0.386438617    *N5272  
*N5272  0.362789637     
GRID*   5273            0               -0.00107403652  -0.383532501    *N5273  
*N5273  0.364253765     
GRID*   5274            0               -0.00290672604  -0.384378349    *N5274  
*N5274  0.363615018     
GRID*   5275            0               0.0113884646    -0.381187793    *N5275  
*N5275  0.37410051      
GRID*   5276            0               0.00995054751   -0.381658245    *N5276  
*N5276  0.370870749     
GRID*   5277            0               0.0117865459    -0.38348635     *N5277  
*N5277  0.36957811      
GRID*   5278            0               0.0116178514    -0.382205309    *N5278  
*N5278  0.371778761     
GRID*   5279            0               0.00904395758   -0.379608892    *N5279  
*N5279  0.375578841     
GRID*   5280            0               0.0111873355    -0.380489131    *N5280  
*N5280  0.376534338     
GRID*   5281            0               0.00437733086   -0.378588235    *N5281  
*N5281  0.373779398     
GRID*   5282            0               0.00746411179   -0.379954953    *N5282  
*N5282  0.37226068      
GRID*   5283            0               0.00675118282   -0.378966304    *N5283  
*N5283  0.374649468     
GRID*   5284            0               0.00632241068   -0.380979986    *N5284  
*N5284  0.369206475     
GRID*   5285            0               0.00876066182   -0.382793994    *N5285  
*N5285  0.367880208     
GRID*   5286            0               0.00816730743   -0.381244148    *N5286  
*N5286  0.370002079     
GRID*   5287            0               -0.00478548094  -0.378867941    *N5287  
*N5287  0.386861459     
GRID*   5288            0               -0.00309710555  -0.377781269    *N5288  
*N5288  0.383522916     
GRID*   5289            0               -0.000268503908 -0.377854613    *N5289  
*N5289  0.385024283     
GRID*   5290            0               -0.00195467342  -0.378953637    *N5290  
*N5290  0.388357198     
GRID*   5291            0               -0.00254121251  -0.378231722    *N5291  
*N5291  0.385976595     
GRID*   5292            0               -0.00599055657  -0.378168951    *N5292  
*N5292  0.381871814     
GRID*   5293            0               -0.0040826643   -0.377712502    *N5293  
*N5293  0.378510275     
GRID*   5294            0               -0.00118933123  -0.377331206    *N5294  
*N5294  0.380161949     
GRID*   5295            0               -0.00361210437  -0.377607097    *N5295  
*N5295  0.381022877     
GRID*   5296            0               0.00084177408   -0.377518296    *N5296  
*N5296  0.376945655     
GRID*   5297            0               0.00162740691   -0.377418419    *N5297  
*N5297  0.381675855     
GRID*   5298            0               0.00124095158   -0.377343767    *N5298  
*N5298  0.379307054     
GRID*   5299            0               0.0023530011    -0.378308053    *N5299  
*N5299  0.386326079     
GRID*   5300            0               0.00200075147   -0.377741116    *N5300  
*N5300  0.384022682     
GRID*   5301            0               -0.00248007552  -0.379339146    *N5301  
*N5301  0.370840324     
GRID*   5302            0               -0.00225585203  -0.378371871    *N5302  
*N5302  0.373421043     
GRID*   5303            0               -0.00508750579  -0.379064453    *N5303  
*N5303  0.372752814     
GRID*   5304            0               -0.00379108817  -0.379148707    *N5304  
*N5304  0.371776851     
GRID*   5305            0               0.00138579051   -0.378047252    *N5305  
*N5305  0.374339237     
GRID*   5306            0               -0.00279937568  -0.377819214    *N5306  
*N5306  0.376014826     
GRID*   5307            0               -0.000709300517 -0.377824701    *N5307  
*N5307  0.375156162     
GRID*   5308            0               -0.0068931039   -0.378463204    *N5308  
*N5308  0.37779272      
GRID*   5309            0               -0.00562713617  -0.378495892    *N5309  
*N5309  0.37529305      
GRID*   5310            0               -0.00486885517  -0.378033986    *N5310  
*N5310  0.376891032     
GRID*   5311            0               -0.00761129521  -0.37922729     *N5311  
*N5311  0.374766021     
GRID*   5312            0               -0.00636348048  -0.379093028    *N5312  
*N5312  0.373744679     
GRID*   5313            0               0.00753846207   -0.421893948    *N5313  
*N5313  0.38384601      
GRID*   5314            0               0.00941498006   -0.421402362    *N5314  
*N5314  0.381966961     
GRID*   5315            0               0.00735182627   -0.422233714    *N5315  
*N5315  0.381688076     
GRID*   5316            0               0.00787606581   -0.420584173    *N5316  
*N5316  0.38801104      
GRID*   5317            0               0.00967534374   -0.420362       *N5317  
*N5317  0.386443313     
GRID*   5318            0               0.00774179002   -0.421333416    *N5318  
*N5318  0.3859554       
GRID*   5319            0               0.0115277374    -0.41824393     *N5319  
*N5319  0.389072786     
GRID*   5320            0               0.0114053853    -0.419955542    *N5320  
*N5320  0.384594342     
GRID*   5321            0               0.0114880059    -0.419222508    *N5321  
*N5321  0.386881053     
GRID*   5322            0               0.0113586046    -0.420390388    *N5322  
*N5322  0.382230803     
GRID*   5323            0               -0.00943147473  -0.400935085    *N5323  
*N5323  0.401080108     
GRID*   5324            0               -0.00946013484  -0.403163389    *N5324  
*N5324  0.400892093     
GRID*   5325            0               -0.0114458357   -0.401768011    *N5325  
*N5325  0.400018276     
GRID*   5326            0               -0.0104559539   -0.401339977    *N5326  
*N5326  0.400576673     
GRID*   5327            0               -0.00660775931  -0.404269599    *N5327  
*N5327  0.401793892     
GRID*   5328            0               -0.00729562289  -0.407033132    *N5328  
*N5328  0.400889841     
GRID*   5329            0               -0.0101576278   -0.405921788    *N5329  
*N5329  0.399998561     
GRID*   5330            0               -0.00842997927  -0.405079995    *N5330  
*N5330  0.400991501     
GRID*   5331            0               -0.0113735924   -0.409040142    *N5331  
*N5331  0.398154871     
GRID*   5332            0               -0.0120407766   -0.404514604    *N5332  
*N5332  0.399279516     
GRID*   5333            0               -0.0117320505   -0.406802829    *N5333  
*N5333  0.398840721     
GRID*   5334            0               -0.0123418958   -0.402320014    *N5334  
*N5334  0.399431962     
GRID*   5335            0               -0.00448209014  -0.413297908    *N5335  
*N5335  0.39863236      
GRID*   5336            0               -0.00425157121  -0.410785255    *N5336  
*N5336  0.400191103     
GRID*   5337            0               -0.00101978778  -0.411410936    *N5337  
*N5337  0.400281255     
GRID*   5338            0               -0.00276353653  -0.41241203     *N5338  
*N5338  0.399536735     
GRID*   5339            0               -0.00798021482  -0.412541521    *N5339  
*N5339  0.397958554     
GRID*   5340            0               -0.00625281528  -0.414009422    *N5340  
*N5340  0.397586811     
GRID*   5341            0               -0.00777025684  -0.410003473    *N5341  
*N5341  0.399519386     
GRID*   5342            0               -0.00971659172  -0.410860199    *N5342  
*N5342  0.398159903     
GRID*   5343            0               -0.00377308152  -0.407814466    *N5343  
*N5343  0.401549931     
GRID*   5344            0               -0.00577711994  -0.408985138    *N5344  
*N5344  0.40065261      
GRID*   5345            0               0.000116984565  -0.395779882    *N5345  
*N5345  0.402632959     
GRID*   5346            0               -0.00202112461  -0.398600966    *N5346  
*N5346  0.402940979     
GRID*   5347            0               -0.00480005809  -0.398265982    *N5347  
*N5347  0.402494786     
GRID*   5348            0               -0.00246081415  -0.397090576    *N5348  
*N5348  0.402728883     
GRID*   5349            0               3.92303097E-05  -0.398850662    *N5349  
*N5349  0.40304795      
GRID*   5350            0               -0.00129650265  -0.401796463    *N5350  
*N5350  0.403021272     
GRID*   5351            0               -0.00335104045  -0.401552276    *N5351  
*N5351  0.402826581     
GRID*   5352            0               -0.00166367611  -0.400198747    *N5352  
*N5352  0.403039134     
GRID*   5353            0               -0.00385421897  -0.404551379    *N5353  
*N5353  0.402394666     
GRID*   5354            0               -0.00611210366  -0.401268299    *N5354  
*N5354  0.40225979      
GRID*   5355            0               -0.0049877207   -0.402893224    *N5355  
*N5355  0.402416879     
GRID*   5356            0               -0.00717523023  -0.399551296    *N5356  
*N5356  0.401940961     
GRID*   5357            0               -0.0105520274   -0.38084307     *N5357  
*N5357  0.373691973     
GRID*   5358            0               -0.011797384    -0.381091723    *N5358  
*N5358  0.375350034     
GRID*   5359            0               -0.0119079298   -0.38181101     *N5359  
*N5359  0.373198482     
GRID*   5360            0               -0.00882308158  -0.379440912    *N5360  
*N5360  0.375940458     
GRID*   5361            0               -0.00910678396  -0.379975074    *N5361  
*N5361  0.374212177     
GRID*   5362            0               -0.00825537496  -0.378831527    *N5362  
*N5362  0.379490322     
GRID*   5363            0               -0.0101904368   -0.379804416    *N5363  
*N5363  0.377636331     
GRID*   5364            0               -0.00856602958  -0.379069718    *N5364  
*N5364  0.377708229     
GRID*   5365            0               -0.011624815    -0.38043893     *N5365  
*N5365  0.379828603     
GRID*   5366            0               -0.0117276988   -0.380646865    *N5366  
*N5366  0.377574155     
GRID*   5367            0               -0.00922402681  -0.380492557    *N5367  
*N5367  0.387226413     
GRID*   5368            0               -0.0074831738   -0.379036133    *N5368  
*N5368  0.384604053     
GRID*   5369            0               -0.007041277    -0.379570935    *N5369  
*N5369  0.387083816     
GRID*   5370            0               -0.0113890681   -0.380899522    *N5370  
*N5370  0.384861119     
GRID*   5371            0               -0.0112695993   -0.381596002    *N5371  
*N5371  0.387281194     
GRID*   5372            0               -0.00978639124  -0.379594577    *N5372  
*N5372  0.382229559     
GRID*   5373            0               -0.0115361273   -0.380526755    *N5373  
*N5373  0.382362601     
GRID*   5374            0               -0.00791893298  -0.378797775    *N5374  
*N5374  0.382060189     
GRID*   5375            0               0.000830687607  -0.401753356    *N5375  
*N5375  0.403045355     
GRID*   5376            0               0.000642157561  -0.404804255    *N5376  
*N5376  0.402667161     
GRID*   5377            0               -0.00148661112  -0.404846029    *N5377  
*N5377  0.402619302     
GRID*   5378            0               -0.000328970063 -0.403310253    *N5378  
*N5378  0.402913581     
GRID*   5379            0               0.00247636092   -0.404434485    *N5379  
*N5379  0.402609745     
GRID*   5380            0               0.0025838071    -0.4076798      *N5380  
*N5380  0.401770128     
GRID*   5381            0               0.000745110874  -0.408040827    *N5381  
*N5381  0.401786982     
GRID*   5382            0               0.00154333302   -0.406275971    *N5382  
*N5382  0.402286792     
GRID*   5383            0               0.00112596597   -0.411343521    *N5383  
*N5383  0.400312103     
GRID*   5384            0               -0.00139864102  -0.40809673     *N5384  
*N5384  0.40173509      
GRID*   5385            0               -0.000138162275 -0.409766139    *N5385  
*N5385  0.401115548     
GRID*   5386            0               -0.00257960219  -0.406377108    *N5386  
*N5386  0.402163705     
GRID*   5387            0               0.00187794194   -0.384112257    *N5387  
*N5387  0.363727546     
GRID*   5388            0               0.00266826239   -0.381872653    *N5388  
*N5388  0.366463834     
GRID*   5389            0               -0.000288326603 -0.381305884    *N5389  
*N5389  0.367002246     
GRID*   5390            0               0.000800929624  -0.38261139     *N5390  
*N5390  0.36528491      
GRID*   5391            0               0.00544589647   -0.38295398     *N5391  
*N5391  0.365872417     
GRID*   5392            0               0.00352729823   -0.379957438    *N5392  
*N5392  0.369837823     
GRID*   5393            0               0.00451775124   -0.381328387    *N5393  
*N5393  0.367774064     
GRID*   5394            0               0.000540785497  -0.379400429    *N5394  
*N5394  0.370390859     
GRID*   5395            0               0.00247415968   -0.378858014    *N5395  
*N5395  0.372035618     
GRID*   5396            0               -0.00139013881  -0.380211121    *N5396  
*N5396  0.36886058      
GRID*   5397            0               0.00816151515   -0.418841133    *N5397  
*N5397  0.391266068     
GRID*   5398            0               0.009873169     -0.418504119    *N5398  
*N5398  0.39041016      
GRID*   5399            0               0.00804309418   -0.419775489    *N5399  
*N5399  0.389670009     
GRID*   5400            0               0.00844829657   -0.41658951     *N5400  
*N5400  0.394146945     
GRID*   5401            0               0.0100971916    -0.416019062    *N5401  
*N5401  0.393700425     
GRID*   5402            0               0.00832711743   -0.417771033    *N5402  
*N5402  0.39274819      
GRID*   5403            0               0.0117884381    -0.412309309    *N5403  
*N5403  0.395900034     
GRID*   5404            0               0.0116272694    -0.415670336    *N5404  
*N5404  0.392854317     
GRID*   5405            0               0.0117211978    -0.414067627    *N5405  
*N5405  0.394471334     
GRID*   5406            0               0.0115922863    -0.417057012    *N5406  
*N5406  0.391035074     
GRID*   5407            0               0.0110555469    -0.383515226    *N5407  
*N5407  0.391237851     
GRID*   5408            0               0.00673624472   -0.381653851    *N5408  
*N5408  0.391696791     
GRID*   5409            0               0.00691449591   -0.380296919    *N5409  
*N5409  0.389036918     
GRID*   5410            0               0.00905301701   -0.381762877    *N5410  
*N5410  0.390213252     
GRID*   5411            0               0.00630907079   -0.383334592    *N5411  
*N5411  0.394232972     
GRID*   5412            0               0.00182136764   -0.382233308    *N5412  
*N5412  0.394151464     
GRID*   5413            0               0.00224723044   -0.38055847     *N5413  
*N5413  0.391613511     
GRID*   5414            0               0.00431158278   -0.381809458    *N5414  
*N5414  0.393015837     
GRID*   5415            0               -0.00213892926  -0.380221284    *N5415  
*N5415  0.391038769     
GRID*   5416            0               0.00243023997   -0.37924391     *N5416  
*N5416  0.388951188     
GRID*   5417            0               0.000149482266  -0.379604571    *N5417  
*N5417  0.390056728     
GRID*   5418            0               0.00466899397   -0.379141466    *N5418  
*N5418  0.387738556     
GRID*   5419            0               0.0114169363    -0.386911617    *N5419  
*N5419  0.394877066     
GRID*   5420            0               0.00918803543   -0.385039064    *N5420  
*N5420  0.394602454     
GRID*   5421            0               0.0112616095    -0.385107566    *N5421  
*N5421  0.393150194     
GRID*   5422            0               0.0117611335    -0.391135389    *N5422  
*N5422  0.397591269     
GRID*   5423            0               0.00994373914   -0.389116873    *N5423  
*N5423  0.397533485     
GRID*   5424            0               0.011615672     -0.388941478    *N5424  
*N5424  0.396352016     
GRID*   5425            0               0.00866227569   -0.391743434    *N5425  
*N5425  0.399586701     
GRID*   5426            0               0.00632257094   -0.389774028    *N5426  
*N5426  0.399512146     
GRID*   5427            0               0.00756760356   -0.387192062    *N5427  
*N5427  0.397375032     
GRID*   5428            0               0.00816049594   -0.389393576    *N5428  
*N5428  0.398597713     
GRID*   5429            0               0.004689535     -0.385491865    *N5429  
*N5429  0.397010755     
GRID*   5430            0               0.00697958552   -0.385167824    *N5430  
*N5430  0.395902081     
GRID*   5431            0               -0.00426556652  -0.382516731    *N5431  
*N5431  0.393985837     
GRID*   5432            0               -0.00396920874  -0.384520154    *N5432  
*N5432  0.396299874     
GRID*   5433            0               -0.00527680753  -0.383890972    *N5433  
*N5433  0.395271454     
GRID*   5434            0               -0.00144101387  -0.382092151    *N5434  
*N5434  0.394012713     
GRID*   5435            0               -0.00321568761  -0.38128644     *N5435  
*N5435  0.392567465     
GRID*   5436            0               0.00208372756   -0.384312015    *N5436  
*N5436  0.396445206     
GRID*   5437            0               -0.00117348941  -0.384119999    *N5437  
*N5437  0.396346085     
GRID*   5438            0               0.000326412428  -0.383106943    *N5438  
*N5438  0.395311879     
GRID*   5439            0               -0.0013409775   -0.386077592    *N5439  
*N5439  0.398074302     
GRID*   5440            0               -0.0026604151   -0.38525463     *N5440  
*N5440  0.397238038     
GRID*   5441            0               0.000385886989  -0.389658246    *N5441  
*N5441  0.400446902     
GRID*   5442            0               0.00295334247   -0.390938352    *N5442  
*N5442  0.400865402     
GRID*   5443            0               0.0019019068    -0.393668135    *N5443  
*N5443  0.40201533      
GRID*   5444            0               0.00117413646   -0.391620749    *N5444  
*N5444  0.401334389     
GRID*   5445            0               0.00131320935   -0.386925273    *N5445  
*N5445  0.398716763     
GRID*   5446            0               -0.000468651174 -0.387804964    *N5446  
*N5446  0.399358601     
GRID*   5447            0               0.00390380963   -0.388167677    *N5447  
*N5447  0.399202618     
GRID*   5448            0               0.00301590743   -0.38615293     *N5448  
*N5448  0.397931405     
GRID*   5449            0               0.00534685587   -0.392595284    *N5449  
*N5449  0.401073859     
GRID*   5450            0               0.00465941035   -0.39032015     *N5450  
*N5450  0.400255777     
GRID*   5451            0               0.00668723166   -0.416122381    *N5451  
*N5451  0.395546629     
GRID*   5452            0               0.00910512048   -0.414568624    *N5452  
*N5452  0.395810025     
GRID*   5453            0               0.00757779306   -0.416374287    *N5453  
*N5453  0.394866378     
GRID*   5454            0               0.00485135978   -0.415540805    *N5454  
*N5454  0.396757993     
GRID*   5455            0               0.00682655591   -0.414496556    *N5455  
*N5455  0.396979259     
GRID*   5456            0               0.00577642973   -0.415848445    *N5456  
*N5456  0.396173694     
GRID*   5457            0               0.00641556445   -0.413223288    *N5457  
*N5457  0.398111152     
GRID*   5458            0               0.00874632555   -0.41153855     *N5458  
*N5458  0.398249507     
GRID*   5459            0               0.00917899495   -0.412845034    *N5459  
*N5459  0.397160337     
GRID*   5460            0               0.00781461063   -0.413056552    *N5460  
*N5460  0.397673527     
GRID*   5461            0               0.0117766134    -0.410487572    *N5461  
*N5461  0.397121982     
GRID*   5462            0               0.0105065213    -0.412599305    *N5462  
*N5462  0.396565022     
GRID*   5463            0               0.00431017688   -0.407400838    *N5463  
*N5463  0.401587511     
GRID*   5464            0               0.00448652759   -0.410624379    *N5464  
*N5464  0.400222343     
GRID*   5465            0               0.00275934191   -0.410897095    *N5465  
*N5465  0.400391347     
GRID*   5466            0               0.00352044177   -0.409192943    *N5466  
*N5466  0.40106895      
GRID*   5467            0               0.00625396435   -0.410525725    *N5467  
*N5467  0.399798172     
GRID*   5468            0               0.00465744694   -0.413338251    *N5468  
*N5468  0.398561246     
GRID*   5469            0               0.00545829486   -0.411968673    *N5469  
*N5469  0.399234938     
GRID*   5470            0               0.00294197826   -0.413605661    *N5470  
*N5470  0.398723389     
GRID*   5471            0               0.00390571691   -0.41461172     *N5471  
*N5471  0.397787141     
GRID*   5472            0               0.00203579803   -0.412507607    *N5472  
*N5472  0.399567099     
GRID*   5473            0               0.0120301373    -0.408573588    *N5473  
*N5473  0.397946539     
GRID*   5474            0               0.0106201273    -0.405542639    *N5474  
*N5474  0.399858906     
GRID*   5475            0               0.0118588302    -0.404601835    *N5475  
*N5475  0.399373248     
GRID*   5476            0               0.0119584619    -0.406620075    *N5476  
*N5476  0.39875942      
GRID*   5477            0               0.00933760412   -0.405729173    *N5477  
*N5477  0.400445515     
GRID*   5478            0               0.00763192413   -0.40327014     *N5478  
*N5478  0.401613099     
GRID*   5479            0               0.00895353897   -0.403102099    *N5479  
*N5479  0.401122093     
GRID*   5480            0               0.00916337495   -0.404420973    *N5480  
*N5480  0.400820046     
GRID*   5481            0               0.0071690979    -0.401359093    *N5481  
*N5481  0.401938418     
GRID*   5482            0               0.0103386829    -0.402140153    *N5482  
*N5482  0.400583817     
GRID*   5483            0               0.00877964758   -0.401753829    *N5483  
*N5483  0.401323577     
GRID*   5484            0               0.0118024876    -0.402513509    *N5484  
*N5484  0.399744477     
GRID*   5485            0               0.00925565882   -0.409616608    *N5485  
*N5485  0.399052478     
GRID*   5486            0               0.00945685491   -0.407661104    *N5486  
*N5486  0.399785203     
GRID*   5487            0               0.0106695112    -0.409114583    *N5487  
*N5487  0.398542588     
GRID*   5488            0               0.00673493362   -0.408569948    *N5488  
*N5488  0.400530529     
GRID*   5489            0               0.00777554801   -0.410093185    *N5489  
*N5489  0.399472879     
GRID*   5490            0               0.00444511427   -0.405386704    *N5490  
*N5490  0.402112977     
GRID*   5491            0               0.00689700839   -0.406586502    *N5491  
*N5491  0.40116054      
GRID*   5492            0               0.00561824505   -0.407000885    *N5492  
*N5492  0.401411998     
GRID*   5493            0               0.00672764695   -0.404620111    *N5493  
*N5493  0.401691921     
GRID*   5494            0               0.00813496897   -0.406163013    *N5494  
*N5494  0.400837945     
GRID*   5495            0               0.00403923045   -0.401562065    *N5495  
*N5495  0.402714406     
GRID*   5496            0               0.00311852411   -0.402915569    *N5496  
*N5496  0.402749873     
GRID*   5497            0               0.00244065077   -0.401660268    *N5497  
*N5497  0.402936106     
GRID*   5498            0               0.00599944512   -0.402522824    *N5498  
*N5498  0.402206086     
GRID*   5499            0               0.00561775848   -0.401462739    *N5499  
*N5499  0.402381273     
GRID*   5500            0               0.00508845008   -0.403870602    *N5500  
*N5500  0.402263706     
GRID*   5501            0               0.00637322969   -0.403580622    *N5501  
*N5501  0.40197443      
GRID*   5502            0               0.00382999241   -0.404115472    *N5502  
*N5502  0.40247524      
GRID*   5503            0               0.0117654957    -0.395627644    *N5503  
*N5503  0.399297869     
GRID*   5504            0               0.0103065411    -0.393564981    *N5504  
*N5504  0.399510708     
GRID*   5505            0               0.0117871827    -0.393333448    *N5505  
*N5505  0.398567072     
GRID*   5506            0               0.0102720234    -0.398082757    *N5506  
*N5506  0.4005603       
GRID*   5507            0               0.0117684631    -0.397997627    *N5507  
*N5507  0.399731748     
GRID*   5508            0               0.00703279133   -0.398289239    *N5508  
*N5508  0.40190193      
GRID*   5509            0               0.00870131875   -0.395979948    *N5509  
*N5509  0.400937053     
GRID*   5510            0               0.00867751526   -0.398179598    *N5510  
*N5510  0.401292734     
GRID*   5511            0               0.00708558119   -0.394138575    *N5511  
*N5511  0.401076031     
GRID*   5512            0               0.00871978954   -0.393824433    *N5512  
*N5512  0.400355274     
GRID*   5513            0               0.00185890161   -0.396995774    *N5513  
*N5513  0.402772038     
GRID*   5514            0               0.0035751489    -0.398546099    *N5514  
*N5514  0.402746238     
GRID*   5515            0               0.00181258668   -0.398693141    *N5515  
*N5515  0.402965434     
GRID*   5516            0               0.00364390966   -0.394888286    *N5516  
*N5516  0.40213488      
GRID*   5517            0               0.00195763672   -0.395352388    *N5517  
*N5517  0.402456609     
GRID*   5518            0               0.00537506588   -0.396438026    *N5518  
*N5518  0.402113829     
GRID*   5519            0               0.00538626394   -0.394490518    *N5519  
*N5519  0.401672014     
GRID*   5520            0               0.00531986763   -0.398411545    *N5520  
*N5520  0.402390959     
GRID*   5521            0               0.00410111383   -0.392357908    *N5521  
*N5521  0.358736989     
GRID*   5522            0               0.00528191324   -0.38872297     *N5522  
*N5522  0.360781302     
GRID*   5523            0               0.00301310075   -0.387918196    *N5523  
*N5523  0.360797506     
GRID*   5524            0               0.00356693131   -0.390066596    *N5524  
*N5524  0.359650362     
GRID*   5525            0               0.00737110077   -0.38929992     *N5525  
*N5525  0.361130313     
GRID*   5526            0               0.00852821422   -0.386487948    *N5526  
*N5526  0.363649637     
GRID*   5527            0               0.00646456843   -0.385869723    *N5527  
*N5527  0.363246183     
GRID*   5528            0               0.00693202765   -0.387526522    *N5528  
*N5528  0.362116193     
GRID*   5529            0               0.00766766013   -0.383798962    *N5529  
*N5529  0.365885379     
GRID*   5530            0               0.00422869231   -0.385053751    *N5530  
*N5530  0.363260203     
GRID*   5531            0               0.00597674783   -0.384348637    *N5531  
*N5531  0.364500251     
GRID*   5532            0               0.00246603749   -0.385931512    *N5532  
*N5532  0.362162077     
GRID*   5533            0               0.0119931433    -0.386440789    *N5533  
*N5533  0.366038806     
GRID*   5534            0               0.0109741581    -0.38760014     *N5534  
*N5534  0.364209451     
GRID*   5535            0               0.0121775248    -0.390128406    *N5535  
*N5535  0.36327241      
GRID*   5536            0               0.0121073621    -0.388211593    *N5536  
*N5536  0.364557704     
GRID*   5537            0               0.0105671707    -0.384446371    *N5537  
*N5537  0.367060656     
GRID*   5538            0               0.0119108269    -0.384868705    *N5538  
*N5538  0.367731296     
GRID*   5539            0               0.00944939081   -0.385489933    *N5539  
*N5539  0.365100036     
GRID*   5540            0               0.00913845062   -0.384082914    *N5540  
*N5540  0.366440818     
GRID*   5541            0               0.0100148743    -0.388647048    *N5541  
*N5541  0.362819185     
GRID*   5542            0               0.00976763402   -0.387020085    *N5542  
*N5542  0.363900895     
GRID*   5543            0               0.00418175165   -0.39790225     *N5543  
*N5543  0.357419384     
GRID*   5544            0               0.00301958842   -0.396294795    *N5544  
*N5544  0.357469146     
GRID*   5545            0               0.00240083178   -0.398337556    *N5545  
*N5545  0.35711786      
GRID*   5546            0               0.00767071197   -0.397114506    *N5546  
*N5546  0.358459905     
GRID*   5547            0               0.00655944756   -0.394646209    *N5547  
*N5547  0.358611275     
GRID*   5548            0               0.00594589729   -0.397497553    *N5548  
*N5548  0.357867849     
GRID*   5549            0               0.00866373342   -0.390827942    *N5549  
*N5549  0.360844703     
GRID*   5550            0               0.00532388524   -0.393058331    *N5550  
*N5550  0.358754621     
GRID*   5551            0               0.0070326217    -0.391905484    *N5551  
*N5551  0.35970233      
GRID*   5552            0               0.00362746244   -0.394336957    *N5552  
*N5552  0.358007023     
GRID*   5553            0               0.0120279702    -0.395070537    *N5553  
*N5553  0.361012247     
GRID*   5554            0               0.0105794167    -0.397510301    *N5554  
*N5554  0.359669344     
GRID*   5555            0               0.0119159933    -0.39771338     *N5555  
*N5555  0.360393849     
GRID*   5556            0               0.0110535752    -0.391948982    *N5556  
*N5556  0.361560673     
GRID*   5557            0               0.0121482181    -0.392534516    *N5557  
*N5557  0.361995418     
GRID*   5558            0               0.00955191031   -0.394272463    *N5558  
*N5558  0.359879754     
GRID*   5559            0               0.00988363027   -0.391374869    *N5559  
*N5559  0.361172604     
GRID*   5560            0               0.00914644743   -0.397306619    *N5560  
*N5560  0.359014684     
CQUAD9  5935    1       3       24      398     397     36      402     +E5935  
+E5935  403     404     405     
CQUAD9  5937    1       24      23      22      398     35      34      +E5937  
+E5937  406     402     407     
CQUAD9  5939    1       398     22      21      396     406     33      +E5939  
+E5939  408     409     410     
CQUAD9  5941    1       397     398     396     395     403     409     +E5941  
+E5941  411     412     413     
CQUAD9  5943    1       17      399     400     18      414     415     +E5943  
+E5943  416     29      417     
CQUAD9  5945    1       399     395     396     400     418     411     +E5945  
+E5945  419     415     420     
CQUAD9  5947    1       400     396     21      20      419     408     +E5947  
+E5947  32      421     422     
CQUAD9  5949    1       18      400     20      19      416     421     +E5949  
+E5949  31      30      423     
CQUAD9  5951    1       3       397     401     14      404     424     +E5951  
+E5951  425     25      426     
CQUAD9  5953    1       397     395     399     401     412     418     +E5953  
+E5953  427     424     428     
CQUAD9  5955    1       401     399     17      16      427     414     +E5955  
+E5955  28      429     430     
CQUAD9  5957    1       14      401     16      15      425     429     +E5957  
+E5957  27      26      431     
CQUAD9  5959    2       92      93      617     616     144     1223    +E5959  
+E5959  1224    1225    1226    
CQUAD9  5961    2       93      94      614     617     145     1227    +E5961  
+E5961  1228    1223    1229    
CQUAD9  5963    2       617     614     469     615     1228    1230    +E5963  
+E5963  1231    1232    1233    
CQUAD9  5965    2       616     617     615     444     1224    1232    +E5965  
+E5965  1234    1235    1236    
CQUAD9  5967    2       496     618     622     621     1237    1238    +E5967  
+E5967  1239    1240    1241    
CQUAD9  5969    2       618     494     619     622     1242    1243    +E5969  
+E5969  1244    1238    1245    
CQUAD9  5971    2       622     619     488     620     1244    1246    +E5971  
+E5971  1247    1248    1249    
CQUAD9  5973    2       621     622     620     469     1239    1248    +E5973  
+E5973  1250    1251    1252    
CQUAD9  5975    2       492     623     627     626     1253    1254    +E5975  
+E5975  1255    1256    1257    
CQUAD9  5977    2       623     474     624     627     1258    1259    +E5977  
+E5977  1260    1254    1261    
CQUAD9  5979    2       627     624     437     625     1260    1262    +E5979  
+E5979  1263    1264    1265    
CQUAD9  5981    2       626     627     625     514     1255    1264    +E5981  
+E5981  1266    1267    1268    
CQUAD9  5983    2       491     628     632     631     1269    1270    +E5983  
+E5983  1271    1272    1273    
CQUAD9  5985    2       628     468     629     632     1274    1275    +E5985  
+E5985  1276    1270    1277    
CQUAD9  5987    2       632     629     521     630     1276    1278    +E5987  
+E5987  1279    1280    1281    
CQUAD9  5989    2       631     632     630     438     1271    1280    +E5989  
+E5989  1282    1283    1284    
CQUAD9  5991    2       441     633     637     636     1285    1286    +E5991  
+E5991  1287    1288    1289    
CQUAD9  5993    2       633     529     634     637     1290    1291    +E5993  
+E5993  1292    1286    1293    
CQUAD9  5995    2       637     634     479     635     1292    1294    +E5995  
+E5995  1295    1296    1297    
CQUAD9  5997    2       636     637     635     493     1287    1296    +E5997  
+E5997  1298    1299    1300    
CQUAD9  5999    2       21      22      641     640     33      1301    +E5999  
+E5999  1302    1303    1304    
CQUAD9  6001    2       22      23      638     641     34      1305    +E6001  
+E6001  1306    1301    1307    
CQUAD9  6003    2       641     638     498     639     1306    1308    +E6003  
+E6003  1309    1310    1311    
CQUAD9  6005    2       640     641     639     540     1302    1310    +E6005  
+E6005  1312    1313    1314    
CQUAD9  6007    2       472     642     645     644     1315    1316    +E6007  
+E6007  1317    1318    1319    
CQUAD9  6009    2       642     548     643     645     1320    1321    +E6009  
+E6009  1322    1316    1323    
CQUAD9  6011    2       645     643     100     99      1322    1324    +E6011  
+E6011  151     1325    1326    
CQUAD9  6013    2       644     645     99      98      1317    1325    +E6013  
+E6013  150     1327    1328    
CQUAD9  6015    2       458     646     650     649     1329    1330    +E6015  
+E6015  1331    1332    1333    
CQUAD9  6017    2       646     559     647     650     1334    1335    +E6017  
+E6017  1336    1330    1337    
CQUAD9  6019    2       650     647     436     648     1336    1338    +E6019  
+E6019  1339    1340    1341    
CQUAD9  6021    2       649     650     648     452     1331    1340    +E6021  
+E6021  1342    1343    1344    
CQUAD9  6023    2       482     651     654     653     1345    1346    +E6023  
+E6023  1347    1348    1349    
CQUAD9  6025    2       651     505     652     654     1350    1351    +E6025  
+E6025  1352    1346    1353    
CQUAD9  6027    2       654     652     92      616     1352    1354    +E6027  
+E6027  1225    1355    1356    
CQUAD9  6029    2       653     654     616     444     1347    1355    +E6029  
+E6029  1235    1357    1358    
CQUAD9  6031    2       438     655     658     657     1359    1360    +E6031  
+E6031  1361    1362    1363    
CQUAD9  6033    2       655     76      75      658     1364    127     +E6033  
+E6033  1365    1360    1366    
CQUAD9  6035    2       658     75      74      656     1365    126     +E6035  
+E6035  1367    1368    1369    
CQUAD9  6037    2       657     658     656     517     1361    1368    +E6037  
+E6037  1370    1371    1372    
CQUAD9  6039    2       561     659     663     662     1373    1374    +E6039  
+E6039  1375    1376    1377    
CQUAD9  6041    2       659     471     660     663     1378    1379    +E6041  
+E6041  1380    1374    1381    
CQUAD9  6043    2       663     660     545     661     1380    1382    +E6043  
+E6043  1383    1384    1385    
CQUAD9  6045    2       662     663     661     464     1375    1384    +E6045  
+E6045  1386    1387    1388    
CQUAD9  6047    2       486     664     668     667     1389    1390    +E6047  
+E6047  1391    1392    1393    
CQUAD9  6049    2       664     470     665     668     1394    1395    +E6049  
+E6049  1396    1390    1397    
CQUAD9  6051    2       668     665     509     666     1396    1398    +E6051  
+E6051  1399    1400    1401    
CQUAD9  6053    2       667     668     666     527     1391    1400    +E6053  
+E6053  1402    1403    1404    
CQUAD9  6055    2       559     669     672     647     1405    1406    +E6055  
+E6055  1407    1335    1408    
CQUAD9  6057    2       669     465     670     672     1409    1410    +E6057  
+E6057  1411    1406    1412    
CQUAD9  6059    2       672     670     533     671     1411    1413    +E6059  
+E6059  1414    1415    1416    
CQUAD9  6061    2       647     672     671     436     1407    1415    +E6061  
+E6061  1417    1338    1418    
CQUAD9  6063    2       502     673     676     675     1419    1420    +E6063  
+E6063  1421    1422    1423    
CQUAD9  6065    2       673     533     670     676     1424    1413    +E6065  
+E6065  1425    1420    1426    
CQUAD9  6067    2       676     670     465     674     1425    1410    +E6067  
+E6067  1427    1428    1429    
CQUAD9  6069    2       675     676     674     463     1421    1428    +E6069  
+E6069  1430    1431    1432    
CQUAD9  6071    2       84      83      680     679     135     1433    +E6071  
+E6071  1434    1435    1436    
CQUAD9  6073    2       83      82      677     680     134     1437    +E6073  
+E6073  1438    1433    1439    
CQUAD9  6075    2       680     677     513     678     1438    1440    +E6075  
+E6075  1441    1442    1443    
CQUAD9  6077    2       679     680     678     434     1434    1442    +E6077  
+E6077  1444    1445    1446    
CQUAD9  6079    2       112     113     684     683     164     1447    +E6079  
+E6079  1448    1449    1450    
CQUAD9  6081    2       113     114     681     684     165     1451    +E6081  
+E6081  1452    1447    1453    
CQUAD9  6083    2       684     681     528     682     1452    1454    +E6083  
+E6083  1455    1456    1457    
CQUAD9  6085    2       683     684     682     448     1448    1456    +E6085  
+E6085  1458    1459    1460    
CQUAD9  6087    2       491     685     689     688     1461    1462    +E6087  
+E6087  1463    1464    1465    
CQUAD9  6089    2       685     516     686     689     1466    1467    +E6089  
+E6089  1468    1462    1469    
CQUAD9  6091    2       689     686     499     687     1468    1470    +E6091  
+E6091  1471    1472    1473    
CQUAD9  6093    2       688     689     687     440     1463    1472    +E6093  
+E6093  1474    1475    1476    
CQUAD9  6095    2       435     690     694     693     1477    1478    +E6095  
+E6095  1479    1480    1481    
CQUAD9  6097    2       690     473     691     694     1482    1483    +E6097  
+E6097  1484    1478    1485    
CQUAD9  6099    2       694     691     554     692     1484    1486    +E6099  
+E6099  1487    1488    1489    
CQUAD9  6101    2       693     694     692     532     1479    1488    +E6101  
+E6101  1490    1491    1492    
CQUAD9  6103    2       509     695     699     698     1493    1494    +E6103  
+E6103  1495    1496    1497    
CQUAD9  6105    2       695     476     696     699     1498    1499    +E6105  
+E6105  1500    1494    1501    
CQUAD9  6107    2       699     696     473     697     1500    1502    +E6107  
+E6107  1503    1504    1505    
CQUAD9  6109    2       698     699     697     558     1495    1504    +E6109  
+E6109  1506    1507    1508    
CQUAD9  6111    2       434     678     703     702     1444    1509    +E6111  
+E6111  1510    1511    1512    
CQUAD9  6113    2       678     513     700     703     1441    1513    +E6113  
+E6113  1514    1509    1515    
CQUAD9  6115    2       703     700     437     701     1514    1516    +E6115  
+E6115  1517    1518    1519    
CQUAD9  6117    2       702     703     701     535     1510    1518    +E6117  
+E6117  1520    1521    1522    
CQUAD9  6119    2       40      704     707     41      1523    1524    +E6119  
+E6119  1525    48      1526    
CQUAD9  6121    2       704     507     705     707     1527    1528    +E6121  
+E6121  1529    1524    1530    
CQUAD9  6123    2       707     705     504     706     1529    1531    +E6123  
+E6123  1532    1533    1534    
CQUAD9  6125    2       41      707     706     42      1525    1533    +E6125  
+E6125  1535    49      1536    
CQUAD9  6127    2       445     708     712     711     1537    1538    +E6127  
+E6127  1539    1540    1541    
CQUAD9  6129    2       708     525     709     712     1542    1543    +E6129  
+E6129  1544    1538    1545    
CQUAD9  6131    2       712     709     495     710     1544    1546    +E6131  
+E6131  1547    1548    1549    
CQUAD9  6133    2       711     712     710     450     1539    1548    +E6133  
+E6133  1550    1551    1552    
CQUAD9  6135    2       486     713     716     664     1553    1554    +E6135  
+E6135  1555    1389    1556    
CQUAD9  6137    2       713     477     714     716     1557    1558    +E6137  
+E6137  1559    1554    1560    
CQUAD9  6139    2       716     714     525     715     1559    1561    +E6139  
+E6139  1562    1563    1564    
CQUAD9  6141    2       664     716     715     470     1555    1563    +E6141  
+E6141  1565    1394    1566    
CQUAD9  6143    2       102     717     719     718     1567    1568    +E6143  
+E6143  1569    1570    1571    
CQUAD9  6145    2       717     495     709     719     1572    1546    +E6145  
+E6145  1573    1568    1574    
CQUAD9  6147    2       719     709     525     714     1573    1543    +E6147  
+E6147  1561    1575    1576    
CQUAD9  6149    2       718     719     714     477     1569    1575    +E6149  
+E6149  1558    1577    1578    
CQUAD9  6151    2       510     720     723     722     1579    1580    +E6151  
+E6151  1581    1582    1583    
CQUAD9  6153    2       720     435     693     723     1584    1480    +E6153  
+E6153  1585    1580    1586    
CQUAD9  6155    2       723     693     532     721     1585    1491    +E6155  
+E6155  1587    1588    1589    
CQUAD9  6157    2       722     723     721     478     1581    1588    +E6157  
+E6157  1590    1591    1592    
CQUAD9  6159    2       450     724     727     711     1593    1594    +E6159  
+E6159  1595    1551    1596    
CQUAD9  6161    2       724     538     725     727     1597    1598    +E6161  
+E6161  1599    1594    1600    
CQUAD9  6163    2       727     725     446     726     1599    1601    +E6163  
+E6163  1602    1603    1604    
CQUAD9  6165    2       711     727     726     445     1595    1603    +E6165  
+E6165  1605    1540    1606    
CQUAD9  6167    2       450     728     731     724     1607    1608    +E6167  
+E6167  1609    1593    1610    
CQUAD9  6169    2       728     472     729     731     1611    1612    +E6169  
+E6169  1613    1608    1614    
CQUAD9  6171    2       731     729     466     730     1613    1615    +E6171  
+E6171  1616    1617    1618    
CQUAD9  6173    2       724     731     730     538     1609    1617    +E6173  
+E6173  1619    1597    1620    
CQUAD9  6175    2       489     732     735     734     1621    1622    +E6175  
+E6175  1623    1624    1625    
CQUAD9  6177    2       732     550     733     735     1626    1627    +E6177  
+E6177  1628    1622    1629    
CQUAD9  6179    2       735     733     473     690     1628    1630    +E6179  
+E6179  1482    1631    1632    
CQUAD9  6181    2       734     735     690     435     1623    1631    +E6181  
+E6181  1477    1633    1634    
CQUAD9  6183    2       473     733     738     697     1630    1635    +E6183  
+E6183  1636    1503    1637    
CQUAD9  6185    2       733     550     736     738     1627    1638    +E6185  
+E6185  1639    1635    1640    
CQUAD9  6187    2       738     736     452     737     1639    1641    +E6187  
+E6187  1642    1643    1644    
CQUAD9  6189    2       697     738     737     558     1636    1643    +E6189  
+E6189  1645    1506    1646    
CQUAD9  6191    2       514     625     741     740     1266    1647    +E6191  
+E6191  1648    1649    1650    
CQUAD9  6193    2       625     437     700     741     1263    1516    +E6193  
+E6193  1651    1647    1652    
CQUAD9  6195    2       741     700     513     739     1651    1513    +E6195  
+E6195  1653    1654    1655    
CQUAD9  6197    2       740     741     739     506     1648    1654    +E6197  
+E6197  1656    1657    1658    
CQUAD9  6199    2       587     742     745     744     1659    1660    +E6199  
+E6199  1661    1662    1663    
CQUAD9  6201    2       742     494     618     745     1664    1242    +E6201  
+E6201  1665    1660    1666    
CQUAD9  6203    2       745     618     496     743     1665    1237    +E6203  
+E6203  1667    1668    1669    
CQUAD9  6205    2       744     745     743     478     1661    1668    +E6205  
+E6205  1670    1671    1672    
CQUAD9  6207    2       96      97      748     747     148     1673    +E6207  
+E6207  1674    1675    1676    
CQUAD9  6209    2       97      98      746     748     149     1677    +E6209  
+E6209  1678    1673    1679    
CQUAD9  6211    2       748     746     478     743     1678    1680    +E6211  
+E6211  1670    1681    1682    
CQUAD9  6213    2       747     748     743     496     1674    1681    +E6213  
+E6213  1667    1683    1684    
CQUAD9  6215    2       102     718     750     103     1570    1685    +E6215  
+E6215  1686    154     1687    
CQUAD9  6217    2       718     477     713     750     1577    1557    +E6217  
+E6217  1688    1685    1689    
CQUAD9  6219    2       750     713     486     749     1688    1553    +E6219  
+E6219  1690    1691    1692    
CQUAD9  6221    2       103     750     749     104     1686    1691    +E6221  
+E6221  1693    155     1694    
CQUAD9  6223    2       443     751     755     754     1695    1696    +E6223  
+E6223  1697    1698    1699    
CQUAD9  6225    2       751     451     752     755     1700    1701    +E6225  
+E6225  1702    1696    1703    
CQUAD9  6227    2       755     752     543     753     1702    1704    +E6227  
+E6227  1705    1706    1707    
CQUAD9  6229    2       754     755     753     534     1697    1706    +E6229  
+E6229  1708    1709    1710    
CQUAD9  6231    2       527     756     759     667     1711    1712    +E6231  
+E6231  1713    1403    1714    
CQUAD9  6233    2       756     454     757     759     1715    1716    +E6233  
+E6233  1717    1712    1718    
CQUAD9  6235    2       759     757     552     758     1717    1719    +E6235  
+E6235  1720    1721    1722    
CQUAD9  6237    2       667     759     758     486     1713    1721    +E6237  
+E6237  1723    1392    1724    
CQUAD9  6239    2       520     760     764     763     1725    1726    +E6239  
+E6239  1727    1728    1729    
CQUAD9  6241    2       760     557     761     764     1730    1731    +E6241  
+E6241  1732    1726    1733    
CQUAD9  6243    2       764     761     541     762     1732    1734    +E6243  
+E6243  1735    1736    1737    
CQUAD9  6245    2       763     764     762     484     1727    1736    +E6245  
+E6245  1738    1739    1740    
CQUAD9  6247    2       110     765     768     109     1741    1742    +E6247  
+E6247  1743    161     1744    
CQUAD9  6249    2       765     556     766     768     1745    1746    +E6249  
+E6249  1747    1742    1748    
CQUAD9  6251    2       768     766     567     767     1747    1749    +E6251  
+E6251  1750    1751    1752    
CQUAD9  6253    2       109     768     767     108     1743    1751    +E6253  
+E6253  1753    160     1754    
CQUAD9  6255    2       70      71      772     771     122     1755    +E6255  
+E6255  1756    1757    1758    
CQUAD9  6257    2       71      72      769     772     123     1759    +E6257  
+E6257  1760    1755    1761    
CQUAD9  6259    2       772     769     575     770     1760    1762    +E6259  
+E6259  1763    1764    1765    
CQUAD9  6261    2       771     772     770     457     1756    1764    +E6261  
+E6261  1766    1767    1768    
CQUAD9  6263    2       497     773     777     776     1769    1770    +E6263  
+E6263  1771    1772    1773    
CQUAD9  6265    2       773     577     774     777     1774    1775    +E6265  
+E6265  1776    1770    1777    
CQUAD9  6267    2       777     774     15      775     1776    1778    +E6267  
+E6267  1779    1780    1781    
CQUAD9  6269    2       776     777     775     501     1771    1780    +E6269  
+E6269  1782    1783    1784    
CQUAD9  6271    2       464     778     782     781     1785    1786    +E6271  
+E6271  1787    1788    1789    
CQUAD9  6273    2       778     539     779     782     1790    1791    +E6273  
+E6273  1792    1786    1793    
CQUAD9  6275    2       782     779     578     780     1792    1794    +E6275  
+E6275  1795    1796    1797    
CQUAD9  6277    2       781     782     780     519     1787    1796    +E6277  
+E6277  1798    1799    1800    
CQUAD9  6279    2       521     629     786     785     1278    1801    +E6279  
+E6279  1802    1803    1804    
CQUAD9  6281    2       629     468     783     786     1275    1805    +E6281  
+E6281  1806    1801    1807    
CQUAD9  6283    2       786     783     581     784     1806    1808    +E6283  
+E6283  1809    1810    1811    
CQUAD9  6285    2       785     786     784     506     1802    1810    +E6285  
+E6285  1812    1813    1814    
CQUAD9  6287    2       460     787     790     789     1815    1816    +E6287  
+E6287  1817    1818    1819    
CQUAD9  6289    2       787     583     788     790     1820    1821    +E6289  
+E6289  1822    1816    1823    
CQUAD9  6291    2       790     788     497     776     1822    1824    +E6291  
+E6291  1772    1825    1826    
CQUAD9  6293    2       789     790     776     501     1817    1825    +E6293  
+E6293  1783    1827    1828    
CQUAD9  6295    2       488     619     793     792     1246    1829    +E6295  
+E6295  1830    1831    1832    
CQUAD9  6297    2       619     494     742     793     1243    1664    +E6297  
+E6297  1833    1829    1834    
CQUAD9  6299    2       793     742     587     791     1833    1659    +E6299  
+E6299  1835    1836    1837    
CQUAD9  6301    2       792     793     791     519     1830    1836    +E6301  
+E6301  1838    1839    1840    
CQUAD9  6303    2       544     794     797     796     1841    1842    +E6303  
+E6303  1843    1844    1845    
CQUAD9  6305    2       794     576     795     797     1846    1847    +E6305  
+E6305  1848    1842    1849    
CQUAD9  6307    2       797     795     559     646     1848    1850    +E6307  
+E6307  1334    1851    1852    
CQUAD9  6309    2       796     797     646     458     1843    1851    +E6309  
+E6309  1329    1853    1854    
CQUAD9  6311    2       519     791     799     781     1838    1855    +E6311  
+E6311  1856    1799    1857    
CQUAD9  6313    2       791     587     798     799     1835    1858    +E6313  
+E6313  1859    1855    1860    
CQUAD9  6315    2       799     798     561     662     1859    1861    +E6315  
+E6315  1376    1862    1863    
CQUAD9  6317    2       781     799     662     464     1856    1862    +E6317  
+E6317  1387    1788    1864    
CQUAD9  6319    2       519     780     802     792     1798    1865    +E6319  
+E6319  1866    1839    1867    
CQUAD9  6321    2       780     578     800     802     1795    1868    +E6321  
+E6321  1869    1865    1870    
CQUAD9  6323    2       802     800     482     801     1869    1871    +E6323  
+E6323  1872    1873    1874    
CQUAD9  6325    2       792     802     801     488     1866    1873    +E6325  
+E6325  1875    1831    1876    
CQUAD9  6327    2       72      71      806     805     123     1877    +E6327  
+E6327  1878    1879    1880    
CQUAD9  6329    2       71      70      803     806     122     1881    +E6329  
+E6329  1882    1877    1883    
CQUAD9  6331    2       806     803     497     804     1882    1884    +E6331  
+E6331  1885    1886    1887    
CQUAD9  6333    2       805     806     804     573     1878    1886    +E6333  
+E6333  1888    1889    1890    
CQUAD9  6335    2       566     807     810     809     1891    1892    +E6335  
+E6335  1893    1894    1895    
CQUAD9  6337    2       807     456     808     810     1896    1897    +E6337  
+E6337  1898    1892    1899    
CQUAD9  6339    2       810     808     72      805     1898    1900    +E6339  
+E6339  1879    1901    1902    
CQUAD9  6341    2       809     810     805     573     1893    1901    +E6341  
+E6341  1889    1903    1904    
CQUAD9  6343    2       15      774     812     14      1778    1905    +E6343  
+E6343  1906    26      1907    
CQUAD9  6345    2       774     577     811     812     1775    1908    +E6345  
+E6345  1909    1905    1910    
CQUAD9  6347    2       812     811     68      67      1909    1911    +E6347  
+E6347  119     1912    1913    
CQUAD9  6349    2       14      812     67      3       1906    1912    +E6349  
+E6349  118     25      1914    
CQUAD9  6351    2       55      54      816     815     62      1915    +E6351  
+E6351  1916    1917    1918    
CQUAD9  6353    2       54      53      813     816     61      1919    +E6353  
+E6353  1920    1915    1921    
CQUAD9  6355    2       816     813     571     814     1920    1922    +E6355  
+E6355  1923    1924    1925    
CQUAD9  6357    2       815     816     814     580     1916    1924    +E6357  
+E6357  1926    1927    1928    
CQUAD9  6359    2       459     817     820     819     1929    1930    +E6359  
+E6359  1931    1932    1933    
CQUAD9  6361    2       817     82      83      820     1934    134     +E6361  
+E6361  1935    1930    1936    
CQUAD9  6363    2       820     83      84      818     1935    135     +E6363  
+E6363  1937    1938    1939    
CQUAD9  6365    2       819     820     818     500     1931    1938    +E6365  
+E6365  1940    1941    1942    
CQUAD9  6367    2       478     721     822     744     1590    1943    +E6367  
+E6367  1944    1671    1945    
CQUAD9  6369    2       721     532     821     822     1587    1946    +E6369  
+E6369  1947    1943    1948    
CQUAD9  6371    2       822     821     561     798     1947    1949    +E6371  
+E6371  1861    1950    1951    
CQUAD9  6373    2       744     822     798     587     1944    1950    +E6373  
+E6373  1858    1662    1952    
CQUAD9  6375    2       452     736     825     649     1641    1953    +E6375  
+E6375  1954    1343    1955    
CQUAD9  6377    2       736     550     823     825     1638    1956    +E6377  
+E6377  1957    1953    1958    
CQUAD9  6379    2       825     823     490     824     1957    1959    +E6379  
+E6379  1960    1961    1962    
CQUAD9  6381    2       649     825     824     458     1954    1961    +E6381  
+E6381  1963    1332    1964    
CQUAD9  6383    2       447     826     828     827     1965    1966    +E6383  
+E6383  1967    1968    1969    
CQUAD9  6385    2       826     490     823     828     1970    1959    +E6385  
+E6385  1971    1966    1972    
CQUAD9  6387    2       828     823     550     732     1971    1956    +E6387  
+E6387  1626    1973    1974    
CQUAD9  6389    2       827     828     732     489     1967    1973    +E6389  
+E6389  1621    1975    1976    
CQUAD9  6391    2       538     829     832     725     1977    1978    +E6391  
+E6391  1979    1598    1980    
CQUAD9  6393    2       829     471     830     832     1981    1982    +E6393  
+E6393  1983    1978    1984    
CQUAD9  6395    2       832     830     554     831     1983    1985    +E6395  
+E6395  1986    1987    1988    
CQUAD9  6397    2       725     832     831     446     1979    1987    +E6397  
+E6397  1989    1601    1990    
CQUAD9  6399    2       471     659     833     830     1378    1991    +E6399  
+E6399  1992    1982    1993    
CQUAD9  6401    2       659     561     821     833     1373    1949    +E6401  
+E6401  1994    1991    1995    
CQUAD9  6403    2       833     821     532     692     1994    1946    +E6403  
+E6403  1490    1996    1997    
CQUAD9  6405    2       830     833     692     554     1992    1996    +E6405  
+E6405  1487    1985    1998    
CQUAD9  6407    2       72      73      836     769     124     1999    +E6407  
+E6407  2000    1759    2001    
CQUAD9  6409    2       73      74      834     836     125     2002    +E6409  
+E6409  2003    1999    2004    
CQUAD9  6411    2       836     834     585     835     2003    2005    +E6411  
+E6411  2006    2007    2008    
CQUAD9  6413    2       769     836     835     575     2000    2007    +E6413  
+E6413  2009    1762    2010    
CQUAD9  6415    2       461     837     841     840     2011    2012    +E6415  
+E6415  2013    2014    2015    
CQUAD9  6417    2       837     526     838     841     2016    2017    +E6417  
+E6417  2018    2012    2019    
CQUAD9  6419    2       841     838     569     839     2018    2020    +E6419  
+E6419  2021    2022    2023    
CQUAD9  6421    2       840     841     839     515     2013    2022    +E6421  
+E6421  2024    2025    2026    
CQUAD9  6423    2       459     842     846     845     2027    2028    +E6423  
+E6423  2029    2030    2031    
CQUAD9  6425    2       842     522     843     846     2032    2033    +E6425  
+E6425  2034    2028    2035    
CQUAD9  6427    2       846     843     455     844     2034    2036    +E6427  
+E6427  2037    2038    2039    
CQUAD9  6429    2       845     846     844     592     2029    2038    +E6429  
+E6429  2040    2041    2042    
CQUAD9  6431    2       19      20      849     848     31      2043    +E6431  
+E6431  2044    2045    2046    
CQUAD9  6433    2       20      21      640     849     32      1303    +E6433  
+E6433  2047    2043    2048    
CQUAD9  6435    2       849     640     540     847     2047    1313    +E6435  
+E6435  2049    2050    2051    
CQUAD9  6437    2       848     849     847     536     2044    2050    +E6437  
+E6437  2052    2053    2054    
CQUAD9  6439    2       457     850     853     852     2055    2056    +E6439  
+E6439  2057    2058    2059    
CQUAD9  6441    2       850     541     851     853     2060    2061    +E6441  
+E6441  2062    2056    2063    
CQUAD9  6443    2       853     851     540     639     2062    2064    +E6443  
+E6443  1312    2065    2066    
CQUAD9  6445    2       852     853     639     498     2057    2065    +E6445  
+E6445  1309    2067    2068    
CQUAD9  6447    2       541     761     855     851     1734    2069    +E6447  
+E6447  2070    2061    2071    
CQUAD9  6449    2       761     557     854     855     1731    2072    +E6449  
+E6449  2073    2069    2074    
CQUAD9  6451    2       855     854     536     847     2073    2075    +E6451  
+E6451  2052    2076    2077    
CQUAD9  6453    2       851     855     847     540     2070    2076    +E6453  
+E6453  2049    2064    2078    
CQUAD9  6455    2       102     103     858     857     154     2079    +E6455  
+E6455  2080    2081    2082    
CQUAD9  6457    2       103     104     856     858     155     2083    +E6457  
+E6457  2084    2079    2085    
CQUAD9  6459    2       858     856     490     826     2084    2086    +E6459  
+E6459  1970    2087    2088    
CQUAD9  6461    2       857     858     826     447     2080    2087    +E6461  
+E6461  1965    2089    2090    
CQUAD9  6463    2       574     859     862     861     2091    2092    +E6463  
+E6463  2093    2094    2095    
CQUAD9  6465    2       859     586     860     862     2096    2097    +E6465  
+E6465  2098    2092    2099    
CQUAD9  6467    2       862     860     567     766     2098    2100    +E6467  
+E6467  1749    2101    2102    
CQUAD9  6469    2       861     862     766     556     2093    2101    +E6469  
+E6469  1746    2103    2104    
CQUAD9  6471    2       440     863     867     866     2105    2106    +E6471  
+E6471  2107    2108    2109    
CQUAD9  6473    2       863     442     864     867     2110    2111    +E6473  
+E6473  2112    2106    2113    
CQUAD9  6475    2       867     864     562     865     2112    2114    +E6475  
+E6475  2115    2116    2117    
CQUAD9  6477    2       866     867     865     593     2107    2116    +E6477  
+E6477  2118    2119    2120    
CQUAD9  6479    2       586     868     871     860     2121    2122    +E6479  
+E6479  2123    2097    2124    
CQUAD9  6481    2       868     544     869     871     2125    2126    +E6481  
+E6481  2127    2122    2128    
CQUAD9  6483    2       871     869     594     870     2127    2129    +E6483  
+E6483  2130    2131    2132    
CQUAD9  6485    2       860     871     870     567     2123    2131    +E6485  
+E6485  2133    2100    2134    
CQUAD9  6487    2       108     767     873     107     1753    2135    +E6487  
+E6487  2136    159     2137    
CQUAD9  6489    2       767     567     870     873     1750    2133    +E6489  
+E6489  2138    2135    2139    
CQUAD9  6491    2       873     870     594     872     2138    2130    +E6491  
+E6491  2140    2141    2142    
CQUAD9  6493    2       107     873     872     106     2136    2141    +E6493  
+E6493  2143    158     2144    
CQUAD9  6495    2       458     824     875     796     1963    2145    +E6495  
+E6495  2146    1853    2147    
CQUAD9  6497    2       824     490     874     875     1960    2148    +E6497  
+E6497  2149    2145    2150    
CQUAD9  6499    2       875     874     594     869     2149    2151    +E6499  
+E6499  2129    2152    2153    
CQUAD9  6501    2       796     875     869     544     2146    2152    +E6501  
+E6501  2126    1844    2154    
CQUAD9  6503    2       520     763     878     877     1728    2155    +E6503  
+E6503  2156    2157    2158    
CQUAD9  6505    2       763     484     876     878     1739    2159    +E6505  
+E6505  2160    2155    2161    
CQUAD9  6507    2       878     876     562     864     2160    2162    +E6507  
+E6507  2114    2163    2164    
CQUAD9  6509    2       877     878     864     442     2156    2163    +E6509  
+E6509  2111    2165    2166    
CQUAD9  6511    2       80      879     881     81      2167    2168    +E6511  
+E6511  2169    132     2170    
CQUAD9  6513    2       879     597     880     881     2171    2172    +E6513  
+E6513  2173    2168    2174    
CQUAD9  6515    2       881     880     513     677     2173    2175    +E6515  
+E6515  1440    2176    2177    
CQUAD9  6517    2       81      881     677     82      2169    2176    +E6517  
+E6517  1437    133     2178    
CQUAD9  6519    2       484     882     884     876     2179    2180    +E6519  
+E6519  2181    2159    2182    
CQUAD9  6521    2       882     575     835     884     2183    2009    +E6521  
+E6521  2184    2180    2185    
CQUAD9  6523    2       884     835     585     883     2184    2006    +E6523  
+E6523  2186    2187    2188    
CQUAD9  6525    2       876     884     883     562     2181    2187    +E6525  
+E6525  2189    2162    2190    
CQUAD9  6527    2       591     885     888     887     2191    2192    +E6527  
+E6527  2193    2194    2195    
CQUAD9  6529    2       885     582     886     888     2196    2197    +E6529  
+E6529  2198    2192    2199    
CQUAD9  6531    2       888     886     580     814     2198    2200    +E6531  
+E6531  1926    2201    2202    
CQUAD9  6533    2       887     888     814     571     2193    2201    +E6533  
+E6533  1923    2203    2204    
CQUAD9  6535    2       553     889     893     892     2205    2206    +E6535  
+E6535  2207    2208    2209    
CQUAD9  6537    2       889     503     890     893     2210    2211    +E6537  
+E6537  2212    2206    2213    
CQUAD9  6539    2       893     890     574     891     2212    2214    +E6539  
+E6539  2215    2216    2217    
CQUAD9  6541    2       892     893     891     523     2207    2216    +E6541  
+E6541  2218    2219    2220    
CQUAD9  6543    2       502     675     897     896     1422    2221    +E6543  
+E6543  2222    2223    2224    
CQUAD9  6545    2       675     463     894     897     1431    2225    +E6545  
+E6545  2226    2221    2227    
CQUAD9  6547    2       897     894     572     895     2226    2228    +E6547  
+E6547  2229    2230    2231    
CQUAD9  6549    2       896     897     895     549     2222    2230    +E6549  
+E6549  2232    2233    2234    
CQUAD9  6551    2       521     785     899     898     1803    2235    +E6551  
+E6551  2236    2237    2238    
CQUAD9  6553    2       785     506     739     899     1813    1656    +E6553  
+E6553  2239    2235    2240    
CQUAD9  6555    2       899     739     513     880     2239    1653    +E6555  
+E6555  2175    2241    2242    
CQUAD9  6557    2       898     899     880     597     2236    2241    +E6557  
+E6557  2172    2243    2244    
CQUAD9  6559    2       106     900     903     107     2245    2246    +E6559  
+E6559  2247    158     2248    
CQUAD9  6561    2       900     552     901     903     2249    2250    +E6561  
+E6561  2251    2246    2252    
CQUAD9  6563    2       903     901     546     902     2251    2253    +E6563  
+E6563  2254    2255    2256    
CQUAD9  6565    2       107     903     902     108     2247    2255    +E6565  
+E6565  2257    159     2258    
CQUAD9  6567    2       595     904     907     906     2259    2260    +E6567  
+E6567  2261    2262    2263    
CQUAD9  6569    2       904     542     905     907     2264    2265    +E6569  
+E6569  2266    2260    2267    
CQUAD9  6571    2       907     905     94      93      2266    2268    +E6571  
+E6571  145     2269    2270    
CQUAD9  6573    2       906     907     93      92      2261    2269    +E6573  
+E6573  144     2271    2272    
CQUAD9  6575    2       106     872     908     105     2143    2273    +E6575  
+E6575  2274    157     2275    
CQUAD9  6577    2       872     594     874     908     2140    2151    +E6577  
+E6577  2276    2273    2277    
CQUAD9  6579    2       908     874     490     856     2276    2148    +E6579  
+E6579  2086    2278    2279    
CQUAD9  6581    2       105     908     856     104     2274    2278    +E6581  
+E6581  2083    156     2280    
CQUAD9  6583    2       535     909     912     702     2281    2282    +E6583  
+E6583  2283    1521    2284    
CQUAD9  6585    2       909     588     910     912     2285    2286    +E6585  
+E6585  2287    2282    2288    
CQUAD9  6587    2       912     910     599     911     2287    2289    +E6587  
+E6587  2290    2291    2292    
CQUAD9  6589    2       702     912     911     434     2283    2291    +E6589  
+E6589  2293    1511    2294    
CQUAD9  6591    2       531     913     917     916     2295    2296    +E6591  
+E6591  2297    2298    2299    
CQUAD9  6593    2       913     601     914     917     2300    2301    +E6593  
+E6593  2302    2296    2303    
CQUAD9  6595    2       917     914     537     915     2302    2304    +E6595  
+E6595  2305    2306    2307    
CQUAD9  6597    2       916     917     915     483     2297    2306    +E6597  
+E6597  2308    2309    2310    
CQUAD9  6599    2       463     674     920     894     1430    2311    +E6599  
+E6599  2312    2225    2313    
CQUAD9  6601    2       674     465     918     920     1427    2314    +E6601  
+E6601  2315    2311    2316    
CQUAD9  6603    2       920     918     602     919     2315    2317    +E6603  
+E6603  2318    2319    2320    
CQUAD9  6605    2       894     920     919     572     2312    2319    +E6605  
+E6605  2321    2228    2322    
CQUAD9  6607    2       559     795     922     669     1850    2323    +E6607  
+E6607  2324    1405    2325    
CQUAD9  6609    2       795     576     921     922     1847    2326    +E6609  
+E6609  2327    2323    2328    
CQUAD9  6611    2       922     921     602     918     2327    2329    +E6611  
+E6611  2317    2330    2331    
CQUAD9  6613    2       669     922     918     465     2324    2330    +E6613  
+E6613  2314    1409    2332    
CQUAD9  6615    2       433     923     927     926     2333    2334    +E6615  
+E6615  2335    2336    2337    
CQUAD9  6617    2       923     603     924     927     2338    2339    +E6617  
+E6617  2340    2334    2341    
CQUAD9  6619    2       927     924     595     925     2340    2342    +E6619  
+E6619  2343    2344    2345    
CQUAD9  6621    2       926     927     925     524     2335    2344    +E6621  
+E6621  2346    2347    2348    
CQUAD9  6623    2       86      85      929     928     137     2349    +E6623  
+E6623  2350    2351    2352    
CQUAD9  6625    2       85      84      679     929     136     1435    +E6625  
+E6625  2353    2349    2354    
CQUAD9  6627    2       929     679     434     911     2353    1445    +E6627  
+E6627  2293    2355    2356    
CQUAD9  6629    2       928     929     911     599     2350    2355    +E6629  
+E6629  2290    2357    2358    
CQUAD9  6631    2       441     930     932     633     2359    2360    +E6631  
+E6631  2361    1285    2362    
CQUAD9  6633    2       930     86      87      932     2363    138     +E6633  
+E6633  2364    2360    2365    
CQUAD9  6635    2       932     87      88      931     2364    139     +E6635  
+E6635  2366    2367    2368    
CQUAD9  6637    2       633     932     931     529     2361    2367    +E6637  
+E6637  2369    1290    2370    
CQUAD9  6639    2       90      933     935     89      2371    2372    +E6639  
+E6639  2373    141     2374    
CQUAD9  6641    2       933     487     934     935     2375    2376    +E6641  
+E6641  2377    2372    2378    
CQUAD9  6643    2       935     934     529     931     2377    2379    +E6643  
+E6643  2369    2380    2381    
CQUAD9  6645    2       89      935     931     88      2373    2380    +E6645  
+E6645  2366    140     2382    
CQUAD9  6647    2       560     936     940     939     2383    2384    +E6647  
+E6647  2385    2386    2387    
CQUAD9  6649    2       936     467     937     940     2388    2389    +E6649  
+E6649  2390    2384    2391    
CQUAD9  6651    2       940     937     564     938     2390    2392    +E6651  
+E6651  2393    2394    2395    
CQUAD9  6653    2       939     940     938     449     2385    2394    +E6653  
+E6653  2396    2397    2398    
CQUAD9  6655    2       599     910     943     942     2289    2399    +E6655  
+E6655  2400    2401    2402    
CQUAD9  6657    2       910     588     941     943     2286    2403    +E6657  
+E6657  2404    2399    2405    
CQUAD9  6659    2       943     941     564     937     2404    2406    +E6659  
+E6659  2392    2407    2408    
CQUAD9  6661    2       942     943     937     467     2400    2407    +E6661  
+E6661  2389    2409    2410    
CQUAD9  6663    2       544     868     945     794     2125    2411    +E6663  
+E6663  2412    1841    2413    
CQUAD9  6665    2       868     586     944     945     2121    2414    +E6665  
+E6665  2415    2411    2416    
CQUAD9  6667    2       945     944     602     921     2415    2417    +E6667  
+E6667  2329    2418    2419    
CQUAD9  6669    2       794     945     921     576     2412    2418    +E6669  
+E6669  2326    1846    2420    
CQUAD9  6671    2       483     946     949     916     2421    2422    +E6671  
+E6671  2423    2309    2424    
CQUAD9  6673    2       946     549     947     949     2425    2426    +E6673  
+E6673  2427    2422    2428    
CQUAD9  6675    2       949     947     600     948     2427    2429    +E6675  
+E6675  2430    2431    2432    
CQUAD9  6677    2       916     949     948     531     2423    2431    +E6677  
+E6677  2433    2298    2434    
CQUAD9  6679    2       481     950     952     951     2435    2436    +E6679  
+E6679  2437    2438    2439    
CQUAD9  6681    2       950     600     947     952     2440    2429    +E6681  
+E6681  2441    2436    2442    
CQUAD9  6683    2       952     947     549     895     2441    2426    +E6683  
+E6683  2232    2443    2444    
CQUAD9  6685    2       951     952     895     572     2437    2443    +E6685  
+E6685  2229    2445    2446    
CQUAD9  6687    2       528     953     956     955     2447    2448    +E6687  
+E6687  2449    2450    2451    
CQUAD9  6689    2       953     480     954     956     2452    2453    +E6689  
+E6689  2454    2448    2455    
CQUAD9  6691    2       956     954     580     886     2454    2456    +E6691  
+E6691  2200    2457    2458    
CQUAD9  6693    2       955     956     886     582     2449    2457    +E6693  
+E6693  2197    2459    2460    
CQUAD9  6695    2       568     957     961     960     2461    2462    +E6695  
+E6695  2463    2464    2465    
CQUAD9  6697    2       957     570     958     961     2466    2467    +E6697  
+E6697  2468    2462    2469    
CQUAD9  6699    2       961     958     547     959     2468    2470    +E6699  
+E6699  2471    2472    2473    
CQUAD9  6701    2       960     961     959     511     2463    2472    +E6701  
+E6701  2474    2475    2476    
CQUAD9  6703    2       591     887     965     964     2194    2477    +E6703  
+E6703  2478    2479    2480    
CQUAD9  6705    2       887     571     962     965     2203    2481    +E6705  
+E6705  2482    2477    2483    
CQUAD9  6707    2       965     962     604     963     2482    2484    +E6707  
+E6707  2485    2486    2487    
CQUAD9  6709    2       964     965     963     570     2478    2486    +E6709  
+E6709  2488    2489    2490    
CQUAD9  6711    2       42      706     968     43      1535    2491    +E6711  
+E6711  2492    50      2493    
CQUAD9  6713    2       706     504     966     968     1532    2494    +E6713  
+E6713  2495    2491    2496    
CQUAD9  6715    2       968     966     604     967     2495    2497    +E6715  
+E6715  2498    2499    2500    
CQUAD9  6717    2       43      968     967     5       2492    2499    +E6717  
+E6717  2501    51      2502    
CQUAD9  6719    2       570     963     970     958     2488    2503    +E6719  
+E6719  2504    2467    2505    
CQUAD9  6721    2       963     604     966     970     2485    2497    +E6721  
+E6721  2506    2503    2507    
CQUAD9  6723    2       970     966     504     969     2506    2494    +E6723  
+E6723  2508    2509    2510    
CQUAD9  6725    2       958     970     969     547     2504    2509    +E6725  
+E6725  2511    2470    2512    
CQUAD9  6727    2       472     971     974     729     2513    2514    +E6727  
+E6727  2515    1612    2516    
CQUAD9  6729    2       971     598     972     974     2517    2518    +E6729  
+E6729  2519    2514    2520    
CQUAD9  6731    2       974     972     590     973     2519    2521    +E6731  
+E6731  2522    2523    2524    
CQUAD9  6733    2       729     974     973     466     2515    2523    +E6733  
+E6733  2525    1615    2526    
CQUAD9  6735    2       545     975     978     977     2527    2528    +E6735  
+E6735  2529    2530    2531    
CQUAD9  6737    2       975     466     973     978     2532    2525    +E6737  
+E6737  2533    2528    2534    
CQUAD9  6739    2       978     973     590     976     2533    2522    +E6739  
+E6739  2535    2536    2537    
CQUAD9  6741    2       977     978     976     563     2529    2536    +E6741  
+E6741  2538    2539    2540    
CQUAD9  6743    2       485     979     982     981     2541    2542    +E6743  
+E6743  2543    2544    2545    
CQUAD9  6745    2       979     537     914     982     2546    2304    +E6745  
+E6745  2547    2542    2548    
CQUAD9  6747    2       982     914     601     980     2547    2301    +E6747  
+E6747  2549    2550    2551    
CQUAD9  6749    2       981     982     980     512     2543    2550    +E6749  
+E6749  2552    2553    2554    
CQUAD9  6751    2       565     983     987     986     2555    2556    +E6751  
+E6751  2557    2558    2559    
CQUAD9  6753    2       983     518     984     987     2560    2561    +E6753  
+E6753  2562    2556    2563    
CQUAD9  6755    2       987     984     606     985     2562    2564    +E6755  
+E6755  2565    2566    2567    
CQUAD9  6757    2       986     987     985     593     2557    2566    +E6757  
+E6757  2568    2569    2570    
CQUAD9  6759    2       593     985     989     866     2568    2571    +E6759  
+E6759  2572    2119    2573    
CQUAD9  6761    2       985     606     988     989     2565    2574    +E6761  
+E6761  2575    2571    2576    
CQUAD9  6763    2       989     988     491     688     2575    2577    +E6763  
+E6763  1464    2578    2579    
CQUAD9  6765    2       866     989     688     440     2572    2578    +E6765  
+E6765  1475    2108    2580    
CQUAD9  6767    2       509     990     992     666     2581    2582    +E6767  
+E6767  2583    1399    2584    
CQUAD9  6769    2       990     436     671     992     2585    1417    +E6769  
+E6769  2586    2582    2587    
CQUAD9  6771    2       992     671     533     991     2586    1414    +E6771  
+E6771  2588    2589    2590    
CQUAD9  6773    2       666     992     991     527     2583    2589    +E6773  
+E6773  2591    1402    2592    
CQUAD9  6775    2       502     993     994     673     2593    2594    +E6775  
+E6775  2595    1419    2596    
CQUAD9  6777    2       993     454     756     994     2597    1715    +E6777  
+E6777  2598    2594    2599    
CQUAD9  6779    2       994     756     527     991     2598    1711    +E6779  
+E6779  2591    2600    2601    
CQUAD9  6781    2       673     994     991     533     2595    2600    +E6781  
+E6781  2588    1424    2602    
CQUAD9  6783    2       78      77      996     995     129     2603    +E6783  
+E6783  2604    2605    2606    
CQUAD9  6785    2       77      76      655     996     128     1364    +E6785  
+E6785  2607    2603    2608    
CQUAD9  6787    2       996     655     438     630     2607    1359    +E6787  
+E6787  1282    2609    2610    
CQUAD9  6789    2       995     996     630     521     2604    2609    +E6789  
+E6789  1279    2611    2612    
CQUAD9  6791    2       466     975     997     730     2532    2613    +E6791  
+E6791  2614    1616    2615    
CQUAD9  6793    2       975     545     660     997     2527    1382    +E6793  
+E6793  2616    2613    2617    
CQUAD9  6795    2       997     660     471     829     2616    1379    +E6795  
+E6795  1981    2618    2619    
CQUAD9  6797    2       730     997     829     538     2614    2618    +E6797  
+E6797  1977    1619    2620    
CQUAD9  6799    2       80      81      999     998     132     2621    +E6799  
+E6799  2622    2623    2624    
CQUAD9  6801    2       81      82      817     999     133     1934    +E6801  
+E6801  2625    2621    2626    
CQUAD9  6803    2       999     817     459     845     2625    1929    +E6803  
+E6803  2030    2627    2628    
CQUAD9  6805    2       998     999     845     592     2622    2627    +E6805  
+E6805  2041    2629    2630    
CQUAD9  6807    2       102     101     1001    717     153     2631    +E6807  
+E6807  2632    1567    2633    
CQUAD9  6809    2       101     100     643     1001    152     1324    +E6809  
+E6809  2634    2631    2635    
CQUAD9  6811    2       1001    643     548     1000    2634    1321    +E6811  
+E6811  2636    2637    2638    
CQUAD9  6813    2       717     1001    1000    495     2632    2637    +E6813  
+E6813  2639    1572    2640    
CQUAD9  6815    2       472     728     1002    642     1611    2641    +E6815  
+E6815  2642    1315    2643    
CQUAD9  6817    2       728     450     710     1002    1607    1550    +E6817  
+E6817  2644    2641    2645    
CQUAD9  6819    2       1002    710     495     1000    2644    1547    +E6819  
+E6819  2639    2646    2647    
CQUAD9  6821    2       642     1002    1000    548     2642    2646    +E6821  
+E6821  2636    1320    2648    
CQUAD9  6823    2       442     863     1004    877     2110    2649    +E6823  
+E6823  2650    2165    2651    
CQUAD9  6825    2       863     440     687     1004    2105    1474    +E6825  
+E6825  2652    2649    2653    
CQUAD9  6827    2       1004    687     499     1003    2652    1471    +E6827  
+E6827  2654    2655    2656    
CQUAD9  6829    2       877     1004    1003    520     2650    2655    +E6829  
+E6829  2657    2157    2658    
CQUAD9  6831    2       517     1005    1008    1007    2659    2660    +E6831  
+E6831  2661    2662    2663    
CQUAD9  6833    2       1005    456     807     1008    2664    1896    +E6833  
+E6833  2665    2660    2666    
CQUAD9  6835    2       1008    807     566     1006    2665    1891    +E6835  
+E6835  2667    2668    2669    
CQUAD9  6837    2       1007    1008    1006    516     2661    2668    +E6837  
+E6837  2670    2671    2672    
CQUAD9  6839    2       453     1009    1011    1010    2673    2674    +E6839  
+E6839  2675    2676    2677    
CQUAD9  6841    2       1009    514     740     1011    2678    1649    +E6841  
+E6841  2679    2674    2680    
CQUAD9  6843    2       1011    740     506     784     2679    1657    +E6843  
+E6843  1812    2681    2682    
CQUAD9  6845    2       1010    1011    784     581     2675    2681    +E6845  
+E6845  1809    2683    2684    
CQUAD9  6847    2       452     648     1012    737     1342    2685    +E6847  
+E6847  2686    1642    2687    
CQUAD9  6849    2       648     436     990     1012    1339    2585    +E6849  
+E6849  2688    2685    2689    
CQUAD9  6851    2       1012    990     509     698     2688    2581    +E6851  
+E6851  1496    2690    2691    
CQUAD9  6853    2       737     1012    698     558     2686    2690    +E6853  
+E6853  1507    1645    2692    
CQUAD9  6855    2       522     1013    1016    843     2693    2694    +E6855  
+E6855  2695    2033    2696    
CQUAD9  6857    2       1013    605     1014    1016    2697    2698    +E6857  
+E6857  2699    2694    2700    
CQUAD9  6859    2       1016    1014    565     1015    2699    2701    +E6859  
+E6859  2702    2703    2704    
CQUAD9  6861    2       843     1016    1015    455     2695    2703    +E6861  
+E6861  2705    2036    2706    
CQUAD9  6863    2       453     1017    1019    1018    2707    2708    +E6863  
+E6863  2709    2710    2711    
CQUAD9  6865    2       1017    518     983     1019    2712    2560    +E6865  
+E6865  2713    2708    2714    
CQUAD9  6867    2       1019    983     565     1014    2713    2555    +E6867  
+E6867  2701    2715    2716    
CQUAD9  6869    2       1018    1019    1014    605     2709    2715    +E6869  
+E6869  2698    2717    2718    
CQUAD9  6871    2       514     1009    1021    626     2678    2719    +E6871  
+E6871  2720    1267    2721    
CQUAD9  6873    2       1009    453     1018    1021    2673    2710    +E6873  
+E6873  2722    2719    2723    
CQUAD9  6875    2       1021    1018    605     1020    2722    2717    +E6875  
+E6875  2724    2725    2726    
CQUAD9  6877    2       626     1021    1020    492     2720    2725    +E6877  
+E6877  2727    1256    2728    
CQUAD9  6879    2       110     111     1024    1023    162     2729    +E6879  
+E6879  2730    2731    2732    
CQUAD9  6881    2       111     112     683     1024    163     1449    +E6881  
+E6881  2733    2729    2734    
CQUAD9  6883    2       1024    683     448     1022    2733    1459    +E6883  
+E6883  2735    2736    2737    
CQUAD9  6885    2       1023    1024    1022    523     2730    2736    +E6885  
+E6885  2738    2739    2740    
CQUAD9  6887    2       445     1025    1027    708     2741    2742    +E6887  
+E6887  2743    1537    2744    
CQUAD9  6889    2       1025    555     1026    1027    2745    2746    +E6889  
+E6889  2747    2742    2748    
CQUAD9  6891    2       1027    1026    470     715     2747    2749    +E6891  
+E6891  1565    2750    2751    
CQUAD9  6893    2       708     1027    715     525     2743    2750    +E6893  
+E6893  1562    1542    2752    
CQUAD9  6895    2       448     1028    1030    1022    2753    2754    +E6895  
+E6895  2755    2735    2756    
CQUAD9  6897    2       1028    596     1029    1030    2757    2758    +E6897  
+E6897  2759    2754    2760    
CQUAD9  6899    2       1030    1029    553     892     2759    2761    +E6899  
+E6899  2208    2762    2763    
CQUAD9  6901    2       1022    1030    892     523     2755    2762    +E6901  
+E6901  2219    2738    2764    
CQUAD9  6903    2       464     661     1032    778     1386    2765    +E6903  
+E6903  2766    1785    2767    
CQUAD9  6905    2       661     545     977     1032    1383    2530    +E6905  
+E6905  2768    2765    2769    
CQUAD9  6907    2       1032    977     563     1031    2768    2539    +E6907  
+E6907  2770    2771    2772    
CQUAD9  6909    2       778     1032    1031    539     2766    2771    +E6909  
+E6909  2773    1790    2774    
CQUAD9  6911    2       474     1033    1035    624     2775    2776    +E6911  
+E6911  2777    1259    2778    
CQUAD9  6913    2       1033    530     1034    1035    2779    2780    +E6913  
+E6913  2781    2776    2782    
CQUAD9  6915    2       1035    1034    535     701     2781    2783    +E6915  
+E6915  1520    2784    2785    
CQUAD9  6917    2       624     1035    701     437     2777    2784    +E6917  
+E6917  1517    1262    2786    
CQUAD9  6919    2       491     631     1036    685     1272    2787    +E6919  
+E6919  2788    1461    2789    
CQUAD9  6921    2       631     438     657     1036    1283    1362    +E6921  
+E6921  2790    2787    2791    
CQUAD9  6923    2       1036    657     517     1007    2790    1371    +E6923  
+E6923  2662    2792    2793    
CQUAD9  6925    2       685     1036    1007    516     2788    2792    +E6925  
+E6925  2671    1466    2794    
CQUAD9  6927    2       511     1037    1039    960     2795    2796    +E6927  
+E6927  2797    2475    2798    
CQUAD9  6929    2       1037    600     950     1039    2799    2440    +E6929  
+E6929  2800    2796    2801    
CQUAD9  6931    2       1039    950     481     1038    2800    2435    +E6931  
+E6931  2802    2803    2804    
CQUAD9  6933    2       960     1039    1038    568     2797    2803    +E6933  
+E6933  2805    2464    2806    
CQUAD9  6935    2       553     1040    1042    889     2807    2808    +E6935  
+E6935  2809    2205    2810    
CQUAD9  6937    2       1040    568     1038    1042    2811    2805    +E6937  
+E6937  2812    2808    2813    
CQUAD9  6939    2       1042    1038    481     1041    2812    2802    +E6939  
+E6939  2814    2815    2816    
CQUAD9  6941    2       889     1042    1041    503     2809    2815    +E6941  
+E6941  2817    2210    2818    
CQUAD9  6943    2       68      811     1043    69      1911    2819    +E6943  
+E6943  2820    120     2821    
CQUAD9  6945    2       811     577     773     1043    1908    1774    +E6945  
+E6945  2822    2819    2823    
CQUAD9  6947    2       1043    773     497     803     2822    1769    +E6947  
+E6947  1884    2824    2825    
CQUAD9  6949    2       69      1043    803     70      2820    2824    +E6949  
+E6949  1881    121     2826    
CQUAD9  6951    2       515     1044    1046    840     2827    2828    +E6951  
+E6951  2829    2025    2830    
CQUAD9  6953    2       1044    433     926     1046    2831    2336    +E6953  
+E6953  2832    2828    2833    
CQUAD9  6955    2       1046    926     524     1045    2832    2347    +E6955  
+E6955  2834    2835    2836    
CQUAD9  6957    2       840     1046    1045    461     2829    2835    +E6957  
+E6957  2837    2014    2838    
CQUAD9  6959    2       459     819     1050    1049    1932    2839    +E6959  
+E6959  2840    2841    2842    
CQUAD9  6961    2       819     500     1047    1050    1941    2843    +E6961  
+E6961  2844    2839    2845    
CQUAD9  6963    2       1050    1047    441     1048    2844    2846    +E6963  
+E6963  2847    2848    2849    
CQUAD9  6965    2       1049    1050    1048    462     2840    2848    +E6965  
+E6965  2850    2851    2852    
CQUAD9  6967    2       493     1051    1053    636     2853    2854    +E6967  
+E6967  2855    1299    2856    
CQUAD9  6969    2       1051    543     1052    1053    2857    2858    +E6969  
+E6969  2859    2854    2860    
CQUAD9  6971    2       1053    1052    462     1048    2859    2861    +E6971  
+E6971  2850    2862    2863    
CQUAD9  6973    2       636     1053    1048    441     2855    2862    +E6973  
+E6973  2847    1288    2864    
CQUAD9  6975    2       524     1054    1056    1045    2865    2866    +E6975  
+E6975  2867    2834    2868    
CQUAD9  6977    2       1054    449     938     1056    2869    2396    +E6977  
+E6977  2870    2866    2871    
CQUAD9  6979    2       1056    938     564     1055    2870    2393    +E6979  
+E6979  2872    2873    2874    
CQUAD9  6981    2       1045    1056    1055    461     2867    2873    +E6981  
+E6981  2875    2837    2876    
CQUAD9  6983    2       524     925     1058    1054    2346    2877    +E6983  
+E6983  2878    2865    2879    
CQUAD9  6985    2       925     595     1057    1058    2343    2880    +E6985  
+E6985  2881    2877    2882    
CQUAD9  6987    2       1058    1057    560     939     2881    2883    +E6987  
+E6987  2386    2884    2885    
CQUAD9  6989    2       1054    1058    939     449     2878    2884    +E6989  
+E6989  2397    2869    2886    
CQUAD9  6991    2       38      1059    1061    39      2887    2888    +E6991  
+E6991  2889    46      2890    
CQUAD9  6993    2       1059    475     1060    1061    2891    2892    +E6993  
+E6993  2893    2888    2894    
CQUAD9  6995    2       1061    1060    507     704     2893    2895    +E6995  
+E6995  1527    2896    2897    
CQUAD9  6997    2       39      1061    704     40      2889    2896    +E6997  
+E6997  1523    47      2898    
CQUAD9  6999    2       453     1010    1063    1017    2676    2899    +E6999  
+E6999  2900    2707    2901    
CQUAD9  7001    2       1010    581     1062    1063    2683    2902    +E7001  
+E7001  2903    2899    2904    
CQUAD9  7003    2       1063    1062    606     984     2903    2905    +E7003  
+E7003  2564    2906    2907    
CQUAD9  7005    2       1017    1063    984     518     2900    2906    +E7005  
+E7005  2561    2712    2908    
CQUAD9  7007    2       457     770     1064    850     1766    2909    +E7007  
+E7007  2910    2055    2911    
CQUAD9  7009    2       770     575     882     1064    1763    2183    +E7009  
+E7009  2912    2909    2913    
CQUAD9  7011    2       1064    882     484     762     2912    2179    +E7011  
+E7011  1738    2914    2915    
CQUAD9  7013    2       850     1064    762     541     2910    2914    +E7013  
+E7013  1735    2060    2916    
CQUAD9  7015    2       74      73      1065    656     125     2917    +E7015  
+E7015  2918    1367    2919    
CQUAD9  7017    2       73      72      808     1065    124     1900    +E7017  
+E7017  2920    2917    2921    
CQUAD9  7019    2       1065    808     456     1005    2920    1897    +E7019  
+E7019  2664    2922    2923    
CQUAD9  7021    2       656     1065    1005    517     2918    2922    +E7021  
+E7021  2659    1370    2924    
CQUAD9  7023    2       114     113     1068    1067    165     2925    +E7023  
+E7023  2926    2927    2928    
CQUAD9  7025    2       113     112     1066    1068    164     2929    +E7025  
+E7025  2930    2925    2931    
CQUAD9  7027    2       1068    1066    537     979     2930    2932    +E7027  
+E7027  2546    2933    2934    
CQUAD9  7029    2       1067    1068    979     485     2926    2933    +E7029  
+E7029  2541    2935    2936    
CQUAD9  7031    2       448     682     1070    1028    1458    2937    +E7031  
+E7031  2938    2753    2939    
CQUAD9  7033    2       682     528     955     1070    1455    2450    +E7033  
+E7033  2940    2937    2941    
CQUAD9  7035    2       1070    955     582     1069    2940    2459    +E7035  
+E7035  2942    2943    2944    
CQUAD9  7037    2       1028    1070    1069    596     2938    2943    +E7037  
+E7037  2945    2757    2946    
CQUAD9  7039    2       553     1029    1072    1071    2761    2947    +E7039  
+E7039  2948    2949    2950    
CQUAD9  7041    2       1029    596     1069    1072    2758    2945    +E7041  
+E7041  2951    2947    2952    
CQUAD9  7043    2       1072    1069    582     885     2951    2942    +E7043  
+E7043  2196    2953    2954    
CQUAD9  7045    2       1071    1072    885     591     2948    2953    +E7045  
+E7045  2191    2955    2956    
CQUAD9  7047    2       593     865     1074    986     2118    2957    +E7047  
+E7047  2958    2569    2959    
CQUAD9  7049    2       865     562     883     1074    2115    2189    +E7049  
+E7049  2960    2957    2961    
CQUAD9  7051    2       1074    883     585     1073    2960    2186    +E7051  
+E7051  2962    2963    2964    
CQUAD9  7053    2       986     1074    1073    565     2958    2963    +E7053  
+E7053  2965    2558    2966    
CQUAD9  7055    2       84      85      1075    818     136     2967    +E7055  
+E7055  2968    1937    2969    
CQUAD9  7057    2       85      86      930     1075    137     2363    +E7057  
+E7057  2970    2967    2971    
CQUAD9  7059    2       1075    930     441     1047    2970    2359    +E7059  
+E7059  2846    2972    2973    
CQUAD9  7061    2       818     1075    1047    500     2968    2972    +E7061  
+E7061  2843    1940    2974    
CQUAD9  7063    2       78      79      1078    1077    130     2975    +E7063  
+E7063  2976    2977    2978    
CQUAD9  7065    2       79      80      998     1078    131     2623    +E7065  
+E7065  2979    2975    2980    
CQUAD9  7067    2       1078    998     592     1076    2979    2629    +E7067  
+E7067  2981    2982    2983    
CQUAD9  7069    2       1077    1078    1076    584     2976    2982    +E7069  
+E7069  2984    2985    2986    
CQUAD9  7071    2       460     1079    1082    1081    2987    2988    +E7071  
+E7071  2989    2990    2991    
CQUAD9  7073    2       1079    589     1080    1082    2992    2993    +E7073  
+E7073  2994    2988    2995    
CQUAD9  7075    2       1082    1080    557     760     2994    2996    +E7075  
+E7075  1730    2997    2998    
CQUAD9  7077    2       1081    1082    760     520     2989    2997    +E7077  
+E7077  1725    2999    3000    
CQUAD9  7079    2       80      79      1083    879     131     3001    +E7079  
+E7079  3002    2167    3003    
CQUAD9  7081    2       79      78      995     1083    130     2605    +E7081  
+E7081  3004    3001    3005    
CQUAD9  7083    2       1083    995     521     898     3004    2611    +E7083  
+E7083  2237    3006    3007    
CQUAD9  7085    2       879     1083    898     597     3002    3006    +E7085  
+E7085  2243    2171    3008    
CQUAD9  7087    2       553     1071    1084    1040    2949    3009    +E7087  
+E7087  3010    2807    3011    
CQUAD9  7089    2       1071    591     964     1084    2955    2479    +E7089  
+E7089  3012    3009    3013    
CQUAD9  7091    2       1084    964     570     957     3012    2489    +E7091  
+E7091  2466    3014    3015    
CQUAD9  7093    2       1040    1084    957     568     3010    3014    +E7093  
+E7093  2461    2811    3016    
CQUAD9  7095    2       535     1034    1086    909     2783    3017    +E7095  
+E7095  3018    2281    3019    
CQUAD9  7097    2       1034    530     1085    1086    2780    3020    +E7097  
+E7097  3021    3017    3022    
CQUAD9  7099    2       1086    1085    564     941     3021    3023    +E7099  
+E7099  2406    3024    3025    
CQUAD9  7101    2       909     1086    941     588     3018    3024    +E7101  
+E7101  2403    2285    3026    
CQUAD9  7103    2       110     1023    1087    765     2731    3027    +E7103  
+E7103  3028    1741    3029    
CQUAD9  7105    2       1023    523     891     1087    2739    2218    +E7105  
+E7105  3030    3027    3031    
CQUAD9  7107    2       1087    891     574     861     3030    2215    +E7107  
+E7107  2094    3032    3033    
CQUAD9  7109    2       765     1087    861     556     3028    3032    +E7109  
+E7109  2103    1745    3034    
CQUAD9  7111    2       542     904     1090    1089    2264    3035    +E7111  
+E7111  3036    3037    3038    
CQUAD9  7113    2       904     595     924     1090    2259    2342    +E7113  
+E7113  3039    3035    3040    
CQUAD9  7115    2       1090    924     603     1088    3039    2339    +E7115  
+E7115  3041    3042    3043    
CQUAD9  7117    2       1089    1090    1088    551     3036    3042    +E7117  
+E7117  3044    3045    3046    
CQUAD9  7119    2       600     1037    1092    948     2799    3047    +E7119  
+E7119  3048    2430    3049    
CQUAD9  7121    2       1037    511     1091    1092    2795    3050    +E7121  
+E7121  3051    3047    3052    
CQUAD9  7123    2       1092    1091    601     913     3051    3053    +E7123  
+E7123  2300    3054    3055    
CQUAD9  7125    2       948     1092    913     531     3048    3054    +E7125  
+E7125  2295    2433    3056    
CQUAD9  7127    2       444     615     1093    653     1234    3057    +E7127  
+E7127  3058    1357    3059    
CQUAD9  7129    2       615     469     620     1093    1231    1250    +E7129  
+E7129  3060    3057    3061    
CQUAD9  7131    2       1093    620     488     801     3060    1247    +E7131  
+E7131  1875    3062    3063    
CQUAD9  7133    2       653     1093    801     482     3058    3062    +E7133  
+E7133  1872    1348    3064    
CQUAD9  7135    2       543     1051    1095    753     2857    3065    +E7135  
+E7135  3066    1705    3067    
CQUAD9  7137    2       1051    493     635     1095    2853    1298    +E7137  
+E7137  3068    3065    3069    
CQUAD9  7139    2       1095    635     479     1094    3068    1295    +E7139  
+E7139  3070    3071    3072    
CQUAD9  7141    2       753     1095    1094    534     3066    3071    +E7141  
+E7141  3073    1708    3074    
CQUAD9  7143    2       569     838     1098    1097    2020    3075    +E7143  
+E7143  3076    3077    3078    
CQUAD9  7145    2       838     526     1096    1098    2017    3079    +E7145  
+E7145  3080    3075    3081    
CQUAD9  7147    2       1098    1096    534     1094    3080    3082    +E7147  
+E7147  3073    3083    3084    
CQUAD9  7149    2       1097    1098    1094    479     3076    3083    +E7149  
+E7149  3070    3085    3086    
CQUAD9  7151    2       451     751     1101    1100    1700    3087    +E7151  
+E7151  3088    3089    3090    
CQUAD9  7153    2       751     443     1099    1101    1695    3091    +E7153  
+E7153  3092    3087    3093    
CQUAD9  7155    2       1101    1099    530     1033    3092    3094    +E7155  
+E7155  2779    3095    3096    
CQUAD9  7157    2       1100    1101    1033    474     3088    3095    +E7157  
+E7157  2775    3097    3098    
CQUAD9  7159    2       502     1102    1103    993     3099    3100    +E7159  
+E7159  3101    2593    3102    
CQUAD9  7161    2       1102    546     901     1103    3103    2253    +E7161  
+E7161  3104    3100    3105    
CQUAD9  7163    2       1103    901     552     757     3104    2250    +E7163  
+E7163  1719    3106    3107    
CQUAD9  7165    2       993     1103    757     454     3101    3106    +E7165  
+E7165  1716    2597    3108    
CQUAD9  7167    2       70      771     1105    69      1757    3109    +E7167  
+E7167  3110    121     3111    
CQUAD9  7169    2       771     457     852     1105    1767    2058    +E7169  
+E7169  3112    3109    3113    
CQUAD9  7171    2       1105    852     498     1104    3112    2067    +E7171  
+E7171  3114    3115    3116    
CQUAD9  7173    2       69      1105    1104    68      3110    3115    +E7173  
+E7173  3117    120     3118    
CQUAD9  7175    2       96      1106    1107    97      3119    3120    +E7175  
+E7175  3121    148     3122    
CQUAD9  7177    2       1106    598     971     1107    3123    2517    +E7177  
+E7177  3124    3120    3125    
CQUAD9  7179    2       1107    971     472     644     3124    2513    +E7179  
+E7179  1318    3126    3127    
CQUAD9  7181    2       97      1107    644     98      3121    3126    +E7181  
+E7181  1327    149     3128    
CQUAD9  7183    2       572     919     1109    951     2321    3129    +E7183  
+E7183  3130    2445    3131    
CQUAD9  7185    2       919     602     1108    1109    2318    3132    +E7185  
+E7185  3133    3129    3134    
CQUAD9  7187    2       1109    1108    503     1041    3133    3135    +E7187  
+E7187  2817    3136    3137    
CQUAD9  7189    2       951     1109    1041    481     3130    3136    +E7189  
+E7189  2814    2438    3138    
CQUAD9  7191    2       574     890     1110    859     2214    3139    +E7191  
+E7191  3140    2091    3141    
CQUAD9  7193    2       890     503     1108    1110    2211    3135    +E7193  
+E7193  3142    3139    3143    
CQUAD9  7195    2       1110    1108    602     944     3142    3132    +E7195  
+E7195  2417    3144    3145    
CQUAD9  7197    2       859     1110    944     586     3140    3144    +E7197  
+E7197  2414    2096    3146    
CQUAD9  7199    2       546     1102    1112    1111    3103    3147    +E7199  
+E7199  3148    3149    3150    
CQUAD9  7201    2       1102    502     896     1112    3099    2223    +E7201  
+E7201  3151    3147    3152    
CQUAD9  7203    2       1112    896     549     946     3151    2233    +E7203  
+E7203  2425    3153    3154    
CQUAD9  7205    2       1111    1112    946     483     3148    3153    +E7205  
+E7205  2421    3155    3156    
CQUAD9  7207    2       96      95      1114    1106    147     3157    +E7207  
+E7207  3158    3119    3159    
CQUAD9  7209    2       95      94      905     1114    146     2268    +E7209  
+E7209  3160    3157    3161    
CQUAD9  7211    2       1114    905     542     1113    3160    2265    +E7211  
+E7211  3162    3163    3164    
CQUAD9  7213    2       1106    1114    1113    598     3158    3163    +E7213  
+E7213  3165    3123    3166    
CQUAD9  7215    2       551     1115    1116    1089    3167    3168    +E7215  
+E7215  3169    3045    3170    
CQUAD9  7217    2       1115    590     972     1116    3171    2521    +E7217  
+E7217  3172    3168    3173    
CQUAD9  7219    2       1116    972     598     1113    3172    2518    +E7219  
+E7219  3165    3174    3175    
CQUAD9  7221    2       1089    1116    1113    542     3169    3174    +E7221  
+E7221  3162    3037    3176    
CQUAD9  7223    2       468     628     1117    783     1274    3177    +E7223  
+E7223  3178    1805    3179    
CQUAD9  7225    2       628     491     988     1117    1269    2577    +E7225  
+E7225  3180    3177    3181    
CQUAD9  7227    2       1117    988     606     1062    3180    2574    +E7227  
+E7227  2905    3182    3183    
CQUAD9  7229    2       783     1117    1062    581     3178    3182    +E7229  
+E7229  2902    1808    3184    
CQUAD9  7231    2       96      747     1118    95      1675    3185    +E7231  
+E7231  3186    147     3187    
CQUAD9  7233    2       747     496     621     1118    1683    1240    +E7233  
+E7233  3188    3185    3189    
CQUAD9  7235    2       1118    621     469     614     3188    1251    +E7235  
+E7235  1230    3190    3191    
CQUAD9  7237    2       95      1118    614     94      3186    3190    +E7237  
+E7237  1227    146     3192    
CQUAD9  7239    2       470     1026    1120    665     2749    3193    +E7239  
+E7239  3194    1395    3195    
CQUAD9  7241    2       1026    555     1119    1120    2746    3196    +E7241  
+E7241  3197    3193    3198    
CQUAD9  7243    2       1120    1119    476     695     3197    3199    +E7243  
+E7243  1498    3200    3201    
CQUAD9  7245    2       665     1120    695     509     3194    3200    +E7245  
+E7245  1493    1398    3202    
CQUAD9  7247    2       473     696     1122    691     1502    3203    +E7247  
+E7247  3204    1483    3205    
CQUAD9  7249    2       696     476     1121    1122    1499    3206    +E7249  
+E7249  3207    3203    3208    
CQUAD9  7251    2       1122    1121    446     831     3207    3209    +E7251  
+E7251  1989    3210    3211    
CQUAD9  7253    2       691     1122    831     554     3204    3210    +E7253  
+E7253  1986    1486    3212    
CQUAD9  7255    2       445     726     1123    1025    1605    3213    +E7255  
+E7255  3214    2741    3215    
CQUAD9  7257    2       726     446     1121    1123    1602    3209    +E7257  
+E7257  3216    3213    3217    
CQUAD9  7259    2       1123    1121    476     1119    3216    3206    +E7259  
+E7259  3199    3218    3219    
CQUAD9  7261    2       1025    1123    1119    555     3214    3218    +E7261  
+E7261  3196    2745    3220    
CQUAD9  7263    2       573     804     1125    809     1888    3221    +E7263  
+E7263  3222    1903    3223    
CQUAD9  7265    2       804     497     788     1125    1885    1824    +E7265  
+E7265  3224    3221    3225    
CQUAD9  7267    2       1125    788     583     1124    3224    1821    +E7267  
+E7267  3226    3227    3228    
CQUAD9  7269    2       809     1125    1124    566     3222    3227    +E7269  
+E7269  3229    1894    3230    
CQUAD9  7271    2       585     1126    1128    1073    3231    3232    +E7271  
+E7271  3233    2962    3234    
CQUAD9  7273    2       1126    439     1127    1128    3235    3236    +E7273  
+E7273  3237    3232    3238    
CQUAD9  7275    2       1128    1127    455     1015    3237    3239    +E7275  
+E7275  2705    3240    3241    
CQUAD9  7277    2       1073    1128    1015    565     3233    3240    +E7277  
+E7277  2702    2965    3242    
CQUAD9  7279    2       592     844     1130    1076    2040    3243    +E7279  
+E7279  3244    2981    3245    
CQUAD9  7281    2       844     455     1127    1130    2037    3239    +E7281  
+E7281  3246    3243    3247    
CQUAD9  7283    2       1130    1127    439     1129    3246    3236    +E7283  
+E7283  3248    3249    3250    
CQUAD9  7285    2       1076    1130    1129    584     3244    3249    +E7285  
+E7285  3251    2984    3252    
CQUAD9  7287    2       590     1115    1132    976     3171    3253    +E7287  
+E7287  3254    2535    3255    
CQUAD9  7289    2       1115    551     1088    1132    3167    3044    +E7289  
+E7289  3256    3253    3257    
CQUAD9  7291    2       1132    1088    603     1131    3256    3041    +E7291  
+E7291  3258    3259    3260    
CQUAD9  7293    2       976     1132    1131    563     3254    3259    +E7293  
+E7293  3261    2538    3262    
CQUAD9  7295    2       78      1077    1134    77      2977    3263    +E7295  
+E7295  3264    129     3265    
CQUAD9  7297    2       1077    584     1129    1134    2985    3251    +E7297  
+E7297  3266    3263    3267    
CQUAD9  7299    2       1134    1129    439     1133    3266    3248    +E7299  
+E7299  3268    3269    3270    
CQUAD9  7301    2       77      1134    1133    76      3264    3269    +E7301  
+E7301  3271    128     3272    
CQUAD9  7303    2       520     1003    1136    1081    2657    3273    +E7303  
+E7303  3274    2999    3275    
CQUAD9  7305    2       1003    499     1135    1136    2654    3276    +E7305  
+E7305  3277    3273    3278    
CQUAD9  7307    2       1136    1135    583     787     3277    3279    +E7307  
+E7307  1820    3280    3281    
CQUAD9  7309    2       1081    1136    787     460     3274    3280    +E7309  
+E7309  1815    2990    3282    
CQUAD9  7311    2       516     1006    1137    686     2670    3283    +E7311  
+E7311  3284    1467    3285    
CQUAD9  7313    2       1006    566     1124    1137    2667    3229    +E7313  
+E7313  3286    3283    3287    
CQUAD9  7315    2       1137    1124    583     1135    3286    3226    +E7315  
+E7315  3279    3288    3289    
CQUAD9  7317    2       686     1137    1135    499     3284    3288    +E7317  
+E7317  3276    1470    3290    
CQUAD9  7319    2       15      16      1140    775     27      3291    +E7319  
+E7319  3292    1779    3293    
CQUAD9  7321    2       16      17      1138    1140    28      3294    +E7321  
+E7321  3295    3291    3296    
CQUAD9  7323    2       1140    1138    607     1139    3295    3297    +E7323  
+E7323  3298    3299    3300    
CQUAD9  7325    2       775     1140    1139    501     3292    3299    +E7325  
+E7325  3301    1782    3302    
CQUAD9  7327    2       557     1080    1143    854     2996    3303    +E7327  
+E7327  3304    2072    3305    
CQUAD9  7329    2       1080    589     1141    1143    2993    3306    +E7329  
+E7329  3307    3303    3308    
CQUAD9  7331    2       1143    1141    607     1142    3307    3309    +E7331  
+E7331  3310    3311    3312    
CQUAD9  7333    2       854     1143    1142    536     3304    3311    +E7333  
+E7333  3313    2075    3314    
CQUAD9  7335    2       526     1144    1146    1096    3315    3316    +E7335  
+E7335  3317    3079    3318    
CQUAD9  7337    2       1144    609     1145    1146    3319    3320    +E7337  
+E7337  3321    3316    3322    
CQUAD9  7339    2       1146    1145    443     754     3321    3323    +E7339  
+E7339  1698    3324    3325    
CQUAD9  7341    2       1096    1146    754     534     3317    3324    +E7341  
+E7341  1709    3082    3326    
CQUAD9  7343    2       459     1049    1149    842     2841    3327    +E7343  
+E7343  3328    2027    3329    
CQUAD9  7345    2       1049    462     1147    1149    2851    3330    +E7345  
+E7345  3331    3327    3332    
CQUAD9  7347    2       1149    1147    610     1148    3331    3333    +E7347  
+E7347  3334    3335    3336    
CQUAD9  7349    2       842     1149    1148    522     3328    3335    +E7349  
+E7349  3337    2032    3338    
CQUAD9  7351    2       474     623     1152    1100    1258    3339    +E7351  
+E7351  3340    3097    3341    
CQUAD9  7353    2       623     492     1150    1152    1253    3342    +E7353  
+E7353  3343    3339    3344    
CQUAD9  7355    2       1152    1150    610     1151    3343    3345    +E7355  
+E7355  3346    3347    3348    
CQUAD9  7357    2       1100    1152    1151    451     3340    3347    +E7357  
+E7357  3349    3089    3350    
CQUAD9  7359    2       603     923     1155    1131    2338    3351    +E7359  
+E7359  3352    3258    3353    
CQUAD9  7361    2       923     433     1153    1155    2333    3354    +E7361  
+E7361  3355    3351    3356    
CQUAD9  7363    2       1155    1153    612     1154    3355    3357    +E7363  
+E7363  3358    3359    3360    
CQUAD9  7365    2       1131    1155    1154    563     3352    3359    +E7365  
+E7365  3361    3261    3362    
CQUAD9  7367    2       487     1156    1160    1159    3363    3364    +E7367  
+E7367  3365    3366    3367    
CQUAD9  7369    2       1156    505     1157    1160    3368    3369    +E7369  
+E7369  3370    3364    3371    
CQUAD9  7371    2       1160    1157    608     1158    3370    3372    +E7371  
+E7371  3373    3374    3375    
CQUAD9  7373    2       1159    1160    1158    432     3365    3374    +E7373  
+E7373  3376    3377    3378    
CQUAD9  7375    2       578     1161    1162    800     3379    3380    +E7375  
+E7375  3381    1868    3382    
CQUAD9  7377    2       1161    608     1157    1162    3383    3372    +E7377  
+E7377  3384    3380    3385    
CQUAD9  7379    2       1162    1157    505     651     3384    3369    +E7379  
+E7379  1350    3386    3387    
CQUAD9  7381    2       800     1162    651     482     3381    3386    +E7381  
+E7381  1345    1871    3388    
CQUAD9  7383    2       608     1161    1166    1165    3383    3389    +E7383  
+E7383  3390    3391    3392    
CQUAD9  7385    2       1161    578     1163    1166    3379    3393    +E7385  
+E7385  3394    3389    3395    
CQUAD9  7387    2       1166    1163    612     1164    3394    3396    +E7387  
+E7387  3397    3398    3399    
CQUAD9  7389    2       1165    1166    1164    508     3390    3398    +E7389  
+E7389  3400    3401    3402    
CQUAD9  7391    2       563     1154    1167    1031    3361    3403    +E7391  
+E7391  3404    2770    3405    
CQUAD9  7393    2       1154    612     1163    1167    3358    3396    +E7393  
+E7393  3406    3403    3407    
CQUAD9  7395    2       1167    1163    578     779     3406    3393    +E7395  
+E7395  1794    3408    3409    
CQUAD9  7397    2       1031    1167    779     539     3404    3408    +E7397  
+E7397  1791    2773    3410    
CQUAD9  7399    2       92      91      1169    906     143     3411    +E7399  
+E7399  3412    2271    3413    
CQUAD9  7401    2       91      90      1168    1169    142     3414    +E7401  
+E7401  3415    3411    3416    
CQUAD9  7403    2       1169    1168    560     1057    3415    3417    +E7403  
+E7403  2883    3418    3419    
CQUAD9  7405    2       906     1169    1057    595     3412    3418    +E7405  
+E7405  2880    2262    3420    
CQUAD9  7407    2       599     942     1171    928     2401    3421    +E7407  
+E7407  3422    2357    3423    
CQUAD9  7409    2       942     467     1170    1171    2409    3424    +E7409  
+E7409  3425    3421    3426    
CQUAD9  7411    2       1171    1170    88      87      3425    3427    +E7411  
+E7411  139     3428    3429    
CQUAD9  7413    2       928     1171    87      86      3422    3428    +E7413  
+E7413  138     2351    3430    
CQUAD9  7415    2       90      89      1172    1168    141     3431    +E7415  
+E7415  3432    3414    3433    
CQUAD9  7417    2       89      88      1170    1172    140     3427    +E7417  
+E7417  3434    3431    3435    
CQUAD9  7419    2       1172    1170    467     936     3434    3424    +E7419  
+E7419  2388    3436    3437    
CQUAD9  7421    2       1168    1172    936     560     3432    3436    +E7421  
+E7421  2383    3417    3438    
CQUAD9  7423    2       507     1060    1176    1175    2895    3439    +E7423  
+E7423  3440    3441    3442    
CQUAD9  7425    2       1060    475     1173    1176    2892    3443    +E7425  
+E7425  3444    3439    3445    
CQUAD9  7427    2       1176    1173    611     1174    3444    3446    +E7427  
+E7427  3447    3448    3449    
CQUAD9  7429    2       1175    1176    1174    579     3440    3448    +E7429  
+E7429  3450    3451    3452    
CQUAD9  7431    2       114     1177    1179    115     3453    3454    +E7431  
+E7431  3455    166     3456    
CQUAD9  7433    2       1177    611     1173    1179    3457    3446    +E7433  
+E7433  3458    3454    3459    
CQUAD9  7435    2       1179    1173    475     1178    3458    3443    +E7435  
+E7435  3460    3461    3462    
CQUAD9  7437    2       115     1179    1178    116     3455    3461    +E7437  
+E7437  3463    167     3464    
CQUAD9  7439    2       114     1067    1181    1177    2927    3465    +E7439  
+E7439  3466    3453    3467    
CQUAD9  7441    2       1067    485     981     1181    2935    2544    +E7441  
+E7441  3468    3465    3469    
CQUAD9  7443    2       1181    981     512     1180    3468    2553    +E7443  
+E7443  3470    3471    3472    
CQUAD9  7445    2       1177    1181    1180    611     3466    3471    +E7445  
+E7445  3473    3457    3474    
CQUAD9  7447    2       547     1182    1184    1183    3475    3476    +E7447  
+E7447  3477    3478    3479    
CQUAD9  7449    2       1182    579     1174    1184    3480    3450    +E7449  
+E7449  3481    3476    3482    
CQUAD9  7451    2       1184    1174    611     1180    3481    3447    +E7451  
+E7451  3473    3483    3484    
CQUAD9  7453    2       1183    1184    1180    512     3477    3483    +E7453  
+E7453  3470    3485    3486    
CQUAD9  7455    2       114     115     1186    681     166     3487    +E7455  
+E7455  3488    1451    3489    
CQUAD9  7457    2       115     116     1185    1186    167     3490    +E7457  
+E7457  3491    3487    3492    
CQUAD9  7459    2       1186    1185    480     953     3491    3493    +E7459  
+E7459  2452    3494    3495    
CQUAD9  7461    2       681     1186    953     528     3488    3494    +E7461  
+E7461  2447    1454    3496    
CQUAD9  7463    2       546     1111    1189    1188    3149    3497    +E7463  
+E7463  3498    3499    3500    
CQUAD9  7465    2       1111    483     915     1189    3155    2308    +E7465  
+E7465  3501    3497    3502    
CQUAD9  7467    2       1189    915     537     1187    3501    2305    +E7467  
+E7467  3503    3504    3505    
CQUAD9  7469    2       1188    1189    1187    613     3498    3504    +E7469  
+E7469  3506    3507    3508    
CQUAD9  7471    2       110     1190    1191    111     3509    3510    +E7471  
+E7471  3511    162     3512    
CQUAD9  7473    2       1190    613     1187    1191    3513    3506    +E7473  
+E7473  3514    3510    3515    
CQUAD9  7475    2       1191    1187    537     1066    3514    3503    +E7475  
+E7475  2932    3516    3517    
CQUAD9  7477    2       111     1191    1066    112     3511    3516    +E7477  
+E7477  2929    163     3518    
CQUAD9  7479    2       110     109     1192    1190    161     3519    +E7479  
+E7479  3520    3509    3521    
CQUAD9  7481    2       109     108     902     1192    160     2257    +E7481  
+E7481  3522    3519    3523    
CQUAD9  7483    2       1192    902     546     1188    3522    2254    +E7483  
+E7483  3499    3524    3525    
CQUAD9  7485    2       1190    1192    1188    613     3520    3524    +E7485  
+E7485  3507    3513    3526    
CQUAD9  7487    2       451     1151    1193    752     3349    3527    +E7487  
+E7487  3528    1701    3529    
CQUAD9  7489    2       1151    610     1147    1193    3346    3333    +E7489  
+E7489  3530    3527    3531    
CQUAD9  7491    2       1193    1147    462     1052    3530    3330    +E7491  
+E7491  2861    3532    3533    
CQUAD9  7493    2       752     1193    1052    543     3528    3532    +E7493  
+E7493  2858    1704    3534    
CQUAD9  7495    2       90      91      1194    933     142     3535    +E7495  
+E7495  3536    2371    3537    
CQUAD9  7497    2       91      92      652     1194    143     1354    +E7497  
+E7497  3538    3535    3539    
CQUAD9  7499    2       1194    652     505     1156    3538    1351    +E7499  
+E7499  3368    3540    3541    
CQUAD9  7501    2       933     1194    1156    487     3536    3540    +E7501  
+E7501  3363    2375    3542    
CQUAD9  7503    2       433     1044    1196    1153    2831    3543    +E7503  
+E7503  3544    3354    3545    
CQUAD9  7505    2       1044    515     1195    1196    2827    3546    +E7505  
+E7505  3547    3543    3548    
CQUAD9  7507    2       1196    1195    508     1164    3547    3549    +E7507  
+E7507  3400    3550    3551    
CQUAD9  7509    2       1153    1196    1164    612     3544    3550    +E7509  
+E7509  3397    3357    3552    
CQUAD9  7511    2       492     1020    1197    1150    2727    3553    +E7511  
+E7511  3554    3342    3555    
CQUAD9  7513    2       1020    605     1013    1197    2724    2697    +E7513  
+E7513  3556    3553    3557    
CQUAD9  7515    2       1197    1013    522     1148    3556    2693    +E7515  
+E7515  3337    3558    3559    
CQUAD9  7517    2       1150    1197    1148    610     3554    3558    +E7517  
+E7517  3334    3345    3560    
CQUAD9  7519    2       479     1198    1200    1097    3561    3562    +E7519  
+E7519  3563    3085    3564    
CQUAD9  7521    2       1198    432     1158    1200    3565    3376    +E7521  
+E7521  3566    3562    3567    
CQUAD9  7523    2       1200    1158    608     1199    3566    3373    +E7523  
+E7523  3568    3569    3570    
CQUAD9  7525    2       1097    1200    1199    569     3563    3569    +E7525  
+E7525  3571    3077    3572    
CQUAD9  7527    2       515     839     1201    1195    2024    3573    +E7527  
+E7527  3574    3546    3575    
CQUAD9  7529    2       839     569     1199    1201    2021    3571    +E7529  
+E7529  3576    3573    3577    
CQUAD9  7531    2       1201    1199    608     1165    3576    3568    +E7531  
+E7531  3391    3578    3579    
CQUAD9  7533    2       1195    1201    1165    508     3574    3578    +E7533  
+E7533  3401    3549    3580    
CQUAD9  7535    2       511     959     1202    1091    2474    3581    +E7535  
+E7535  3582    3050    3583    
CQUAD9  7537    2       959     547     1183    1202    2471    3478    +E7537  
+E7537  3584    3581    3585    
CQUAD9  7539    2       1202    1183    512     980     3584    3485    +E7539  
+E7539  2552    3586    3587    
CQUAD9  7541    2       1091    1202    980     601     3582    3586    +E7541  
+E7541  2549    3053    3588    
CQUAD9  7543    2       100     101     1205    1204    152     3589    +E7543  
+E7543  3590    3591    3592    
CQUAD9  7545    2       101     102     857     1205    153     2081    +E7545  
+E7545  3593    3589    3594    
CQUAD9  7547    2       1205    857     447     1203    3593    2089    +E7547  
+E7547  3595    3596    3597    
CQUAD9  7549    2       1204    1205    1203    510     3590    3596    +E7549  
+E7549  3598    3599    3600    
CQUAD9  7551    2       435     720     1206    734     1584    3601    +E7551  
+E7551  3602    1633    3603    
CQUAD9  7553    2       720     510     1203    1206    1579    3598    +E7553  
+E7553  3604    3601    3605    
CQUAD9  7555    2       1206    1203    447     827     3604    3595    +E7555  
+E7555  1968    3606    3607    
CQUAD9  7557    2       734     1206    827     489     3602    3606    +E7557  
+E7557  1975    1624    3608    
CQUAD9  7559    2       17      18      1207    1138    29      3609    +E7559  
+E7559  3610    3294    3611    
CQUAD9  7561    2       18      19      848     1207    30      2045    +E7561  
+E7561  3612    3609    3613    
CQUAD9  7563    2       1207    848     536     1142    3612    2053    +E7563  
+E7563  3313    3614    3615    
CQUAD9  7565    2       1138    1207    1142    607     3610    3614    +E7565  
+E7565  3310    3297    3616    
CQUAD9  7567    2       526     837     1209    1144    2016    3617    +E7567  
+E7567  3618    3315    3619    
CQUAD9  7569    2       837     461     1055    1209    2011    2875    +E7569  
+E7569  3620    3617    3621    
CQUAD9  7571    2       1209    1055    564     1208    3620    2872    +E7571  
+E7571  3622    3623    3624    
CQUAD9  7573    2       1144    1209    1208    609     3618    3623    +E7573  
+E7573  3625    3319    3626    
CQUAD9  7575    2       504     705     1210    969     1531    3627    +E7575  
+E7575  3628    2508    3629    
CQUAD9  7577    2       705     507     1175    1210    1528    3441    +E7577  
+E7577  3630    3627    3631    
CQUAD9  7579    2       1210    1175    579     1182    3630    3451    +E7579  
+E7579  3480    3632    3633    
CQUAD9  7581    2       969     1210    1182    547     3628    3632    +E7581  
+E7581  3475    2511    3634    
CQUAD9  7583    2       501     1139    1211    789     3301    3635    +E7583  
+E7583  3636    1827    3637    
CQUAD9  7585    2       1139    607     1141    1211    3298    3309    +E7585  
+E7585  3638    3635    3639    
CQUAD9  7587    2       1211    1141    589     1079    3638    3306    +E7587  
+E7587  2992    3640    3641    
CQUAD9  7589    2       789     1211    1079    460     3636    3640    +E7589  
+E7589  2987    1818    3642    
CQUAD9  7591    2       76      1133    1212    75      3271    3643    +E7591  
+E7591  3644    127     3645    
CQUAD9  7593    2       1133    439     1126    1212    3268    3235    +E7593  
+E7593  3646    3643    3647    
CQUAD9  7595    2       1212    1126    585     834     3646    3231    +E7595  
+E7595  2005    3648    3649    
CQUAD9  7597    2       75      1212    834     74      3644    3648    +E7597  
+E7597  2002    126     3650    
CQUAD9  7599    2       106     105     1213    900     157     3651    +E7599  
+E7599  3652    2245    3653    
CQUAD9  7601    2       105     104     749     1213    156     1693    +E7601  
+E7601  3654    3651    3655    
CQUAD9  7603    2       1213    749     486     758     3654    1690    +E7603  
+E7603  1723    3656    3657    
CQUAD9  7605    2       900     1213    758     552     3652    3656    +E7605  
+E7605  1720    2249    3658    
CQUAD9  7607    2       4       117     1214    37      169     3659    +E7607  
+E7607  3660    44      3661    
CQUAD9  7609    2       117     116     1178    1214    168     3463    +E7609  
+E7609  3662    3659    3663    
CQUAD9  7611    2       1214    1178    475     1059    3662    3460    +E7611  
+E7611  2891    3664    3665    
CQUAD9  7613    2       37      1214    1059    38      3660    3664    +E7613  
+E7613  2887    45      3666    
CQUAD9  7615    2       100     1204    1215    99      3591    3667    +E7615  
+E7615  3668    151     3669    
CQUAD9  7617    2       1204    510     722     1215    3599    1582    +E7617  
+E7617  3670    3667    3671    
CQUAD9  7619    2       1215    722     478     746     3670    1591    +E7619  
+E7619  1680    3672    3673    
CQUAD9  7621    2       99      1215    746     98      3668    3672    +E7621  
+E7621  1677    150     3674    
CQUAD9  7623    2       57      56      1217    1216    64      3675    +E7623  
+E7623  3676    3677    3678    
CQUAD9  7625    2       56      55      815     1217    63      1917    +E7625  
+E7625  3679    3675    3680    
CQUAD9  7627    2       1217    815     580     954     3679    1927    +E7627  
+E7627  2456    3681    3682    
CQUAD9  7629    2       1216    1217    954     480     3676    3681    +E7629  
+E7629  2453    3683    3684    
CQUAD9  7631    2       479     634     1218    1198    1294    3685    +E7631  
+E7631  3686    3561    3687    
CQUAD9  7633    2       634     529     934     1218    1291    2379    +E7633  
+E7633  3688    3685    3689    
CQUAD9  7635    2       1218    934     487     1159    3688    2376    +E7635  
+E7635  3366    3690    3691    
CQUAD9  7637    2       1198    1218    1159    432     3686    3690    +E7637  
+E7637  3377    3565    3692    
CQUAD9  7639    2       443     1145    1219    1099    3323    3693    +E7639  
+E7639  3694    3091    3695    
CQUAD9  7641    2       1145    609     1208    1219    3320    3625    +E7641  
+E7641  3696    3693    3697    
CQUAD9  7643    2       1219    1208    564     1085    3696    3622    +E7643  
+E7643  3023    3698    3699    
CQUAD9  7645    2       1099    1219    1085    530     3694    3698    +E7645  
+E7645  3020    3094    3700    
CQUAD9  7647    2       4       58      1220    117     66      3701    +E7647  
+E7647  3702    169     3703    
CQUAD9  7649    2       58      57      1216    1220    65      3677    +E7649  
+E7649  3704    3701    3705    
CQUAD9  7651    2       1220    1216    480     1185    3704    3683    +E7651  
+E7651  3493    3706    3707    
CQUAD9  7653    2       117     1220    1185    116     3702    3706    +E7653  
+E7653  3490    168     3708    
CQUAD9  7655    2       68      1104    1221    67      3117    3709    +E7655  
+E7655  3710    119     3711    
CQUAD9  7657    2       1104    498     638     1221    3114    1308    +E7657  
+E7657  3712    3709    3713    
CQUAD9  7659    2       1221    638     23      24      3712    1305    +E7659  
+E7659  35      3714    3715    
CQUAD9  7661    2       67      1221    24      3       3710    3714    +E7661  
+E7661  36      118     3716    
CQUAD9  7663    2       53      52      1222    813     60      3717    +E7663  
+E7663  3718    1919    3719    
CQUAD9  7665    2       52      5       967     1222    59      2501    +E7665  
+E7665  3720    3717    3721    
CQUAD9  7667    2       1222    967     604     962     3720    2498    +E7667  
+E7667  2484    3722    3723    
CQUAD9  7669    2       813     1222    962     571     3718    3722    +E7669  
+E7669  2481    1922    3724    
CQUAD9  7671    3       171     3735    3737    170     3768    3769    +E7671  
+E7671  3770    174     3771    
CQUAD9  7673    3       3735    3729    3736    3737    3772    3773    +E7673  
+E7673  3774    3769    3775    
CQUAD9  7675    3       3737    3736    186     187     3774    3776    +E7675  
+E7675  198     3777    3778    
CQUAD9  7677    3       170     3737    187     7       3770    3777    +E7677  
+E7677  199     173     3779    
CQUAD9  7679    3       3728    3738    3741    3740    3780    3781    +E7679  
+E7679  3782    3783    3784    
CQUAD9  7681    3       3738    3730    3739    3741    3785    3786    +E7681  
+E7681  3787    3781    3788    
CQUAD9  7683    3       3741    3739    6       210     3787    3789    +E7683  
+E7683  222     3790    3791    
CQUAD9  7685    3       3740    3741    210     209     3782    3790    +E7685  
+E7685  221     3792    3793    
CQUAD9  7687    3       186     3742    3745    185     3794    3795    +E7687  
+E7687  3796    197     3797    
CQUAD9  7689    3       3742    3728    3743    3745    3798    3799    +E7689  
+E7689  3800    3795    3801    
CQUAD9  7691    3       3745    3743    3727    3744    3800    3802    +E7691  
+E7691  3803    3804    3805    
CQUAD9  7693    3       185     3745    3744    184     3796    3804    +E7693  
+E7693  3806    196     3807    
CQUAD9  7695    3       209     208     3747    3740    220     3808    +E7695  
+E7695  3809    3792    3810    
CQUAD9  7697    3       208     207     3746    3747    219     3811    +E7697  
+E7697  3812    3808    3813    
CQUAD9  7699    3       3747    3746    3727    3743    3812    3814    +E7699  
+E7699  3802    3815    3816    
CQUAD9  7701    3       3740    3747    3743    3728    3809    3815    +E7701  
+E7701  3799    3783    3817    
CQUAD9  7703    3       182     3748    3751    181     3818    3819    +E7703  
+E7703  3820    193     3821    
CQUAD9  7705    3       3748    3726    3749    3751    3822    3823    +E7705  
+E7705  3824    3819    3825    
CQUAD9  7707    3       3751    3749    3725    3750    3824    3826    +E7707  
+E7707  3827    3828    3829    
CQUAD9  7709    3       181     3751    3750    180     3820    3828    +E7709  
+E7709  3830    192     3831    
CQUAD9  7711    3       205     204     3754    3753    216     3832    +E7711  
+E7711  3833    3834    3835    
CQUAD9  7713    3       204     203     3752    3754    215     3836    +E7713  
+E7713  3837    3832    3838    
CQUAD9  7715    3       3754    3752    3725    3749    3837    3839    +E7715  
+E7715  3826    3840    3841    
CQUAD9  7717    3       3753    3754    3749    3726    3833    3840    +E7717  
+E7717  3823    3842    3843    
CQUAD9  7719    3       207     206     3756    3746    218     3844    +E7719  
+E7719  3845    3811    3846    
CQUAD9  7721    3       206     205     3753    3756    217     3834    +E7721  
+E7721  3847    3844    3848    
CQUAD9  7723    3       3756    3753    3726    3755    3847    3842    +E7723  
+E7723  3849    3850    3851    
CQUAD9  7725    3       3746    3756    3755    3727    3845    3850    +E7725  
+E7725  3852    3814    3853    
CQUAD9  7727    3       184     3744    3757    183     3806    3854    +E7727  
+E7727  3855    195     3856    
CQUAD9  7729    3       3744    3727    3755    3757    3803    3852    +E7729  
+E7729  3857    3854    3858    
CQUAD9  7731    3       3757    3755    3726    3748    3857    3849    +E7731  
+E7731  3822    3859    3860    
CQUAD9  7733    3       183     3757    3748    182     3855    3859    +E7733  
+E7733  3818    194     3861    
CQUAD9  7735    3       6       3739    3759    172     3789    3862    +E7735  
+E7735  3863    176     3864    
CQUAD9  7737    3       3739    3730    3758    3759    3786    3865    +E7737  
+E7737  3866    3862    3867    
CQUAD9  7739    3       3759    3758    3729    3735    3866    3868    +E7739  
+E7739  3772    3869    3870    
CQUAD9  7741    3       172     3759    3735    171     3863    3869    +E7741  
+E7741  3768    175     3871    
CQUAD9  7743    3       186     3736    3760    3742    3776    3872    +E7743  
+E7743  3873    3794    3874    
CQUAD9  7745    3       3736    3729    3758    3760    3773    3868    +E7745  
+E7745  3875    3872    3876    
CQUAD9  7747    3       3760    3758    3730    3738    3875    3865    +E7747  
+E7747  3785    3877    3878    
CQUAD9  7749    3       3742    3760    3738    3728    3873    3877    +E7749  
+E7749  3780    3798    3879    
CQUAD9  7751    3       3725    3761    3762    3750    3880    3881    +E7751  
+E7751  3882    3827    3883    
CQUAD9  7753    3       3761    40      3734    3762    3884    3885    +E7753  
+E7753  3886    3881    3887    
CQUAD9  7755    3       3762    3734    178     179     3886    3888    +E7755  
+E7755  190     3889    3890    
CQUAD9  7757    3       3750    3762    179     180     3882    3889    +E7757  
+E7757  191     3830    3891    
CQUAD9  7759    3       3725    3752    3763    3761    3839    3892    +E7759  
+E7759  3893    3880    3894    
CQUAD9  7761    3       3752    203     202     3763    3836    214     +E7761  
+E7761  3895    3892    3896    
CQUAD9  7763    3       3763    202     201     3732    3895    213     +E7763  
+E7763  3897    3898    3899    
CQUAD9  7765    3       3761    3763    3732    40      3893    3898    +E7765  
+E7765  3900    3884    3901    
CQUAD9  7767    3       38      3731    3764    37      3902    3903    +E7767  
+E7767  3904    45      3905    
CQUAD9  7769    3       3731    201     200     3764    3906    212     +E7769  
+E7769  3907    3903    3908    
CQUAD9  7771    3       37      3764    200     4       3904    3907    +E7771  
+E7771  211     44      3909    
CQUAD9  7773    3       201     3731    3765    3732    3906    3910    +E7773  
+E7773  3911    3897    3912    
CQUAD9  7775    3       3731    38      39      3765    3902    46      +E7775  
+E7775  3913    3910    3914    
CQUAD9  7777    3       3732    3765    39      40      3911    3913    +E7777  
+E7777  47      3900    3915    
CQUAD9  7779    3       178     3733    3766    177     3916    3917    +E7779  
+E7779  3918    189     3919    
CQUAD9  7781    3       3733    42      43      3766    3920    50      +E7781  
+E7781  3921    3917    3922    
CQUAD9  7783    3       177     3766    43      5       3918    3921    +E7783  
+E7783  51      188     3923    
CQUAD9  7785    3       42      3733    3767    41      3920    3924    +E7785  
+E7785  3925    49      3926    
CQUAD9  7787    3       3733    178     3734    3767    3916    3888    +E7787  
+E7787  3927    3924    3928    
CQUAD9  7789    3       41      3767    3734    40      3925    3927    +E7789  
+E7789  3885    48      3929    
CQUAD9  7791    4       230     3940    3942    231     3973    3974    +E7791  
+E7791  3975    242     3976    
CQUAD9  7793    4       3940    3933    3941    3942    3977    3978    +E7793  
+E7793  3979    3974    3980    
CQUAD9  7795    4       3942    3941    55      3937    3979    3981    +E7795  
+E7795  3982    3983    3984    
CQUAD9  7797    4       231     3942    3937    232     3975    3983    +E7797  
+E7797  3985    243     3986    
CQUAD9  7799    4       247     3943    3945    246     3987    3988    +E7799  
+E7799  3989    258     3990    
CQUAD9  7801    4       3943    3934    3944    3945    3991    3992    +E7801  
+E7801  3993    3988    3994    
CQUAD9  7803    4       3945    3944    171     170     3993    3995    +E7803  
+E7803  174     3996    3997    
CQUAD9  7805    4       246     3945    170     7       3989    3996    +E7805  
+E7805  173     257     3998    
CQUAD9  7807    4       6       3946    3949    223     3999    4000    +E7807  
+E7807  4001    234     4002    
CQUAD9  7809    4       3946    3935    3947    3949    4003    4004    +E7809  
+E7809  4005    4000    4006    
CQUAD9  7811    4       3949    3947    3932    3948    4005    4007    +E7811  
+E7811  4008    4009    4010    
CQUAD9  7813    4       223     3949    3948    224     4001    4009    +E7813  
+E7813  4011    235     4012    
CQUAD9  7815    4       224     3948    3952    225     4011    4013    +E7815  
+E7815  4014    236     4015    
CQUAD9  7817    4       3948    3932    3950    3952    4008    4016    +E7817  
+E7817  4017    4013    4018    
CQUAD9  7819    4       3952    3950    3931    3951    4017    4019    +E7819  
+E7819  4020    4021    4022    
CQUAD9  7821    4       225     3952    3951    226     4014    4021    +E7821  
+E7821  4023    237     4024    
CQUAD9  7823    4       247     248     3955    3954    259     4025    +E7823  
+E7823  4026    4027    4028    
CQUAD9  7825    4       248     249     3953    3955    260     4029    +E7825  
+E7825  4030    4025    4031    
CQUAD9  7827    4       3955    3953    3931    3950    4030    4032    +E7827  
+E7827  4019    4033    4034    
CQUAD9  7829    4       3954    3955    3950    3932    4026    4033    +E7829  
+E7829  4016    4035    4036    
CQUAD9  7831    4       249     250     3958    3953    261     4037    +E7831  
+E7831  4038    4029    4039    
CQUAD9  7833    4       250     251     3956    3958    262     4040    +E7833  
+E7833  4041    4037    4042    
CQUAD9  7835    4       3958    3956    3930    3957    4041    4043    +E7835  
+E7835  4044    4045    4046    
CQUAD9  7837    4       3953    3958    3957    3931    4038    4045    +E7837  
+E7837  4047    4032    4048    
CQUAD9  7839    4       226     3951    3960    227     4023    4049    +E7839  
+E7839  4050    238     4051    
CQUAD9  7841    4       3951    3931    3957    3960    4020    4047    +E7841  
+E7841  4052    4049    4053    
CQUAD9  7843    4       3960    3957    3930    3959    4052    4044    +E7843  
+E7843  4054    4055    4056    
CQUAD9  7845    4       227     3960    3959    228     4050    4055    +E7845  
+E7845  4057    239     4058    
CQUAD9  7847    4       55      3941    3962    3939    3981    4059    +E7847  
+E7847  4060    4061    4062    
CQUAD9  7849    4       3941    3933    3961    3962    3978    4063    +E7849  
+E7849  4064    4059    4065    
CQUAD9  7851    4       3962    3961    253     254     4064    4066    +E7851  
+E7851  265     4067    4068    
CQUAD9  7853    4       3939    3962    254     255     4060    4067    +E7853  
+E7853  266     4069    4070    
CQUAD9  7855    4       251     252     3964    3956    263     4071    +E7855  
+E7855  4072    4040    4073    
CQUAD9  7857    4       252     253     3961    3964    264     4066    +E7857  
+E7857  4074    4071    4075    
CQUAD9  7859    4       3964    3961    3933    3963    4074    4063    +E7859  
+E7859  4076    4077    4078    
CQUAD9  7861    4       3956    3964    3963    3930    4072    4077    +E7861  
+E7861  4079    4043    4080    
CQUAD9  7863    4       228     3959    3965    229     4057    4081    +E7863  
+E7863  4082    240     4083    
CQUAD9  7865    4       3959    3930    3963    3965    4054    4079    +E7865  
+E7865  4084    4081    4085    
CQUAD9  7867    4       3965    3963    3933    3940    4084    4076    +E7867  
+E7867  3977    4086    4087    
CQUAD9  7869    4       229     3965    3940    230     4082    4086    +E7869  
+E7869  3973    241     4088    
CQUAD9  7871    4       6       172     3967    3946    176     4089    +E7871  
+E7871  4090    3999    4091    
CQUAD9  7873    4       172     171     3944    3967    175     3995    +E7873  
+E7873  4092    4089    4093    
CQUAD9  7875    4       3967    3944    3934    3966    4092    3992    +E7875  
+E7875  4094    4095    4096    
CQUAD9  7877    4       3946    3967    3966    3935    4090    4095    +E7877  
+E7877  4097    4003    4098    
CQUAD9  7879    4       247     3954    3968    3943    4027    4099    +E7879  
+E7879  4100    3987    4101    
CQUAD9  7881    4       3954    3932    3947    3968    4035    4007    +E7881  
+E7881  4102    4099    4103    
CQUAD9  7883    4       3968    3947    3935    3966    4102    4004    +E7883  
+E7883  4097    4104    4105    
CQUAD9  7885    4       3943    3968    3966    3934    4100    4104    +E7885  
+E7885  4094    3991    4106    
CQUAD9  7887    4       232     3936    3969    233     4107    4108    +E7887  
+E7887  4109    244     4110    
CQUAD9  7889    4       3936    57      58      3969    4111    65      +E7889  
+E7889  4112    4108    4113    
CQUAD9  7891    4       233     3969    58      4       4109    4112    +E7891  
+E7891  66      245     4114    
CQUAD9  7893    4       57      3936    3970    56      4111    4115    +E7893  
+E7893  4116    64      4117    
CQUAD9  7895    4       3936    232     3937    3970    4107    3985    +E7895  
+E7895  4118    4115    4119    
CQUAD9  7897    4       56      3970    3937    55      4116    4118    +E7897  
+E7897  3982    63      4120    
CQUAD9  7899    4       53      3938    3971    52      4121    4122    +E7899  
+E7899  4123    60      4124    
CQUAD9  7901    4       3938    255     256     3971    4125    267     +E7901  
+E7901  4126    4122    4127    
CQUAD9  7903    4       52      3971    256     5       4123    4126    +E7903  
+E7903  268     59      4128    
CQUAD9  7905    4       255     3938    3972    3939    4125    4129    +E7905  
+E7905  4130    4069    4131    
CQUAD9  7907    4       3938    53      54      3972    4121    61      +E7907  
+E7907  4132    4129    4133    
CQUAD9  7909    4       3939    3972    54      55      4130    4132    +E7909  
+E7909  62      4061    4134    
CQUAD9  7911    5       8       4147    4150    317     4194    4195    +E7911  
+E7911  4196    321     4197    
CQUAD9  7913    5       4147    4138    4148    4150    4198    4199    +E7913  
+E7913  4200    4195    4201    
CQUAD9  7915    5       4150    4148    4140    4149    4200    4202    +E7915  
+E7915  4203    4204    4205    
CQUAD9  7917    5       317     4150    4149    316     4196    4204    +E7917  
+E7917  4206    320     4207    
CQUAD9  7919    5       8       317     4154    4153    321     4208    +E7919  
+E7919  4209    4210    4211    
CQUAD9  7921    5       317     316     4151    4154    320     4212    +E7921  
+E7921  4213    4208    4214    
CQUAD9  7923    5       4154    4151    4139    4152    4213    4215    +E7923  
+E7923  4216    4217    4218    
CQUAD9  7925    5       4153    4154    4152    4137    4209    4217    +E7925  
+E7925  4219    4220    4221    
CQUAD9  7927    5       301     4155    4158    4157    4222    4223    +E7927  
+E7927  4224    4225    4226    
CQUAD9  7929    5       4155    4142    4156    4158    4227    4228    +E7929  
+E7929  4229    4223    4230    
CQUAD9  7931    5       4158    4156    4135    4145    4229    4231    +E7931  
+E7931  4232    4233    4234    
CQUAD9  7933    5       4157    4158    4145    255     4224    4233    +E7933  
+E7933  4235    4236    4237    
CQUAD9  7935    5       270     4159    4162    4161    4238    4239    +E7935  
+E7935  4240    4241    4242    
CQUAD9  7937    5       4159    178     4144    4162    4243    4244    +E7937  
+E7937  4245    4239    4246    
CQUAD9  7939    5       4162    4144    4136    4160    4245    4247    +E7939  
+E7939  4248    4249    4250    
CQUAD9  7941    5       4161    4162    4160    4141    4240    4249    +E7941  
+E7941  4251    4252    4253    
CQUAD9  7943    5       4139    4163    4165    4152    4254    4255    +E7943  
+E7943  4256    4216    4257    
CQUAD9  7945    5       4163    4135    4156    4165    4258    4231    +E7945  
+E7945  4259    4255    4260    
CQUAD9  7947    5       4165    4156    4142    4164    4259    4228    +E7947  
+E7947  4261    4262    4263    
CQUAD9  7949    5       4152    4165    4164    4137    4256    4262    +E7949  
+E7949  4264    4219    4265    
CQUAD9  7951    5       4140    4148    4168    4167    4202    4266    +E7951  
+E7951  4267    4268    4269    
CQUAD9  7953    5       4148    4138    4166    4168    4199    4270    +E7953  
+E7953  4271    4266    4272    
CQUAD9  7955    5       4168    4166    4141    4160    4271    4273    +E7955  
+E7955  4251    4274    4275    
CQUAD9  7957    5       4167    4168    4160    4136    4267    4274    +E7957  
+E7957  4248    4276    4277    
CQUAD9  7959    5       316     315     4169    4151    319     4278    +E7959  
+E7959  4279    4212    4280    
CQUAD9  7961    5       315     5       4146    4169    318     4281    +E7961  
+E7961  4282    4278    4283    
CQUAD9  7963    5       4169    4146    4135    4163    4282    4284    +E7963  
+E7963  4258    4285    4286    
CQUAD9  7965    5       4151    4169    4163    4139    4279    4285    +E7965  
+E7965  4254    4215    4287    
CQUAD9  7967    5       316     4149    4170    315     4206    4288    +E7967  
+E7967  4289    319     4290    
CQUAD9  7969    5       4149    4140    4167    4170    4203    4268    +E7969  
+E7969  4291    4288    4292    
CQUAD9  7971    5       4170    4167    4136    4143    4291    4276    +E7971  
+E7971  4293    4294    4295    
CQUAD9  7973    5       315     4170    4143    5       4289    4294    +E7973  
+E7973  4296    318     4297    
CQUAD9  7975    5       4141    4166    4171    4161    4273    4298    +E7975  
+E7975  4299    4252    4300    
CQUAD9  7977    5       4166    4138    4147    4171    4270    4198    +E7977  
+E7977  4301    4298    4302    
CQUAD9  7979    5       4171    4147    8       269     4301    4194    +E7979  
+E7979  280     4303    4304    
CQUAD9  7981    5       4161    4171    269     270     4299    4303    +E7981  
+E7981  281     4241    4305    
CQUAD9  7983    5       4142    4155    4172    4164    4227    4306    +E7983  
+E7983  4307    4261    4308    
CQUAD9  7985    5       4155    301     302     4172    4222    313     +E7985  
+E7985  4309    4306    4310    
CQUAD9  7987    5       4172    302     8       4153    4309    314     +E7987  
+E7987  4210    4311    4312    
CQUAD9  7989    5       4164    4172    4153    4137    4307    4311    +E7989  
+E7989  4220    4264    4313    
CQUAD9  7991    5       272     273     4175    4174    284     4314    +E7991  
+E7991  4315    4316    4317    
CQUAD9  7993    5       273     274     4173    4175    285     4318    +E7993  
+E7993  4319    4314    4320    
CQUAD9  7995    5       4175    4173    182     181     4319    4321    +E7995  
+E7995  193     4322    4323    
CQUAD9  7997    5       4174    4175    181     180     4315    4322    +E7997  
+E7997  192     4324    4325    
CQUAD9  7999    5       186     4176    4178    187     4326    4327    +E7999  
+E7999  4328    198     4329    
CQUAD9  8001    5       4176    278     279     4178    4330    290     +E8001  
+E8001  4331    4327    4332    
CQUAD9  8003    5       4178    279     9       4177    4331    291     +E8003  
+E8003  4333    4334    4335    
CQUAD9  8005    5       187     4178    4177    7       4328    4334    +E8005  
+E8005  4336    199     4337    
CQUAD9  8007    5       9       292     4180    4177    303     4338    +E8007  
+E8007  4339    4333    4340    
CQUAD9  8009    5       292     293     4179    4180    304     4341    +E8009  
+E8009  4342    4338    4343    
CQUAD9  8011    5       4180    4179    247     246     4342    4344    +E8011  
+E8011  258     4345    4346    
CQUAD9  8013    5       4177    4180    246     7       4339    4345    +E8013  
+E8013  257     4336    4347    
CQUAD9  8015    5       274     275     4182    4173    286     4348    +E8015  
+E8015  4349    4318    4350    
CQUAD9  8017    5       275     276     4181    4182    287     4351    +E8017  
+E8017  4352    4348    4353    
CQUAD9  8019    5       4182    4181    184     183     4352    4354    +E8019  
+E8019  195     4355    4356    
CQUAD9  8021    5       4173    4182    183     182     4349    4355    +E8021  
+E8021  194     4321    4357    
CQUAD9  8023    5       293     294     4184    4179    305     4358    +E8023  
+E8023  4359    4341    4360    
CQUAD9  8025    5       294     295     4183    4184    306     4361    +E8025  
+E8025  4362    4358    4363    
CQUAD9  8027    5       4184    4183    249     248     4362    4364    +E8027  
+E8027  260     4365    4366    
CQUAD9  8029    5       4179    4184    248     247     4359    4365    +E8029  
+E8029  259     4344    4367    
CQUAD9  8031    5       276     277     4185    4181    288     4368    +E8031  
+E8031  4369    4351    4370    
CQUAD9  8033    5       277     278     4176    4185    289     4330    +E8033  
+E8033  4371    4368    4372    
CQUAD9  8035    5       4185    4176    186     185     4371    4326    +E8035  
+E8035  197     4373    4374    
CQUAD9  8037    5       4181    4185    185     184     4369    4373    +E8037  
+E8037  196     4354    4375    
CQUAD9  8039    5       297     298     4188    4187    309     4376    +E8039  
+E8039  4377    4378    4379    
CQUAD9  8041    5       298     299     4186    4188    310     4380    +E8041  
+E8041  4381    4376    4382    
CQUAD9  8043    5       4188    4186    253     252     4381    4383    +E8043  
+E8043  264     4384    4385    
CQUAD9  8045    5       4187    4188    252     251     4377    4384    +E8045  
+E8045  263     4386    4387    
CQUAD9  8047    5       270     271     4189    4159    282     4388    +E8047  
+E8047  4389    4238    4390    
CQUAD9  8049    5       271     272     4174    4189    283     4316    +E8049  
+E8049  4391    4388    4392    
CQUAD9  8051    5       4189    4174    180     179     4391    4324    +E8051  
+E8051  191     4393    4394    
CQUAD9  8053    5       4159    4189    179     178     4389    4393    +E8053  
+E8053  190     4243    4395    
CQUAD9  8055    5       253     4186    4190    254     4383    4396    +E8055  
+E8055  4397    265     4398    
CQUAD9  8057    5       4186    299     300     4190    4380    311     +E8057  
+E8057  4399    4396    4400    
CQUAD9  8059    5       4190    300     301     4157    4399    312     +E8059  
+E8059  4225    4401    4402    
CQUAD9  8061    5       254     4190    4157    255     4397    4401    +E8061  
+E8061  4236    266     4403    
CQUAD9  8063    5       295     296     4191    4183    307     4404    +E8063  
+E8063  4405    4361    4406    
CQUAD9  8065    5       296     297     4187    4191    308     4378    +E8065  
+E8065  4407    4404    4408    
CQUAD9  8067    5       4191    4187    251     250     4407    4386    +E8067  
+E8067  262     4409    4410    
CQUAD9  8069    5       4183    4191    250     249     4405    4409    +E8069  
+E8069  261     4364    4411    
CQUAD9  8071    5       5       4143    4192    177     4296    4412    +E8071  
+E8071  4413    188     4414    
CQUAD9  8073    5       4143    4136    4144    4192    4293    4247    +E8073  
+E8073  4415    4412    4416    
CQUAD9  8075    5       177     4192    4144    178     4413    4415    +E8075  
+E8075  4244    189     4417    
CQUAD9  8077    5       5       256     4193    4146    268     4418    +E8077  
+E8077  4419    4281    4420    
CQUAD9  8079    5       256     255     4145    4193    267     4235    +E8079  
+E8079  4421    4418    4422    
CQUAD9  8081    5       4146    4193    4145    4135    4419    4421    +E8081  
+E8081  4232    4284    4423    
CQUAD9  8083    6       10      4436    4439    370     4483    4484    +E8083  
+E8083  4485    374     4486    
CQUAD9  8085    6       4436    4426    4437    4439    4487    4488    +E8085  
+E8085  4489    4484    4490    
CQUAD9  8087    6       4439    4437    4429    4438    4489    4491    +E8087  
+E8087  4492    4493    4494    
CQUAD9  8089    6       370     4439    4438    369     4485    4493    +E8089  
+E8089  4495    373     4496    
CQUAD9  8091    6       10      370     4443    4442    374     4497    +E8091  
+E8091  4498    4499    4500    
CQUAD9  8093    6       370     369     4440    4443    373     4501    +E8093  
+E8093  4502    4497    4503    
CQUAD9  8095    6       4443    4440    4428    4441    4502    4504    +E8095  
+E8095  4505    4506    4507    
CQUAD9  8097    6       4442    4443    4441    4427    4498    4506    +E8097  
+E8097  4508    4509    4510    
CQUAD9  8099    6       323     4444    4447    4446    4511    4512    +E8099  
+E8099  4513    4514    4515    
CQUAD9  8101    6       4444    4430    4445    4447    4516    4517    +E8101  
+E8101  4518    4512    4519    
CQUAD9  8103    6       4447    4445    4424    4432    4518    4520    +E8103  
+E8103  4521    4522    4523    
CQUAD9  8105    6       4446    4447    4432    201     4513    4522    +E8105  
+E8105  4524    4525    4526    
CQUAD9  8107    6       354     4448    4451    4450    4527    4528    +E8107  
+E8107  4529    4530    4531    
CQUAD9  8109    6       4448    232     4435    4451    4532    4533    +E8109  
+E8109  4534    4528    4535    
CQUAD9  8111    6       4451    4435    4425    4449    4534    4536    +E8111  
+E8111  4537    4538    4539    
CQUAD9  8113    6       4450    4451    4449    4431    4529    4538    +E8113  
+E8113  4540    4541    4542    
CQUAD9  8115    6       4429    4437    4454    4453    4491    4543    +E8115  
+E8115  4544    4545    4546    
CQUAD9  8117    6       4437    4426    4452    4454    4488    4547    +E8117  
+E8117  4548    4543    4549    
CQUAD9  8119    6       4454    4452    4431    4449    4548    4550    +E8119  
+E8119  4540    4551    4552    
CQUAD9  8121    6       4453    4454    4449    4425    4544    4551    +E8121  
+E8121  4537    4553    4554    
CQUAD9  8123    6       4428    4455    4457    4441    4555    4556    +E8123  
+E8123  4557    4505    4558    
CQUAD9  8125    6       4455    4424    4445    4457    4559    4520    +E8125  
+E8125  4560    4556    4561    
CQUAD9  8127    6       4457    4445    4430    4456    4560    4517    +E8127  
+E8127  4562    4563    4564    
CQUAD9  8129    6       4441    4457    4456    4427    4557    4563    +E8129  
+E8129  4565    4508    4566    
CQUAD9  8131    6       369     368     4458    4440    372     4567    +E8131  
+E8131  4568    4501    4569    
CQUAD9  8133    6       368     4       4433    4458    371     4570    +E8133  
+E8133  4571    4567    4572    
CQUAD9  8135    6       4458    4433    4424    4455    4571    4573    +E8135  
+E8135  4559    4574    4575    
CQUAD9  8137    6       4440    4458    4455    4428    4568    4574    +E8137  
+E8137  4555    4504    4576    
CQUAD9  8139    6       369     4438    4459    368     4495    4577    +E8139  
+E8139  4578    372     4579    
CQUAD9  8141    6       4438    4429    4453    4459    4492    4545    +E8141  
+E8141  4580    4577    4581    
CQUAD9  8143    6       4459    4453    4425    4434    4580    4553    +E8143  
+E8143  4582    4583    4584    
CQUAD9  8145    6       368     4459    4434    4       4578    4583    +E8145  
+E8145  4585    371     4586    
CQUAD9  8147    6       4430    4444    4460    4456    4516    4587    +E8147  
+E8147  4588    4562    4589    
CQUAD9  8149    6       4444    323     322     4460    4511    334     +E8149  
+E8149  4590    4587    4591    
CQUAD9  8151    6       4460    322     10      4442    4590    333     +E8151  
+E8151  4499    4592    4593    
CQUAD9  8153    6       4456    4460    4442    4427    4588    4592    +E8153  
+E8153  4509    4565    4594    
CQUAD9  8155    6       4431    4452    4461    4450    4550    4595    +E8155  
+E8155  4596    4541    4597    
CQUAD9  8157    6       4452    4426    4436    4461    4547    4487    +E8157  
+E8157  4598    4595    4599    
CQUAD9  8159    6       4461    4436    10      355     4598    4483    +E8159  
+E8159  367     4600    4601    
CQUAD9  8161    6       4450    4461    355     354     4596    4600    +E8161  
+E8161  366     4530    4602    
CQUAD9  8163    6       325     4462    4464    326     4603    4604    +E8163  
+E8163  4605    337     4606    
CQUAD9  8165    6       4462    203     204     4464    4607    215     +E8165  
+E8165  4608    4604    4609    
CQUAD9  8167    6       4464    204     205     4463    4608    216     +E8167  
+E8167  4610    4611    4612    
CQUAD9  8169    6       326     4464    4463    327     4605    4611    +E8169  
+E8169  4613    338     4614    
CQUAD9  8171    6       329     4465    4467    330     4615    4616    +E8171  
+E8171  4617    341     4618    
CQUAD9  8173    6       4465    207     208     4467    4619    219     +E8173  
+E8173  4620    4616    4621    
CQUAD9  8175    6       4467    208     209     4466    4620    220     +E8175  
+E8175  4622    4623    4624    
CQUAD9  8177    6       330     4467    4466    331     4617    4623    +E8177  
+E8177  4625    342     4626    
CQUAD9  8179    6       209     210     4469    4466    221     4627    +E8179  
+E8179  4628    4622    4629    
CQUAD9  8181    6       210     6       4468    4469    222     4630    +E8181  
+E8181  4631    4627    4632    
CQUAD9  8183    6       4469    4468    11      332     4631    4633    +E8183  
+E8183  344     4634    4635    
CQUAD9  8185    6       4466    4469    332     331     4628    4634    +E8185  
+E8185  343     4625    4636    
CQUAD9  8187    6       11      4468    4471    345     4633    4637    +E8187  
+E8187  4638    356     4639    
CQUAD9  8189    6       4468    6       223     4471    4630    234     +E8189  
+E8189  4640    4637    4641    
CQUAD9  8191    6       4471    223     224     4470    4640    235     +E8191  
+E8191  4642    4643    4644    
CQUAD9  8193    6       345     4471    4470    346     4638    4643    +E8193  
+E8193  4645    357     4646    
CQUAD9  8195    6       346     4470    4473    347     4645    4647    +E8195  
+E8195  4648    358     4649    
CQUAD9  8197    6       4470    224     225     4473    4642    236     +E8197  
+E8197  4650    4647    4651    
CQUAD9  8199    6       4473    225     226     4472    4650    237     +E8199  
+E8199  4652    4653    4654    
CQUAD9  8201    6       347     4473    4472    348     4648    4653    +E8201  
+E8201  4655    359     4656    
CQUAD9  8203    6       350     4474    4476    351     4657    4658    +E8203  
+E8203  4659    362     4660    
CQUAD9  8205    6       4474    228     229     4476    4661    240     +E8205  
+E8205  4662    4658    4663    
CQUAD9  8207    6       4476    229     230     4475    4662    241     +E8207  
+E8207  4664    4665    4666    
CQUAD9  8209    6       351     4476    4475    352     4659    4665    +E8209  
+E8209  4667    363     4668    
CQUAD9  8211    6       205     206     4477    4463    217     4669    +E8211  
+E8211  4670    4610    4671    
CQUAD9  8213    6       206     207     4465    4477    218     4619    +E8213  
+E8213  4672    4669    4673    
CQUAD9  8215    6       4477    4465    329     328     4672    4615    +E8215  
+E8215  340     4674    4675    
CQUAD9  8217    6       4463    4477    328     327     4670    4674    +E8217  
+E8217  339     4613    4676    
CQUAD9  8219    6       230     231     4478    4475    242     4677    +E8219  
+E8219  4678    4664    4679    
CQUAD9  8221    6       231     232     4448    4478    243     4532    +E8221  
+E8221  4680    4677    4681    
CQUAD9  8223    6       4478    4448    354     353     4680    4527    +E8223  
+E8223  365     4682    4683    
CQUAD9  8225    6       4475    4478    353     352     4678    4682    +E8225  
+E8225  364     4667    4684    
CQUAD9  8227    6       348     4472    4479    349     4655    4685    +E8227  
+E8227  4686    360     4687    
CQUAD9  8229    6       4472    226     227     4479    4652    238     +E8229  
+E8229  4688    4685    4689    
CQUAD9  8231    6       4479    227     228     4474    4688    239     +E8231  
+E8231  4661    4690    4691    
CQUAD9  8233    6       349     4479    4474    350     4686    4690    +E8233  
+E8233  4657    361     4692    
CQUAD9  8235    6       323     4446    4480    324     4514    4693    +E8235  
+E8235  4694    335     4695    
CQUAD9  8237    6       4446    201     202     4480    4525    213     +E8237  
+E8237  4696    4693    4697    
CQUAD9  8239    6       4480    202     203     4462    4696    214     +E8239  
+E8239  4607    4698    4699    
CQUAD9  8241    6       324     4480    4462    325     4694    4698    +E8241  
+E8241  4603    336     4700    
CQUAD9  8243    6       4       200     4481    4433    211     4701    +E8243  
+E8243  4702    4570    4703    
CQUAD9  8245    6       200     201     4432    4481    212     4524    +E8245  
+E8245  4704    4701    4705    
CQUAD9  8247    6       4433    4481    4432    4424    4702    4704    +E8247  
+E8247  4521    4573    4706    
CQUAD9  8249    6       4       4434    4482    233     4585    4707    +E8249  
+E8249  4708    245     4709    
CQUAD9  8251    6       4434    4425    4435    4482    4582    4536    +E8251  
+E8251  4710    4707    4711    
CQUAD9  8253    6       233     4482    4435    232     4708    4710    +E8253  
+E8253  4533    244     4712    
CQUAD9  8255    7       4717    4754    4758    4757    4909    4910    +E8255  
+E8255  4911    4912    4913    
CQUAD9  8257    7       4754    4725    4755    4758    4914    4915    +E8257  
+E8257  4916    4910    4917    
CQUAD9  8259    7       4758    4755    4720    4756    4916    4918    +E8259  
+E8259  4919    4920    4921    
CQUAD9  8261    7       4757    4758    4756    13      4911    4920    +E8261  
+E8261  4922    4923    4924    
CQUAD9  8263    7       4719    4759    4763    4762    4925    4926    +E8263  
+E8263  4927    4928    4929    
CQUAD9  8265    7       4759    4713    4760    4763    4930    4931    +E8265  
+E8265  4932    4926    4933    
CQUAD9  8267    7       4763    4760    4726    4761    4932    4934    +E8267  
+E8267  4935    4936    4937    
CQUAD9  8269    7       4762    4763    4761    4722    4927    4936    +E8269  
+E8269  4938    4939    4940    
CQUAD9  8271    7       293     4764    4766    294     4941    4942    +E8271  
+E8271  4943    305     4944    
CQUAD9  8273    7       4764    4722    4761    4766    4945    4938    +E8273  
+E8273  4946    4942    4947    
CQUAD9  8275    7       4766    4761    4726    4765    4946    4935    +E8275  
+E8275  4948    4949    4950    
CQUAD9  8277    7       294     4766    4765    295     4943    4949    +E8277  
+E8277  4951    306     4952    
CQUAD9  8279    7       301     300     4770    4769    312     4953    +E8279  
+E8279  4954    4955    4956    
CQUAD9  8281    7       300     299     4767    4770    311     4957    +E8281  
+E8281  4958    4953    4959    
CQUAD9  8283    7       4770    4767    4727    4768    4958    4960    +E8283  
+E8283  4961    4962    4963    
CQUAD9  8285    7       4769    4770    4768    4721    4954    4962    +E8285  
+E8285  4964    4965    4966    
CQUAD9  8287    7       4714    4771    4775    4774    4967    4968    +E8287  
+E8287  4969    4970    4971    
CQUAD9  8289    7       4771    4718    4772    4775    4972    4973    +E8289  
+E8289  4974    4968    4975    
CQUAD9  8291    7       4775    4772    4728    4773    4974    4976    +E8291  
+E8291  4977    4978    4979    
CQUAD9  8293    7       4774    4775    4773    4721    4969    4978    +E8293  
+E8293  4980    4981    4982    
CQUAD9  8295    7       4721    4773    4777    4769    4980    4983    +E8295  
+E8295  4984    4965    4985    
CQUAD9  8297    7       4773    4728    4776    4777    4977    4986    +E8297  
+E8297  4987    4983    4988    
CQUAD9  8299    7       4777    4776    8       302     4987    4989    +E8299  
+E8299  314     4990    4991    
CQUAD9  8301    7       4769    4777    302     301     4984    4990    +E8301  
+E8301  313     4955    4992    
CQUAD9  8303    7       4713    4778    4781    4760    4993    4994    +E8303  
+E8303  4995    4931    4996    
CQUAD9  8305    7       4778    4732    4779    4781    4997    4998    +E8305  
+E8305  4999    4994    5000    
CQUAD9  8307    7       4781    4779    4733    4780    4999    5001    +E8307  
+E8307  5002    5003    5004    
CQUAD9  8309    7       4760    4781    4780    4726    4995    5003    +E8309  
+E8309  5005    4934    5006    
CQUAD9  8311    7       4721    4768    4784    4774    4964    5007    +E8311  
+E8311  5008    4981    5009    
CQUAD9  8313    7       4768    4727    4782    4784    4961    5010    +E8313  
+E8313  5011    5007    5012    
CQUAD9  8315    7       4784    4782    4731    4783    5011    5013    +E8315  
+E8315  5014    5015    5016    
CQUAD9  8317    7       4774    4784    4783    4714    5008    5015    +E8317  
+E8317  5017    4970    5018    
CQUAD9  8319    7       278     4785    4788    279     5019    5020    +E8319  
+E8319  5021    290     5022    
CQUAD9  8321    7       4785    4723    4786    4788    5023    5024    +E8321  
+E8321  5025    5020    5026    
CQUAD9  8323    7       4788    4786    4724    4787    5025    5027    +E8323  
+E8323  5028    5029    5030    
CQUAD9  8325    7       279     4788    4787    9       5021    5029    +E8325  
+E8325  5031    291     5032    
CQUAD9  8327    7       8       4776    4791    4790    4989    5033    +E8327  
+E8327  5034    5035    5036    
CQUAD9  8329    7       4776    4728    4789    4791    4986    5037    +E8329  
+E8329  5038    5033    5039    
CQUAD9  8331    7       4791    4789    4720    4755    5038    5040    +E8331  
+E8331  4918    5041    5042    
CQUAD9  8333    7       4790    4791    4755    4725    5034    5041    +E8333  
+E8333  4915    5043    5044    
CQUAD9  8335    7       4716    4792    4795    4794    5045    5046    +E8335  
+E8335  5047    5048    5049    
CQUAD9  8337    7       4792    4740    4793    4795    5050    5051    +E8337  
+E8337  5052    5046    5053    
CQUAD9  8339    7       4795    4793    4724    4786    5052    5054    +E8339  
+E8339  5027    5055    5056    
CQUAD9  8341    7       4794    4795    4786    4723    5047    5055    +E8341  
+E8341  5024    5057    5058    
CQUAD9  8343    7       4729    4796    4799    4798    5059    5060    +E8343  
+E8343  5061    5062    5063    
CQUAD9  8345    7       4796    4737    4797    4799    5064    5065    +E8345  
+E8345  5066    5060    5067    
CQUAD9  8347    7       4799    4797    278     277     5066    5068    +E8347  
+E8347  289     5069    5070    
CQUAD9  8349    7       4798    4799    277     276     5061    5069    +E8349  
+E8349  288     5071    5072    
CQUAD9  8351    7       4716    4794    4801    4800    5048    5073    +E8351  
+E8351  5074    5075    5076    
CQUAD9  8353    7       4794    4723    4785    4801    5057    5023    +E8353  
+E8353  5077    5073    5078    
CQUAD9  8355    7       4801    4785    278     4797    5077    5019    +E8355  
+E8355  5068    5079    5080    
CQUAD9  8357    7       4800    4801    4797    4737    5074    5079    +E8357  
+E8357  5065    5081    5082    
CQUAD9  8359    7       8       4790    4804    269     5035    5083    +E8359  
+E8359  5084    280     5085    
CQUAD9  8361    7       4790    4725    4802    4804    5043    5086    +E8361  
+E8361  5087    5083    5088    
CQUAD9  8363    7       4804    4802    4743    4803    5087    5089    +E8363  
+E8363  5090    5091    5092    
CQUAD9  8365    7       269     4804    4803    270     5084    5091    +E8365  
+E8365  5093    281     5094    
CQUAD9  8367    7       4715    4805    4807    4806    5095    5096    +E8367  
+E8367  5097    5098    5099    
CQUAD9  8369    7       4805    4743    4802    4807    5100    5089    +E8369  
+E8369  5101    5096    5102    
CQUAD9  8371    7       4807    4802    4725    4754    5101    5086    +E8371  
+E8371  4914    5103    5104    
CQUAD9  8373    7       4806    4807    4754    4717    5097    5103    +E8373  
+E8373  4909    5105    5106    
CQUAD9  8375    7       354     355     4810    4809    366     5107    +E8375  
+E8375  5108    5109    5110    
CQUAD9  8377    7       355     10      384     4810    367     388     +E8377  
+E8377  5111    5107    5112    
CQUAD9  8379    7       4810    384     383     4808    5111    387     +E8379  
+E8379  5113    5114    5115    
CQUAD9  8381    7       4809    4810    4808    4742    5108    5114    +E8381  
+E8381  5116    5117    5118    
CQUAD9  8383    7       4731    4811    4813    4783    5119    5120    +E8383  
+E8383  5121    5014    5122    
CQUAD9  8385    7       4811    4744    4812    4813    5123    5124    +E8385  
+E8385  5125    5120    5126    
CQUAD9  8387    7       4813    4812    4718    4771    5125    5127    +E8387  
+E8387  4972    5128    5129    
CQUAD9  8389    7       4783    4813    4771    4714    5121    5128    +E8389  
+E8389  4967    5017    5130    
CQUAD9  8391    7       354     4814    4816    353     5131    5132    +E8391  
+E8391  5133    365     5134    
CQUAD9  8393    7       4814    4744    4811    4816    5135    5123    +E8393  
+E8393  5136    5132    5137    
CQUAD9  8395    7       4816    4811    4731    4815    5136    5119    +E8395  
+E8395  5138    5139    5140    
CQUAD9  8397    7       353     4816    4815    352     5133    5139    +E8397  
+E8397  5141    364     5142    
CQUAD9  8399    7       4728    4772    4819    4789    4976    5143    +E8399  
+E8399  5144    5037    5145    
CQUAD9  8401    7       4772    4718    4817    4819    4973    5146    +E8401  
+E8401  5147    5143    5148    
CQUAD9  8403    7       4819    4817    4742    4818    5147    5149    +E8403  
+E8403  5150    5151    5152    
CQUAD9  8405    7       4789    4819    4818    4720    5144    5151    +E8405  
+E8405  5153    5040    5154    
CQUAD9  8407    7       354     4809    4820    4814    5109    5155    +E8407  
+E8407  5156    5131    5157    
CQUAD9  8409    7       4809    4742    4817    4820    5117    5149    +E8409  
+E8409  5158    5155    5159    
CQUAD9  8411    7       4820    4817    4718    4812    5158    5146    +E8411  
+E8411  5127    5160    5161    
CQUAD9  8413    7       4814    4820    4812    4744    5156    5160    +E8413  
+E8413  5124    5135    5162    
CQUAD9  8415    7       383     382     4821    4808    386     5163    +E8415  
+E8415  5164    5113    5165    
CQUAD9  8417    7       382     13      4756    4821    385     4922    +E8417  
+E8417  5166    5163    5167    
CQUAD9  8419    7       4821    4756    4720    4818    5166    4919    +E8419  
+E8419  5153    5168    5169    
CQUAD9  8421    7       4808    4821    4818    4742    5164    5168    +E8421  
+E8421  5150    5116    5170    
CQUAD9  8423    7       4731    4782    4825    4824    5013    5171    +E8423  
+E8423  5172    5173    5174    
CQUAD9  8425    7       4782    4727    4822    4825    5010    5175    +E8425  
+E8425  5176    5171    5177    
CQUAD9  8427    7       4825    4822    4736    4823    5176    5178    +E8427  
+E8427  5179    5180    5181    
CQUAD9  8429    7       4824    4825    4823    4734    5172    5180    +E8429  
+E8429  5182    5183    5184    
CQUAD9  8431    7       4727    4767    4827    4822    4960    5185    +E8431  
+E8431  5186    5175    5187    
CQUAD9  8433    7       4767    299     298     4827    4957    310     +E8433  
+E8433  5188    5185    5189    
CQUAD9  8435    7       4827    298     297     4826    5188    309     +E8435  
+E8435  5190    5191    5192    
CQUAD9  8437    7       4822    4827    4826    4736    5186    5191    +E8437  
+E8437  5193    5178    5194    
CQUAD9  8439    7       4734    4823    4830    4829    5182    5195    +E8439  
+E8439  5196    5197    5198    
CQUAD9  8441    7       4823    4736    4828    4830    5179    5199    +E8441  
+E8441  5200    5195    5201    
CQUAD9  8443    7       4830    4828    4726    4780    5200    5202    +E8443  
+E8443  5005    5203    5204    
CQUAD9  8445    7       4829    4830    4780    4733    5196    5203    +E8445  
+E8445  5002    5205    5206    
CQUAD9  8447    7       4726    4828    4831    4765    5202    5207    +E8447  
+E8447  5208    4948    5209    
CQUAD9  8449    7       4828    4736    4826    4831    5199    5193    +E8449  
+E8449  5210    5207    5211    
CQUAD9  8451    7       4831    4826    297     296     5210    5190    +E8451  
+E8451  308     5212    5213    
CQUAD9  8453    7       4765    4831    296     295     5208    5212    +E8453  
+E8453  307     4951    5214    
CQUAD9  8455    7       4738    4832    4836    4835    5215    5216    +E8455  
+E8455  5217    5218    5219    
CQUAD9  8457    7       4832    4735    4833    4836    5220    5221    +E8457  
+E8457  5222    5216    5223    
CQUAD9  8459    7       4836    4833    4739    4834    5222    5224    +E8459  
+E8459  5225    5226    5227    
CQUAD9  8461    7       4835    4836    4834    272     5217    5226    +E8461  
+E8461  5228    5229    5230    
CQUAD9  8463    7       329     4837    4840    328     5231    5232    +E8463  
+E8463  5233    340     5234    
CQUAD9  8465    7       4837    4730    4838    4840    5235    5236    +E8465  
+E8465  5237    5232    5238    
CQUAD9  8467    7       4840    4838    4741    4839    5237    5239    +E8467  
+E8467  5240    5241    5242    
CQUAD9  8469    7       328     4840    4839    327     5233    5241    +E8469  
+E8469  5243    339     5244    
CQUAD9  8471    7       350     351     4842    4841    362     5245    +E8471  
+E8471  5246    5247    5248    
CQUAD9  8473    7       351     352     4815    4842    363     5141    +E8473  
+E8473  5249    5245    5250    
CQUAD9  8475    7       4842    4815    4731    4824    5249    5138    +E8475  
+E8475  5173    5251    5252    
CQUAD9  8477    7       4841    4842    4824    4734    5246    5251    +E8477  
+E8477  5183    5253    5254    
CQUAD9  8479    7       272     271     4844    4835    283     5255    +E8479  
+E8479  5256    5229    5257    
CQUAD9  8481    7       271     270     4803    4844    282     5093    +E8481  
+E8481  5258    5255    5259    
CQUAD9  8483    7       4844    4803    4743    4843    5258    5090    +E8483  
+E8483  5260    5261    5262    
CQUAD9  8485    7       4835    4844    4843    4738    5256    5261    +E8485  
+E8485  5263    5218    5264    
CQUAD9  8487    7       4735    4832    4846    4845    5220    5265    +E8487  
+E8487  5266    5267    5268    
CQUAD9  8489    7       4832    4738    4843    4846    5215    5263    +E8489  
+E8489  5269    5265    5270    
CQUAD9  8491    7       4846    4843    4743    4805    5269    5260    +E8491  
+E8491  5100    5271    5272    
CQUAD9  8493    7       4845    4846    4805    4715    5266    5271    +E8493  
+E8493  5095    5273    5274    
CQUAD9  8495    7       325     326     4849    4848    337     5275    +E8495  
+E8495  5276    5277    5278    
CQUAD9  8497    7       326     327     4839    4849    338     5243    +E8497  
+E8497  5279    5275    5280    
CQUAD9  8499    7       4849    4839    4741    4847    5279    5240    +E8499  
+E8499  5281    5282    5283    
CQUAD9  8501    7       4848    4849    4847    4745    5276    5282    +E8501  
+E8501  5284    5285    5286    
CQUAD9  8503    7       4729    4850    4853    4852    5287    5288    +E8503  
+E8503  5289    5290    5291    
CQUAD9  8505    7       4850    4746    4851    4853    5292    5293    +E8505  
+E8505  5294    5288    5295    
CQUAD9  8507    7       4853    4851    4741    4838    5294    5296    +E8507  
+E8507  5239    5297    5298    
CQUAD9  8509    7       4852    4853    4838    4730    5289    5297    +E8509  
+E8509  5236    5299    5300    
CQUAD9  8511    7       4735    4854    4856    4833    5301    5302    +E8511  
+E8511  5303    5221    5304    
CQUAD9  8513    7       4854    4741    4851    4856    5305    5296    +E8513  
+E8513  5306    5302    5307    
CQUAD9  8515    7       4856    4851    4746    4855    5306    5293    +E8515  
+E8515  5308    5309    5310    
CQUAD9  8517    7       4833    4856    4855    4739    5303    5309    +E8517  
+E8517  5311    5224    5312    
CQUAD9  8519    7       4734    4829    4858    4841    5197    5313    +E8519  
+E8519  5314    5253    5315    
CQUAD9  8521    7       4829    4733    4857    4858    5205    5316    +E8521  
+E8521  5317    5313    5318    
CQUAD9  8523    7       4858    4857    348     349     5317    5319    +E8523  
+E8523  360     5320    5321    
CQUAD9  8525    7       4841    4858    349     350     5314    5320    +E8525  
+E8525  361     5247    5322    
CQUAD9  8527    7       4724    4859    4861    4787    5323    5324    +E8527  
+E8527  5325    5028    5326    
CQUAD9  8529    7       4859    4747    4860    4861    5327    5328    +E8529  
+E8529  5329    5324    5330    
CQUAD9  8531    7       4861    4860    293     292     5329    5331    +E8531  
+E8531  304     5332    5333    
CQUAD9  8533    7       4787    4861    292     9       5325    5332    +E8533  
+E8533  303     5031    5334    
CQUAD9  8535    7       4719    4762    4863    4862    4928    5335    +E8535  
+E8535  5336    5337    5338    
CQUAD9  8537    7       4762    4722    4764    4863    4939    4945    +E8537  
+E8537  5339    5335    5340    
CQUAD9  8539    7       4863    4764    293     4860    5339    4941    +E8539  
+E8539  5331    5341    5342    
CQUAD9  8541    7       4862    4863    4860    4747    5336    5341    +E8541  
+E8541  5328    5343    5344    
CQUAD9  8543    7       4740    4864    4866    4793    5345    5346    +E8543  
+E8543  5347    5051    5348    
CQUAD9  8545    7       4864    12      4865    4866    5349    5350    +E8545  
+E8545  5351    5346    5352    
CQUAD9  8547    7       4866    4865    4747    4859    5351    5353    +E8547  
+E8547  5327    5354    5355    
CQUAD9  8549    7       4793    4866    4859    4724    5347    5354    +E8549  
+E8549  5323    5054    5356    
CQUAD9  8551    7       272     4834    4868    273     5228    5357    +E8551  
+E8551  5358    284     5359    
CQUAD9  8553    7       4834    4739    4855    4868    5225    5311    +E8553  
+E8553  5360    5357    5361    
CQUAD9  8555    7       4868    4855    4746    4867    5360    5308    +E8555  
+E8555  5362    5363    5364    
CQUAD9  8557    7       273     4868    4867    274     5358    5363    +E8557  
+E8557  5365    285     5366    
CQUAD9  8559    7       4729    4798    4869    4850    5062    5367    +E8559  
+E8559  5368    5287    5369    
CQUAD9  8561    7       4798    276     275     4869    5071    287     +E8561  
+E8561  5370    5367    5371    
CQUAD9  8563    7       4869    275     274     4867    5370    286     +E8563  
+E8563  5365    5372    5373    
CQUAD9  8565    7       4850    4869    4867    4746    5368    5372    +E8565  
+E8565  5362    5292    5374    
CQUAD9  8567    7       12      4870    4872    4865    5375    5376    +E8567  
+E8567  5377    5350    5378    
CQUAD9  8569    7       4870    4748    4871    4872    5379    5380    +E8569  
+E8569  5381    5376    5382    
CQUAD9  8571    7       4872    4871    4719    4862    5381    5383    +E8571  
+E8571  5337    5384    5385    
CQUAD9  8573    7       4865    4872    4862    4747    5377    5384    +E8573  
+E8573  5343    5353    5386    
CQUAD9  8575    7       4715    4873    4874    4845    5387    5388    +E8575  
+E8575  5389    5273    5390    
CQUAD9  8577    7       4873    4745    4847    4874    5391    5284    +E8577  
+E8577  5392    5388    5393    
CQUAD9  8579    7       4874    4847    4741    4854    5392    5281    +E8579  
+E8579  5305    5394    5395    
CQUAD9  8581    7       4845    4874    4854    4735    5389    5394    +E8581  
+E8581  5301    5267    5396    
CQUAD9  8583    7       4733    4779    4876    4857    5001    5397    +E8583  
+E8583  5398    5316    5399    
CQUAD9  8585    7       4779    4732    4875    4876    4998    5400    +E8585  
+E8585  5401    5397    5402    
CQUAD9  8587    7       4876    4875    346     347     5401    5403    +E8587  
+E8587  358     5404    5405    
CQUAD9  8589    7       4857    4876    347     348     5398    5404    +E8589  
+E8589  359     5319    5406    
CQUAD9  8591    7       329     4877    4879    4837    5407    5408    +E8591  
+E8591  5409    5231    5410    
CQUAD9  8593    7       4877    4751    4878    4879    5411    5412    +E8593  
+E8593  5413    5408    5414    
CQUAD9  8595    7       4879    4878    4729    4852    5413    5415    +E8595  
+E8595  5290    5416    5417    
CQUAD9  8597    7       4837    4879    4852    4730    5409    5416    +E8597  
+E8597  5299    5235    5418    
CQUAD9  8599    7       329     330     4882    4877    341     5419    +E8599  
+E8599  5420    5407    5421    
CQUAD9  8601    7       330     331     4880    4882    342     5422    +E8601  
+E8601  5423    5419    5424    
CQUAD9  8603    7       4882    4880    4749    4881    5423    5425    +E8603  
+E8603  5426    5427    5428    
CQUAD9  8605    7       4877    4882    4881    4751    5420    5427    +E8605  
+E8605  5429    5411    5430    
CQUAD9  8607    7       4737    4796    4884    4800    5064    5431    +E8607  
+E8607  5432    5081    5433    
CQUAD9  8609    7       4796    4729    4878    4884    5059    5415    +E8609  
+E8609  5434    5431    5435    
CQUAD9  8611    7       4884    4878    4751    4883    5434    5412    +E8611  
+E8611  5436    5437    5438    
CQUAD9  8613    7       4800    4884    4883    4716    5432    5437    +E8613  
+E8613  5439    5075    5440    
CQUAD9  8615    7       4740    4792    4886    4885    5050    5441    +E8615  
+E8615  5442    5443    5444    
CQUAD9  8617    7       4792    4716    4883    4886    5045    5439    +E8617  
+E8617  5445    5441    5446    
CQUAD9  8619    7       4886    4883    4751    4881    5445    5436    +E8619  
+E8619  5429    5447    5448    
CQUAD9  8621    7       4885    4886    4881    4749    5442    5447    +E8621  
+E8621  5426    5449    5450    
CQUAD9  8623    7       4732    4778    4889    4875    4997    5451    +E8623  
+E8623  5452    5400    5453    
CQUAD9  8625    7       4778    4713    4887    4889    4993    5454    +E8625  
+E8625  5455    5451    5456    
CQUAD9  8627    7       4889    4887    4752    4888    5455    5457    +E8627  
+E8627  5458    5459    5460    
CQUAD9  8629    7       4875    4889    4888    346     5452    5459    +E8629  
+E8629  5461    5403    5462    
CQUAD9  8631    7       4748    4890    4891    4871    5463    5464    +E8631  
+E8631  5465    5380    5466    
CQUAD9  8633    7       4890    4752    4887    4891    5467    5457    +E8633  
+E8633  5468    5464    5469    
CQUAD9  8635    7       4891    4887    4713    4759    5468    5454    +E8635  
+E8635  4930    5470    5471    
CQUAD9  8637    7       4871    4891    4759    4719    5465    5470    +E8637  
+E8637  4925    5383    5472    
CQUAD9  8639    7       346     4892    4894    345     5473    5474    +E8639  
+E8639  5475    357     5476    
CQUAD9  8641    7       4892    4750    4893    4894    5477    5478    +E8641  
+E8641  5479    5474    5480    
CQUAD9  8643    7       4894    4893    376     375     5479    5481    +E8643  
+E8643  379     5482    5483    
CQUAD9  8645    7       345     4894    375     11      5475    5482    +E8645  
+E8645  378     356     5484    
CQUAD9  8647    7       346     4888    4896    4892    5461    5485    +E8647  
+E8647  5486    5473    5487    
CQUAD9  8649    7       4888    4752    4890    4896    5458    5467    +E8649  
+E8649  5488    5485    5489    
CQUAD9  8651    7       4896    4890    4748    4895    5488    5463    +E8651  
+E8651  5490    5491    5492    
CQUAD9  8653    7       4892    4896    4895    4750    5486    5491    +E8653  
+E8653  5493    5477    5494    
CQUAD9  8655    7       12      377     4897    4870    381     5495    +E8655  
+E8655  5496    5375    5497    
CQUAD9  8657    7       377     376     4893    4897    380     5481    +E8657  
+E8657  5498    5495    5499    
CQUAD9  8659    7       4897    4893    4750    4895    5498    5478    +E8659  
+E8659  5493    5500    5501    
CQUAD9  8661    7       4870    4897    4895    4748    5496    5500    +E8661  
+E8661  5490    5379    5502    
CQUAD9  8663    7       331     332     4899    4880    343     5503    +E8663  
+E8663  5504    5422    5505    
CQUAD9  8665    7       332     11      375     4899    344     378     +E8665  
+E8665  5506    5503    5507    
CQUAD9  8667    7       4899    375     376     4898    5506    379     +E8667  
+E8667  5508    5509    5510    
CQUAD9  8669    7       4880    4899    4898    4749    5504    5509    +E8669  
+E8669  5511    5425    5512    
CQUAD9  8671    7       12      4864    4900    377     5349    5513    +E8671  
+E8671  5514    381     5515    
CQUAD9  8673    7       4864    4740    4885    4900    5345    5443    +E8673  
+E8673  5516    5513    5517    
CQUAD9  8675    7       4900    4885    4749    4898    5516    5449    +E8675  
+E8675  5511    5518    5519    
CQUAD9  8677    7       377     4900    4898    376     5514    5518    +E8677  
+E8677  5508    380     5520    
CQUAD9  8679    7       4717    4901    4903    4806    5521    5522    +E8679  
+E8679  5523    5105    5524    
CQUAD9  8681    7       4901    4753    4902    4903    5525    5526    +E8681  
+E8681  5527    5522    5528    
CQUAD9  8683    7       4903    4902    4745    4873    5527    5529    +E8683  
+E8683  5391    5530    5531    
CQUAD9  8685    7       4806    4903    4873    4715    5523    5530    +E8685  
+E8685  5387    5098    5532    
CQUAD9  8687    7       323     324     4905    4904    335     5533    +E8687  
+E8687  5534    5535    5536    
CQUAD9  8689    7       324     325     4848    4905    336     5277    +E8689  
+E8689  5537    5533    5538    
CQUAD9  8691    7       4905    4848    4745    4902    5537    5285    +E8691  
+E8691  5529    5539    5540    
CQUAD9  8693    7       4904    4905    4902    4753    5534    5539    +E8693  
+E8693  5526    5541    5542    
CQUAD9  8695    7       13      382     4907    4757    385     5543    +E8695  
+E8695  5544    4923    5545    
CQUAD9  8697    7       382     383     4906    4907    386     5546    +E8697  
+E8697  5547    5543    5548    
CQUAD9  8699    7       4907    4906    4753    4901    5547    5549    +E8699  
+E8699  5525    5550    5551    
CQUAD9  8701    7       4757    4907    4901    4717    5544    5550    +E8701  
+E8701  5521    4912    5552    
CQUAD9  8703    7       10      322     4908    384     333     5553    +E8703  
+E8703  5554    388     5555    
CQUAD9  8705    7       322     323     4904    4908    334     5535    +E8705  
+E8705  5556    5553    5557    
CQUAD9  8707    7       4908    4904    4753    4906    5556    5541    +E8707  
+E8707  5549    5558    5559    
CQUAD9  8709    7       384     4908    4906    383     5554    5558    +E8709  
+E8709  5546    387     5560    
ENDDATA
