$ Created by Gmsh
GRID*   1               0               -0.4004         4.90348578E-17  *N1     
*N1     0               
GRID*   2               0               -0.4004         4.90348578E-17  *N2     
*N2     0.38            
GRID*   3               0               -0.3872         4.58017903E-17  *N3     
*N3     0               
GRID*   4               0               -0.4004         0.0132          *N4     
*N4     0.3536          
GRID*   5               0               -0.3872         4.58017903E-17  *N5     
*N5     0.357136929     
GRID*   6               0               -0.4004         -0.0132         *N6     
*N6     0.3536          
GRID*   7               0               -0.4004         0.0132          *N7     
*N7     0.4064          
GRID*   8               0               -0.4004         -0.0132         *N8     
*N8     0.4064          
GRID*   9               0               -0.4004         0.0132          *N9     
*N9     0.361042943     
GRID*   10              0               -0.4004         0.0132          *N10    
*N10    0.398957057     
GRID*   11              0               -0.4004         -0.0132         *N11    
*N11    0.361042943     
GRID*   12              0               -0.4004         -0.0132         *N12    
*N12    0.398957057     
GRID*   13              0               -0.4004         4.90348578E-17  *N13    
*N13    0.4031          
GRID*   14              0               -0.4004         4.90348578E-17  *N14    
*N14    0.3569          
GRID*   15              0               -0.388968465    0.0066          *N15    
*N15    0               
GRID*   16              0               -0.3938         0.0114315353    *N16    
*N16    0               
GRID*   17              0               -0.4004         0.0132          *N17    
*N17    0               
GRID*   18              0               -0.407          0.0114315353    *N18    
*N18    0               
GRID*   19              0               -0.411831535    0.0066          *N19    
*N19    0               
GRID*   20              0               -0.4136         1.67890943E-16  *N20    
*N20    0               
GRID*   21              0               -0.411831535    -0.0066         *N21    
*N21    0               
GRID*   22              0               -0.407          -0.0114315353   *N22    
*N22    0               
GRID*   23              0               -0.4004         -0.0132         *N23    
*N23    0               
GRID*   24              0               -0.3938         -0.0114315353   *N24    
*N24    0               
GRID*   25              0               -0.388968465    -0.0066         *N25    
*N25    0               
GRID*   26              0               -0.387649779    0.0034164114    *N26    
*N26    0               
GRID*   27              0               -0.39106619     0.00933380951   *N27    
*N27    0               
GRID*   28              0               -0.396983589    0.0127502209    *N28    
*N28    0               
GRID*   29              0               -0.403816411    0.0127502209    *N29    
*N29    0               
GRID*   30              0               -0.40973381     0.00933380951   *N30    
*N30    0               
GRID*   31              0               -0.413150221    0.0034164114    *N31    
*N31    0               
GRID*   32              0               -0.413150221    -0.0034164114   *N32    
*N32    0               
GRID*   33              0               -0.40973381     -0.00933380951  *N33    
*N33    0               
GRID*   34              0               -0.403816411    -0.0127502209   *N34    
*N34    0               
GRID*   35              0               -0.396983589    -0.0127502209   *N35    
*N35    0               
GRID*   36              0               -0.39106619     -0.00933380951  *N36    
*N36    0               
GRID*   37              0               -0.387649779    -0.0034164114   *N37    
*N37    0               
GRID*   38              0               -0.395293145    0.0121721007    *N38    
*N38    0.354098648     
GRID*   39              0               -0.391058625    0.00932623738   *N39    
*N39    0.355307922     
GRID*   40              0               -0.388224984    0.00509989985   *N40    
*N40    0.356575035     
GRID*   41              0               -0.397784138    0.0129382297    *N41    
*N41    0.35372992      
GRID*   42              0               -0.39302689     0.0109488462    *N42    
*N42    0.354650498     
GRID*   43              0               -0.389441728    0.00735909579   *N43    
*N43    0.355981751     
GRID*   44              0               -0.387461487    0.00261435833   *N44    
*N44    0.356987941     
GRID*   45              0               -0.405505694    -0.0121725882   *N45    
*N45    0.354098419     
GRID*   46              0               -0.409741377    -0.00932623469  *N46    
*N46    0.355307923     
GRID*   47              0               -0.41257423     -0.00510177503  *N47    
*N47    0.356574627     
GRID*   48              0               -0.4136         1.54802669E-09  *N48    
*N48    0.357136929     
GRID*   49              0               -0.412575047    0.00509982688   *N49    
*N49    0.356575051     
GRID*   50              0               -0.409741375    0.00932623686   *N50    
*N50    0.355307922     
GRID*   51              0               -0.405507984    0.0121716265    *N51    
*N51    0.354098871     
GRID*   52              0               -0.403015098    -0.012938364    *N52    
*N52    0.353729841     
GRID*   53              0               -0.407772572    -0.0109492095   *N53    
*N53    0.354650342     
GRID*   54              0               -0.411357711    -0.00735992926  *N54    
*N54    0.355981495     
GRID*   55              0               -0.413338259    -0.00261561589  *N55    
*N55    0.356987798     
GRID*   56              0               -0.413338492    0.00261446266   *N56    
*N56    0.356987929     
GRID*   57              0               -0.411358296    0.00735905865   *N57    
*N57    0.355981762     
GRID*   58              0               -0.407773581    0.0109485301    *N58    
*N58    0.354650635     
GRID*   59              0               -0.403015841    0.0129380463    *N59    
*N59    0.353729907     
GRID*   60              0               -0.388225215    -0.00510045313  *N60    
*N60    0.356574915     
GRID*   61              0               -0.391058622    -0.00932623506  *N61    
*N61    0.355307923     
GRID*   62              0               -0.395292808    -0.0121719594   *N62    
*N62    0.354098715     
GRID*   63              0               -0.387461522    -0.00261453382  *N63    
*N63    0.356987921     
GRID*   64              0               -0.389441836    -0.00735925655  *N64    
*N64    0.355981702     
GRID*   65              0               -0.393026405    -0.0109485197   *N65    
*N65    0.354650639     
GRID*   66              0               -0.397784192    -0.0129382207   *N66    
*N66    0.353729911     
GRID*   67              0               -0.3872         4.58017903E-17  *N67    
*N67    0.00686801787   
GRID*   68              0               -0.3872         4.58017903E-17  *N68    
*N68    0.0137360357    
GRID*   69              0               -0.3872         4.58017903E-17  *N69    
*N69    0.0206040536    
GRID*   70              0               -0.3872         4.58017903E-17  *N70    
*N70    0.0274720715    
GRID*   71              0               -0.3872         4.58017903E-17  *N71    
*N71    0.0343400894    
GRID*   72              0               -0.3872         4.58017903E-17  *N72    
*N72    0.0412081072    
GRID*   73              0               -0.3872         4.58017903E-17  *N73    
*N73    0.0480761251    
GRID*   74              0               -0.3872         4.58017903E-17  *N74    
*N74    0.054944143     
GRID*   75              0               -0.3872         4.58017903E-17  *N75    
*N75    0.0618121608    
GRID*   76              0               -0.3872         4.58017903E-17  *N76    
*N76    0.0686801787    
GRID*   77              0               -0.3872         4.58017903E-17  *N77    
*N77    0.0755481966    
GRID*   78              0               -0.3872         4.58017903E-17  *N78    
*N78    0.0824162145    
GRID*   79              0               -0.3872         4.58017903E-17  *N79    
*N79    0.0892842323    
GRID*   80              0               -0.3872         4.58017903E-17  *N80    
*N80    0.0961522502    
GRID*   81              0               -0.3872         4.58017903E-17  *N81    
*N81    0.103020268     
GRID*   82              0               -0.3872         4.58017903E-17  *N82    
*N82    0.109888286     
GRID*   83              0               -0.3872         4.58017903E-17  *N83    
*N83    0.116756304     
GRID*   84              0               -0.3872         4.58017903E-17  *N84    
*N84    0.123624322     
GRID*   85              0               -0.3872         4.58017903E-17  *N85    
*N85    0.13049234      
GRID*   86              0               -0.3872         4.58017903E-17  *N86    
*N86    0.137360357     
GRID*   87              0               -0.3872         4.58017903E-17  *N87    
*N87    0.144228375     
GRID*   88              0               -0.3872         4.58017903E-17  *N88    
*N88    0.151096393     
GRID*   89              0               -0.3872         4.58017903E-17  *N89    
*N89    0.157964411     
GRID*   90              0               -0.3872         4.58017903E-17  *N90    
*N90    0.164832429     
GRID*   91              0               -0.3872         4.58017903E-17  *N91    
*N91    0.171700447     
GRID*   92              0               -0.3872         4.58017903E-17  *N92    
*N92    0.178568465     
GRID*   93              0               -0.3872         4.58017903E-17  *N93    
*N93    0.185436483     
GRID*   94              0               -0.3872         4.58017903E-17  *N94    
*N94    0.1923045       
GRID*   95              0               -0.3872         4.58017903E-17  *N95    
*N95    0.199172518     
GRID*   96              0               -0.3872         4.58017903E-17  *N96    
*N96    0.206040536     
GRID*   97              0               -0.3872         4.58017903E-17  *N97    
*N97    0.212908554     
GRID*   98              0               -0.3872         4.58017903E-17  *N98    
*N98    0.219776572     
GRID*   99              0               -0.3872         4.58017903E-17  *N99    
*N99    0.22664459      
GRID*   100             0               -0.3872         4.58017903E-17  *N100   
*N100   0.233512608     
GRID*   101             0               -0.3872         4.58017903E-17  *N101   
*N101   0.240380626     
GRID*   102             0               -0.3872         4.58017903E-17  *N102   
*N102   0.247248643     
GRID*   103             0               -0.3872         4.58017903E-17  *N103   
*N103   0.254116661     
GRID*   104             0               -0.3872         4.58017903E-17  *N104   
*N104   0.260984679     
GRID*   105             0               -0.3872         4.58017903E-17  *N105   
*N105   0.267852697     
GRID*   106             0               -0.3872         4.58017903E-17  *N106   
*N106   0.274720715     
GRID*   107             0               -0.3872         4.58017903E-17  *N107   
*N107   0.281588733     
GRID*   108             0               -0.3872         4.58017903E-17  *N108   
*N108   0.288456751     
GRID*   109             0               -0.3872         4.58017903E-17  *N109   
*N109   0.295324768     
GRID*   110             0               -0.3872         4.58017903E-17  *N110   
*N110   0.302192786     
GRID*   111             0               -0.3872         4.58017903E-17  *N111   
*N111   0.309060804     
GRID*   112             0               -0.3872         4.58017903E-17  *N112   
*N112   0.315928822     
GRID*   113             0               -0.3872         4.58017903E-17  *N113   
*N113   0.32279684      
GRID*   114             0               -0.3872         4.58017903E-17  *N114   
*N114   0.329664858     
GRID*   115             0               -0.3872         4.58017903E-17  *N115   
*N115   0.336532876     
GRID*   116             0               -0.3872         4.58017903E-17  *N116   
*N116   0.343400894     
GRID*   117             0               -0.3872         4.58017903E-17  *N117   
*N117   0.350268911     
GRID*   118             0               -0.3872         4.58017903E-17  *N118   
*N118   0.00343400894   
GRID*   119             0               -0.3872         4.58017903E-17  *N119   
*N119   0.0103020268    
GRID*   120             0               -0.3872         4.58017903E-17  *N120   
*N120   0.0171700447    
GRID*   121             0               -0.3872         4.58017903E-17  *N121   
*N121   0.0240380626    
GRID*   122             0               -0.3872         4.58017903E-17  *N122   
*N122   0.0309060804    
GRID*   123             0               -0.3872         4.58017903E-17  *N123   
*N123   0.0377740983    
GRID*   124             0               -0.3872         4.58017903E-17  *N124   
*N124   0.0446421162    
GRID*   125             0               -0.3872         4.58017903E-17  *N125   
*N125   0.051510134     
GRID*   126             0               -0.3872         4.58017903E-17  *N126   
*N126   0.0583781519    
GRID*   127             0               -0.3872         4.58017903E-17  *N127   
*N127   0.0652461698    
GRID*   128             0               -0.3872         4.58017903E-17  *N128   
*N128   0.0721141877    
GRID*   129             0               -0.3872         4.58017903E-17  *N129   
*N129   0.0789822055    
GRID*   130             0               -0.3872         4.58017903E-17  *N130   
*N130   0.0858502234    
GRID*   131             0               -0.3872         4.58017903E-17  *N131   
*N131   0.0927182413    
GRID*   132             0               -0.3872         4.58017903E-17  *N132   
*N132   0.0995862591    
GRID*   133             0               -0.3872         4.58017903E-17  *N133   
*N133   0.106454277     
GRID*   134             0               -0.3872         4.58017903E-17  *N134   
*N134   0.113322295     
GRID*   135             0               -0.3872         4.58017903E-17  *N135   
*N135   0.120190313     
GRID*   136             0               -0.3872         4.58017903E-17  *N136   
*N136   0.127058331     
GRID*   137             0               -0.3872         4.58017903E-17  *N137   
*N137   0.133926349     
GRID*   138             0               -0.3872         4.58017903E-17  *N138   
*N138   0.140794366     
GRID*   139             0               -0.3872         4.58017903E-17  *N139   
*N139   0.147662384     
GRID*   140             0               -0.3872         4.58017903E-17  *N140   
*N140   0.154530402     
GRID*   141             0               -0.3872         4.58017903E-17  *N141   
*N141   0.16139842      
GRID*   142             0               -0.3872         4.58017903E-17  *N142   
*N142   0.168266438     
GRID*   143             0               -0.3872         4.58017903E-17  *N143   
*N143   0.175134456     
GRID*   144             0               -0.3872         4.58017903E-17  *N144   
*N144   0.182002474     
GRID*   145             0               -0.3872         4.58017903E-17  *N145   
*N145   0.188870491     
GRID*   146             0               -0.3872         4.58017903E-17  *N146   
*N146   0.195738509     
GRID*   147             0               -0.3872         4.58017903E-17  *N147   
*N147   0.202606527     
GRID*   148             0               -0.3872         4.58017903E-17  *N148   
*N148   0.209474545     
GRID*   149             0               -0.3872         4.58017903E-17  *N149   
*N149   0.216342563     
GRID*   150             0               -0.3872         4.58017903E-17  *N150   
*N150   0.223210581     
GRID*   151             0               -0.3872         4.58017903E-17  *N151   
*N151   0.230078599     
GRID*   152             0               -0.3872         4.58017903E-17  *N152   
*N152   0.236946617     
GRID*   153             0               -0.3872         4.58017903E-17  *N153   
*N153   0.243814634     
GRID*   154             0               -0.3872         4.58017903E-17  *N154   
*N154   0.250682652     
GRID*   155             0               -0.3872         4.58017903E-17  *N155   
*N155   0.25755067      
GRID*   156             0               -0.3872         4.58017903E-17  *N156   
*N156   0.264418688     
GRID*   157             0               -0.3872         4.58017903E-17  *N157   
*N157   0.271286706     
GRID*   158             0               -0.3872         4.58017903E-17  *N158   
*N158   0.278154724     
GRID*   159             0               -0.3872         4.58017903E-17  *N159   
*N159   0.285022742     
GRID*   160             0               -0.3872         4.58017903E-17  *N160   
*N160   0.29189076      
GRID*   161             0               -0.3872         4.58017903E-17  *N161   
*N161   0.298758777     
GRID*   162             0               -0.3872         4.58017903E-17  *N162   
*N162   0.305626795     
GRID*   163             0               -0.3872         4.58017903E-17  *N163   
*N163   0.312494813     
GRID*   164             0               -0.3872         4.58017903E-17  *N164   
*N164   0.319362831     
GRID*   165             0               -0.3872         4.58017903E-17  *N165   
*N165   0.326230849     
GRID*   166             0               -0.3872         4.58017903E-17  *N166   
*N166   0.333098867     
GRID*   167             0               -0.3872         4.58017903E-17  *N167   
*N167   0.339966885     
GRID*   168             0               -0.3872         4.58017903E-17  *N168   
*N168   0.346834903     
GRID*   169             0               -0.3872         4.58017903E-17  *N169   
*N169   0.35370292      
GRID*   170             0               -0.393567177    0.0132          *N170   
*N170   0.405500442     
GRID*   171             0               -0.3872         0.0132          *N171   
*N171   0.402863071     
GRID*   172             0               -0.381732381    0.0132          *N172   
*N172   0.398667619     
GRID*   173             0               -0.377536929    0.0132          *N173   
*N173   0.3932          
GRID*   174             0               -0.374899558    0.0132          *N174   
*N174   0.386832823     
GRID*   175             0               -0.374          0.0132          *N175   
*N175   0.38            
GRID*   176             0               -0.374899558    0.0132          *N176   
*N176   0.373167177     
GRID*   177             0               -0.377536929    0.0132          *N177   
*N177   0.3668          
GRID*   178             0               -0.381732381    0.0132          *N178   
*N178   0.361332381     
GRID*   179             0               -0.3872         0.0132          *N179   
*N179   0.357136929     
GRID*   180             0               -0.393567177    0.0132          *N180   
*N180   0.354499558     
GRID*   181             0               -0.396954109    0.0132          *N181   
*N181   0.406174144     
GRID*   182             0               -0.390297157    0.0132          *N182   
*N182   0.40439042      
GRID*   183             0               -0.384328698    0.0132          *N183   
*N183   0.400944528     
GRID*   184             0               -0.379455472    0.0132          *N184   
*N184   0.396071302     
GRID*   185             0               -0.37600958     0.0132          *N185   
*N185   0.390102843     
GRID*   186             0               -0.374225856    0.0132          *N186   
*N186   0.383445891     
GRID*   187             0               -0.374225856    0.0132          *N187   
*N187   0.376554109     
GRID*   188             0               -0.37600958     0.0132          *N188   
*N188   0.369897157     
GRID*   189             0               -0.379455472    0.0132          *N189   
*N189   0.363928698     
GRID*   190             0               -0.384328698    0.0132          *N190   
*N190   0.359055472     
GRID*   191             0               -0.390297157    0.0132          *N191   
*N191   0.35560958      
GRID*   192             0               -0.396954109    0.0132          *N192   
*N192   0.353825856     
GRID*   193             0               -0.393567177    -0.0132         *N193   
*N193   0.405500442     
GRID*   194             0               -0.3872         -0.0132         *N194   
*N194   0.402863071     
GRID*   195             0               -0.381732381    -0.0132         *N195   
*N195   0.398667619     
GRID*   196             0               -0.377536929    -0.0132         *N196   
*N196   0.3932          
GRID*   197             0               -0.374899558    -0.0132         *N197   
*N197   0.386832823     
GRID*   198             0               -0.374          -0.0132         *N198   
*N198   0.38            
GRID*   199             0               -0.374899558    -0.0132         *N199   
*N199   0.373167177     
GRID*   200             0               -0.377536929    -0.0132         *N200   
*N200   0.3668          
GRID*   201             0               -0.381732381    -0.0132         *N201   
*N201   0.361332381     
GRID*   202             0               -0.3872         -0.0132         *N202   
*N202   0.357136929     
GRID*   203             0               -0.393567177    -0.0132         *N203   
*N203   0.354499558     
GRID*   204             0               -0.396954109    -0.0132         *N204   
*N204   0.406174144     
GRID*   205             0               -0.390297157    -0.0132         *N205   
*N205   0.40439042      
GRID*   206             0               -0.384328698    -0.0132         *N206   
*N206   0.400944528     
GRID*   207             0               -0.379455472    -0.0132         *N207   
*N207   0.396071302     
GRID*   208             0               -0.37600958     -0.0132         *N208   
*N208   0.390102843     
GRID*   209             0               -0.374225856    -0.0132         *N209   
*N209   0.383445891     
GRID*   210             0               -0.374225856    -0.0132         *N210   
*N210   0.376554109     
GRID*   211             0               -0.37600958     -0.0132         *N211   
*N211   0.369897157     
GRID*   212             0               -0.379455472    -0.0132         *N212   
*N212   0.363928698     
GRID*   213             0               -0.384328698    -0.0132         *N213   
*N213   0.359055472     
GRID*   214             0               -0.390297157    -0.0132         *N214   
*N214   0.35560958      
GRID*   215             0               -0.396954109    -0.0132         *N215   
*N215   0.353825856     
GRID*   216             0               -0.4004         -0.0066         *N216   
*N216   0.4064          
GRID*   217             0               -0.4004         7.97972799E-17  *N217   
*N217   0.4064          
GRID*   218             0               -0.4004         0.0066          *N218   
*N218   0.4064          
GRID*   219             0               -0.4004         -0.0099         *N219   
*N219   0.4064          
GRID*   220             0               -0.4004         -0.0033         *N220   
*N220   0.4064          
GRID*   221             0               -0.4004         0.0033          *N221   
*N221   0.4064          
GRID*   222             0               -0.4004         0.0099          *N222   
*N222   0.4064          
GRID*   223             0               -0.407232823    -0.0132         *N223   
*N223   0.354499558     
GRID*   224             0               -0.4136         -0.0132         *N224   
*N224   0.357136929     
GRID*   225             0               -0.419067619    -0.0132         *N225   
*N225   0.361332381     
GRID*   226             0               -0.423263071    -0.0132         *N226   
*N226   0.3668          
GRID*   227             0               -0.425900442    -0.0132         *N227   
*N227   0.373167177     
GRID*   228             0               -0.4268         -0.0132         *N228   
*N228   0.38            
GRID*   229             0               -0.425900442    -0.0132         *N229   
*N229   0.386832823     
GRID*   230             0               -0.423263071    -0.0132         *N230   
*N230   0.3932          
GRID*   231             0               -0.419067619    -0.0132         *N231   
*N231   0.398667619     
GRID*   232             0               -0.4136         -0.0132         *N232   
*N232   0.402863071     
GRID*   233             0               -0.407232823    -0.0132         *N233   
*N233   0.405500442     
GRID*   234             0               -0.403845891    -0.0132         *N234   
*N234   0.353825856     
GRID*   235             0               -0.410502843    -0.0132         *N235   
*N235   0.35560958      
GRID*   236             0               -0.416471302    -0.0132         *N236   
*N236   0.359055472     
GRID*   237             0               -0.421344528    -0.0132         *N237   
*N237   0.363928698     
GRID*   238             0               -0.42479042     -0.0132         *N238   
*N238   0.369897157     
GRID*   239             0               -0.426574144    -0.0132         *N239   
*N239   0.376554109     
GRID*   240             0               -0.426574144    -0.0132         *N240   
*N240   0.383445891     
GRID*   241             0               -0.42479042     -0.0132         *N241   
*N241   0.390102843     
GRID*   242             0               -0.421344528    -0.0132         *N242   
*N242   0.396071302     
GRID*   243             0               -0.416471302    -0.0132         *N243   
*N243   0.400944528     
GRID*   244             0               -0.410502843    -0.0132         *N244   
*N244   0.40439042      
GRID*   245             0               -0.403845891    -0.0132         *N245   
*N245   0.406174144     
GRID*   246             0               -0.407232823    0.0132          *N246   
*N246   0.354499558     
GRID*   247             0               -0.4136         0.0132          *N247   
*N247   0.357136929     
GRID*   248             0               -0.419067619    0.0132          *N248   
*N248   0.361332381     
GRID*   249             0               -0.423263071    0.0132          *N249   
*N249   0.3668          
GRID*   250             0               -0.425900442    0.0132          *N250   
*N250   0.373167177     
GRID*   251             0               -0.4268         0.0132          *N251   
*N251   0.38            
GRID*   252             0               -0.425900442    0.0132          *N252   
*N252   0.386832823     
GRID*   253             0               -0.423263071    0.0132          *N253   
*N253   0.3932          
GRID*   254             0               -0.419067619    0.0132          *N254   
*N254   0.398667619     
GRID*   255             0               -0.4136         0.0132          *N255   
*N255   0.402863071     
GRID*   256             0               -0.407232823    0.0132          *N256   
*N256   0.405500442     
GRID*   257             0               -0.403845891    0.0132          *N257   
*N257   0.353825856     
GRID*   258             0               -0.410502843    0.0132          *N258   
*N258   0.35560958      
GRID*   259             0               -0.416471302    0.0132          *N259   
*N259   0.359055472     
GRID*   260             0               -0.421344528    0.0132          *N260   
*N260   0.363928698     
GRID*   261             0               -0.42479042     0.0132          *N261   
*N261   0.369897157     
GRID*   262             0               -0.426574144    0.0132          *N262   
*N262   0.376554109     
GRID*   263             0               -0.426574144    0.0132          *N263   
*N263   0.383445891     
GRID*   264             0               -0.42479042     0.0132          *N264   
*N264   0.390102843     
GRID*   265             0               -0.421344528    0.0132          *N265   
*N265   0.396071302     
GRID*   266             0               -0.416471302    0.0132          *N266   
*N266   0.400944528     
GRID*   267             0               -0.410502843    0.0132          *N267   
*N267   0.40439042      
GRID*   268             0               -0.403845891    0.0132          *N268   
*N268   0.406174144     
GRID*   269             0               -0.405306447    0.0132          *N269   
*N269   0.361688889     
GRID*   270             0               -0.409878528    0.0132          *N270   
*N270   0.363582707     
GRID*   271             0               -0.413804663    0.0132          *N271   
*N271   0.366595337     
GRID*   272             0               -0.416817293    0.0132          *N272   
*N272   0.370521472     
GRID*   273             0               -0.418711111    0.0132          *N273   
*N273   0.375093553     
GRID*   274             0               -0.419357057    0.0132          *N274   
*N274   0.38            
GRID*   275             0               -0.418711111    0.0132          *N275   
*N275   0.384906447     
GRID*   276             0               -0.416817293    0.0132          *N276   
*N276   0.389478528     
GRID*   277             0               -0.413804663    0.0132          *N277   
*N277   0.393404663     
GRID*   278             0               -0.409878528    0.0132          *N278   
*N278   0.396417293     
GRID*   279             0               -0.405306447    0.0132          *N279   
*N279   0.398311111     
GRID*   280             0               -0.402874392    0.0132          *N280   
*N280   0.361205124     
GRID*   281             0               -0.407654552    0.0132          *N281   
*N281   0.362485963     
GRID*   282             0               -0.411940325    0.0132          *N282   
*N282   0.364960356     
GRID*   283             0               -0.415439644    0.0132          *N283   
*N283   0.368459675     
GRID*   284             0               -0.417914037    0.0132          *N284   
*N284   0.372745448     
GRID*   285             0               -0.419194876    0.0132          *N285   
*N285   0.377525608     
GRID*   286             0               -0.419194876    0.0132          *N286   
*N286   0.382474392     
GRID*   287             0               -0.417914037    0.0132          *N287   
*N287   0.387254552     
GRID*   288             0               -0.415439644    0.0132          *N288   
*N288   0.391540325     
GRID*   289             0               -0.411940325    0.0132          *N289   
*N289   0.395039644     
GRID*   290             0               -0.407654552    0.0132          *N290   
*N290   0.397514037     
GRID*   291             0               -0.402874392    0.0132          *N291   
*N291   0.398794876     
GRID*   292             0               -0.395493553    0.0132          *N292   
*N292   0.398311111     
GRID*   293             0               -0.390921472    0.0132          *N293   
*N293   0.396417293     
GRID*   294             0               -0.386995337    0.0132          *N294   
*N294   0.393404663     
GRID*   295             0               -0.383982707    0.0132          *N295   
*N295   0.389478528     
GRID*   296             0               -0.382088889    0.0132          *N296   
*N296   0.384906447     
GRID*   297             0               -0.381442943    0.0132          *N297   
*N297   0.38            
GRID*   298             0               -0.382088889    0.0132          *N298   
*N298   0.375093553     
GRID*   299             0               -0.383982707    0.0132          *N299   
*N299   0.370521472     
GRID*   300             0               -0.386995337    0.0132          *N300   
*N300   0.366595337     
GRID*   301             0               -0.390921472    0.0132          *N301   
*N301   0.363582707     
GRID*   302             0               -0.395493553    0.0132          *N302   
*N302   0.361688889     
GRID*   303             0               -0.397925608    0.0132          *N303   
*N303   0.398794876     
GRID*   304             0               -0.393145448    0.0132          *N304   
*N304   0.397514037     
GRID*   305             0               -0.388859675    0.0132          *N305   
*N305   0.395039644     
GRID*   306             0               -0.385360356    0.0132          *N306   
*N306   0.391540325     
GRID*   307             0               -0.382885963    0.0132          *N307   
*N307   0.387254552     
GRID*   308             0               -0.381605124    0.0132          *N308   
*N308   0.382474392     
GRID*   309             0               -0.381605124    0.0132          *N309   
*N309   0.377525608     
GRID*   310             0               -0.382885963    0.0132          *N310   
*N310   0.372745448     
GRID*   311             0               -0.385360356    0.0132          *N311   
*N311   0.368459675     
GRID*   312             0               -0.388859675    0.0132          *N312   
*N312   0.364960356     
GRID*   313             0               -0.393145448    0.0132          *N313   
*N313   0.362485963     
GRID*   314             0               -0.397925608    0.0132          *N314   
*N314   0.361205124     
GRID*   315             0               -0.4004         0.0132          *N315   
*N315   0.355460736     
GRID*   316             0               -0.4004         0.0132          *N316   
*N316   0.357321472     
GRID*   317             0               -0.4004         0.0132          *N317   
*N317   0.359182207     
GRID*   318             0               -0.4004         0.0132          *N318   
*N318   0.354530368     
GRID*   319             0               -0.4004         0.0132          *N319   
*N319   0.356391104     
GRID*   320             0               -0.4004         0.0132          *N320   
*N320   0.35825184      
GRID*   321             0               -0.4004         0.0132          *N321   
*N321   0.360112575     
GRID*   322             0               -0.405306447    -0.0132         *N322   
*N322   0.361688889     
GRID*   323             0               -0.409878528    -0.0132         *N323   
*N323   0.363582707     
GRID*   324             0               -0.413804663    -0.0132         *N324   
*N324   0.366595337     
GRID*   325             0               -0.416817293    -0.0132         *N325   
*N325   0.370521472     
GRID*   326             0               -0.418711111    -0.0132         *N326   
*N326   0.375093553     
GRID*   327             0               -0.419357057    -0.0132         *N327   
*N327   0.38            
GRID*   328             0               -0.418711111    -0.0132         *N328   
*N328   0.384906447     
GRID*   329             0               -0.416817293    -0.0132         *N329   
*N329   0.389478528     
GRID*   330             0               -0.413804663    -0.0132         *N330   
*N330   0.393404663     
GRID*   331             0               -0.409878528    -0.0132         *N331   
*N331   0.396417293     
GRID*   332             0               -0.405306447    -0.0132         *N332   
*N332   0.398311111     
GRID*   333             0               -0.402874392    -0.0132         *N333   
*N333   0.361205124     
GRID*   334             0               -0.407654552    -0.0132         *N334   
*N334   0.362485963     
GRID*   335             0               -0.411940325    -0.0132         *N335   
*N335   0.364960356     
GRID*   336             0               -0.415439644    -0.0132         *N336   
*N336   0.368459675     
GRID*   337             0               -0.417914037    -0.0132         *N337   
*N337   0.372745448     
GRID*   338             0               -0.419194876    -0.0132         *N338   
*N338   0.377525608     
GRID*   339             0               -0.419194876    -0.0132         *N339   
*N339   0.382474392     
GRID*   340             0               -0.417914037    -0.0132         *N340   
*N340   0.387254552     
GRID*   341             0               -0.415439644    -0.0132         *N341   
*N341   0.391540325     
GRID*   342             0               -0.411940325    -0.0132         *N342   
*N342   0.395039644     
GRID*   343             0               -0.407654552    -0.0132         *N343   
*N343   0.397514037     
GRID*   344             0               -0.402874392    -0.0132         *N344   
*N344   0.398794876     
GRID*   345             0               -0.395493553    -0.0132         *N345   
*N345   0.398311111     
GRID*   346             0               -0.390921472    -0.0132         *N346   
*N346   0.396417293     
GRID*   347             0               -0.386995337    -0.0132         *N347   
*N347   0.393404663     
GRID*   348             0               -0.383982707    -0.0132         *N348   
*N348   0.389478528     
GRID*   349             0               -0.382088889    -0.0132         *N349   
*N349   0.384906447     
GRID*   350             0               -0.381442943    -0.0132         *N350   
*N350   0.38            
GRID*   351             0               -0.382088889    -0.0132         *N351   
*N351   0.375093553     
GRID*   352             0               -0.383982707    -0.0132         *N352   
*N352   0.370521472     
GRID*   353             0               -0.386995337    -0.0132         *N353   
*N353   0.366595337     
GRID*   354             0               -0.390921472    -0.0132         *N354   
*N354   0.363582707     
GRID*   355             0               -0.395493553    -0.0132         *N355   
*N355   0.361688889     
GRID*   356             0               -0.397925608    -0.0132         *N356   
*N356   0.398794876     
GRID*   357             0               -0.393145448    -0.0132         *N357   
*N357   0.397514037     
GRID*   358             0               -0.388859675    -0.0132         *N358   
*N358   0.395039644     
GRID*   359             0               -0.385360356    -0.0132         *N359   
*N359   0.391540325     
GRID*   360             0               -0.382885963    -0.0132         *N360   
*N360   0.387254552     
GRID*   361             0               -0.381605124    -0.0132         *N361   
*N361   0.382474392     
GRID*   362             0               -0.381605124    -0.0132         *N362   
*N362   0.377525608     
GRID*   363             0               -0.382885963    -0.0132         *N363   
*N363   0.372745448     
GRID*   364             0               -0.385360356    -0.0132         *N364   
*N364   0.368459675     
GRID*   365             0               -0.388859675    -0.0132         *N365   
*N365   0.364960356     
GRID*   366             0               -0.393145448    -0.0132         *N366   
*N366   0.362485963     
GRID*   367             0               -0.397925608    -0.0132         *N367   
*N367   0.361205124     
GRID*   368             0               -0.4004         -0.0132         *N368   
*N368   0.355460736     
GRID*   369             0               -0.4004         -0.0132         *N369   
*N369   0.357321472     
GRID*   370             0               -0.4004         -0.0132         *N370   
*N370   0.359182207     
GRID*   371             0               -0.4004         -0.0132         *N371   
*N371   0.354530368     
GRID*   372             0               -0.4004         -0.0132         *N372   
*N372   0.356391104     
GRID*   373             0               -0.4004         -0.0132         *N373   
*N373   0.35825184      
GRID*   374             0               -0.4004         -0.0132         *N374   
*N374   0.360112575     
GRID*   375             0               -0.39442128     4.75704938E-17  *N375   
*N375   0.357687113     
GRID*   376             0               -0.38885        4.62059237E-17  *N376   
*N376   0.359994813     
GRID*   377             0               -0.384065833    4.50341409E-17  *N377   
*N377   0.363665833     
GRID*   378             0               -0.380394813    4.41350002E-17  *N378   
*N378   0.36845         
GRID*   379             0               -0.378087113    4.35697768E-17  *N379   
*N379   0.37402128      
GRID*   380             0               -0.3773         4.33769896E-17  *N380   
*N380   0.38            
GRID*   381             0               -0.378087113    4.35697768E-17  *N381   
*N381   0.38597872      
GRID*   382             0               -0.380394813    4.41350002E-17  *N382   
*N382   0.39155         
GRID*   383             0               -0.384065833    4.50341409E-17  *N383   
*N383   0.396334167     
GRID*   384             0               -0.38885        4.62059237E-17  *N384   
*N384   0.400005187     
GRID*   385             0               -0.39442128     4.75704938E-17  *N385   
*N385   0.402312887     
GRID*   386             0               -0.397384845    4.82963578E-17  *N386   
*N386   0.357097624     
GRID*   387             0               -0.391560013    4.68696854E-17  *N387   
*N387   0.358658383     
GRID*   388             0               -0.386337611    4.55905659E-17  *N388   
*N388   0.361673538     
GRID*   389             0               -0.382073538    4.45461692E-17  *N389   
*N389   0.365937611     
GRID*   390             0               -0.379058383    4.38076692E-17  *N390   
*N390   0.371160013     
GRID*   391             0               -0.377497624    4.34253935E-17  *N391   
*N391   0.376984845     
GRID*   392             0               -0.377497624    4.34253935E-17  *N392   
*N392   0.383015155     
GRID*   393             0               -0.379058383    4.38076692E-17  *N393   
*N393   0.388839987     
GRID*   394             0               -0.382073538    4.45461692E-17  *N394   
*N394   0.394062389     
GRID*   395             0               -0.386337611    4.55905659E-17  *N395   
*N395   0.398326462     
GRID*   396             0               -0.391560013    4.68696854E-17  *N396   
*N396   0.401341617     
GRID*   397             0               -0.397384845    4.82963578E-17  *N397   
*N397   0.402902376     
GRID*   398             0               -0.4004         4.90348578E-17  *N398   
*N398   0.3569          
GRID*   399             0               -0.4004         5.04493249E-17  *N399   
*N399   0.3569          
GRID*   400             0               -0.4004         4.76203908E-17  *N400   
*N400   0.3569          
GRID*   401             0               -0.4004         4.90348578E-17  *N401   
*N401   0.4031          
GRID*   402             0               -0.4004         5.04493249E-17  *N402   
*N402   0.4031          
GRID*   403             0               -0.4004         4.76203908E-17  *N403   
*N403   0.4031          
GRID*   404             0               -0.4004         8.10572559E-17  *N404   
*N404   0               
GRID*   405             0               -0.3938         6.34295231E-17  *N405   
*N405   0               
GRID*   406             0               -0.4037         0.00571576766   *N406   
*N406   0               
GRID*   407             0               -0.396334232    0.00704211617   *N407   
*N407   0               
GRID*   408             0               -0.4037         -0.00571576766  *N408   
*N408   0               
GRID*   409             0               -0.396334232    -0.00704211617  *N409   
*N409   0               
GRID*   410             0               -0.408531535    1.30566861E-16  *N410   
*N410   0               
GRID*   411             0               -0.3905         5.46156567E-17  *N411   
*N411   0               
GRID*   412             0               -0.395067116    0.00352105808   *N412   
*N412   0               
GRID*   413             0               -0.392651349    0.00682105808   *N413   
*N413   0               
GRID*   414             0               -0.391358448    0.00346873474   *N414   
*N414   0               
GRID*   415             0               -0.3971         7.22433895E-17  *N415   
*N415   0               
GRID*   416             0               -0.40205        0.00285788383   *N416   
*N416   0               
GRID*   417             0               -0.400017116    0.00637894192   *N417   
*N417   0               
GRID*   418             0               -0.398558558    0.00318947096   *N418   
*N418   0               
GRID*   419             0               -0.40535        0.0085736515    *N419   
*N419   0               
GRID*   420             0               -0.398367116    0.0101210581    *N420   
*N420   0               
GRID*   421             0               -0.401916764    0.00956458141   *N421   
*N421   0               
GRID*   422             0               -0.394658448    0.00994466042   *N422   
*N422   0               
GRID*   423             0               -0.392651349    -0.00682105808  *N423   
*N423   0               
GRID*   424             0               -0.395067116    -0.00352105808  *N424   
*N424   0               
GRID*   425             0               -0.391358448    -0.00346873474  *N425   
*N425   0               
GRID*   426             0               -0.398367116    -0.0101210581   *N426   
*N426   0               
GRID*   427             0               -0.394658448    -0.00994466042  *N427   
*N427   0               
GRID*   428             0               -0.40535        -0.0085736515   *N428   
*N428   0               
GRID*   429             0               -0.400017116    -0.00637894192  *N429   
*N429   0               
GRID*   430             0               -0.401916764    -0.00956458141  *N430   
*N430   0               
GRID*   431             0               -0.40205        -0.00285788383  *N431   
*N431   0               
GRID*   432             0               -0.398558558    -0.00318947096  *N432   
*N432   0               
GRID*   433             0               -0.406115768    0.00285788383   *N433   
*N433   0               
GRID*   434             0               -0.410181535    0.0033          *N434   
*N434   0               
GRID*   435             0               -0.407924789    0.00609584667   *N435   
*N435   0               
GRID*   436             0               -0.406115768    -0.00285788383  *N436   
*N436   0               
GRID*   437             0               -0.404082884    1.00642881E-16  *N437   
*N437   0               
GRID*   438             0               -0.410181535    -0.0033         *N438   
*N438   0               
GRID*   439             0               -0.407924789    -0.00609584667  *N439   
*N439   0               
GRID*   440             0               -0.411883105    1.5485299E-16   *N440   
*N440   0               
GRID*   441             0               -0.410859875    0.00805177063   *N441   
*N441   0.197000781     
GRID*   442             0               -0.389437725    0.00735312999   *N442   
*N442   0.220919764     
GRID*   443             0               -0.390797459    0.00905710845   *N443   
*N443   0.135151726     
GRID*   444             0               -0.394685237    -0.0118988018   *N444   
*N444   0.110473943     
GRID*   445             0               -0.413562524    0.000993964342  *N445   
*N445   0.107455731     
GRID*   446             0               -0.404953053    0.0123899033    *N446   
*N446   0.286810792     
GRID*   447             0               -0.396106049    -0.0124820664   *N447   
*N447   0.278611862     
GRID*   448             0               -0.411085894    -0.0077493014   *N448   
*N448   0.0745934319    
GRID*   449             0               -0.411433185    -0.00724629737  *N449   
*N449   0.167967058     
GRID*   450             0               -0.391590847    -0.00983050435  *N450   
*N450   0.057477939     
GRID*   451             0               -0.413380114    0.00239929902   *N451   
*N451   0.306144095     
GRID*   452             0               -0.411385449    0.00731846297   *N452   
*N452   0.148788676     
GRID*   453             0               -0.40993912     0.00912388043   *N453   
*N453   0.0541140575    
GRID*   454             0               -0.390910501    -0.00917547832  *N454   
*N454   0.165309941     
GRID*   455             0               -0.392135395    -0.0102925365   *N455   
*N455   0.25081247      
GRID*   456             0               -0.39479828     0.0119524361    *N456   
*N456   0.260053005     
GRID*   457             0               -0.404540869    0.0125336828    *N457   
*N457   0.233405719     
GRID*   458             0               -0.413447635    -0.00199980371  *N458   
*N458   0.200452289     
GRID*   459             0               -0.40013166     0.0131972722    *N459   
*N459   0.338530933     
GRID*   460             0               -0.399778225    0.0131853478    *N460   
*N460   0.297151097     
GRID*   461             0               -0.400645934    0.0131977087    *N461   
*N461   0.113113844     
GRID*   462             0               -0.406873868    -0.0115034357   *N462   
*N462   0.318258417     
GRID*   463             0               -0.413327571    -0.0026679422   *N463   
*N463   0.31552795      
GRID*   464             0               -0.403062102    0.0129287746    *N464   
*N464   0.0340109915    
GRID*   465             0               -0.398571756    0.0130727779    *N465   
*N465   0.0984358564    
GRID*   466             0               -0.397369203    -0.0128473448   *N466   
*N466   0.0767101895    
GRID*   467             0               -0.397694931    -0.012919853    *N467   
*N467   0.202461485     
GRID*   468             0               -0.388936752    -0.00654476401  *N468   
*N468   0.136162649     
GRID*   469             0               -0.406043624    -0.0119327074   *N469   
*N469   0.0282449343    
GRID*   470             0               -0.408189622    0.0106565377    *N470   
*N470   0.16753418      
GRID*   471             0               -0.412954902    0.00407607959   *N471   
*N471   0.0816473603    
GRID*   472             0               -0.412764999    0.00462026034   *N472   
*N472   0.031050382     
GRID*   473             0               -0.402951079    0.0129511388    *N473   
*N473   0.259683761     
GRID*   474             0               -0.401201989    0.0131756143    *N474   
*N474   0.206291609     
GRID*   475             0               -0.407686565    0.0110066331    *N475   
*N475   0.0957745069    
GRID*   476             0               -0.409713743    0.00935383304   *N476   
*N476   0.333650747     
GRID*   477             0               -0.413271278    0.00292748886   *N477   
*N477   0.331392217     
GRID*   478             0               -0.410994266    0.00787410431   *N478   
*N478   0.297561623     
GRID*   479             0               -0.402513729    0.0130296643    *N479   
*N479   0.127061012     
GRID*   480             0               -0.410840602    -0.00807674634  *N480   
*N480   0.210943762     
GRID*   481             0               -0.413597811    -0.000240383096 *N481   
*N481   0.2148016       
GRID*   482             0               -0.390096534    0.00825097482   *N482   
*N482   0.32205298      
GRID*   483             0               -0.410227287    -0.00881274276  *N483   
*N483   0.0455945064    
GRID*   484             0               -0.412943811    -0.00411008489  *N484   
*N484   0.023843907     
GRID*   485             0               -0.393589127    -0.0113071661   *N485   
*N485   0.345327795     
GRID*   486             0               -0.410834381    0.00808478164   *N486   
*N486   0.217432288     
GRID*   487             0               -0.403715502    0.0127768325    *N487   
*N487   0.307730933     
GRID*   488             0               -0.396091964    0.0124772124    *N488   
*N488   0.284256578     
GRID*   489             0               -0.399724024    -0.0131826802   *N489   
*N489   0.193397597     
GRID*   490             0               -0.402173095    0.0130803721    *N490   
*N490   0.1941585       
GRID*   491             0               -0.399516424    -0.0131703946   *N491   
*N491   0.166768686     
GRID*   492             0               -0.409334979    -0.0097162829   *N492   
*N492   0.131662317     
GRID*   493             0               -0.393253391    0.0110980171    *N493   
*N493   0.345065716     
GRID*   494             0               -0.403725685    0.0127741856    *N494   
*N494   0.325043764     
GRID*   495             0               -0.413559987    -0.00102700624  *N495   
*N495   0.190825179     
GRID*   496             0               -0.403144019    -0.0129116366   *N496   
*N496   0.259401153     
GRID*   497             0               -0.411706897    -0.00681132056  *N497   
*N497   0.186193154     
GRID*   498             0               -0.403217292    -0.0128958468   *N498   
*N498   0.140606956     
GRID*   499             0               -0.396646691    -0.0126551442   *N499   
*N499   0.217344788     
GRID*   500             0               -0.410559984    -0.00842702295  *N500   
*N500   0.149368013     
GRID*   501             0               -0.413452456    -0.0019680926   *N501   
*N501   0.140114696     
GRID*   502             0               -0.398877145    0.0131118615    *N502   
*N502   0.0122657865    
GRID*   503             0               -0.39881726     -0.0131047677   *N503   
*N503   0.0963613052    
GRID*   504             0               -0.41065597     0.00830993857   *N504   
*N504   0.0169102968    
GRID*   505             0               -0.405041498    -0.0123570425   *N505   
*N505   0.0125800129    
GRID*   506             0               -0.413353225    0.00254046519   *N506   
*N506   0.0946105024    
GRID*   507             0               -0.410812645    -0.00811275737  *N507   
*N507   0.327466387     
GRID*   508             0               -0.413595277    0.000353064081  *N508   
*N508   0.158258221     
GRID*   509             0               -0.406489249    0.0117115775    *N509   
*N509   0.139060546     
GRID*   510             0               -0.392141662    -0.0102975653   *N510   
*N510   0.0700721483    
GRID*   511             0               -0.405514761    0.0121687803    *N511   
*N511   0.0814262359    
GRID*   512             0               -0.412245571    0.00582429799   *N512   
*N512   0.186886769     
GRID*   513             0               -0.411530563    0.00709581388   *N513   
*N513   0.0414569434    
GRID*   514             0               -0.413552985    0.00111309877   *N514   
*N514   0.343476603     
GRID*   515             0               -0.413457975    0.00193113876   *N515   
*N515   0.291702315     
GRID*   516             0               -0.401573374    0.0131477448    *N516   
*N516   0.218971913     
GRID*   517             0               -0.413341109    0.00260147941   *N517   
*N517   0.207781168     
GRID*   518             0               -0.41294885     0.00409467398   *N518   
*N518   0.130743666     
GRID*   519             0               -0.395657004    0.0123184409    *N519   
*N519   0.0519198089    
GRID*   520             0               -0.390492807    0.00872281602   *N520   
*N520   0.204327991     
GRID*   521             0               -0.393636129    0.0113353452    *N521   
*N521   0.191111364     
GRID*   522             0               -0.389988164    -0.00811379516  *N522   
*N522   0.303339082     
GRID*   523             0               -0.39035107     -0.00855914754  *N523   
*N523   0.193377718     
GRID*   524             0               -0.389551435    -0.00751988313  *N524   
*N524   0.078541596     
GRID*   525             0               -0.392615229    -0.0106600817   *N525   
*N525   0.179142577     
GRID*   526             0               -0.397800227    -0.0129414521   *N526   
*N526   0.242313658     
GRID*   527             0               -0.392308186    -0.0104289283   *N527   
*N527   0.332685791     
GRID*   528             0               -0.392736346    -0.0107474839   *N528   
*N528   0.265493438     
GRID*   529             0               -0.392231069    -0.0103686338   *N529   
*N529   0.288717503     
GRID*   530             0               -0.410209138    0.00883293878   *N530   
*N530   0.207111692     
GRID*   531             0               -0.404132304    0.0126613548    *N531   
*N531   0.182153135     
GRID*   532             0               -0.412422764    0.00544914123   *N532   
*N532   0.227779879     
GRID*   533             0               -0.390651494    -0.00889981026  *N533   
*N533   0.239735512     
GRID*   534             0               -0.391662014    0.00989381586   *N534   
*N534   0.296437562     
GRID*   535             0               -0.413184413    0.00328614973   *N535   
*N535   0.0663998085    
GRID*   536             0               -0.407166316    -0.0113338856   *N536   
*N536   0.221123374     
GRID*   537             0               -0.407078853    -0.0113856456   *N537   
*N537   0.27195556      
GRID*   538             0               -0.405135053    -0.0123214964   *N538   
*N538   0.0851530384    
GRID*   539             0               -0.399977052    -0.0131932223   *N539   
*N539   0.318423878     
GRID*   540             0               -0.394426413    -0.0117709921   *N540   
*N540   0.148276144     
GRID*   541             0               -0.411661185    -0.0068866324   *N541   
*N541   0.0918459718    
GRID*   542             0               -0.409344912    0.00970713942   *N542   
*N542   0.109248215     
GRID*   543             0               -0.413018136    -0.00387590547  *N543   
*N543   0.224490887     
GRID*   544             0               -0.395665205    0.0123215956    *N544   
*N544   0.166272937     
GRID*   545             0               -0.412921834    -0.00417656125  *N545   
*N545   0.122458314     
GRID*   546             0               -0.402678472    -0.0130018677   *N546   
*N546   0.0436133933    
GRID*   547             0               -0.389865052    -0.00795329284  *N547   
*N547   0.100739216     
GRID*   548             0               -0.390429565    0.00865045801   *N548   
*N548   0.273445483     
GRID*   549             0               -0.412207116    0.00590186591   *N549   
*N549   0.32021623      
GRID*   550             0               -0.411057897    0.00778776216   *N550   
*N550   0.311815487     
GRID*   551             0               -0.405542178    0.0121572202    *N551   
*N551   0.155578646     
GRID*   552             0               -0.391233831    0.00949849137   *N552   
*N552   0.24586259      
GRID*   553             0               -0.413098042    -0.00360551253  *N553   
*N553   0.0824770605    
GRID*   554             0               -0.4133213      -0.00269815029  *N554   
*N554   0.0138282273    
GRID*   555             0               -0.408343599    -0.0105422597   *N555   
*N555   0.196297336     
GRID*   556             0               -0.393147877    -0.0110293569   *N556   
*N556   0.228821111     
GRID*   557             0               -0.389963715    -0.00808232382  *N557   
*N557   0.0902173006    
GRID*   558             0               -0.389812092    0.00788265239   *N558   
*N558   0.178558321     
GRID*   559             0               -0.391271562    -0.00953475884  *N559   
*N559   0.122705823     
GRID*   560             0               -0.392021457    0.0102000007    *N560   
*N560   0.232384756     
GRID*   561             0               -0.407134799    -0.0113526422   *N561   
*N561   0.10885485      
GRID*   562             0               -0.413599948    3.69777231E-05  *N562   
*N562   0.246480124     
GRID*   563             0               -0.392303538    0.0104253206    *N563   
*N563   0.116616537     
GRID*   564             0               -0.403877616    0.0127336634    *N564   
*N564   0.0679290727    
GRID*   565             0               -0.410978927    0.00789470157   *N565   
*N565   0.120791213     
GRID*   566             0               -0.408260104    0.0106046576    *N566   
*N566   0.343858462     
GRID*   567             0               -0.389644309    0.00765213058   *N567   
*N567   0.0675313764    
GRID*   568             0               -0.413074449    -0.00368759317  *N568   
*N568   0.266901964     
GRID*   569             0               -0.405942806    0.0119798705    *N569   
*N569   0.0449065571    
GRID*   570             0               -0.40909946     -0.00992770847  *N570   
*N570   0.310035145     
GRID*   571             0               -0.412794275    -0.00454113965  *N571   
*N571   0.0389321132    
GRID*   572             0               -0.400985226    -0.0131870205   *N572   
*N572   0.125358642     
GRID*   573             0               -0.390631514    -0.00887787646  *N573   
*N573   0.0227853046    
GRID*   574             0               -0.403471376    0.0128377042    *N574   
*N574   0.272137858     
GRID*   575             0               -0.402836124    0.0129732533    *N575   
*N575   0.247101256     
GRID*   576             0               -0.39104602     0.0093135958    *N576   
*N576   0.31055042      
GRID*   577             0               -0.39191949     0.010115382     *N577   
*N577   0.103034888     
GRID*   578             0               -0.393738519    0.0113958181    *N578   
*N578   0.079754028     
GRID*   579             0               -0.402131173    -0.0130859865   *N579   
*N579   0.294210151     
GRID*   580             0               -0.389928682    -0.00803688352  *N580   
*N580   0.0397578267    
GRID*   581             0               -0.41353515     0.00130683647   *N581   
*N581   0.11669058      
GRID*   582             0               -0.411915493    -0.00645239678  *N582   
*N582   0.297047895     
GRID*   583             0               -0.403821833    -0.0127487669   *N583   
*N583   0.206402861     
GRID*   584             0               -0.40148494     -0.0131553375   *N584   
*N584   0.342928106     
GRID*   585             0               -0.412544765    -0.00517152586  *N585   
*N585   0.0543423359    
GRID*   586             0               -0.413591086    0.000485036031  *N586   
*N586   0.177238012     
GRID*   587             0               -0.413387176    0.00236077431   *N587   
*N587   0.0471313251    
GRID*   588             0               -0.391073391    -0.00934100495  *N588   
*N588   0.318626827     
GRID*   589             0               -0.41043585     -0.00857448042  *N589   
*N589   0.245066776     
GRID*   590             0               -0.401036958    0.013184623     *N590   
*N590   0.0215474224    
GRID*   591             0               -0.390011869    -0.0081441233   *N591   
*N591   0.0101070493    
GRID*   592             0               -0.41093601     0.007951886     *N592   
*N592   0.247568901     
GRID*   593             0               -0.411311817    -0.00742780215  *N593   
*N593   0.255923495     
GRID*   594             0               -0.403620423    0.0128011278    *N594   
*N594   0.0585263179    
GRID*   595             0               -0.410378432    -0.00864123226  *N595   
*N595   0.342596031     
GRID*   596             0               -0.40110625     -0.0131810929   *N596   
*N596   0.330652377     
GRID*   597             0               -0.41357148     -0.000867250495 *N597   
*N597   0.253806125     
GRID*   598             0               -0.39249684     0.0105726088    *N598   
*N598   0.151999695     
GRID*   599             0               -0.410180786    -0.00886432292  *N599   
*N599   0.283361437     
GRID*   600             0               -0.389413172    0.00731639299   *N600   
*N600   0.0129648638    
GRID*   601             0               -0.403584313    -0.0128101582   *N601   
*N601   0.285566859     
GRID*   602             0               -0.412157892    0.00599933182   *N602   
*N602   0.259939665     
GRID*   603             0               -0.410835201    0.00808372288   *N603   
*N603   0.239770601     
GRID*   604             0               -0.411549527    -0.00706597844  *N604   
*N604   0.234567142     
GRID*   605             0               -0.393076648    0.010982191     *N605   
*N605   0.0244800837    
GRID*   606             0               -0.413338161    0.00261610099   *N606   
*N606   0.279857937     
GRID*   607             0               -0.38961868     0.00761597973   *N607   
*N607   0.0392376092    
GRID*   608             0               -0.404619259    -0.0125075119   *N608   
*N608   0.158951688     
GRID*   609             0               -0.410471617    0.00853244003   *N609   
*N609   0.270809757     
GRID*   610             0               -0.397383123    -0.0128506208   *N610   
*N610   0.13409819      
GRID*   611             0               -0.403410369    -0.0128521469   *N611   
*N611   0.178537309     
GRID*   612             0               -0.391199531    0.00946527145   *N612   
*N612   0.333634294     
GRID*   613             0               -0.390165845    -0.00833679001  *N613   
*N613   0.20780447      
GRID*   614             0               -0.400336205    -0.0131998458   *N614   
*N614   0.306223693     
GRID*   615             0               -0.403179498    -0.0129040455   *N615   
*N615   0.231690184     
GRID*   616             0               -0.403941466    -0.0127160535   *N616   
*N616   0.0613603067    
GRID*   617             0               -0.413428296    0.00212214474   *N617   
*N617   0.237310655     
GRID*   618             0               -0.389972073    0.00809310445   *N618   
*N618   0.0906528509    
GRID*   619             0               -0.411369561    0.0073422563    *N619   
*N619   0.0951925046    
GRID*   620             0               -0.40662783     0.0116384763    *N620   
*N620   0.0886003714    
GRID*   621             0               -0.410117366    0.00893380059   *N621   
*N621   0.0815367981    
GRID*   622             0               -0.413177154    0.00331426182   *N622   
*N622   0.0881289313    
GRID*   623             0               -0.41077403     0.00816207725   *N623   
*N623   0.0883646514    
GRID*   624             0               -0.413183165    0.00329100309   *N624   
*N624   0.198726535     
GRID*   625             0               -0.411608195    0.00697254317   *N625   
*N625   0.191943775     
GRID*   626             0               -0.413363587    0.00248705134   *N626   
*N626   0.188855974     
GRID*   627             0               -0.413512835    -0.00151444721  *N627   
*N627   0.195638734     
GRID*   628             0               -0.41327965     0.00289043531   *N628   
*N628   0.193791254     
GRID*   629             0               -0.389942816    0.00805526595   *N629   
*N629   0.212623877     
GRID*   630             0               -0.395332156    0.0121883946    *N630   
*N630   0.2053098       
GRID*   631             0               -0.40138778     0.0131629894    *N631   
*N631   0.212631761     
GRID*   632             0               -0.394712291    0.0119117574    *N632   
*N632   0.219945838     
GRID*   633             0               -0.395020445    0.0120540611    *N633   
*N633   0.212627819     
GRID*   634             0               -0.402405472    0.0130467651    *N634   
*N634   0.291980945     
GRID*   635             0               -0.39543917     0.0122323411    *N635   
*N635   0.296794329     
GRID*   636             0               -0.393750326    0.011402712     *N636   
*N636   0.29034707      
GRID*   637             0               -0.400530054    0.0131993593    *N637   
*N637   0.285533685     
GRID*   638             0               -0.397936694    0.0129681194    *N638   
*N638   0.291164007     
GRID*   639             0               -0.38926037     0.00708157079   *N639   
*N639   0.260518842     
GRID*   640             0               -0.392440806    0.0105304904    *N640   
*N640   0.266749244     
GRID*   641             0               -0.38803372     0.00461683098   *N641   
*N641   0.274083099     
GRID*   642             0               -0.388611124    0.00593821591   *N642   
*N642   0.267300971     
GRID*   643             0               -0.401291769    -0.0131698424   *N643   
*N643   0.080931614     
GRID*   644             0               -0.393257386    -0.0111005887   *N644   
*N644   0.083463745     
GRID*   645             0               -0.3938869      -0.0114812685   *N645   
*N645   0.0932893029    
GRID*   646             0               -0.402024084    -0.0130997081   *N646   
*N646   0.0907571718    
GRID*   647             0               -0.397465266    -0.0128696285   *N647   
*N647   0.0871104584    
GRID*   648             0               -0.388544341    0.00580373618   *N648   
*N648   0.120120429     
GRID*   649             0               -0.391524096    0.00977027785   *N649   
*N649   0.125884131     
GRID*   650             0               -0.388132288    0.00487270273   *N650   
*N650   0.136256042     
GRID*   651             0               -0.38833255     0.00534945413   *N651   
*N651   0.128188235     
GRID*   652             0               -0.412281268    0.0057511276    *N652   
*N652   0.108351973     
GRID*   653             0               -0.408541706    0.0103900251    *N653   
*N653   0.102511361     
GRID*   654             0               -0.413480749    0.00177031058   *N654   
*N654   0.101033117     
GRID*   655             0               -0.411853079    0.00656254355   *N655   
*N655   0.101772239     
GRID*   656             0               -0.412383443    -0.00553507761  *N656   
*N656   0.321497168     
GRID*   657             0               -0.413284371    -0.00286931568  *N657   
*N657   0.329429302     
GRID*   658             0               -0.412828496    0.00444662648   *N658   
*N658   0.325804223     
GRID*   659             0               -0.413488605    0.00171126285   *N659   
*N659   0.31787209      
GRID*   660             0               -0.413586899    -0.000587962087 *N660   
*N660   0.323650696     
GRID*   661             0               -0.392039077    -0.0102144487   *N661   
*N661   0.10560658      
GRID*   662             0               -0.400978525    -0.0131873162   *N662   
*N662   0.109664396     
GRID*   663             0               -0.403120922    -0.0129165237   *N663   
*N663   0.102608077     
GRID*   664             0               -0.393816383    -0.0114409784   *N664   
*N664   0.0985502607    
GRID*   665             0               -0.397273067    -0.0128242853   *N665   
*N665   0.104107329     
GRID*   666             0               -0.388497631    -0.00570732935  *N666   
*N666   0.249030557     
GRID*   667             0               -0.39480868     -0.0119573047   *N667   
*N667   0.246563064     
GRID*   668             0               -0.393903561    -0.0114907042   *N668   
*N668   0.241024585     
GRID*   669             0               -0.388093086    -0.00477282491  *N669   
*N669   0.243492078     
GRID*   670             0               -0.390691179    -0.00894308629  *N670   
*N670   0.245027571     
GRID*   671             0               -0.4070131      0.0114239618    *N671   
*N671   0.19557964      
GRID*   672             0               -0.403160661    0.0129080886    *N672   
*N672   0.188155818     
GRID*   673             0               -0.408906109    0.0100938651    *N673   
*N673   0.184519952     
GRID*   674             0               -0.407988802    0.0108004671    *N674   
*N674   0.190049796     
GRID*   675             0               -0.413546476    0.00118750491   *N675   
*N675   0.211291384     
GRID*   676             0               -0.413596464    0.000305516556  *N676   
*N676   0.204116728     
GRID*   677             0               -0.412530813    -0.0052041686   *N677   
*N677   0.205698025     
GRID*   678             0               -0.412851738    -0.00438111984  *N678   
*N678   0.212872681     
GRID*   679             0               -0.413436438    -0.00207154279  *N679   
*N679   0.208494705     
GRID*   680             0               -0.389822106    -0.00789608534  *N680   
*N680   0.21856068      
GRID*   681             0               -0.388781738    -0.00626546002  *N681   
*N681   0.231166859     
GRID*   682             0               -0.394837566    -0.0119707696   *N682   
*N682   0.223082949     
GRID*   683             0               -0.389292522    -0.00713189564  *N683   
*N683   0.224863769     
GRID*   684             0               -0.391833257    -0.0100424553   *N684   
*N684   0.234278311     
GRID*   685             0               -0.388423137    -0.00554930281  *N685   
*N685   0.237329468     
GRID*   686             0               -0.401688422    0.0131369695    *N686   
*N686   0.200225055     
GRID*   687             0               -0.41054203     0.00844862223   *N687   
*N687   0.202056236     
GRID*   688             0               -0.406132688    0.011890176     *N688   
*N688   0.206701651     
GRID*   689             0               -0.406577294    0.0116653777    *N689   
*N689   0.201140646     
GRID*   690             0               -0.412194118    0.00592779809   *N690   
*N690   0.20744643      
GRID*   691             0               -0.412759161    0.00463585239   *N691   
*N691   0.203086482     
GRID*   692             0               -0.387883984    -0.00419396496  *N692   
*N692   0.0984457332    
GRID*   693             0               -0.389226933    -0.00702869582  *N693   
*N693   0.110181115     
GRID*   694             0               -0.388505135    -0.00572295342  *N694   
*N694   0.104313424     
GRID*   695             0               -0.388631419    -0.00597833687  *N695   
*N695   0.178855521     
GRID*   696             0               -0.391731026    -0.00995434     *N696   
*N696   0.172226259     
GRID*   697             0               -0.388162733    -0.00494866693  *N697   
*N697   0.165071185     
GRID*   698             0               -0.388390201    -0.00547765691  *N698   
*N698   0.171963353     
GRID*   699             0               -0.407774252    0.0109480775    *N699   
*N699   0.302646278     
GRID*   700             0               -0.412500877    0.00527340225   *N700   
*N700   0.301852859     
GRID*   701             0               -0.412522202    0.00522419634   *N701   
*N701   0.308979791     
GRID*   702             0               -0.40781867     0.0109180277    *N702   
*N702   0.30977321      
GRID*   703             0               -0.410559657    0.00842741753   *N703   
*N703   0.305813034     
GRID*   704             0               -0.410299195    -0.00873189223  *N704   
*N704   0.0260444207    
GRID*   705             0               -0.413152112    -0.00340934611  *N705   
*N705   0.0188360671    
GRID*   706             0               -0.410421802    -0.00859089567  *N706   
*N706   0.0132041201    
GRID*   707             0               -0.405546936    -0.0121552068   *N707   
*N707   0.0204124736    
GRID*   708             0               -0.410360748    -0.00866161089  *N708   
*N708   0.0196242704    
GRID*   709             0               -0.409670932    -0.0093962667   *N709   
*N709   0.100350411     
GRID*   710             0               -0.40884715     -0.0101432566   *N710   
*N710   0.0884995051    
GRID*   711             0               -0.406153626    -0.0118800585   *N711   
*N711   0.0955537912    
GRID*   712             0               -0.41353014     -0.001356253    *N712   
*N712   0.00691411364   
GRID*   713             0               -0.406039766    -0.0119345315   *N713   
*N713   0.00629000647   
GRID*   714             0               -0.411172759    -0.00762808396  *N714   
*N714   0.00660206006   
GRID*   715             0               -0.413229301    0.00310628998   *N715   
*N715   0.015369262     
GRID*   716             0               -0.408971291    0.0100385745    *N716   
*N716   0.00845514839   
GRID*   717             0               -0.412655552    0.00490320849   *N717   
*N717   0.00768463102   
GRID*   718             0               -0.413597232    0.000270302106  *N718   
*N718   0.0274471445    
GRID*   719             0               -0.411859952    0.00655053521   *N719   
*N719   0.0239803394    
GRID*   720             0               -0.413490295    0.0016982894    *N720   
*N720   0.0214082033    
GRID*   721             0               -0.409156241    -0.00987766429  *N721   
*N721   0.216033568     
GRID*   722             0               -0.410784826    -0.00814833631  *N722   
*N722   0.222807131     
GRID*   723             0               -0.413435338    -0.00207845223  *N723   
*N723   0.219646244     
GRID*   724             0               -0.411972603    -0.00634939756  *N724   
*N724   0.217839906     
GRID*   725             0               -0.389150748    -0.0069061077   *N725   
*N725   0.149686269     
GRID*   726             0               -0.391298397    -0.00956037786  *N726   
*N726   0.142219397     
GRID*   727             0               -0.387641574    -0.00338564034  *N727   
*N727   0.136761503     
GRID*   728             0               -0.388310958    -0.00530047713  *N728   
*N728   0.143223886     
GRID*   729             0               -0.387801566    -0.00393947617  *N729   
*N729   0.0804789052    
GRID*   730             0               -0.390746124    -0.00900237114  *N730   
*N730   0.0743068722    
GRID*   731             0               -0.388499368    -0.00571095164  *N731   
*N731   0.0693761635    
GRID*   732             0               -0.38812771     -0.00486116232  *N732   
*N732   0.0749275344    
GRID*   733             0               -0.406731934    0.0115821676    *N733   
*N733   0.2182021       
GRID*   734             0               -0.41170564     0.00681340645   *N734   
*N734   0.222606084     
GRID*   735             0               -0.409224026    0.00981715628   *N735   
*N735   0.230592799     
GRID*   736             0               -0.403074802    0.0129261532    *N736   
*N736   0.226188816     
GRID*   737             0               -0.408029194    0.0107719727    *N737   
*N737   0.22439745      
GRID*   738             0               -0.413573178    0.000841061576  *N738   
*N738   0.226135383     
GRID*   739             0               -0.412927858    0.00415845928   *N739   
*N739   0.216116944     
GRID*   740             0               -0.413357125    0.00252049832   *N740   
*N740   0.221126164     
GRID*   741             0               -0.412274126    -0.00576585945  *N741   
*N741   0.0785352462    
GRID*   742             0               -0.413597709    0.00024592803   *N742   
*N742   0.0820622104    
GRID*   743             0               -0.413075813    0.00368290292   *N743   
*N743   0.0740235844    
GRID*   744             0               -0.413367618    -0.00246594333  *N744   
*N744   0.0704966202    
GRID*   745             0               -0.413552743    -0.00111595359  *N745   
*N745   0.0762794153    
GRID*   746             0               -0.404705463    0.0124781003    *N746   
*N746   0.0746776543    
GRID*   747             0               -0.409803578    0.00926351551   *N747   
*N747   0.0671644406    
GRID*   748             0               -0.409961893    0.00910001066   *N748   
*N748   0.0743506194    
GRID*   749             0               -0.412056348    -0.00619431696  *N749   
*N749   0.135888507     
GRID*   750             0               -0.413554695    0.00109269931   *N750   
*N750   0.135429181     
GRID*   751             0               -0.41359993     -4.31143488E-05 *N751   
*N751   0.12660099      
GRID*   752             0               -0.4114802      -0.0071742012   *N752   
*N752   0.127060316     
GRID*   753             0               -0.413203045    -0.00321279454  *N753   
*N753   0.131244748     
GRID*   754             0               -0.388250238    0.00515977537   *N754   
*N754   0.246555617     
GRID*   755             0               -0.392914808    0.0108725294    *N755   
*N755   0.252957798     
GRID*   756             0               -0.388735058    0.00617811694   *N756   
*N756   0.25353723      
GRID*   757             0               -0.392263365    -0.0103939971   *N757   
*N757   0.350317859     
GRID*   758             0               -0.388907752    -0.00649370742  *N758   
*N758   0.344364344     
GRID*   759             0               -0.38855541     -0.00582629335  *N759   
*N759   0.35046963      
GRID*   760             0               -0.392935729    -0.0108869028   *N760   
*N760   0.339006793     
GRID*   761             0               -0.388545635    -0.00580637818  *N761   
*N761   0.331175325     
GRID*   762             0               -0.388724119    -0.00615741925  *N762   
*N762   0.337769834     
GRID*   763             0               -0.39300881     0.0109366496    *N763   
*N763   0.27885103      
GRID*   764             0               -0.396364841    0.0125681139    *N764   
*N764   0.27279167      
GRID*   765             0               -0.404218784    0.0126355407    *N765   
*N765   0.279474325     
GRID*   766             0               -0.398422102    0.0130509739    *N766   
*N766   0.279162678     
GRID*   767             0               -0.38843792     0.00558109621   *N767   
*N767   0.106461587     
GRID*   768             0               -0.392110066    0.0102721463    *N768   
*N768   0.109825712     
GRID*   769             0               -0.388490825    0.00569311361   *N769   
*N769   0.113291008     
GRID*   770             0               -0.406247522    0.0118341236    *N770   
*N770   0.174843658     
GRID*   771             0               -0.412058147    0.00619093041   *N771   
*N771   0.172386096     
GRID*   772             0               -0.413199823    0.0032256048    *N772   
*N772   0.18206239      
GRID*   773             0               -0.410669251    0.00829352018   *N773   
*N773   0.178453024     
GRID*   774             0               -0.412593721    0.0050550136    *N774   
*N774   0.294631969     
GRID*   775             0               -0.413382093    -0.00238856779  *N775   
*N775   0.294375105     
GRID*   776             0               -0.413422934    -0.00215480377  *N776   
*N776   0.301595995     
GRID*   777             0               -0.413513554    0.00150821182   *N777   
*N777   0.298113982     
GRID*   778             0               -0.388367099    0.00542671993   *N778   
*N778   0.299315174     
GRID*   779             0               -0.38965044     0.00766074175   *N779   
*N779   0.286356664     
GRID*   780             0               -0.388985346    0.00662915314   *N780   
*N780   0.292835919     
GRID*   781             0               -0.401762263    0.0131295178    *N781   
*N781   0.302441015     
GRID*   782             0               -0.396919439    0.0127328588    *N782   
*N782   0.309140677     
GRID*   783             0               -0.391349366    0.00960864338   *N783   
*N783   0.303493991     
GRID*   784             0               -0.396171892    0.0125045232    *N784   
*N784   0.302967503     
GRID*   785             0               -0.387900772    -0.0042437366   *N785   
*N785   0.040482967     
GRID*   786             0               -0.390271366    -0.00846467777  *N786   
*N786   0.0312715657    
GRID*   787             0               -0.38808773     -0.00475899102  *N787   
*N787   0.0251286881    
GRID*   788             0               -0.387992238    -0.00450415838  *N788   
*N788   0.0328058275    
GRID*   789             0               -0.404396959    -0.0125803149   *N789   
*N789   0.0359291638    
GRID*   790             0               -0.397833559    -0.0129481034   *N790   
*N790   0.0255151195    
GRID*   791             0               -0.395610068    -0.0123002663   *N791   
*N791   0.04168561      
GRID*   792             0               -0.396707578    -0.0126730431   *N792   
*N792   0.0336003648    
GRID*   793             0               -0.410598962    -0.00837980771  *N793   
*N793   0.335031209     
GRID*   794             0               -0.412951986    -0.0040850514   *N794   
*N794   0.343036317     
GRID*   795             0               -0.413443718    0.00202519795   *N795   
*N795   0.33743441      
GRID*   796             0               -0.413132697    -0.00348115288  *N796   
*N796   0.33623281      
GRID*   797             0               -0.388199333    0.00503822737   *N797   
*N797   0.313239621     
GRID*   798             0               -0.388282192    0.0052343802    *N798   
*N798   0.306277398     
GRID*   799             0               -0.390556927    0.00879510753   *N799   
*N799   0.3163017       
GRID*   800             0               -0.387945167    0.00437231329   *N800   
*N800   0.325858919     
GRID*   801             0               -0.388068978    0.00471019058   *N801   
*N801   0.31954927      
GRID*   802             0               -0.411806497    -0.0066431795   *N802   
*N802   0.312781547     
GRID*   803             0               -0.408027464    -0.0107731982   *N803   
*N803   0.314146781     
GRID*   804             0               -0.40901178     -0.0100038617   *N804   
*N804   0.322862402     
GRID*   805             0               -0.410549207    -0.00844000032  *N805   
*N805   0.317821975     
GRID*   806             0               -0.389517731    0.00747102567   *N806   
*N806   0.0534319759    
GRID*   807             0               -0.392307044    0.0104280419    *N807   
*N807   0.0597255926    
GRID*   808             0               -0.387825917    0.00401652048   *N808   
*N808   0.0681057775    
GRID*   809             0               -0.38859958     0.00591524295   *N809   
*N809   0.0607688767    
GRID*   810             0               -0.413392381    -0.00233196096  *N810   
*N810   0.0932282371    
GRID*   811             0               -0.412108353    -0.00609544617  *N811   
*N811   0.10815529      
GRID*   812             0               -0.412892899    -0.00426233262  *N812   
*N812   0.100691764     
GRID*   813             0               -0.413549768    0.00115048182   *N813   
*N813   0.112073155     
GRID*   814             0               -0.410675141    -0.0082862226   *N814   
*N814   0.115656582     
GRID*   815             0               -0.413518198    -0.00146726591  *N815   
*N815   0.119574447     
GRID*   816             0               -0.413027131    -0.00384650092  *N816   
*N816   0.113864869     
GRID*   817             0               -0.411948518    0.00639310032   *N817   
*N817   0.332521482     
GRID*   818             0               -0.411928656    0.00642884909   *N818   
*N818   0.343667533     
GRID*   819             0               -0.409009669    0.0100056786    *N819   
*N819   0.338754604     
GRID*   820             0               -0.411938601    0.0064109824    *N820   
*N820   0.338094507     
GRID*   821             0               -0.40902446     0.00999293166   *N821   
*N821   0.349583192     
GRID*   822             0               -0.413588241    0.000557046386  *N822   
*N822   0.350306766     
GRID*   823             0               -0.412270465    0.0057733915    *N823   
*N823   0.350121292     
GRID*   824             0               -0.407714282    -0.0109882337   *N824   
*N824   0.208673312     
GRID*   825             0               -0.400227778    -0.0131988765   *N825   
*N825   0.211873824     
GRID*   826             0               -0.402044988    -0.0130970995   *N826   
*N826   0.219234081     
GRID*   827             0               -0.40500206     -0.0123717841   *N827   
*N827   0.213953696     
GRID*   828             0               -0.413180727    -0.00330045618  *N828   
*N828   0.181715583     
GRID*   829             0               -0.412970667    -0.0040271985   *N829   
*N829   0.188509166     
GRID*   830             0               -0.413593416    -0.000416852776 *N830   
*N830   0.185285778     
GRID*   831             0               -0.397756472    0.0129325851    *N831   
*N831   0.192634932     
GRID*   832             0               -0.391554022    0.00979738089   *N832   
*N832   0.184834842     
GRID*   833             0               -0.396221624    0.012521229     *N833   
*N833   0.180355728     
GRID*   834             0               -0.396982853    0.0127500236    *N834   
*N834   0.18649533      
GRID*   835             0               -0.388665431    -0.00604482296  *N835   
*N835   0.263239059     
GRID*   836             0               -0.392432623    -0.0105243004   *N836   
*N836   0.258152954     
GRID*   837             0               -0.388580859    -0.00587774755  *N837   
*N837   0.256134808     
GRID*   838             0               -0.39435862     -0.0117363421   *N838   
*N838   0.27205265      
GRID*   839             0               -0.389654765    -0.00766680644  *N839   
*N839   0.276666288     
GRID*   840             0               -0.389149423    -0.00690394861  *N840   
*N840   0.269952674     
GRID*   841             0               -0.410146808    -0.00890167011  *N841   
*N841   0.0335885238    
GRID*   842             0               -0.413599933    4.21816782E-05  *N842   
*N842   0.0349912476    
GRID*   843             0               -0.412754696    -0.00464773976  *N843   
*N843   0.0305178341    
GRID*   844             0               -0.392423638    0.0105174922    *N844   
*N844   0.172415629     
GRID*   845             0               -0.402139568    0.0130848731    *N845   
*N845   0.166903558     
GRID*   846             0               -0.399148453    0.0131405339    *N846   
*N846   0.173629643     
GRID*   847             0               -0.41359929     -0.000136866702 *N847   
*N847   0.310836022     
GRID*   848             0               -0.411672016    0.00686889039   *N848   
*N848   0.316015858     
GRID*   849             0               -0.41312719     0.00350123298   *N849   
*N849   0.31342594      
GRID*   850             0               -0.406947021    0.0114619593    *N850   
*N850   0.329347255     
GRID*   851             0               -0.408710091    0.0102558466    *N851   
*N851   0.322629997     
GRID*   852             0               -0.410515399    0.00848049001   *N852   
*N852   0.327575739     
GRID*   853             0               -0.403720594    0.01277551      *N853   
*N853   0.316387349     
GRID*   854             0               -0.408271347    0.0105963152    *N854   
*N854   0.316201603     
GRID*   855             0               -0.409086991    0.00993862108   *N855   
*N855   0.0431817503    
GRID*   856             0               -0.41268908     0.00481855979   *N856   
*N856   0.0442941343    
GRID*   857             0               -0.412159822    0.00599554808   *N857   
*N857   0.0506226913    
GRID*   858             0               -0.408074978    0.0107393997    *N858   
*N858   0.0495103073    
GRID*   859             0               -0.410811772    0.00811387754   *N859   
*N859   0.0469022208    
GRID*   860             0               -0.391673818    -0.00990422863  *N860   
*N860   0.325656309     
GRID*   861             0               -0.388206739    -0.00505612339  *N861   
*N861   0.317277825     
GRID*   862             0               -0.388372512    -0.00543870656  *N862   
*N862   0.324226575     
GRID*   863             0               -0.387922754    -0.00430793902  *N863   
*N863   0.0119215425    
GRID*   864             0               -0.391748358    -0.0099694075   *N864   
*N864   0.00505352464   
GRID*   865             0               -0.388411521    -0.00552416151  *N865   
*N865   0.00596077126   
GRID*   866             0               -0.39683726     -0.0127101094   *N866   
*N866   0.0113435311    
GRID*   867             0               -0.398601868    -0.0130769538   *N867   
*N867   0.00567176556   
GRID*   868             0               -0.40083426     0.0131928548    *N868   
*N868   0.048413183     
GRID*   869             0               -0.407039429    0.0114086799    *N869   
*N869   0.0563201877    
GRID*   870             0               -0.399601374    0.0131758186    *N870   
*N870   0.0552230634    
GRID*   871             0               -0.404047614    0.0126860124    *N871   
*N871   0.0523666854    
GRID*   872             0               -0.396459158    -0.0125980062   *N872   
*N872   0.331669084     
GRID*   873             0               -0.400541781    -0.0131992385   *N873   
*N873   0.324538128     
GRID*   874             0               -0.395158497    -0.0121147283   *N874   
*N874   0.318525353     
GRID*   875             0               -0.395802473    -0.0123734693   *N875   
*N875   0.325097218     
GRID*   876             0               -0.40374919     0.0127680432    *N876   
*N876   0.0632276953    
GRID*   877             0               -0.395961747    0.0124314887    *N877   
*N877   0.0677302245    
GRID*   878             0               -0.397755244    0.0129323342    *N878   
*N878   0.061476644     
GRID*   879             0               -0.411937106    0.00641367246   *N879   
*N879   0.060256933     
GRID*   880             0               -0.408492895    0.0104280892    *N880   
*N880   0.0617423142    
GRID*   881             0               -0.410065975    -0.00898937872  *N881   
*N881   0.348951977     
GRID*   882             0               -0.412773556    -0.00459729498  *N882   
*N882   0.349805472     
GRID*   883             0               -0.406374432    -0.0117705634   *N883   
*N883   0.342762069     
GRID*   884             0               -0.40094293     -0.0131888296   *N884   
*N884   0.348264053     
GRID*   885             0               -0.405943708    -0.0119794534   *N885   
*N885   0.348430244     
GRID*   886             0               -0.397391593    -0.0128526063   *N886   
*N886   0.34412795      
GRID*   887             0               -0.396327954    -0.0125562114   *N887   
*N887   0.349113333     
GRID*   888             0               -0.391369068    0.0096271631    *N888   
*N888   0.00648243191   
GRID*   889             0               -0.387765402    0.00382190188   *N889   
*N889   0.0133504498    
GRID*   890             0               -0.388314452    0.00530843887   *N890   
*N890   0.00667522489   
GRID*   891             0               -0.408020104    0.0107784047    *N891   
*N891   0.23658816      
GRID*   892             0               -0.410885813    0.00801796287   *N892   
*N892   0.243669751     
GRID*   893             0               -0.407355041    0.0112190642    *N893   
*N893   0.247335078     
GRID*   894             0               -0.403695833    0.0127819202    *N894   
*N894   0.240253487     
GRID*   895             0               -0.407690903    0.0110037601    *N895   
*N895   0.241961619     
GRID*   896             0               -0.40307399     0.012926321     *N896   
*N896   0.00613289326   
GRID*   897             0               -0.393506532    0.011257002     *N897   
*N897   0.0126153252    
GRID*   898             0               -0.396818968    0.012704968     *N898   
*N898   0.00630766259   
GRID*   899             0               -0.403211799    0.0128970455    *N899   
*N899   0.265910809     
GRID*   900             0               -0.398795022    0.0131020626    *N900   
*N900   0.259868383     
GRID*   901             0               -0.397567322    0.0128924759    *N901   
*N901   0.266330027     
GRID*   902             0               -0.40636696     0.0117743532    *N902   
*N902   0.0192288596    
GRID*   903             0               -0.39995556     0.0131925158    *N903   
*N903   0.0169066045    
GRID*   904             0               -0.404758699    0.0124596043    *N904   
*N904   0.0126808764    
GRID*   905             0               -0.406509784    -0.0117008776   *N905   
*N905   0.329059382     
GRID*   906             0               -0.403541218    -0.0128207936   *N906   
*N906   0.318341148     
GRID*   907             0               -0.405059272    -0.0123503516   *N907   
*N907   0.323700265     
GRID*   908             0               -0.401295688    -0.0131695764   *N908   
*N908   0.336790241     
GRID*   909             0               -0.396923044    -0.0127338438   *N909   
*N909   0.337898517     
GRID*   910             0               -0.406442209    -0.0117359156   *N910   
*N910   0.335910725     
GRID*   911             0               -0.408985528    0.0100264005    *N911   
*N911   0.0325306868    
GRID*   912             0               -0.402054483    0.0130959034    *N912   
*N912   0.027779207     
GRID*   913             0               -0.407728544    0.0109787267    *N913   
*N913   0.0258797732    
GRID*   914             0               -0.408725815    -0.0102430857   *N914   
*N914   0.277658498     
GRID*   915             0               -0.413127438    -0.00350033192  *N915   
*N915   0.281609687     
GRID*   916             0               -0.413588464    -0.000551733548 *N916   
*N916   0.273379951     
GRID*   917             0               -0.410814057    -0.00811094479  *N917   
*N917   0.269428762     
GRID*   918             0               -0.412198162    -0.00591974408  *N918   
*N918   0.275519225     
GRID*   919             0               -0.413402579    0.00227440897   *N919   
*N919   0.285780126     
GRID*   920             0               -0.411116213    -0.00770731973  *N920   
*N920   0.290204666     
GRID*   921             0               -0.413266779    -0.0029472016   *N921   
*N921   0.287992396     
GRID*   922             0               -0.395548519    0.0122761203    *N922   
*N922   0.0366243004    
GRID*   923             0               -0.391192523    0.00945845517   *N923   
*N923   0.0318588464    
GRID*   924             0               -0.396880108    0.0127220422    *N924   
*N924   0.0230137531    
GRID*   925             0               -0.396208379    0.0125168013    *N925   
*N925   0.0298190267    
GRID*   926             0               -0.392289551    0.0104144428    *N926   
*N926   0.045578709     
GRID*   927             0               -0.404529799    0.0125373348    *N927   
*N927   0.0394587743    
GRID*   928             0               -0.398144327    0.0130058425    *N928   
*N928   0.0425187417    
GRID*   929             0               -0.388761524    0.00622783097   *N929   
*N929   0.0259760776    
GRID*   930             0               -0.387819193    0.00399540868   *N930   
*N930   0.0402228582    
GRID*   931             0               -0.388255847    0.00517296316   *N931   
*N931   0.0330994679    
GRID*   932             0               -0.413518213    -0.00146713842  *N932   
*N932   0.0507368305    
GRID*   933             0               -0.413562411    -0.000995463807 *N933   
*N933   0.0603710722    
GRID*   934             0               -0.413342101    0.0025965409    *N934   
*N934   0.0554968818    
GRID*   935             0               -0.411714199    -0.00679918384  *N935   
*N935   0.0422633098    
GRID*   936             0               -0.41153586     -0.00708749735  *N936   
*N936   0.0499684212    
GRID*   937             0               -0.413551563    -0.00112977043  *N937   
*N937   0.0430317192    
GRID*   938             0               -0.412903734    -0.00423044174  *N938   
*N938   0.0465000702    
GRID*   939             0               -0.388260491    -0.00518385103  *N939   
*N939   0.123165072     
GRID*   940             0               -0.39288486     -0.0108518512   *N940   
*N940   0.116589883     
GRID*   941             0               -0.388724966    -0.00615902491  *N941   
*N941   0.116673093     
GRID*   942             0               -0.387910025    -0.00427089217  *N942   
*N942   0.0931847754    
GRID*   943             0               -0.38975386     -0.00780382657  *N943   
*N943   0.0843794483    
GRID*   944             0               -0.387854924    -0.00410622305  *N944   
*N944   0.0868318403    
GRID*   945             0               -0.394613249    -0.0118639586   *N945   
*N945   0.0733911689    
GRID*   946             0               -0.391936482    -0.010129603    *N946   
*N946   0.0788853086    
GRID*   947             0               -0.388791855    0.00628418433   *N947   
*N947   0.280219882     
GRID*   948             0               -0.413114055    -0.00354863317  *N948   
*N948   0.172602535     
GRID*   949             0               -0.412088964    0.00613254524   *N949   
*N949   0.1628962       
GRID*   950             0               -0.413096148    -0.0036121776   *N950   
*N950   0.163112639     
GRID*   951             0               -0.41352662     0.00138991124   *N951   
*N951   0.167749368     
GRID*   952             0               -0.412212808    0.00589046321   *N952   
*N952   0.0362536627    
GRID*   953             0               -0.409036371    0.00998263969   *N953   
*N953   0.0378562185    
GRID*   954             0               -0.395754425    -0.0123555101   *N954   
*N954   0.124032232     
GRID*   955             0               -0.404173185    -0.0126492321   *N955   
*N955   0.117106746     
GRID*   956             0               -0.398324379    -0.0130357892   *N956   
*N956   0.116848314     
GRID*   957             0               -0.405466565    -0.0121889261   *N957   
*N957   0.128510479     
GRID*   958             0               -0.40831516     -0.0105636284   *N958   
*N958   0.122083531     
GRID*   959             0               -0.388466083    0.00564106506   *N959   
*N959   0.232948682     
GRID*   960             0               -0.391620634    0.00985711602   *N960   
*N960   0.239123673     
GRID*   961             0               -0.388356638    0.00540346557   *N961   
*N961   0.239752149     
GRID*   962             0               -0.387916486    -0.00428974156  *N962   
*N962   0.302765934     
GRID*   963             0               -0.391041458    -0.00930901181  *N963   
*N963   0.296028292     
GRID*   964             0               -0.388524187    -0.00576238281  *N964   
*N964   0.288587127     
GRID*   965             0               -0.388205095    -0.00505215678  *N965   
*N965   0.29567653      
GRID*   966             0               -0.390250142    -0.00843921731  *N966   
*N966   0.095867518     
GRID*   967             0               -0.389996183    -0.00812407528  *N967   
*N967   0.129434236     
GRID*   968             0               -0.387925862    -0.00431692999  *N968   
*N968   0.129963288     
GRID*   969             0               -0.390315017    -0.00851663719  *N969   
*N969   0.016446177     
GRID*   970             0               -0.388003706    -0.00453562449  *N970   
*N970   0.0185251153    
GRID*   971             0               -0.3973331      -0.0128387742   *N971   
*N971   0.0184293253    
GRID*   972             0               -0.410204355    -0.00883824814  *N972   
*N972   0.191245245     
GRID*   973             0               -0.411731433    -0.0067704236   *N973   
*N973   0.198374813     
GRID*   974             0               -0.412429502    -0.00543425122  *N974   
*N974   0.19344199      
GRID*   975             0               -0.396237161    0.012526403     *N975   
*N975   0.11486519      
GRID*   976             0               -0.40158282     0.0131468984    *N976   
*N976   0.120087428     
GRID*   977             0               -0.396161383    0.0125009649    *N977   
*N977   0.131106369     
GRID*   978             0               -0.396199253    0.0125137413    *N978   
*N978   0.12298578      
GRID*   979             0               -0.408303065    0.0105726801    *N979   
*N979   0.292186208     
GRID*   980             0               -0.405205823    0.0122940664    *N980   
*N980   0.297313611     
GRID*   981             0               -0.410418356    0.00859491415   *N981   
*N981   0.283334365     
GRID*   982             0               -0.411646191    0.0069110915    *N982   
*N982   0.288983167     
GRID*   983             0               -0.399535446    0.013171657     *N983   
*N983   0.080590132     
GRID*   984             0               -0.391492516    0.00974149512   *N984   
*N984   0.0736427022    
GRID*   985             0               -0.397722893    0.0129256759    *N985   
*N985   0.0741601783    
GRID*   986             0               -0.396612934    0.0126450832    *N986   
*N986   0.246481923     
GRID*   987             0               -0.402893626    0.0129623235    *N987   
*N987   0.253392508     
GRID*   988             0               -0.397694313    0.0129197235    *N988   
*N988   0.253175153     
GRID*   989             0               -0.413366337    0.00247267368   *N989   
*N989   0.0396426909    
GRID*   990             0               -0.394079596    -0.0115884637   *N990   
*N990   0.283664682     
GRID*   991             0               -0.396906122    -0.0127292111   *N991   
*N991   0.291463827     
GRID*   992             0               -0.402861609    -0.0129684417   *N992   
*N992   0.289888505     
GRID*   993             0               -0.399821437    -0.0131873145   *N993   
*N993   0.28208936      
GRID*   994             0               -0.398350937    -0.01303999     *N994   
*N994   0.286776594     
GRID*   995             0               -0.407176124    -0.0113280249   *N995   
*N995   0.284464148     
GRID*   996             0               -0.407807406    -0.0109256733   *N996   
*N996   0.295629023     
GRID*   997             0               -0.407494618    -0.0111313252   *N997   
*N997   0.290046586     
GRID*   998             0               -0.400265823    0.013199318     *N998   
*N998   0.346065466     
GRID*   999             0               -0.404411126    0.0125758049    *N999   
*N999   0.341194697     
GRID*   1000            0               -0.404964073    0.0123858481    *N1000  
*N1000  0.347646783     
GRID*   1001            0               -0.412491426    -0.00529503691  *N1001  
*N1001  0.0871615161    
GRID*   1002            0               -0.413558327    -0.00104805689  *N1002  
*N1002  0.0876452237    
GRID*   1003            0               -0.408442241    -0.0104672039   *N1003  
*N1003  0.0798732352    
GRID*   1004            0               -0.410793698    -0.00813701627  *N1004  
*N1004  0.0835173756    
GRID*   1005            0               -0.40680504     -0.0115419001   *N1005  
*N1005  0.0446039499    
GRID*   1006            0               -0.408583108    -0.0103574487   *N1006  
*N1006  0.0390962368    
GRID*   1007            0               -0.412880445    -0.00429866179  *N1007  
*N1007  0.25486481      
GRID*   1008            0               -0.413593463    -0.000415380348 *N1008  
*N1008  0.250143124     
GRID*   1009            0               -0.412790112    -0.00455248475  *N1009  
*N1009  0.24577345      
GRID*   1010            0               -0.410889514    -0.00801311996  *N1010  
*N1010  0.250495135     
GRID*   1011            0               -0.412835926    -0.00442580374  *N1011  
*N1011  0.25031913      
GRID*   1012            0               -0.411589622    0.00700231164   *N1012  
*N1012  0.253754283     
GRID*   1013            0               -0.412910411    0.00421065641   *N1013  
*N1013  0.247024512     
GRID*   1014            0               -0.413328878    0.00266160147   *N1014  
*N1014  0.256872895     
GRID*   1015            0               -0.413143204    0.0034424934    *N1015  
*N1015  0.251948704     
GRID*   1016            0               -0.410655756    -0.0083102029   *N1016  
*N1016  0.30354152      
GRID*   1017            0               -0.412819165    -0.00447262173  *N1017  
*N1017  0.307188771     
GRID*   1018            0               -0.40171243     -0.0131345928   *N1018  
*N1018  0.275283711     
GRID*   1019            0               -0.405172818    -0.0123069171   *N1019  
*N1019  0.265678356     
GRID*   1020            0               -0.397712698    -0.0129235603   *N1020  
*N1020  0.262447295     
GRID*   1021            0               -0.399704513    -0.0131816652   *N1021  
*N1021  0.268865503     
GRID*   1022            0               -0.412340489    -0.00562714145  *N1022  
*N1022  0.261412729     
GRID*   1023            0               -0.407757892    -0.0109590795   *N1023  
*N1023  0.257662324     
GRID*   1024            0               -0.409399362    -0.00965668119  *N1024  
*N1024  0.263545543     
GRID*   1025            0               -0.413541307    0.00124340388   *N1025  
*N1025  0.263420814     
GRID*   1026            0               -0.413507142    -0.00156295708  *N1026  
*N1026  0.259142812     
GRID*   1027            0               -0.400473648    -0.0131997945   *N1027  
*N1027  0.250857406     
GRID*   1028            0               -0.39623259     -0.0125248829   *N1028  
*N1028  0.25450518      
GRID*   1029            0               -0.404711777    -0.0124759199   *N1029  
*N1029  0.243690217     
GRID*   1030            0               -0.406283918    -0.0118160697   *N1030  
*N1030  0.25067627      
GRID*   1031            0               -0.391063234    0.00933085254   *N1031  
*N1031  0.0187224738    
GRID*   1032            0               -0.395142043    0.0121075965    *N1032  
*N1032  0.0178145391    
GRID*   1033            0               -0.404543923    -0.0125326734   *N1033  
*N1033  0.279873929     
GRID*   1034            0               -0.389073684    -0.00677898003  *N1034  
*N1034  0.282626708     
GRID*   1035            0               -0.388595145    0.00590638554   *N1035  
*N1035  0.0468274171    
GRID*   1036            0               -0.41052867     0.00846463515   *N1036  
*N1036  0.21227199      
GRID*   1037            0               -0.406434277    0.0117399958    *N1037  
*N1037  0.212451876     
GRID*   1038            0               -0.412593123    0.00505645533   *N1038  
*N1038  0.211781687     
GRID*   1039            0               -0.387771817    0.00384304348   *N1039  
*N1039  0.220348168     
GRID*   1040            0               -0.390625391    0.00887113393   *N1040  
*N1040  0.22665226      
GRID*   1041            0               -0.388095219    0.00477832194   *N1041  
*N1041  0.226648425     
GRID*   1042            0               -0.388347597    -0.00538326921  *N1042  
*N1042  0.056211041     
GRID*   1043            0               -0.39071814     -0.00897226756  *N1043  
*N1043  0.0486178828    
GRID*   1044            0               -0.388114751    -0.00482831782  *N1044  
*N1044  0.048347004     
GRID*   1045            0               -0.388050608    0.0046618155    *N1045  
*N1045  0.205184264     
GRID*   1046            0               -0.387905976    0.0042590345    *N1046  
*N1046  0.212766216     
GRID*   1047            0               -0.391863059    -0.0100678025   *N1047  
*N1047  0.0637750437    
GRID*   1048            0               -0.388422798    -0.00554857128  *N1048  
*N1048  0.0627936022    
GRID*   1049            0               -0.38822279     0.00509465904   *N1049  
*N1049  0.0196632637    
GRID*   1050            0               -0.392560298    -0.0106197488   *N1050  
*N1050  0.156793042     
GRID*   1051            0               -0.388634521    -0.00598443866  *N1051  
*N1051  0.157378727     
GRID*   1052            0               -0.394842122    -0.0119728856   *N1052  
*N1052  0.166039313     
GRID*   1053            0               -0.402100456    -0.0130900134   *N1053  
*N1053  0.162860187     
GRID*   1054            0               -0.399448668    -0.0131656738   *N1054  
*N1054  0.153613916     
GRID*   1055            0               -0.397091203    -0.0127785704   *N1055  
*N1055  0.159826615     
GRID*   1056            0               -0.407262581    -0.0112758581   *N1056  
*N1056  0.144987485     
GRID*   1057            0               -0.398724627    -0.0130932473   *N1057  
*N1057  0.14444155      
GRID*   1058            0               -0.407873504    -0.0108805672   *N1058  
*N1058  0.154159851     
GRID*   1059            0               -0.403502994    -0.0128300986   *N1059  
*N1059  0.1493007       
GRID*   1060            0               -0.412279109    0.00575558518   *N1060  
*N1060  0.275333847     
GRID*   1061            0               -0.411387994    0.00731464141   *N1061  
*N1061  0.265374711     
GRID*   1062            0               -0.413112012    0.00355594539   *N1062  
*N1062  0.269377331     
GRID*   1063            0               -0.392503199    -0.0105773596   *N1063  
*N1063  0.13513042      
GRID*   1064            0               -0.399172595    -0.0131428109   *N1064  
*N1064  0.129728416     
GRID*   1065            0               -0.394066103    -0.0115810943   *N1065  
*N1065  0.129581326     
GRID*   1066            0               -0.400297678    -0.0131996034   *N1066  
*N1066  0.137352573     
GRID*   1067            0               -0.406487395    -0.0117125413   *N1067  
*N1067  0.136134637     
GRID*   1068            0               -0.40293304     -0.012954679    *N1068  
*N1068  0.132931526     
GRID*   1069            0               -0.397773212    -0.0129359957   *N1069  
*N1069  0.178839943     
GRID*   1070            0               -0.401475236    -0.0131561342   *N1070  
*N1070  0.172652997     
GRID*   1071            0               -0.396279431    -0.0125403714   *N1071  
*N1071  0.172439628     
GRID*   1072            0               -0.40076845     -0.0131948568   *N1072  
*N1072  0.204432173     
GRID*   1073            0               -0.393536546    -0.0112753272   *N1073  
*N1073  0.205132978     
GRID*   1074            0               -0.393080551    -0.0109847926   *N1074  
*N1074  0.212574629     
GRID*   1075            0               -0.396753057    -0.0126862054   *N1075  
*N1075  0.208503401     
GRID*   1076            0               -0.387963545    -0.00442431642  *N1076  
*N1076  0.206922503     
GRID*   1077            0               -0.390257848    -0.0084484764   *N1077  
*N1077  0.200591094     
GRID*   1078            0               -0.388012791    -0.00456037961  *N1078  
*N1078  0.192841109     
GRID*   1079            0               -0.387988027    -0.0044925424   *N1079  
*N1079  0.199881806     
GRID*   1080            0               -0.394560465    -0.0118380672   *N1080  
*N1080  0.193387658     
GRID*   1081            0               -0.398704377    -0.0130906403   *N1081  
*N1081  0.197929541     
GRID*   1082            0               -0.394042277    -0.0115680315   *N1082  
*N1082  0.199260318     
GRID*   1083            0               -0.405017402    -0.0123660666   *N1083  
*N1083  0.308129419     
GRID*   1084            0               -0.400156606    -0.0131977558   *N1084  
*N1084  0.312323786     
GRID*   1085            0               -0.404285967    -0.012615041    *N1085  
*N1085  0.313235283     
GRID*   1086            0               -0.40123563     -0.0131735235   *N1086  
*N1086  0.300216922     
GRID*   1087            0               -0.406455385    -0.0117291226   *N1087  
*N1087  0.301879221     
GRID*   1088            0               -0.400491788    -0.0131996809   *N1088  
*N1088  0.237001921     
GRID*   1089            0               -0.397975189    -0.0129753726   *N1089  
*N1089  0.230255647     
GRID*   1090            0               -0.395878028    -0.0124012809   *N1090  
*N1090  0.235640116     
GRID*   1091            0               -0.405237044    -0.0122818161   *N1091  
*N1091  0.226406779     
GRID*   1092            0               -0.407951503    -0.0108265788   *N1092  
*N1092  0.233128663     
GRID*   1093            0               -0.412390396    -0.00552000083  *N1093  
*N1093  0.229529015     
GRID*   1094            0               -0.409467592    -0.00959264206  *N1094  
*N1094  0.227967897     
GRID*   1095            0               -0.409103128    -0.00992449308  *N1095  
*N1095  0.0578513213    
GRID*   1096            0               -0.407934693    -0.010838284    *N1096  
*N1096  0.0679768693    
GRID*   1097            0               -0.41185918     -0.00655188506  *N1097  
*N1097  0.0641739708    
GRID*   1098            0               -0.4135555      0.00108296747   *N1098  
*N1098  0.241895389     
GRID*   1099            0               -0.413332408    -0.00264439341  *N1099  
*N1099  0.235938898     
GRID*   1100            0               -0.411019508    -0.00784002917  *N1100  
*N1100  0.239816959     
GRID*   1101            0               -0.413097154    -0.00360864033  *N1101  
*N1101  0.240856174     
GRID*   1102            0               -0.413035511    0.00381888287   *N1102  
*N1102  0.232545267     
GRID*   1103            0               -0.413568618    -0.000909666931 *N1103  
*N1103  0.231037141     
GRID*   1104            0               -0.388811747    0.00632078968   *N1104  
*N1104  0.344233305     
GRID*   1105            0               -0.392108546    0.0102709199    *N1105  
*N1105  0.350186819     
GRID*   1106            0               -0.388509718    0.005732469     *N1106  
*N1106  0.35040417      
GRID*   1107            0               -0.412504505    0.00526507064   *N1107  
*N1107  0.238540628     
GRID*   1108            0               -0.411108932    0.00771743328   *N1108  
*N1108  0.234566713     
GRID*   1109            0               -0.412718744    0.00474220842   *N1109  
*N1109  0.24278257      
GRID*   1110            0               -0.390511721    -0.0087442519   *N1110  
*N1110  0.310982955     
GRID*   1111            0               -0.388057259    -0.00467939644  *N1111  
*N1111  0.310021879     
GRID*   1112            0               -0.396546808    0.0126250907    *N1112  
*N1112  0.341798324     
GRID*   1113            0               -0.388240925    0.00513779157   *N1113  
*N1113  0.338517594     
GRID*   1114            0               -0.395311135    0.0121796327    *N1114  
*N1114  0.336082613     
GRID*   1115            0               -0.391476644    0.00972695856   *N1115  
*N1115  0.340157959     
GRID*   1116            0               -0.39062915     0.00887527441   *N1116  
*N1116  0.327843637     
GRID*   1117            0               -0.388088753    0.00476163709   *N1117  
*N1117  0.332188256     
GRID*   1118            0               -0.407315084    0.0112437365    *N1118  
*N1118  0.271473807     
GRID*   1119            0               -0.40896968     0.0100399496    *N1119  
*N1119  0.277404086     
GRID*   1120            0               -0.394577484    -0.0118464472   *N1120  
*N1120  0.304781388     
GRID*   1121            0               -0.395720938    -0.0123428677   *N1121  
*N1121  0.298122607     
GRID*   1122            0               -0.394866364    -0.0119841093   *N1122  
*N1122  0.31165337      
GRID*   1123            0               -0.407960538    -0.0108202708   *N1123  
*N1123  0.173252183     
GRID*   1124            0               -0.408169744    -0.0106710394   *N1124  
*N1124  0.182365231     
GRID*   1125            0               -0.41124337     -0.00752737177  *N1125  
*N1125  0.177483883     
GRID*   1126            0               -0.395914297    0.0124144459    *N1126  
*N1126  0.347948485     
GRID*   1127            0               -0.408354154    0.010534298     *N1127  
*N1127  0.259811713     
GRID*   1128            0               -0.407862456    0.0108881472    *N1128  
*N1128  0.253573395     
GRID*   1129            0               -0.397981118    0.0129764792    *N1129  
*N1129  0.232895237     
GRID*   1130            0               -0.396311894    0.0125509915    *N1130  
*N1130  0.226420538     
GRID*   1131            0               -0.397292605    0.0128290334    *N1131  
*N1131  0.23968858      
GRID*   1132            0               -0.389520218    0.0074746474    *N1132  
*N1132  0.165552683     
GRID*   1133            0               -0.387870028    0.00415208485   *N1133  
*N1133  0.178563393     
GRID*   1134            0               -0.388629442    0.00597444255   *N1134  
*N1134  0.172058038     
GRID*   1135            0               -0.413284691    0.00286788161   *N1135  
*N1135  0.144451686     
GRID*   1136            0               -0.409215395    0.0098249074    *N1136  
*N1136  0.143924611     
GRID*   1137            0               -0.410467224    0.00853762318   *N1137  
*N1137  0.134902106     
GRID*   1138            0               -0.412220917    0.00587417357   *N1138  
*N1138  0.139676896     
GRID*   1139            0               -0.39624221     0.0125280799    *N1139  
*N1139  0.323548372     
GRID*   1140            0               -0.396579452    0.0126350075    *N1140  
*N1140  0.316344524     
GRID*   1141            0               -0.399606383    0.0131761213    *N1141  
*N1141  0.10577485      
GRID*   1142            0               -0.39503771     0.0120617515    *N1142  
*N1142  0.100735372     
GRID*   1143            0               -0.395631772    0.0123086963    *N1143  
*N1143  0.107800281     
GRID*   1144            0               -0.4045541      0.0125293037    *N1144  
*N1144  0.133060779     
GRID*   1145            0               -0.399329075    0.0131564858    *N1145  
*N1145  0.14553012      
GRID*   1146            0               -0.391614411    0.00985156959   *N1146  
*N1146  0.14357571      
GRID*   1147            0               -0.397725072    0.0129261271    *N1147  
*N1147  0.138318245     
GRID*   1148            0               -0.408818936    0.0101666865    *N1148  
*N1148  0.152183661     
GRID*   1149            0               -0.398808302    0.0131036825    *N1149  
*N1149  0.15378917      
GRID*   1150            0               -0.40436649     0.0125899547    *N1150  
*N1150  0.148856891     
GRID*   1151            0               -0.387912233    0.00427734522   *N1151  
*N1151  0.0934025506    
GRID*   1152            0               -0.390891864    0.00915616474   *N1152  
*N1152  0.0968438695    
GRID*   1153            0               -0.388162943    0.00494918551   *N1153  
*N1153  0.0999320688    
GRID*   1154            0               -0.38895073     0.00656918756   *N1154  
*N1154  0.0810851212    
GRID*   1155            0               -0.391697187    0.00992476974   *N1155  
*N1155  0.0852034395    
GRID*   1156            0               -0.388397183    0.00549293897   *N1156  
*N1156  0.0872438359    
GRID*   1157            0               -0.412981975    0.00399173104   *N1157  
*N1157  0.153523449     
GRID*   1158            0               -0.406909291    0.0114834283    *N1158  
*N1158  0.161556413     
GRID*   1159            0               -0.410654291    0.00831200996   *N1159  
*N1159  0.157539931     
GRID*   1160            0               -0.394020798    0.0115562011    *N1160  
*N1160  0.159136316     
GRID*   1161            0               -0.40047453     0.0131997896    *N1161  
*N1161  0.160346364     
GRID*   1162            0               -0.41270607     0.00477500218   *N1162  
*N1162  0.118740896     
GRID*   1163            0               -0.410203892    0.00883876138   *N1163  
*N1163  0.115019714     
GRID*   1164            0               -0.412503513    0.00526734906   *N1164  
*N1164  0.113546435     
GRID*   1165            0               -0.405315682    0.0122505538    *N1165  
*N1165  0.111181029     
GRID*   1166            0               -0.407246009    0.0112859278    *N1166  
*N1166  0.123926113     
GRID*   1167            0               -0.406300591    0.011807753     *N1167  
*N1167  0.117553571     
GRID*   1168            0               -0.406188819    -0.0118629495   *N1168  
*N1168  0.201350099     
GRID*   1169            0               -0.404266205    -0.0126211117   *N1169  
*N1169  0.194847467     
GRID*   1170            0               -0.402536673    -0.0130259214   *N1170  
*N1170  0.19963982      
GRID*   1171            0               -0.409958407    -0.00910367244  *N1171  
*N1171  0.203524062     
GRID*   1172            0               -0.412447149    -0.00539501668  *N1172  
*N1172  0.144741354     
GRID*   1173            0               -0.412875558    -0.00431282434  *N1173  
*N1173  0.153813117     
GRID*   1174            0               -0.413578626    -0.000750874341 *N1174  
*N1174  0.149132402     
GRID*   1175            0               -0.388921257    0.00651754955   *N1175  
*N1175  0.191707932     
GRID*   1176            0               -0.391962736    0.0101514815    *N1176  
*N1176  0.197719677     
GRID*   1177            0               -0.388464217    0.0056371158    *N1177  
*N1177  0.198446098     
GRID*   1178            0               -0.396526401    0.0126188443    *N1178  
*N1178  0.198972366     
GRID*   1179            0               -0.395451359    -0.0122372771   *N1179  
*N1179  0.139785985     
GRID*   1180            0               -0.400005367    -0.0131940996   *N1180  
*N1180  0.224744864     
GRID*   1181            0               -0.400663638    -0.013197367    *N1181  
*N1181  0.0690352481    
GRID*   1182            0               -0.404771539    -0.0124551052   *N1182  
*N1182  0.0744542416    
GRID*   1183            0               -0.39739688     -0.0128538426   *N1183  
*N1183  0.0594191228    
GRID*   1184            0               -0.395977283    -0.0124370243   *N1184  
*N1184  0.0664051459    
GRID*   1185            0               -0.401578839    -0.013147256    *N1185  
*N1185  0.185967453     
GRID*   1186            0               -0.406299112    -0.0118084918   *N1186  
*N1186  0.188606349     
GRID*   1187            0               -0.391421487    -0.00967606825  *N1187  
*N1187  0.186260148     
GRID*   1188            0               -0.396131392    -0.0124907559   *N1188  
*N1188  0.1861138       
GRID*   1189            0               -0.408467178    -0.010447997    *N1189  
*N1189  0.163459373     
GRID*   1190            0               -0.40516754     -0.0123089628   *N1190  
*N1190  0.168056185     
GRID*   1191            0               -0.411119659    -0.00770252659  *N1191  
*N1191  0.158636245     
GRID*   1192            0               -0.403313476    -0.0128744576   *N1192  
*N1192  0.05248685      
GRID*   1193            0               -0.396493655    -0.0126087459   *N1193  
*N1193  0.0505523664    
GRID*   1194            0               -0.407997249    -0.0107945269   *N1194  
*N1194  0.0512276356    
GRID*   1195            0               -0.388344677    0.00537672637   *N1195  
*N1195  0.0745954494    
GRID*   1196            0               -0.388828133    -0.00635073935  *N1196  
*N1196  0.212741591     
GRID*   1197            0               -0.407843076    0.0109014042    *N1197  
*N1197  0.26564276      
GRID*   1198            0               -0.406388692    -0.0117633145   *N1198  
*N1198  0.23840944      
GRID*   1199            0               -0.40194324     0.0131094779    *N1199  
*N1199  0.331787348     
GRID*   1200            0               -0.405708369    0.0120855789    *N1200  
*N1200  0.335270976     
GRID*   1201            0               -0.395773391    0.0123626248    *N1201  
*N1201  0.329815493     
GRID*   1202            0               -0.388358457    0.00540751636   *N1202  
*N1202  0.185135662     
GRID*   1203            0               -0.388308564    -0.00529501361  *N1203  
*N1203  0.185848315     
GRID*   1204            0               -0.412118941    0.00607506638   *N1204  
*N1204  0.125767439     
GRID*   1205            0               -0.408967535    0.0100417802    *N1205  
*N1205  0.129414109     
GRID*   1206            0               -0.413378542    0.00240778673   *N1206  
*N1206  0.122670943     
GRID*   1207            0               -0.388598269    0.00591262565   *N1207  
*N1207  0.151548044     
GRID*   1208            0               -0.388358164    0.00540686416   *N1208  
*N1208  0.143902043     
GRID*   1209            0               -0.389048486    0.00673669992   *N1209  
*N1209  0.158550363     
GRID*   1210            0               -0.410001729    -0.00905796901  *N1210  
*N1210  0.140437996     
GRID*   1211            0               -0.403318142    0.0128734007    *N1211  
*N1211  0.0971051817    
GRID*   1212            0               -0.396073118    0.0124706893    *N1212  
*N1212  0.0890949422    
GRID*   1213            0               -0.401437567    0.0131591586    *N1213  
*N1213  0.0888476568    
GRID*   1214            0               -0.393286741    0.0111194223    *N1214  
*N1214  0.0929694058    
GRID*   1215            0               -0.404329273    0.0126016195    *N1215  
*N1215  0.104143106     
GRID*   1216            0               -0.412599968    0.0050399183    *N1216  
*N1216  0.0949015035    
GRID*   1217            0               -0.411079665    0.00775788335   *N1217  
*N1217  0.091778578     
GRID*   1218            0               -0.41222665     0.00586262238   *N1218  
*N1218  0.0882467914    
GRID*   1219            0               -0.413271006    0.00292868696   *N1219  
*N1219  0.0913697169    
GRID*   1220            0               -0.41242035     0.00545446513   *N1220  
*N1220  0.0915741474    
GRID*   1221            0               -0.409710126    0.00935743296   *N1221  
*N1221  0.0954835058    
GRID*   1222            0               -0.407164579    0.0113349228    *N1222  
*N1222  0.0921874391    
GRID*   1223            0               -0.408880966    0.0101149999    *N1223  
*N1223  0.0884825114    
GRID*   1224            0               -0.409303607    0.0097450391    *N1224  
*N1224  0.0919830086    
GRID*   1225            0               -0.406077491    0.0119166311    *N1225  
*N1225  0.0850133037    
GRID*   1226            0               -0.407990407    0.010799339     *N1226  
*N1226  0.081481517     
GRID*   1227            0               -0.410453106    0.00855424231   *N1227  
*N1227  0.0849507247    
GRID*   1228            0               -0.408442968    0.0104666454    *N1228  
*N1228  0.0849820142    
GRID*   1229            0               -0.411797932    0.00665786365   *N1229  
*N1229  0.0815920792    
GRID*   1230            0               -0.413071755    0.00369684128   *N1230  
*N1230  0.0848881458    
GRID*   1231            0               -0.412019097    0.00626391192   *N1231  
*N1231  0.0849194353    
GRID*   1232            0               -0.41358354     0.000659003138  *N1232  
*N1232  0.199589412     
GRID*   1233            0               -0.41323297     0.00309109569   *N1233  
*N1233  0.196258895     
GRID*   1234            0               -0.413581543    0.000697803455  *N1234  
*N1234  0.194714994     
GRID*   1235            0               -0.413482486    -0.00175742785  *N1235  
*N1235  0.198045512     
GRID*   1236            0               -0.413582555    0.000678404031  *N1236  
*N1236  0.197152203     
GRID*   1237            0               -0.412262797    0.00578913183   *N1237  
*N1237  0.197863658     
GRID*   1238            0               -0.411247465    0.00752146907   *N1238  
*N1238  0.194472278     
GRID*   1239            0               -0.412615645    0.00500180231   *N1239  
*N1239  0.192867515     
GRID*   1240            0               -0.412445655    0.0053983507    *N1240  
*N1240  0.195365586     
GRID*   1241            0               -0.411941172    0.00640635215   *N1241  
*N1241  0.189415272     
GRID*   1242            0               -0.412916305    0.00419310405   *N1242  
*N1242  0.187871371     
GRID*   1243            0               -0.413323192    0.00268907084   *N1243  
*N1243  0.191323614     
GRID*   1244            0               -0.412772584    0.00459991031   *N1244  
*N1244  0.190369443     
GRID*   1245            0               -0.413579432    0.000736597727  *N1245  
*N1245  0.189840577     
GRID*   1246            0               -0.413538672    -0.00127094541  *N1246  
*N1246  0.193231957     
GRID*   1247            0               -0.413580502    0.000717201367  *N1247  
*N1247  0.192277785     
GRID*   1248            0               -0.389684518    0.00770833612   *N1248  
*N1248  0.21677182      
GRID*   1249            0               -0.392233106    0.010370238     *N1249  
*N1249  0.212625848     
GRID*   1250            0               -0.394865911    0.0119838998    *N1250  
*N1250  0.216286829     
GRID*   1251            0               -0.391768617    0.00998695314   *N1251  
*N1251  0.220432801     
GRID*   1252            0               -0.391998675    0.0101812448    *N1252  
*N1252  0.216529325     
GRID*   1253            0               -0.390212342    0.00839354699   *N1253  
*N1253  0.208475934     
GRID*   1254            0               -0.392714592    0.0107319387    *N1254  
*N1254  0.204818896     
GRID*   1255            0               -0.395175869    0.0121222298    *N1255  
*N1255  0.20896881      
GRID*   1256            0               -0.392471786    0.0105538345    *N1256  
*N1256  0.208722372     
GRID*   1257            0               -0.398210701    0.0130171799    *N1257  
*N1257  0.205800705     
GRID*   1258            0               -0.401294907    0.0131696295    *N1258  
*N1258  0.209461685     
GRID*   1259            0               -0.398135193    0.013004255     *N1259  
*N1259  0.21262979      
GRID*   1260            0               -0.398172938    0.0130107722    *N1260  
*N1260  0.209215247     
GRID*   1261            0               -0.401480604    0.0131556944    *N1261  
*N1261  0.215801837     
GRID*   1262            0               -0.39805976     0.0129908921    *N1262  
*N1262  0.219458875     
GRID*   1263            0               -0.398097467    0.0129976283    *N1263  
*N1263  0.216044333     
GRID*   1264            0               -0.403695669    0.0127819626    *N1264  
*N1264  0.289395868     
GRID*   1265            0               -0.40016773     0.0131979563    *N1265  
*N1265  0.291572476     
GRID*   1266            0               -0.399227659    0.0131478369    *N1266  
*N1266  0.288348846     
GRID*   1267            0               -0.402776274    0.0129843491    *N1267  
*N1267  0.286172239     
GRID*   1268            0               -0.40147731     0.0131559646    *N1268  
*N1268  0.288872357     
GRID*   1269            0               -0.40109531     0.0131816746    *N1269  
*N1269  0.294566021     
GRID*   1270            0               -0.397568318    0.0128926946    *N1270  
*N1270  0.296972713     
GRID*   1271            0               -0.396669746    0.0126619591    *N1271  
*N1271  0.293979168     
GRID*   1272            0               -0.398860439    0.0131099105    *N1272  
*N1272  0.294272594     
GRID*   1273            0               -0.393451506    0.0112231205    *N1273  
*N1273  0.296615946     
GRID*   1274            0               -0.392669268    0.0106993359    *N1274  
*N1274  0.293392316     
GRID*   1275            0               -0.395776773    0.0123638899    *N1275  
*N1275  0.290755539     
GRID*   1276            0               -0.394586093    0.0118506743    *N1276  
*N1276  0.293685742     
GRID*   1277            0               -0.394894867    0.0119972294    *N1277  
*N1277  0.287301824     
GRID*   1278            0               -0.398280034    0.0130286509    *N1278  
*N1278  0.284895131     
GRID*   1279            0               -0.39701206     0.0127578157    *N1279  
*N1279  0.287825335     
GRID*   1280            0               -0.387557626    0.00305178963   *N1280  
*N1280  0.267576834     
GRID*   1281            0               -0.388304365    0.00528541413   *N1281  
*N1281  0.270692035     
GRID*   1282            0               -0.387410102    0.00234575243   *N1282  
*N1282  0.274401907     
GRID*   1283            0               -0.387479453    0.00270175079   *N1283  
*N1283  0.27098937      
GRID*   1284            0               -0.387725555    0.0036876066    *N1284  
*N1284  0.260751761     
GRID*   1285            0               -0.388921502    0.00651798216   *N1285  
*N1285  0.263909906     
GRID*   1286            0               -0.387638164    0.00337276563   *N1286  
*N1286  0.264164297     
GRID*   1287            0               -0.391682229    0.00991163279   *N1287  
*N1287  0.260285924     
GRID*   1288            0               -0.39358237     0.0113030932    *N1288  
*N1288  0.263401125     
GRID*   1289            0               -0.390262505    0.00845406335   *N1289  
*N1289  0.267025107     
GRID*   1290            0               -0.39094424     0.00921024445   *N1290  
*N1290  0.263655515     
GRID*   1291            0               -0.391386037    0.00964305283   *N1291  
*N1291  0.270097364     
GRID*   1292            0               -0.389051003    0.00674093888   *N1292  
*N1292  0.273764291     
GRID*   1293            0               -0.389622661    0.00762161121   *N1293  
*N1293  0.270394699     
GRID*   1294            0               -0.403245207    -0.0128897167   *N1294  
*N1294  0.0830423262    
GRID*   1295            0               -0.399367547    -0.0131595608   *N1295  
*N1295  0.0840210362    
GRID*   1296            0               -0.399734654    -0.013183221    *N1296  
*N1296  0.0889338151    
GRID*   1297            0               -0.403603289    -0.0128054263   *N1297  
*N1297  0.0879551051    
GRID*   1298            0               -0.401499766    -0.0131541064   *N1298  
*N1298  0.0859880706    
GRID*   1299            0               -0.399318398    -0.0131556124   *N1299  
*N1299  0.0788209017    
GRID*   1300            0               -0.39523886     -0.0121491826   *N1300  
*N1300  0.0800869673    
GRID*   1301            0               -0.395284278    -0.0121683767   *N1301  
*N1301  0.0852871017    
GRID*   1302            0               -0.397262268    -0.0128216472   *N1302  
*N1302  0.0820540017    
GRID*   1303            0               -0.391481934    -0.0097318087   *N1303  
*N1303  0.0868405228    
GRID*   1304            0               -0.391756585    -0.00997654154  *N1304  
*N1304  0.0917533017    
GRID*   1305            0               -0.395625351    -0.0123062067   *N1305  
*N1305  0.0901998806    
GRID*   1306            0               -0.393433689    -0.0112120696   *N1306  
*N1306  0.0885202017    
GRID*   1307            0               -0.39627149     -0.0125377593   *N1307  
*N1307  0.094825304     
GRID*   1308            0               -0.400420826    -0.0131999836   *N1308  
*N1308  0.0935592385    
GRID*   1309            0               -0.397981443    -0.0129765397   *N1309  
*N1309  0.0918795596    
GRID*   1310            0               -0.387486241    0.00273401398   *N1310  
*N1310  0.129340288     
GRID*   1311            0               -0.388230084    0.00511205917   *N1311  
*N1311  0.132222139     
GRID*   1312            0               -0.387435167    0.00248054389   *N1312  
*N1312  0.1368082       
GRID*   1313            0               -0.387460133    0.00260764917   *N1313  
*N1313  0.133074244     
GRID*   1314            0               -0.387540476    0.00297869967   *N1314  
*N1314  0.121872375     
GRID*   1315            0               -0.388436289    0.0055776005    *N1315  
*N1315  0.124154332     
GRID*   1316            0               -0.387512834    0.00285673687   *N1316  
*N1316  0.125606331     
GRID*   1317            0               -0.390159808    0.00832937346   *N1317  
*N1317  0.118368483     
GRID*   1318            0               -0.391907499    0.010105317     *N1318  
*N1318  0.121250334     
GRID*   1319            0               -0.389697573    0.00772645227   *N1319  
*N1319  0.127036183     
GRID*   1320            0               -0.389924352    0.00803123901   *N1320  
*N1320  0.122702333     
GRID*   1321            0               -0.391153899    0.00942070162   *N1321  
*N1321  0.130517929     
GRID*   1322            0               -0.389266523    0.00709124073   *N1322  
*N1322  0.135703884     
GRID*   1323            0               -0.38947743     0.00741198067   *N1323  
*N1323  0.131370034     
GRID*   1324            0               -0.413145804    0.00343285165   *N1324  
*N1324  0.107903852     
GRID*   1325            0               -0.412074225    0.00616055686   *N1325  
*N1325  0.105062106     
GRID*   1326            0               -0.412898742    0.00424516689   *N1326  
*N1326  0.101402678     
GRID*   1327            0               -0.413527377    0.0013827421    *N1327  
*N1327  0.104244424     
GRID*   1328            0               -0.413028806    0.00384099624   *N1328  
*N1328  0.104653265     
GRID*   1329            0               -0.41099929     0.00786734086   *N1329  
*N1329  0.108800094     
GRID*   1330            0               -0.408950129    0.0100566043    *N1330  
*N1330  0.105879788     
GRID*   1331            0               -0.41038255     0.00863647463   *N1331  
*N1331  0.1021418       
GRID*   1332            0               -0.410698103    0.00825766756   *N1332  
*N1332  0.105470947     
GRID*   1333            0               -0.408120294    0.0107068699    *N1333  
*N1333  0.099142934     
GRID*   1334            0               -0.411618096    0.00695660206   *N1334  
*N1334  0.0984823718    
GRID*   1335            0               -0.410053071    0.00900323365   *N1335  
*N1335  0.0988126529    
GRID*   1336            0               -0.413422682    0.0021563308    *N1336  
*N1336  0.0978218095    
GRID*   1337            0               -0.412755747    0.00464494545   *N1337  
*N1337  0.0981520906    
GRID*   1338            0               -0.412937734    -0.00412858663  *N1338  
*N1338  0.318512559     
GRID*   1339            0               -0.413225951    -0.00312009295  *N1339  
*N1339  0.322573932     
GRID*   1340            0               -0.413587954    0.000563796572  *N1340  
*N1340  0.320761393     
GRID*   1341            0               -0.413591084    -0.00048506891  *N1341  
*N1341  0.31670002      
GRID*   1342            0               -0.413475067    -0.00181180258  *N1342  
*N1342  0.319636976     
GRID*   1343            0               -0.41167197     -0.0068689666   *N1343  
*N1343  0.324481778     
GRID*   1344            0               -0.412339898    -0.00562839591  *N1344  
*N1344  0.328447845     
GRID*   1345            0               -0.413485447    -0.00173524439  *N1345  
*N1345  0.326539999     
GRID*   1346            0               -0.412846273    -0.00439662222  *N1346  
*N1346  0.325510888     
GRID*   1347            0               -0.413599966    2.98142004E-05  *N1347  
*N1347  0.330410759     
GRID*   1348            0               -0.413072671    0.00369369847   *N1348  
*N1348  0.32859822      
GRID*   1349            0               -0.413452735    0.00196624425   *N1349  
*N1349  0.324727459     
GRID*   1350            0               -0.41356201     0.00100074053   *N1350  
*N1350  0.327569109     
GRID*   1351            0               -0.412539631    0.00518356558   *N1351  
*N1351  0.323010226     
GRID*   1352            0               -0.413022976    0.00386011478   *N1352  
*N1352  0.31904416      
GRID*   1353            0               -0.413272731    0.00292109365   *N1353  
*N1353  0.32188581      
GRID*   1354            0               -0.39088466     -0.00914867773  *N1354  
*N1354  0.103172898     
GRID*   1355            0               -0.39450971     -0.0118128947   *N1355  
*N1355  0.104856954     
GRID*   1356            0               -0.395495708    -0.0122551182   *N1356  
*N1356  0.101328795     
GRID*   1357            0               -0.391664881    -0.00989634751  *N1357  
*N1357  0.0996447384    
GRID*   1358            0               -0.393024775    -0.0109474226   *N1358  
*N1358  0.102250846     
GRID*   1359            0               -0.393311947    -0.0111355064   *N1359  
*N1359  0.108040261     
GRID*   1360            0               -0.397752302    -0.0129317322   *N1360  
*N1360  0.11006917      
GRID*   1361            0               -0.399112932    -0.0131371023   *N1361  
*N1361  0.106885862     
GRID*   1362            0               -0.396094508    -0.0124780905   *N1362  
*N1362  0.107463062     
GRID*   1363            0               -0.404169971    -0.0126501904   *N1363  
*N1363  0.109259623     
GRID*   1364            0               -0.405192087    -0.0122994271   *N1364  
*N1364  0.105731463     
GRID*   1365            0               -0.400191822    -0.0131983583   *N1365  
*N1365  0.103357703     
GRID*   1366            0               -0.402201864    -0.0130764401   *N1366  
*N1366  0.106308663     
GRID*   1367            0               -0.400976822    -0.0131873908   *N1367  
*N1367  0.0994846913    
GRID*   1368            0               -0.396232939    -0.0125249993   *N1368  
*N1368  0.0974557829    
GRID*   1369            0               -0.398186624    -0.0130131076   *N1369  
*N1369  0.100406743     
GRID*   1370            0               -0.387528495    -0.00292649339  *N1370  
*N1370  0.2481396       
GRID*   1371            0               -0.389473957    -0.00740686053  *N1371  
*N1371  0.247029064     
GRID*   1372            0               -0.389196388    -0.00697990524  *N1372  
*N1372  0.244259824     
GRID*   1373            0               -0.387425192    -0.00242783131  *N1373  
*N1373  0.245370361     
GRID*   1374            0               -0.388189931    -0.00501539709  *N1374  
*N1374  0.246199712     
GRID*   1375            0               -0.390059171    -0.00820410015  *N1375  
*N1375  0.249921514     
GRID*   1376            0               -0.393422212    -0.0112049307   *N1376  
*N1376  0.248687767     
GRID*   1377            0               -0.392602888    -0.0106510581   *N1377  
*N1377  0.245795318     
GRID*   1378            0               -0.391248873    -0.00951298438  *N1378  
*N1378  0.247858416     
GRID*   1379            0               -0.396274998    -0.0125389139   *N1379  
*N1379  0.244438361     
GRID*   1380            0               -0.395794413    -0.0123704716   *N1380  
*N1380  0.241669122     
GRID*   1381            0               -0.392197854    -0.0103423788   *N1381  
*N1381  0.243026078     
GRID*   1382            0               -0.394139342    -0.0116208505   *N1382  
*N1382  0.24373222      
GRID*   1383            0               -0.392174871    -0.0103241104   *N1383  
*N1383  0.240380049     
GRID*   1384            0               -0.389180891    -0.00695496952  *N1384  
*N1384  0.241613795     
GRID*   1385            0               -0.390542773    -0.00877924143  *N1385  
*N1385  0.242319936     
GRID*   1386            0               -0.40910141     0.00992599909   *N1386  
*N1386  0.196290211     
GRID*   1387            0               -0.407507791    0.0111229182    *N1387  
*N1387  0.192814718     
GRID*   1388            0               -0.409991404    0.0090689016    *N1388  
*N1388  0.190996786     
GRID*   1389            0               -0.409556441    0.00950786964   *N1389  
*N1389  0.193643498     
GRID*   1390            0               -0.404674107    0.0124888754    *N1390  
*N1390  0.19486907      
GRID*   1391            0               -0.402668514    0.0130036089    *N1391  
*N1391  0.191157159     
GRID*   1392            0               -0.405680943    0.0120975882    *N1392  
*N1392  0.189102807     
GRID*   1393            0               -0.405181529    0.0123035352    *N1393  
*N1393  0.191985939     
GRID*   1394            0               -0.403648826    0.012793949     *N1394  
*N1394  0.185154476     
GRID*   1395            0               -0.406652415    0.0116252875    *N1395  
*N1395  0.183336544     
GRID*   1396            0               -0.408455207    0.0104572292    *N1396  
*N1396  0.187284874     
GRID*   1397            0               -0.406171512    0.0118713793    *N1397  
*N1397  0.186219675     
GRID*   1398            0               -0.410797356    0.00813234169   *N1398  
*N1398  0.18570336      
GRID*   1399            0               -0.410405344    0.00861005706   *N1399  
*N1399  0.188350073     
GRID*   1400            0               -0.413591478    0.000474256001  *N1400  
*N1400  0.213046492     
GRID*   1401            0               -0.413592482    -0.000445429958 *N1401  
*N1401  0.209893044     
GRID*   1402            0               -0.413196301    -0.00323954968  *N1402  
*N1402  0.210683693     
GRID*   1403            0               -0.413390815    -0.00234066837  *N1403  
*N1403  0.21383714      
GRID*   1404            0               -0.4135259      -0.00139669375  *N1404  
*N1404  0.211865092     
GRID*   1405            0               -0.413462938    0.00189727289   *N1405  
*N1405  0.209536276     
GRID*   1406            0               -0.41351911     0.00145909489   *N1406  
*N1406  0.205948948     
GRID*   1407            0               -0.413570189    -0.000886630846 *N1407  
*N1407  0.206305717     
GRID*   1408            0               -0.413590215    0.000508158473  *N1408  
*N1408  0.207920996     
GRID*   1409            0               -0.413572578    -0.000850405627 *N1409  
*N1409  0.202284509     
GRID*   1410            0               -0.413090767    -0.0036310391   *N1410  
*N1410  0.203075157     
GRID*   1411            0               -0.413080732    -0.00366592868  *N1411  
*N1411  0.207096365     
GRID*   1412            0               -0.413403084    -0.00227151865  *N1412  
*N1412  0.204690437     
GRID*   1413            0               -0.411776736    -0.00669401815  *N1413  
*N1413  0.208320894     
GRID*   1414            0               -0.411994362    -0.00630957803  *N1414  
*N1414  0.211908221     
GRID*   1415            0               -0.412609311    -0.00501724363  *N1415  
*N1415  0.209502293     
GRID*   1416            0               -0.392849636    -0.0108273727   *N1416  
*N1416  0.217952734     
GRID*   1417            0               -0.389550584    -0.00751865467  *N1417  
*N1417  0.221712225     
GRID*   1418            0               -0.391720993    -0.00994559357  *N1418  
*N1418  0.223973359     
GRID*   1419            0               -0.395729576    -0.0123461387   *N1419  
*N1419  0.220213868     
GRID*   1420            0               -0.392273346    -0.0104018023   *N1420  
*N1420  0.220963047     
GRID*   1421            0               -0.387872666    -0.00416003621  *N1421  
*N1421  0.219168626     
GRID*   1422            0               -0.387733929    -0.00371626776  *N1422  
*N1422  0.22575418      
GRID*   1423            0               -0.387801708    -0.00393992874  *N1423  
*N1423  0.222461403     
GRID*   1424            0               -0.387601542    -0.00323101704  *N1424  
*N1424  0.232339733     
GRID*   1425            0               -0.389028875    -0.00670354457  *N1425  
*N1425  0.228015314     
GRID*   1426            0               -0.387665756    -0.0034754895   *N1426  
*N1426  0.229046956     
GRID*   1427            0               -0.390668786    -0.00891871437  *N1427  
*N1427  0.229993985     
GRID*   1428            0               -0.393975455    -0.0115310544   *N1428  
*N1428  0.22595203      
GRID*   1429            0               -0.391180581    -0.00944681499  *N1429  
*N1429  0.226983672     
GRID*   1430            0               -0.388251906    -0.00516370155  *N1430  
*N1430  0.240410773     
GRID*   1431            0               -0.387509411    -0.0028412509   *N1431  
*N1431  0.238855047     
GRID*   1432            0               -0.387465784    -0.00263553695  *N1432  
*N1432  0.242112704     
GRID*   1433            0               -0.391224571    -0.00948954674  *N1433  
*N1433  0.237006912     
GRID*   1434            0               -0.389885389    -0.00798016033  *N1434  
*N1434  0.23580389      
GRID*   1435            0               -0.389521057    -0.00747586819  *N1435  
*N1435  0.238708842     
GRID*   1436            0               -0.392475189    -0.0105563902   *N1436  
*N1436  0.231549711     
GRID*   1437            0               -0.388597005    -0.00591010184  *N1437  
*N1437  0.234248164     
GRID*   1438            0               -0.390266216    -0.00845851163  *N1438  
*N1438  0.232898937     
GRID*   1439            0               -0.387554159    -0.00303716344  *N1439  
*N1439  0.23559739      
GRID*   1440            0               -0.401445384    0.0131585399    *N1440  
*N1440  0.203258332     
GRID*   1441            0               -0.404204685    0.0126397933    *N1441  
*N1441  0.20068285      
GRID*   1442            0               -0.406356052    0.0117798746    *N1442  
*N1442  0.203921148     
GRID*   1443            0               -0.403729954    0.0127730736    *N1443  
*N1443  0.20649663      
GRID*   1444            0               -0.403967942    0.0127086503    *N1444  
*N1444  0.20358974      
GRID*   1445            0               -0.40193102     0.0131109106    *N1445  
*N1445  0.197191777     
GRID*   1446            0               -0.406796336    0.011546726     *N1446  
*N1446  0.198360143     
GRID*   1447            0               -0.404440101    0.0125665265    *N1447  
*N1447  0.19777596      
GRID*   1448            0               -0.410702864    0.00825172694   *N1448  
*N1448  0.199528509     
GRID*   1449            0               -0.408716668    0.0102505137    *N1449  
*N1449  0.201598441     
GRID*   1450            0               -0.408910586    0.0100900904    *N1450  
*N1450  0.198944326     
GRID*   1451            0               -0.410377435    0.00864238347   *N1451  
*N1451  0.204583964     
GRID*   1452            0               -0.408319834    0.0105601246    *N1452  
*N1452  0.206906671     
GRID*   1453            0               -0.408519727    0.0104072108    *N1453  
*N1453  0.204252556     
GRID*   1454            0               -0.413359956    0.00250590315   *N1454  
*N1454  0.203601605     
GRID*   1455            0               -0.412989134    0.00396909361   *N1455  
*N1455  0.200906509     
GRID*   1456            0               -0.413504325    0.00158639699   *N1456  
*N1456  0.201595509     
GRID*   1457            0               -0.412878941    0.00430302696   *N1457  
*N1457  0.207613799     
GRID*   1458            0               -0.412493904    0.00528937581   *N1458  
*N1458  0.205266456     
GRID*   1459            0               -0.413151148    0.00341294978   *N1459  
*N1459  0.205607702     
GRID*   1460            0               -0.411298859    0.00744680294   *N1460  
*N1460  0.207279061     
GRID*   1461            0               -0.411810969    0.00663549444   *N1461  
*N1461  0.202571359     
GRID*   1462            0               -0.411562287    0.00704580294   *N1462  
*N1462  0.20492521      
GRID*   1463            0               -0.412044575    0.00621641952   *N1463  
*N1463  0.200217509     
GRID*   1464            0               -0.390026109    -0.00816225349  *N1464  
*N1464  0.104960002     
GRID*   1465            0               -0.388847571    -0.00638603065  *N1465  
*N1465  0.107247269     
GRID*   1466            0               -0.391611986    -0.00984940678  *N1466  
*N1466  0.110327529     
GRID*   1467            0               -0.390781982    -0.00904067078  *N1467  
*N1467  0.107643765     
GRID*   1468            0               -0.388722249    -0.00615387077  *N1468  
*N1468  0.0995924747    
GRID*   1469            0               -0.388170641    -0.0049681762   *N1469  
*N1469  0.101379579     
GRID*   1470            0               -0.389328544    -0.00718768852  *N1470  
*N1470  0.102276238     
GRID*   1471            0               -0.387372118    -0.00212468681  *N1471  
*N1471  0.0972989917    
GRID*   1472            0               -0.387530419    -0.00293494354  *N1472  
*N1472  0.103666846     
GRID*   1473            0               -0.387445407    -0.00253348113  *N1473  
*N1473  0.100482919     
GRID*   1474            0               -0.387716852    -0.00365756137  *N1474  
*N1474  0.1100347       
GRID*   1475            0               -0.387619186    -0.00330012073  *N1475  
*N1475  0.106850773     
GRID*   1476            0               -0.387500982    -0.00280273542  *N1476  
*N1476  0.1718319       
GRID*   1477            0               -0.388273582    -0.00521440242  *N1477  
*N1477  0.168517269     
GRID*   1478            0               -0.387442919    -0.00252072211  *N1478  
*N1478  0.164951807     
GRID*   1479            0               -0.387471245    -0.00266219719  *N1479  
*N1479  0.168391853     
GRID*   1480            0               -0.387562842    -0.00307365716  *N1480  
*N1480  0.178711993     
GRID*   1481            0               -0.388508175    -0.00572926653  *N1481  
*N1481  0.175409437     
GRID*   1482            0               -0.387531271    -0.00293867648  *N1482  
*N1482  0.175271946     
GRID*   1483            0               -0.390346987    -0.00855435139  *N1483  
*N1483  0.178999049     
GRID*   1484            0               -0.392165563    -0.0103166879   *N1484  
*N1484  0.175684418     
GRID*   1485            0               -0.389821102    -0.00789473937  *N1485  
*N1485  0.172094806     
GRID*   1486            0               -0.390078774    -0.00822874751  *N1486  
*N1486  0.175546928     
GRID*   1487            0               -0.391312415    -0.0095737037   *N1487  
*N1487  0.1687681       
GRID*   1488            0               -0.389332951    -0.00719447192  *N1488  
*N1488  0.165190563     
GRID*   1489            0               -0.389571364    -0.00754855265  *N1489  
*N1489  0.168642684     
GRID*   1490            0               -0.405822527    0.0120347914    *N1490  
*N1490  0.305188606     
GRID*   1491            0               -0.409257083    0.00978734246   *N1491  
*N1491  0.304229656     
GRID*   1492            0               -0.409276947    0.00976933033   *N1492  
*N1492  0.307793122     
GRID*   1493            0               -0.405846963    0.0120237514    *N1493  
*N1493  0.308752072     
GRID*   1494            0               -0.40763891     0.0110380336    *N1494  
*N1494  0.306490864     
GRID*   1495            0               -0.409514782    0.00954781415   *N1495  
*N1495  0.300103951     
GRID*   1496            0               -0.411821834    0.00661677423   *N1496  
*N1496  0.299707241     
GRID*   1497            0               -0.411641432    0.00691882934   *N1497  
*N1497  0.303832947     
GRID*   1498            0               -0.410662639    0.0083017015    *N1498  
*N1498  0.301968449     
GRID*   1499            0               -0.413022565    0.00386145706   *N1499  
*N1499  0.303998477     
GRID*   1500            0               -0.413030383    0.00383580811   *N1500  
*N1500  0.307561943     
GRID*   1501            0               -0.411655464    0.00689597967   *N1501  
*N1501  0.307396412     
GRID*   1502            0               -0.412435038    0.00542197867   *N1502  
*N1502  0.305697445     
GRID*   1503            0               -0.411861945    0.00654704615   *N1503  
*N1503  0.310397639     
GRID*   1504            0               -0.409572797    0.00949209094   *N1504  
*N1504  0.310794348     
GRID*   1505            0               -0.410696281    0.00825993883   *N1505  
*N1505  0.30909538      
GRID*   1506            0               -0.408334489    -0.010549118    *N1506  
*N1506  0.0271446775    
GRID*   1507            0               -0.410330033    -0.00869680602  *N1507  
*N1507  0.0228343455    
GRID*   1508            0               -0.408153182    -0.0106830787   *N1508  
*N1508  0.020018372     
GRID*   1509            0               -0.405796427    -0.0120465172   *N1509  
*N1509  0.024328704     
GRID*   1510            0               -0.408244121    -0.0106164854   *N1510  
*N1510  0.0235815248    
GRID*   1511            0               -0.411856981    -0.0065557298   *N1511  
*N1511  0.0249441638    
GRID*   1512            0               -0.413052814    -0.00376115779  *N1512  
*N1512  0.0213399871    
GRID*   1513            0               -0.412056117    -0.00619475013  *N1513  
*N1513  0.0192301688    
GRID*   1514            0               -0.411957958    -0.00637601744  *N1514  
*N1514  0.0220871663    
GRID*   1515            0               -0.41324163     -0.00305491967  *N1515  
*N1515  0.0163321472    
GRID*   1516            0               -0.412243884    -0.00582772782  *N1516  
*N1516  0.0135161737    
GRID*   1517            0               -0.410391337    -0.0086263073   *N1517  
*N1517  0.0164141953    
GRID*   1518            0               -0.412151434    -0.00601197207  *N1518  
*N1518  0.0163731712    
GRID*   1519            0               -0.407969614    -0.0108139238   *N1519  
*N1519  0.0128920665    
GRID*   1520            0               -0.405295257    -0.0122587299   *N1520  
*N1520  0.0164962433    
GRID*   1521            0               -0.408061677    -0.0107488931   *N1521  
*N1521  0.0164552193    
GRID*   1522            0               -0.404138922    -0.0126594022   *N1522  
*N1522  0.0931554815    
GRID*   1523            0               -0.407553295    -0.0110937086   *N1523  
*N1523  0.0920266482    
GRID*   1524            0               -0.407080479    -0.0113846914   *N1524  
*N1524  0.0868262717    
GRID*   1525            0               -0.405648543    -0.0121116803   *N1525  
*N1525  0.0899908766    
GRID*   1526            0               -0.404668847    -0.0124906744   *N1526  
*N1526  0.0990809343    
GRID*   1527            0               -0.40257396     -0.0130197502   *N1527  
*N1527  0.0963200864    
GRID*   1528            0               -0.408462425    -0.0104516648   *N1528  
*N1528  0.10460263      
GRID*   1529            0               -0.408014239    -0.010782549    *N1529  
*N1529  0.097952101     
GRID*   1530            0               -0.406649357    -0.0116269317   *N1530  
*N1530  0.101841782     
GRID*   1531            0               -0.410742462    -0.00820204111  *N1531  
*N1531  0.0960981912    
GRID*   1532            0               -0.410387794    -0.00863041008  *N1532  
*N1532  0.0901727384    
GRID*   1533            0               -0.409266556    -0.00977876197  *N1533  
*N1533  0.0940624197    
GRID*   1534            0               -0.410808419    -0.0081181777   *N1534  
*N1534  0.00990309009   
GRID*   1535            0               -0.408884051    -0.0101124125   *N1535  
*N1535  0.00644603327   
GRID*   1536            0               -0.405544971    -0.0121560387   *N1536  
*N1536  0.00943500971   
GRID*   1537            0               -0.408434492    -0.0104731531   *N1537  
*N1537  0.0096690499    
GRID*   1538            0               -0.413442989    -0.00202988918  *N1538  
*N1538  0.0103711705    
GRID*   1539            0               -0.412756015    -0.00464423181  *N1539  
*N1539  0.00675808685   
GRID*   1540            0               -0.412514411    -0.00524223752  *N1540  
*N1540  0.0101371303    
GRID*   1541            0               -0.413582523    -0.00067902552  *N1541  
*N1541  0.00345705682   
GRID*   1542            0               -0.411514041    -0.00712166342  *N1542  
*N1542  0.00330103003   
GRID*   1543            0               -0.412968121    -0.00403513838  *N1543  
*N1543  0.00337904343   
GRID*   1544            0               -0.406525048    -0.0116928945   *N1544  
*N1544  0.00314500324   
GRID*   1545            0               -0.409317432    -0.00973238972  *N1545  
*N1545  0.00322301663   
GRID*   1546            0               -0.412273891    0.00576634218   *N1546  
*N1546  0.00384231551   
GRID*   1547            0               -0.411125313    0.00769465167   *N1547  
*N1547  0.0080698897    
GRID*   1548            0               -0.408017552    0.0107802087    *N1548  
*N1548  0.00422757419   
GRID*   1549            0               -0.410462992    0.00854261043   *N1549  
*N1549  0.00403494485   
GRID*   1550            0               -0.413473008    0.00182659506   *N1550  
*N1550  0.00729937233   
GRID*   1551            0               -0.413336061    0.00262646666   *N1551  
*N1551  0.00364968616   
GRID*   1552            0               -0.413598342    0.000209189972  *N1552  
*N1552  0.0145987447    
GRID*   1553            0               -0.412974565    0.00401501102   *N1553  
*N1553  0.0115269465    
GRID*   1554            0               -0.413560546    0.00101981975   *N1554  
*N1554  0.0109490585    
GRID*   1555            0               -0.412232241    0.00585133118   *N1555  
*N1555  0.0161397794    
GRID*   1556            0               -0.409853226    0.00921284531   *N1556  
*N1556  0.0126827226    
GRID*   1557            0               -0.411716372    0.00679556732   *N1557  
*N1557  0.0121048346    
GRID*   1558            0               -0.413455546    -0.00194749138  *N1558  
*N1558  0.0256455257    
GRID*   1559            0               -0.413563142    0.000985746944  *N1559  
*N1559  0.0244276739    
GRID*   1560            0               -0.413571161    -0.00087207835  *N1560  
*N1560  0.0201221352    
GRID*   1561            0               -0.413524373    -0.00141096955  *N1561  
*N1561  0.0228838305    
GRID*   1562            0               -0.413364854    0.00248043411   *N1562  
*N1562  0.0292487632    
GRID*   1563            0               -0.412351508    0.0056036993    *N1563  
*N1563  0.0275153607    
GRID*   1564            0               -0.412912582    0.00420419808   *N1564  
*N1564  0.0226942713    
GRID*   1565            0               -0.413167842    0.00334995736   *N1565  
*N1565  0.0259715173    
GRID*   1566            0               -0.411293539    0.00745458336   *N1566  
*N1566  0.0204453181    
GRID*   1567            0               -0.413378905    0.0024058315    *N1567  
*N1567  0.0183887326    
GRID*   1568            0               -0.41260024     0.00503925921   *N1568  
*N1568  0.0194170254    
GRID*   1569            0               -0.413595831    -0.000331722712 *N1569  
*N1569  0.0173604399    
GRID*   1570            0               -0.412452418    -0.00538323513  *N1570  
*N1570  0.215356293     
GRID*   1571            0               -0.412887912    -0.00427692192  *N1571  
*N1571  0.218743075     
GRID*   1572            0               -0.413548732    -0.00116226016  *N1572  
*N1572  0.217223922     
GRID*   1573            0               -0.413176097    -0.00331833591  *N1573  
*N1573  0.216290108     
GRID*   1574            0               -0.410040566    -0.00901662263  *N1574  
*N1574  0.213488665     
GRID*   1575            0               -0.410716377    -0.00823482599  *N1575  
*N1575  0.216936737     
GRID*   1576            0               -0.41139758     -0.00730022145  *N1576  
*N1576  0.214422479     
GRID*   1577            0               -0.408195357    -0.010652343    *N1577  
*N1577  0.218578471     
GRID*   1578            0               -0.409122233    -0.00990770641  *N1578  
*N1578  0.221965253     
GRID*   1579            0               -0.411415499    -0.00727315444  *N1579  
*N1579  0.220323518     
GRID*   1580            0               -0.409955983    -0.00910621734  *N1580  
*N1580  0.219450995     
GRID*   1581            0               -0.412098183    -0.00611494201  *N1581  
*N1581  0.223649009     
GRID*   1582            0               -0.413258184    -0.00298447789  *N1582  
*N1582  0.222068566     
GRID*   1583            0               -0.412527917    -0.00521091421  *N1583  
*N1583  0.221196042     
GRID*   1584            0               -0.387480725    -0.00270782593  *N1584  
*N1584  0.143726131     
GRID*   1585            0               -0.387939429    -0.00435593594  *N1585  
*N1585  0.139992695     
GRID*   1586            0               -0.387310859    -0.00170715757  *N1586  
*N1586  0.13706093      
GRID*   1587            0               -0.387386717    -0.00221234195  *N1587  
*N1587  0.14039353      
GRID*   1588            0               -0.387697045    -0.00358816598  *N1588  
*N1588  0.150391331     
GRID*   1589            0               -0.388703269    -0.00611771936  *N1589  
*N1589  0.146455077     
GRID*   1590            0               -0.387582212    -0.00315345812  *N1590  
*N1590  0.147058731     
GRID*   1591            0               -0.39145163     -0.00970395147  *N1591  
*N1591  0.148981207     
GRID*   1592            0               -0.392781795    -0.0107797475   *N1592  
*N1592  0.145247771     
GRID*   1593            0               -0.389592709    -0.00757907984  *N1593  
*N1593  0.142721641     
GRID*   1594            0               -0.390465197    -0.0086913572   *N1594  
*N1594  0.145851424     
GRID*   1595            0               -0.390007611    -0.00813868792  *N1595  
*N1595  0.139191023     
GRID*   1596            0               -0.38818659     -0.00500725514  *N1596  
*N1596  0.136462076     
GRID*   1597            0               -0.388818042    -0.00633231788  *N1597  
*N1597  0.139591859     
GRID*   1598            0               -0.387351258    -0.00199257087  *N1598  
*N1598  0.0814475599    
GRID*   1599            0               -0.387956102    -0.00440333985  *N1599  
*N1599  0.0777032198    
GRID*   1600            0               -0.387434002    -0.00247444666  *N1600  
*N1600  0.0752378655    
GRID*   1601            0               -0.387390528    -0.00223464692  *N1601  
*N1601  0.0783427127    
GRID*   1602            0               -0.388540605    -0.00579609688  *N1602  
*N1602  0.0795102506    
GRID*   1603            0               -0.390122016    -0.00828269534  *N1603  
*N1603  0.0764242341    
GRID*   1604            0               -0.389243092    -0.00705431878  *N1604  
*N1604  0.0746172033    
GRID*   1605            0               -0.388874666    -0.00643480131  *N1605  
*N1605  0.077063727     
GRID*   1606            0               -0.39142051     -0.00967516244  *N1606  
*N1606  0.0721895103    
GRID*   1607            0               -0.390062918    -0.00820882022  *N1607  
*N1607  0.0697241559    
GRID*   1608            0               -0.388306073    -0.00528932234  *N1608  
*N1608  0.072151849     
GRID*   1609            0               -0.389637513    -0.00764257034  *N1609  
*N1609  0.0721706796    
GRID*   1610            0               -0.387528941    -0.00292845211  *N1610  
*N1610  0.0690281711    
GRID*   1611            0               -0.387479648    -0.00270268263  *N1611  
*N1611  0.0721330183    
GRID*   1612            0               -0.404233428    0.0126311056    *N1612  
*N1612  0.218587007     
GRID*   1613            0               -0.407392309    0.011195875     *N1613  
*N1613  0.221299775     
GRID*   1614            0               -0.405663383    0.0121052383    *N1614  
*N1614  0.225293133     
GRID*   1615            0               -0.402327275    0.0130585455    *N1615  
*N1615  0.222580364     
GRID*   1616            0               -0.404955999    0.0123888204    *N1616  
*N1616  0.22194007      
GRID*   1617            0               -0.408963601    0.0100451351    *N1617  
*N1617  0.217817194     
GRID*   1618            0               -0.411288582    0.00746182116   *N1618  
*N1618  0.220019186     
GRID*   1619            0               -0.410072101    0.0089827865    *N1619  
*N1619  0.223501767     
GRID*   1620            0               -0.40953331     0.00953009149   *N1620  
*N1620  0.220659481     
GRID*   1621            0               -0.412084131    0.0061417494    *N1621  
*N1621  0.225192981     
GRID*   1622            0               -0.411049745    0.00779890638   *N1622  
*N1622  0.229186339     
GRID*   1623            0               -0.408640451    0.0103118846    *N1623  
*N1623  0.227495124     
GRID*   1624            0               -0.410578151    0.0084050729    *N1624  
*N1624  0.226344053     
GRID*   1625            0               -0.407023217    0.0114180993    *N1625  
*N1625  0.231999259     
GRID*   1626            0               -0.403813481    0.0127510059    *N1626  
*N1626  0.229797267     
GRID*   1627            0               -0.406353223    0.0117813047    *N1627  
*N1627  0.228646196     
GRID*   1628            0               -0.413509554    -0.00154259108  *N1628  
*N1628  0.225313135     
GRID*   1629            0               -0.413492109    0.00168424789   *N1629  
*N1629  0.223630773     
GRID*   1630            0               -0.413598092    0.000224456016  *N1630  
*N1630  0.220386204     
GRID*   1631            0               -0.413583462    -0.000660552588 *N1631  
*N1631  0.222849669     
GRID*   1632            0               -0.413206931    0.00319726848   *N1632  
*N1632  0.226957631     
GRID*   1633            0               -0.412719809    0.0047394404    *N1633  
*N1633  0.221866124     
GRID*   1634            0               -0.412987011    0.00397582177   *N1634  
*N1634  0.224411877     
GRID*   1635            0               -0.412047751    0.00621046683   *N1635  
*N1635  0.216774616     
GRID*   1636            0               -0.413168783    0.00334636912   *N1636  
*N1636  0.218621554     
GRID*   1637            0               -0.41240633     0.00548525594   *N1637  
*N1637  0.21932037      
GRID*   1638            0               -0.41344952     0.00198747066   *N1638  
*N1638  0.215459272     
GRID*   1639            0               -0.413553377    0.00110845537   *N1639  
*N1639  0.217922738     
GRID*   1640            0               -0.411723521    -0.00678364703  *N1640  
*N1640  0.0765643391    
GRID*   1641            0               -0.413127586    -0.00349979329  *N1641  
*N1641  0.0774073308    
GRID*   1642            0               -0.413477612    -0.00179333883  *N1642  
*N1642  0.0733880178    
GRID*   1643            0               -0.412518194    -0.00523348572  *N1643  
*N1643  0.0725450261    
GRID*   1644            0               -0.412853097    -0.00437725716  *N1644  
*N1644  0.0749761784    
GRID*   1645            0               -0.412733476    -0.0047037605   *N1645  
*N1645  0.0805061533    
GRID*   1646            0               -0.413490297    -0.00169826932  *N1646  
*N1646  0.0822696354    
GRID*   1647            0               -0.413592811    -0.000435593388 *N1647  
*N1647  0.0791708129    
GRID*   1648            0               -0.41334033     -0.00260535095  *N1648  
*N1648  0.0798384831    
GRID*   1649            0               -0.41341794     0.00218477401   *N1649  
*N1649  0.0818547854    
GRID*   1650            0               -0.413016889    0.00387996227   *N1650  
*N1650  0.0778354724    
GRID*   1651            0               -0.413535289    0.00130543972   *N1651  
*N1651  0.0751514999    
GRID*   1652            0               -0.413484004    0.00174609298   *N1652  
*N1652  0.0785031426    
GRID*   1653            0               -0.413131658    0.00348494939   *N1653  
*N1653  0.0702116965    
GRID*   1654            0               -0.41359331     0.000420209069  *N1654  
*N1654  0.0684482144    
GRID*   1655            0               -0.413571738    0.000863311952  *N1655  
*N1655  0.0717998571    
GRID*   1656            0               -0.405112651    0.012330082     *N1656  
*N1656  0.0780519451    
GRID*   1657            0               -0.407536439    0.0111045591    *N1657  
*N1657  0.0745141369    
GRID*   1658            0               -0.410039988    0.00901724071   *N1658  
*N1658  0.0779437088    
GRID*   1659            0               -0.407765004    0.010954301     *N1659  
*N1659  0.0779978269    
GRID*   1660            0               -0.404293637    0.0126126758    *N1660  
*N1660  0.0713033635    
GRID*   1661            0               -0.407070215    0.0113907079    *N1661  
*N1661  0.0675467567    
GRID*   1662            0               -0.409883088    0.0091821043    *N1662  
*N1662  0.07075753      
GRID*   1663            0               -0.40730481     0.0112500489    *N1663  
*N1663  0.0710304468    
GRID*   1664            0               -0.411889515    0.00649854106   *N1664  
*N1664  0.0667821246    
GRID*   1665            0               -0.411844001    0.00657836174   *N1665  
*N1665  0.0741871019    
GRID*   1666            0               -0.411866828    0.006538491     *N1666  
*N1666  0.0704846132    
GRID*   1667            0               -0.411821036    0.00661815278   *N1667  
*N1667  0.0778895906    
GRID*   1668            0               -0.410845178    -0.00807082765  *N1668  
*N1668  0.133775412     
GRID*   1669            0               -0.412720221    -0.00473837158  *N1669  
*N1669  0.133566627     
GRID*   1670            0               -0.412504773    -0.00526445328  *N1670  
*N1670  0.129152532     
GRID*   1671            0               -0.410487983    -0.00851308446  *N1671  
*N1671  0.129361317     
GRID*   1672            0               -0.411761954    -0.00671907682  *N1672  
*N1672  0.131463972     
GRID*   1673            0               -0.412933814    -0.00414047247  *N1673  
*N1673  0.138001601     
GRID*   1674            0               -0.413592642    -0.000440671717 *N1674  
*N1674  0.137771938     
GRID*   1675            0               -0.413556192    -0.00107453036  *N1675  
*N1675  0.133336965     
GRID*   1676            0               -0.413336155    -0.002626005    *N1676  
*N1676  0.135669283     
GRID*   1677            0               -0.413339128    0.00261131623   *N1677  
*N1677  0.133086423     
GRID*   1678            0               -0.413439564    0.00205176994   *N1678  
*N1678  0.128672328     
GRID*   1679            0               -0.413497724    -0.0016400046   *N1679  
*N1679  0.128922869     
GRID*   1680            0               -0.413590824    0.000492087181  *N1680  
*N1680  0.131004646     
GRID*   1681            0               -0.413425883    -0.00213690637  *N1681  
*N1681  0.124529652     
GRID*   1682            0               -0.412295817    -0.00572097276  *N1682  
*N1682  0.124759315     
GRID*   1683            0               -0.413062261    -0.00372922808  *N1683  
*N1683  0.126841092     
GRID*   1684            0               -0.388988769    0.00663504468   *N1684  
*N1684  0.257028036     
GRID*   1685            0               -0.390541436    0.00877773958   *N1685  
*N1685  0.253247514     
GRID*   1686            0               -0.393834303    0.0114512719    *N1686  
*N1686  0.256505401     
GRID*   1687            0               -0.391094545    0.0093620784    *N1687  
*N1687  0.256766719     
GRID*   1688            0               -0.387589511    0.00318298335   *N1688  
*N1688  0.253826945     
GRID*   1689            0               -0.387655386    0.0034372683    *N1689  
*N1689  0.257289353     
GRID*   1690            0               -0.387465224    0.00263278757   *N1690  
*N1690  0.24690213      
GRID*   1691            0               -0.388481767    0.00567412664   *N1691  
*N1691  0.250046423     
GRID*   1692            0               -0.387524721    0.00290984424   *N1692  
*N1692  0.250364538     
GRID*   1693            0               -0.389523496    0.00747941523   *N1693  
*N1693  0.246209104     
GRID*   1694            0               -0.392046021    0.0102201293    *N1694  
*N1694  0.249410194     
GRID*   1695            0               -0.390012162    0.00814449637   *N1695  
*N1695  0.249728309     
GRID*   1696            0               -0.388384831    -0.00546586717  *N1696  
*N1696  0.353522272     
GRID*   1697            0               -0.387543317    -0.00299093761  *N1697  
*N1697  0.350369271     
GRID*   1698            0               -0.387501182    -0.00280365596  *N1698  
*N1698  0.353678596     
GRID*   1699            0               -0.391644701    -0.00987849897  *N1699  
*N1699  0.352812891     
GRID*   1700            0               -0.390151668    -0.00831935623  *N1700  
*N1700  0.350393744     
GRID*   1701            0               -0.389785891    -0.00784733605  *N1701  
*N1701  0.353187723     
GRID*   1702            0               -0.392912312    -0.010870811    *N1702  
*N1702  0.347822827     
GRID*   1703            0               -0.390937262    -0.00920307511  *N1703  
*N1703  0.34484607      
GRID*   1704            0               -0.38872681     -0.00616251904  *N1704  
*N1704  0.347416987     
GRID*   1705            0               -0.390534565    -0.00877001651  *N1705  
*N1705  0.347619907     
GRID*   1706            0               -0.387634075    -0.00335725531  *N1706  
*N1706  0.343882619     
GRID*   1707            0               -0.387587543    -0.00317505043  *N1707  
*N1707  0.347125945     
GRID*   1708            0               -0.387586694    -0.00317162228  *N1708  
*N1708  0.337151355     
GRID*   1709            0               -0.388633568    -0.00598256436  *N1709  
*N1709  0.334472579     
GRID*   1710            0               -0.387540808    -0.00298013258  *N1710  
*N1710  0.330420091     
GRID*   1711            0               -0.387563434    -0.0030761294   *N1711  
*N1711  0.333785723     
GRID*   1712            0               -0.388814715    -0.00632622966  *N1712  
*N1712  0.341067089     
GRID*   1713            0               -0.38761009     -0.00326469134  *N1713  
*N1713  0.340516987     
GRID*   1714            0               -0.393259335    -0.0111018424   *N1714  
*N1714  0.342167294     
GRID*   1715            0               -0.390542092    -0.00877847603  *N1715  
*N1715  0.338388314     
GRID*   1716            0               -0.390737344    -0.00899294641  *N1716  
*N1716  0.341617192     
GRID*   1717            0               -0.392618587    -0.0106625333   *N1717  
*N1717  0.335846292     
GRID*   1718            0               -0.390162593    -0.00833279617  *N1718  
*N1718  0.331930558     
GRID*   1719            0               -0.390349871    -0.00855774     *N1719  
*N1719  0.335159436     
GRID*   1720            0               -0.399473104    0.0131674168    *N1720  
*N1720  0.282348181     
GRID*   1721            0               -0.40134359     0.013166231     *N1721  
*N1721  0.279318501     
GRID*   1722            0               -0.40458772     0.0125181069    *N1722  
*N1722  0.283142559     
GRID*   1723            0               -0.402062421    0.0130948981    *N1723  
*N1723  0.28274537      
GRID*   1724            0               -0.394499889    0.0118079928    *N1724  
*N1724  0.281553804     
GRID*   1725            0               -0.395597652    0.0122954242    *N1725  
*N1725  0.279006854     
GRID*   1726            0               -0.396919481    0.0127328703    *N1726  
*N1726  0.281950993     
GRID*   1727            0               -0.391644249    0.00987809811   *N1727  
*N1727  0.276148257     
GRID*   1728            0               -0.393128399    0.011016525     *N1728  
*N1728  0.273118577     
GRID*   1729            0               -0.397383793    0.0128507781    *N1729  
*N1729  0.275977174     
GRID*   1730            0               -0.394329254    0.0117211794    *N1730  
*N1730  0.276062715     
GRID*   1731            0               -0.399899611    0.0131905121    *N1731  
*N1731  0.272464764     
GRID*   1732            0               -0.403846563    0.0127421037    *N1732  
*N1732  0.275806091     
GRID*   1733            0               -0.400621933    0.0131981342    *N1733  
*N1733  0.275891633     
GRID*   1734            0               -0.38752675     0.00291880844   *N1734  
*N1734  0.115023656     
GRID*   1735            0               -0.388517454    0.00574848717   *N1735  
*N1735  0.116705719     
GRID*   1736            0               -0.387533582    0.00294877761   *N1736  
*N1736  0.118448016     
GRID*   1737            0               -0.387513196    0.00285836842   *N1737  
*N1737  0.108174936     
GRID*   1738            0               -0.388464241    0.00563716697   *N1738  
*N1738  0.109876298     
GRID*   1739            0               -0.387519941    0.0028886119    *N1739  
*N1739  0.111599296     
GRID*   1740            0               -0.389930291    0.00803897941   *N1740  
*N1740  0.104748237     
GRID*   1741            0               -0.392014412    0.0101942095    *N1741  
*N1741  0.1064303       
GRID*   1742            0               -0.390044186    0.00818517606   *N1742  
*N1742  0.11155836      
GRID*   1743            0               -0.389986982    0.00811227762   *N1743  
*N1743  0.108153299     
GRID*   1744            0               -0.392206444    0.0103491856    *N1744  
*N1744  0.113221125     
GRID*   1745            0               -0.390101744    0.00825747713   *N1745  
*N1745  0.114963422     
GRID*   1746            0               -0.405207738    0.0122933174    *N1746  
*N1746  0.178498396     
GRID*   1747            0               -0.408650549    0.0103038067    *N1747  
*N1747  0.176648341     
GRID*   1748            0               -0.409830739    0.00923586231   *N1748  
*N1748  0.181486488     
GRID*   1749            0               -0.407681523    0.0110099696    *N1749  
*N1749  0.179992442     
GRID*   1750            0               -0.407243946    0.0112871785    *N1750  
*N1750  0.171188919     
GRID*   1751            0               -0.41037694     0.00864295472   *N1751  
*N1751  0.169960138     
GRID*   1752            0               -0.411413987    0.00727544395   *N1752  
*N1752  0.17541956      
GRID*   1753            0               -0.4095515      0.00951262575   *N1753  
*N1753  0.173304239     
GRID*   1754            0               -0.413147956    0.00342485146   *N1754  
*N1754  0.174812054     
GRID*   1755            0               -0.413467498    0.00186560591   *N1755  
*N1755  0.179650201     
GRID*   1756            0               -0.412209593    0.0058969067    *N1756  
*N1756  0.180257707     
GRID*   1757            0               -0.41274083     0.00468443435   *N1757  
*N1757  0.17753488      
GRID*   1758            0               -0.412791011    0.00455003675   *N1758  
*N1758  0.18447458      
GRID*   1759            0               -0.41155959     0.00705007488   *N1759  
*N1759  0.182980534     
GRID*   1760            0               -0.41188085     0.00651383807   *N1760  
*N1760  0.296096796     
GRID*   1761            0               -0.413177304    0.00331368451   *N1761  
*N1761  0.296372975     
GRID*   1762            0               -0.413147002    0.00342840355   *N1762  
*N1762  0.29998342      
GRID*   1763            0               -0.412611764    0.00501127001   *N1763  
*N1763  0.298040108     
GRID*   1764            0               -0.413122094    0.00351970378   *N1764  
*N1764  0.293167142     
GRID*   1765            0               -0.413597964    -0.000231840092 *N1765  
*N1765  0.29303871      
GRID*   1766            0               -0.413592495    -0.000445058579 *N1766  
*N1766  0.296244544     
GRID*   1767            0               -0.413508063    0.00155521058   *N1767  
*N1767  0.294705843     
GRID*   1768            0               -0.412816183    -0.00448089196  *N1768  
*N1768  0.2957115       
GRID*   1769            0               -0.41285596     -0.00436910407  *N1769  
*N1769  0.299321945     
GRID*   1770            0               -0.413595963    -0.000326455605 *N1770  
*N1770  0.299854988     
GRID*   1771            0               -0.413373447    -0.00243508964  *N1771  
*N1771  0.297783244     
GRID*   1772            0               -0.413599417    0.000124108317  *N1772  
*N1772  0.303870045     
GRID*   1773            0               -0.413477987    0.00179060185   *N1773  
*N1773  0.301926733     
GRID*   1774            0               -0.3910578      0.00932541154   *N1774  
*N1774  0.291591495     
GRID*   1775            0               -0.389305896    0.00715268213   *N1775  
*N1775  0.289596292     
GRID*   1776            0               -0.392495419    0.010571547     *N1776  
*N1776  0.285306621     
GRID*   1777            0               -0.39175413     0.00997441365   *N1777  
*N1777  0.288449058     
GRID*   1778            0               -0.389777092    0.00783542085   *N1778  
*N1778  0.297876368     
GRID*   1779            0               -0.388660817    0.00603585754   *N1779  
*N1779  0.296075547     
GRID*   1780            0               -0.390389685    0.00860427775   *N1780  
*N1780  0.294733931     
GRID*   1781            0               -0.387495073    0.00277540127   *N1781  
*N1781  0.30075398      
GRID*   1782            0               -0.387654149    0.00343267867   *N1782  
*N1782  0.294080344     
GRID*   1783            0               -0.38757088     0.00310703845   *N1783  
*N1783  0.297417162     
GRID*   1784            0               -0.387827526    0.00402155509   *N1784  
*N1784  0.287406707     
GRID*   1785            0               -0.387737983    0.00373005803   *N1785  
*N1785  0.290743526     
GRID*   1786            0               -0.400771295    0.013194777     *N1786  
*N1786  0.299796056     
GRID*   1787            0               -0.398933398    0.0131182727    *N1787  
*N1787  0.302704259     
GRID*   1788            0               -0.395803516    0.0123738569    *N1788  
*N1788  0.299880916     
GRID*   1789            0               -0.3982479      0.0130233815    *N1789  
*N1789  0.299838486     
GRID*   1790            0               -0.402745521    0.0129899396    *N1790  
*N1790  0.305085974     
GRID*   1791            0               -0.400314592    0.0131997237    *N1791  
*N1791  0.308435805     
GRID*   1792            0               -0.396543975    0.0126242255    *N1792  
*N1792  0.30605409      
GRID*   1793            0               -0.399622927    0.0131771073    *N1793  
*N1793  0.305570032     
GRID*   1794            0               -0.393758901    0.011407708     *N1794  
*N1794  0.309845548     
GRID*   1795            0               -0.391196511    0.00946233526   *N1795  
*N1795  0.307022206     
GRID*   1796            0               -0.393604577    0.011316458     *N1796  
*N1796  0.303230747     
GRID*   1797            0               -0.393681584    0.011362345     *N1797  
*N1797  0.306538148     
GRID*   1798            0               -0.391504547    0.00975248256   *N1798  
*N1798  0.299965777     
GRID*   1799            0               -0.393527883    0.0112700491    *N1799  
*N1799  0.299923346     
GRID*   1800            0               -0.387376371    -0.00215060351  *N1800  
*N1800  0.0408455371    
GRID*   1801            0               -0.387945824    -0.00437418657  *N1801  
*N1801  0.0366443973    
GRID*   1802            0               -0.387399568    -0.0022866506   *N1802  
*N1802  0.0335729584    
GRID*   1803            0               -0.387387802    -0.00221871714  *N1803  
*N1803  0.0372092478    
GRID*   1804            0               -0.388759189    -0.00622346465  *N1804  
*N1804  0.0401203969    
GRID*   1805            0               -0.390097803    -0.00825255956  *N1805  
*N1805  0.0355146962    
GRID*   1806            0               -0.388959121    -0.00658378946  *N1806  
*N1806  0.0320386966    
GRID*   1807            0               -0.388857749    -0.00640440728  *N1807  
*N1807  0.0360795467    
GRID*   1808            0               -0.390449295    -0.00867314669  *N1808  
*N1808  0.0270284352    
GRID*   1809            0               -0.389169183    -0.00693604708  *N1809  
*N1809  0.0239569963    
GRID*   1810            0               -0.388039327    -0.00463182079  *N1810  
*N1810  0.0289672578    
GRID*   1811            0               -0.389062784    -0.00676073417  *N1811  
*N1811  0.0279978465    
GRID*   1812            0               -0.38742383     -0.00242054019  *N1812  
*N1812  0.0263003798    
GRID*   1813            0               -0.387411538    -0.00235368818  *N1813  
*N1813  0.0299366691    
GRID*   1814            0               -0.403544787    -0.0128199187   *N1814  
*N1814  0.0397712786    
GRID*   1815            0               -0.400559171    -0.0131990403   *N1815  
*N1815  0.0347647643    
GRID*   1816            0               -0.396154729    -0.0124987071   *N1816  
*N1816  0.0376429874    
GRID*   1817            0               -0.399096191    -0.0131354513   *N1817  
*N1817  0.0426495017    
GRID*   1818            0               -0.399826798    -0.0131875487   *N1818  
*N1818  0.038707133     
GRID*   1819            0               -0.405231155    -0.0122841338   *N1819  
*N1819  0.0320870491    
GRID*   1820            0               -0.402020192    -0.01310019     *N1820  
*N1820  0.0268800269    
GRID*   1821            0               -0.397267548    -0.0128229382   *N1821  
*N1821  0.0295577421    
GRID*   1822            0               -0.401291053    -0.0131698908   *N1822  
*N1822  0.0308223956    
GRID*   1823            0               -0.393905442    -0.0114917671   *N1823  
*N1823  0.0241502121    
GRID*   1824            0               -0.393176221    -0.0110479418   *N1824  
*N1824  0.0324359652    
GRID*   1825            0               -0.393537243    -0.011275751    *N1825  
*N1825  0.0282930886    
GRID*   1826            0               -0.392477213    -0.0105579095   *N1826  
*N1826  0.0407217184    
GRID*   1827            0               -0.392822755    -0.0108085779   *N1827  
*N1827  0.0365788418    
GRID*   1828            0               -0.410706668    -0.00824697465  *N1828  
*N1828  0.331248798     
GRID*   1829            0               -0.412124523    -0.00606428479  *N1829  
*N1829  0.335632009     
GRID*   1830            0               -0.413212187    -0.0031761398   *N1830  
*N1830  0.332831056     
GRID*   1831            0               -0.412234218    -0.00584733204  *N1831  
*N1831  0.332039927     
GRID*   1832            0               -0.410489544    -0.00851123427  *N1832  
*N1832  0.33881362      
GRID*   1833            0               -0.411893243    -0.00649194648  *N1833  
*N1833  0.342816174     
GRID*   1834            0               -0.413045947    -0.00378418101  *N1834  
*N1834  0.339634564     
GRID*   1835            0               -0.412010852    -0.00627918057  *N1835  
*N1835  0.339224092     
GRID*   1836            0               -0.413512649    -0.0015160559   *N1836  
*N1836  0.34325646      
GRID*   1837            0               -0.413506288    0.00157009917   *N1837  
*N1837  0.340455507     
GRID*   1838            0               -0.413578993    -0.000744402215 *N1838  
*N1838  0.33683361      
GRID*   1839            0               -0.413551482    -0.00113071575  *N1839  
*N1839  0.340045035     
GRID*   1840            0               -0.41336535     0.00247784392   *N1840  
*N1840  0.334413313     
GRID*   1841            0               -0.413595159    -0.000357447862 *N1841  
*N1841  0.333622185     
GRID*   1842            0               -0.389592166    0.00757830629   *N1842  
*N1842  0.304885694     
GRID*   1843            0               -0.388324263    0.00533071912   *N1843  
*N1843  0.302796286     
GRID*   1844            0               -0.389683858    0.00770741821   *N1844  
*N1844  0.301381031     
GRID*   1845            0               -0.389412717    0.00731571008   *N1845  
*N1845  0.311895021     
GRID*   1846            0               -0.388240367    0.00513647087   *N1846  
*N1846  0.309758509     
GRID*   1847            0               -0.389501651    0.00744754868   *N1847  
*N1847  0.308390357     
GRID*   1848            0               -0.387452243    0.00256819014   *N1848  
*N1848  0.314584222     
GRID*   1849            0               -0.387473379    0.00267253982   *N1849  
*N1849  0.307669101     
GRID*   1850            0               -0.387462714    0.00262042806   *N1850  
*N1850  0.311126661     
GRID*   1851            0               -0.387484132    0.0027240344    *N1851  
*N1851  0.304211541     
GRID*   1852            0               -0.387419062    0.00239483914   *N1852  
*N1852  0.321173055     
GRID*   1853            0               -0.388005921    0.00454167386   *N1853  
*N1853  0.322704095     
GRID*   1854            0               -0.387387625    0.00221767878   *N1854  
*N1854  0.327761888     
GRID*   1855            0               -0.387403061    0.002306418     *N1855  
*N1855  0.324467472     
GRID*   1856            0               -0.388133059    0.00487464473   *N1856  
*N1856  0.316394446     
GRID*   1857            0               -0.387435384    0.00248167903   *N1857  
*N1857  0.317878638     
GRID*   1858            0               -0.390797974    0.00905765352   *N1858  
*N1858  0.31342606      
GRID*   1859            0               -0.389126391    0.00686627571   *N1859  
*N1859  0.317925485     
GRID*   1860            0               -0.389267286    0.00709243793   *N1860  
*N1860  0.314910253     
GRID*   1861            0               -0.390323057    0.00852614927   *N1861  
*N1861  0.31917734      
GRID*   1862            0               -0.388856775    0.00640265148   *N1862  
*N1862  0.32395595      
GRID*   1863            0               -0.388989228    0.00663583306   *N1863  
*N1863  0.320940717     
GRID*   1864            0               -0.411561236    -0.00704746812  *N1864  
*N1864  0.319659572     
GRID*   1865            0               -0.409813027    -0.00925391439  *N1865  
*N1865  0.320342188     
GRID*   1866            0               -0.409959093    -0.00910295281  *N1866  
*N1866  0.325164395     
GRID*   1867            0               -0.410811016    -0.0081148469   *N1867  
*N1867  0.322411983     
GRID*   1868            0               -0.412728314    -0.00471727288  *N1868  
*N1868  0.314154748     
GRID*   1869            0               -0.411215231    -0.00756774557  *N1869  
*N1869  0.315301761     
GRID*   1870            0               -0.412202423    -0.00591124358  *N1870  
*N1870  0.31690716      
GRID*   1871            0               -0.410586236    -0.00839527212  *N1871  
*N1871  0.311408346     
GRID*   1872            0               -0.4085744      -0.0103643224   *N1872  
*N1872  0.312090963     
GRID*   1873            0               -0.409364567    -0.00968899101  *N1873  
*N1873  0.315984378     
GRID*   1874            0               -0.409997226    -0.00906274033  *N1874  
*N1874  0.313696362     
GRID*   1875            0               -0.407460113    -0.0111532417   *N1875  
*N1875  0.316202599     
GRID*   1876            0               -0.407979998    -0.0108066474   *N1876  
*N1876  0.320560409     
GRID*   1877            0               -0.408691137    -0.0102711759   *N1877  
*N1877  0.318272393     
GRID*   1878            0               -0.38755466     0.00303928136   *N1878  
*N1878  0.0612905188    
GRID*   1879            0               -0.388175828    0.00498092562   *N1879  
*N1879  0.0644373271    
GRID*   1880            0               -0.387357418    0.00203249901   *N1880  
*N1880  0.0683929781    
GRID*   1881            0               -0.387446991    0.00254156528   *N1881  
*N1881  0.0648417485    
GRID*   1882            0               -0.387792741    0.00391114121   *N1882  
*N1882  0.0541880595    
GRID*   1883            0               -0.38903201     0.0067088596    *N1883  
*N1883  0.0571004263    
GRID*   1884            0               -0.38766731     0.00348117853   *N1884  
*N1884  0.0577392891    
GRID*   1885            0               -0.39222005     0.0103599427    *N1885  
*N1885  0.0526758924    
GRID*   1886            0               -0.393912795    0.01149592      *N1886  
*N1886  0.0558227008    
GRID*   1887            0               -0.390200591    0.00837926371   *N1887  
*N1887  0.0602472347    
GRID*   1888            0               -0.391157112    0.00942385366   *N1888  
*N1888  0.0564615635    
GRID*   1889            0               -0.39087402     0.00913759806   *N1889  
*N1889  0.0636284845    
GRID*   1890            0               -0.388594323    0.00590474313   *N1890  
*N1890  0.067818577     
GRID*   1891            0               -0.389328109    0.00718701866   *N1891  
*N1891  0.0640329058    
GRID*   1892            0               -0.413599574    0.000106074492  *N1892  
*N1892  0.0939193697    
GRID*   1893            0               -0.413179141    -0.00330659153  *N1893  
*N1893  0.0969600004    
GRID*   1894            0               -0.413537772    -0.00128020916  *N1894  
*N1894  0.10086244      
GRID*   1895            0               -0.413586902    -0.000587880012 *N1895  
*N1895  0.0973909049    
GRID*   1896            0               -0.412738765    -0.00468986944  *N1896  
*N1896  0.0925371044    
GRID*   1897            0               -0.411580581    -0.00701673728  *N1897  
*N1897  0.100521087     
GRID*   1898            0               -0.412217085    -0.0058818796   *N1898  
*N1898  0.0965290958    
GRID*   1899            0               -0.409988899    -0.00907154935  *N1899  
*N1899  0.10850507      
GRID*   1900            0               -0.412535288    -0.00519372441  *N1900  
*N1900  0.104423527     
GRID*   1901            0               -0.410835439    -0.0080834154   *N1901  
*N1901  0.104513079     
GRID*   1902            0               -0.41333078     -0.00265234467  *N1902  
*N1902  0.107805511     
GRID*   1903            0               -0.413452319    -0.00196899883  *N1903  
*N1903  0.104333975     
GRID*   1904            0               -0.413542692    0.00122868088   *N1904  
*N1904  0.114381867     
GRID*   1905            0               -0.413528388    -0.00137310492  *N1905  
*N1905  0.112969012     
GRID*   1906            0               -0.413327517    -0.00266820471  *N1906  
*N1906  0.116719658     
GRID*   1907            0               -0.413599754    -8.06612951E-05 *N1907  
*N1907  0.118132513     
GRID*   1908            0               -0.413579923    -0.000727758404 *N1908  
*N1908  0.115550763     
GRID*   1909            0               -0.413556379    0.00107224205   *N1909  
*N1909  0.109764443     
GRID*   1910            0               -0.41261959     -0.00499215545  *N1910  
*N1910  0.111010079     
GRID*   1911            0               -0.413445274    -0.00201514848  *N1911  
*N1911  0.110387261     
GRID*   1912            0               -0.409042062    -0.00997771304  *N1912  
*N1912  0.112255716     
GRID*   1913            0               -0.412064317    -0.00617929683  *N1913  
*N1913  0.114760725     
GRID*   1914            0               -0.411124555    -0.00769570769  *N1914  
*N1914  0.111632898     
GRID*   1915            0               -0.411982221    -0.0063318365   *N1915  
*N1915  0.119057448     
GRID*   1916            0               -0.413291388    -0.00283762379  *N1916  
*N1916  0.12101638      
GRID*   1917            0               -0.412791019    -0.00455001543  *N1917  
*N1917  0.117888553     
GRID*   1918            0               -0.410935652    0.00795236018   *N1918  
*N1918  0.333086114     
GRID*   1919            0               -0.411943563    0.00640204328   *N1919  
*N1919  0.335307994     
GRID*   1920            0               -0.410633213    0.00833794639   *N1920  
*N1920  0.338424556     
GRID*   1921            0               -0.409367631    0.00968615521   *N1921  
*N1921  0.336202675     
GRID*   1922            0               -0.410786222    0.00814655691   *N1922  
*N1922  0.335755335     
GRID*   1923            0               -0.412732244    0.00470699155   *N1923  
*N1923  0.331956849     
GRID*   1924            0               -0.412885246    0.00428469708   *N1924  
*N1924  0.337764459     
GRID*   1925            0               -0.412810541    0.00449649514   *N1925  
*N1925  0.334860654     
GRID*   1926            0               -0.413023793    0.00385744161   *N1926  
*N1926  0.343572068     
GRID*   1927            0               -0.411933632    0.00641991767   *N1927  
*N1927  0.34088102      
GRID*   1928            0               -0.412956337    0.00407165868   *N1928  
*N1928  0.340668263     
GRID*   1929            0               -0.41031667     0.00871204083   *N1929  
*N1929  0.343762998     
GRID*   1930            0               -0.408640331    0.010311981     *N1930  
*N1930  0.341306533     
GRID*   1931            0               -0.410476678    0.00852646268   *N1931  
*N1931  0.341093777     
GRID*   1932            0               -0.412427472    0.00543874178   *N1932  
*N1932  0.353348171     
GRID*   1933            0               -0.41319794     0.00323307037   *N1933  
*N1933  0.350214029     
GRID*   1934            0               -0.41359706     0.000278586013  *N1934  
*N1934  0.353721848     
GRID*   1935            0               -0.413271933    0.0029246112    *N1935  
*N1935  0.353600979     
GRID*   1936            0               -0.409389101    0.00966623312   *N1936  
*N1936  0.352445557     
GRID*   1937            0               -0.410862391    0.00804850134   *N1937  
*N1937  0.349852242     
GRID*   1938            0               -0.41111589     0.00770776929   *N1938  
*N1938  0.352917002     
GRID*   1939            0               -0.408647955    0.0103058833    *N1939  
*N1939  0.346720827     
GRID*   1940            0               -0.41210415     0.00610351353   *N1940  
*N1940  0.346894412     
GRID*   1941            0               -0.41059493     0.00838471206   *N1941  
*N1941  0.34680762      
GRID*   1942            0               -0.413573547    0.000835258619  *N1942  
*N1942  0.346891685     
GRID*   1943            0               -0.413114699    0.00354632512   *N1943  
*N1943  0.346893049     
GRID*   1944            0               -0.409396008    -0.00965980512  *N1944  
*N1944  0.209808537     
GRID*   1945            0               -0.406398196    -0.0117584712   *N1945  
*N1945  0.211313504     
GRID*   1946            0               -0.407194572    -0.0113169692   *N1946  
*N1946  0.214993632     
GRID*   1947            0               -0.408338649    -0.0105459872   *N1947  
*N1947  0.212401084     
GRID*   1948            0               -0.405839753    -0.012027015    *N1948  
*N1948  0.207538086     
GRID*   1949            0               -0.402040318    -0.0130976852   *N1949  
*N1949  0.209138343     
GRID*   1950            0               -0.402653195    -0.013006272    *N1950  
*N1950  0.21291376      
GRID*   1951            0               -0.404277512    -0.0126176425   *N1951  
*N1951  0.210225923     
GRID*   1952            0               -0.398418496    -0.0130504269   *N1952  
*N1952  0.214609306     
GRID*   1953            0               -0.399322928    -0.013155984    *N1953  
*N1953  0.218289434     
GRID*   1954            0               -0.403544507    -0.0128199874   *N1954  
*N1954  0.216593889     
GRID*   1955            0               -0.400992806    -0.0131866819   *N1955  
*N1955  0.215601597     
GRID*   1956            0               -0.404697062    -0.0124809959   *N1956  
*N1956  0.220178728     
GRID*   1957            0               -0.405976273    -0.0119643293   *N1957  
*N1957  0.21758618      
GRID*   1958            0               -0.413523605    0.00141809762   *N1958  
*N1958  0.183674084     
GRID*   1959            0               -0.413558851    0.00104145857   *N1959  
*N1959  0.187070876     
GRID*   1960            0               -0.413294821    0.00282198502   *N1960  
*N1960  0.185772728     
GRID*   1961            0               -0.413523119    -0.00142258432  *N1961  
*N1961  0.179476797     
GRID*   1962            0               -0.41346686     -0.0018700734   *N1962  
*N1962  0.183500681     
GRID*   1963            0               -0.4136         -2.25645007E-06 *N1963  
*N1963  0.181575441     
GRID*   1964            0               -0.41257107     -0.00510931026  *N1964  
*N1964  0.183954368     
GRID*   1965            0               -0.412419665    -0.00545597405  *N1965  
*N1965  0.18735116      
GRID*   1966            0               -0.413407907    -0.00224373618  *N1966  
*N1966  0.186897472     
GRID*   1967            0               -0.413070758    -0.00370025635  *N1967  
*N1967  0.18542592      
GRID*   1968            0               -0.413352487    -0.00254422304  *N1968  
*N1968  0.189667173     
GRID*   1969            0               -0.413578193    -0.000758433757 *N1969  
*N1969  0.188369024     
GRID*   1970            0               -0.399958555    0.0131926163    *N1970  
*N1970  0.193396716     
GRID*   1971            0               -0.397368288    0.0128471289    *N1971  
*N1971  0.189565131     
GRID*   1972            0               -0.400062376    0.0131956815    *N1972  
*N1972  0.187325574     
GRID*   1973            0               -0.400010462    0.013194251     *N1973  
*N1973  0.190361145     
GRID*   1974            0               -0.395628985    0.0123076162    *N1974  
*N1974  0.191873148     
GRID*   1975            0               -0.392557285    0.0106175242    *N1975  
*N1975  0.187973103     
GRID*   1976            0               -0.394093211    0.0115958791    *N1976  
*N1976  0.185665086     
GRID*   1977            0               -0.394849678    0.0119763902    *N1977  
*N1977  0.188769117     
GRID*   1978            0               -0.390636009    0.00888281904   *N1978  
*N1978  0.181696582     
GRID*   1979            0               -0.392661145    0.0106934615    *N1979  
*N1979  0.179457025     
GRID*   1980            0               -0.396600516    0.0126413575    *N1980  
*N1980  0.183425529     
GRID*   1981            0               -0.393362698    0.0111676488    *N1981  
*N1981  0.182561055     
GRID*   1982            0               -0.400166219    0.0131979296    *N1982  
*N1982  0.181254432     
GRID*   1983            0               -0.400114295    0.0131969077    *N1983  
*N1983  0.184290003     
GRID*   1984            0               -0.387549851    -0.00301888593  *N1984  
*N1984  0.255125735     
GRID*   1985            0               -0.388538939    -0.00579268793  *N1985  
*N1985  0.252582682     
GRID*   1986            0               -0.387539099    -0.00297274621  *N1986  
*N1986  0.251632667     
GRID*   1987            0               -0.387571588    -0.00310995868  *N1987  
*N1987  0.262111869     
GRID*   1988            0               -0.388622849    -0.00596143523  *N1988  
*N1988  0.259686933     
GRID*   1989            0               -0.387560648    -0.00306447907  *N1989  
*N1989  0.258618802     
GRID*   1990            0               -0.390419944    -0.00863935647  *N1990  
*N1990  0.264366248     
GRID*   1991            0               -0.392583688    -0.0106369763   *N1991  
*N1991  0.261823196     
GRID*   1992            0               -0.390237609    -0.00842412101  *N1992  
*N1992  0.257143881     
GRID*   1993            0               -0.390328202    -0.00853222582  *N1993  
*N1993  0.260755065     
GRID*   1994            0               -0.392283182    -0.0104094794   *N1994  
*N1994  0.254482712     
GRID*   1995            0               -0.3901478      -0.00831458927  *N1995  
*N1995  0.253532697     
GRID*   1996            0               -0.3952189      -0.0121406838   *N1996  
*N1996  0.275332256     
GRID*   1997            0               -0.391422753    -0.00967724358  *N1997  
*N1997  0.271002662     
GRID*   1998            0               -0.389395481    -0.00728975777  *N1998  
*N1998  0.273309481     
GRID*   1999            0               -0.392504371    -0.010578234    *N1999  
*N1999  0.277639075     
GRID*   2000            0               -0.391951543    -0.0101421678   *N2000  
*N2000  0.274320869     
GRID*   2001            0               -0.393529669    -0.0112711379   *N2001  
*N2001  0.268773044     
GRID*   2002            0               -0.388899401    -0.0064789068   *N2002  
*N2002  0.266595866     
GRID*   2003            0               -0.390907154    -0.00917201538  *N2003  
*N2003  0.267684455     
GRID*   2004            0               -0.387696701    -0.00358694698  *N2004  
*N2004  0.268902685     
GRID*   2005            0               -0.387632213    -0.00335016718  *N2005  
*N2005  0.265507277     
GRID*   2006            0               -0.387828661    -0.00402510221  *N2006  
*N2006  0.275693502     
GRID*   2007            0               -0.387761112    -0.00380769136  *N2007  
*N2007  0.272298093     
GRID*   2008            0               -0.413410459    -0.0022288914   *N2008  
*N2008  0.0289824893    
GRID*   2009            0               -0.413390712    -0.00234123845  *N2009  
*N2009  0.0327545409    
GRID*   2010            0               -0.413385805    0.0023683053    *N2010  
*N2010  0.0330208148    
GRID*   2011            0               -0.41359981     7.07885224E-05  *N2011  
*N2011  0.031001652     
GRID*   2012            0               -0.41171278     -0.00680154465  *N2012  
*N2012  0.0282811274    
GRID*   2013            0               -0.412823537    -0.00446046142  *N2013  
*N2013  0.0269633266    
GRID*   2014            0               -0.408243032    -0.0106172902   *N2014  
*N2014  0.0309167291    
GRID*   2015            0               -0.411653582    -0.00689905042  *N2015  
*N2015  0.032053179     
GRID*   2016            0               -0.410166077    -0.00888052588  *N2016  
*N2016  0.0295989282    
GRID*   2017            0               -0.411683193    -0.00685051484  *N2017  
*N2017  0.0362603185    
GRID*   2018            0               -0.413400676    -0.00228526296  *N2018  
*N2018  0.0369616804    
GRID*   2019            0               -0.412744594    -0.00467450398  *N2019  
*N2019  0.0345074297    
GRID*   2020            0               -0.402789022    0.0129820097    *N2020  
*N2020  0.17423665      
GRID*   2021            0               -0.400645592    0.0131977151    *N2021  
*N2021  0.170266601     
GRID*   2022            0               -0.405316865    0.0122500789    *N2022  
*N2022  0.167218869     
GRID*   2023            0               -0.40407123     0.0126791984    *N2023  
*N2023  0.17072776      
GRID*   2024            0               -0.397667437    0.012914066     *N2024  
*N2024  0.176992686     
GRID*   2025            0               -0.401483015    0.0131554962    *N2025  
*N2025  0.177745541     
GRID*   2026            0               -0.39102484     0.00929227487   *N2026  
*N2026  0.175486975     
GRID*   2027            0               -0.395603265    0.012297615     *N2027  
*N2027  0.173022636     
GRID*   2028            0               -0.394081093    0.0115892803    *N2028  
*N2028  0.17623983      
GRID*   2029            0               -0.393980726    0.0115339899    *N2029  
*N2029  0.169344283     
GRID*   2030            0               -0.398854525    0.0131092145    *N2030  
*N2030  0.166588248     
GRID*   2031            0               -0.397203036    0.0128070066    *N2031  
*N2031  0.169805442     
GRID*   2032            0               -0.413550982    0.00113651201   *N2032  
*N2032  0.308490058     
GRID*   2033            0               -0.413490246    0.00169866412   *N2033  
*N2033  0.312130981     
GRID*   2034            0               -0.412854526    0.00437318899   *N2034  
*N2034  0.311202865     
GRID*   2035            0               -0.413304632    0.00277677226   *N2035  
*N2035  0.309846462     
GRID*   2036            0               -0.413524588    -0.00140896989  *N2036  
*N2036  0.313181986     
GRID*   2037            0               -0.413338888    0.00261250519   *N2037  
*N2037  0.315649015     
GRID*   2038            0               -0.413585949    0.000608888685  *N2038  
*N2038  0.3144155       
GRID*   2039            0               -0.411949691    0.00639098091   *N2039  
*N2039  0.318116044     
GRID*   2040            0               -0.412517168    0.00523586169   *N2040  
*N2040  0.314720899     
GRID*   2041            0               -0.412789182    0.00455501453   *N2041  
*N2041  0.316882529     
GRID*   2042            0               -0.411374577    0.00733475641   *N2042  
*N2042  0.313915672     
GRID*   2043            0               -0.41220777     0.00590055577   *N2043  
*N2043  0.312559269     
GRID*   2044            0               -0.411282124    0.00747123685   *N2044  
*N2044  0.33004861      
GRID*   2045            0               -0.411850974    0.00656621581   *N2045  
*N2045  0.326689981     
GRID*   2046            0               -0.412327889    0.00565380049   *N2046  
*N2046  0.329323415     
GRID*   2047            0               -0.408400126    0.010499428     *N2047  
*N2047  0.331499001     
GRID*   2048            0               -0.408863531    0.0101295928    *N2048  
*N2048  0.328461497     
GRID*   2049            0               -0.409961764    0.00910014712   *N2049  
*N2049  0.330773806     
GRID*   2050            0               -0.405379766    0.0122246444    *N2050  
*N2050  0.32719551      
GRID*   2051            0               -0.40635259     0.0117816242    *N2051  
*N2051  0.32383688      
GRID*   2052            0               -0.409655411    0.00941155467   *N2052  
*N2052  0.325102868     
GRID*   2053            0               -0.407655235    0.0110273099    *N2053  
*N2053  0.326149189     
GRID*   2054            0               -0.410691491    0.00826590671   *N2054  
*N2054  0.321423113     
GRID*   2055            0               -0.4113044      0.00743868704   *N2055  
*N2055  0.324056547     
GRID*   2056            0               -0.408046701    0.0107595524    *N2056  
*N2056  0.312987407     
GRID*   2057            0               -0.406101062    0.0119053724    *N2057  
*N2057  0.316294476     
GRID*   2058            0               -0.403718048    0.0127761715    *N2058  
*N2058  0.312059141     
GRID*   2059            0               -0.405974327    0.0119652365    *N2059  
*N2059  0.312523274     
GRID*   2060            0               -0.410151436    0.00889659986   *N2060  
*N2060  0.316108731     
GRID*   2061            0               -0.4098668      0.0091988963    *N2061  
*N2061  0.313451539     
GRID*   2062            0               -0.40849251     0.0104283885    *N2062  
*N2062  0.3194158       
GRID*   2063            0               -0.410426424    0.00858550072   *N2063  
*N2063  0.318765922     
GRID*   2064            0               -0.40372314     0.0127748481    *N2064  
*N2064  0.320715556     
GRID*   2065            0               -0.406227155    0.011844166     *N2065  
*N2065  0.320065678     
GRID*   2066            0               -0.40758773     0.0110714291    *N2066  
*N2066  0.0440441537    
GRID*   2067            0               -0.409992867    0.00906735319   *N2067  
*N2067  0.0450419855    
GRID*   2068            0               -0.40953816     0.00952544095   *N2068  
*N2068  0.0482062641    
GRID*   2069            0               -0.407037933    0.0114095508    *N2069  
*N2069  0.0472084322    
GRID*   2070            0               -0.408599463    0.0103445062    *N2070  
*N2070  0.0461252089    
GRID*   2071            0               -0.410410207    0.00860440319   *N2071  
*N2071  0.0423193468    
GRID*   2072            0               -0.412165049    0.00598528324   *N2072  
*N2072  0.0428755388    
GRID*   2073            0               -0.411869392    0.00653399228   *N2073  
*N2073  0.0455981775    
GRID*   2074            0               -0.411189576    0.00760427901   *N2074  
*N2074  0.0439587622    
GRID*   2075            0               -0.413097734    0.00360659731   *N2075  
*N2075  0.0457127297    
GRID*   2076            0               -0.412906253    0.00422298838   *N2076  
*N2076  0.0488770082    
GRID*   2077            0               -0.411536279    0.00708683868   *N2077  
*N2077  0.0487624561    
GRID*   2078            0               -0.412443383    0.00540341824   *N2078  
*N2078  0.0472375929    
GRID*   2079            0               -0.411163728    0.00764082186   *N2079  
*N2079  0.0523683744    
GRID*   2080            0               -0.40904487     0.00997528096   *N2080  
*N2080  0.0518121824    
GRID*   2081            0               -0.410395461    0.008621529     *N2081  
*N2081  0.0502873192    
GRID*   2082            0               -0.387496457    -0.00278183002  *N2082  
*N2082  0.323511707     
GRID*   2083            0               -0.388288115    -0.00524806956  *N2083  
*N2083  0.3207522       
GRID*   2084            0               -0.387454131    -0.00257768825  *N2084  
*N2084  0.316603323     
GRID*   2085            0               -0.387474925    -0.00268000634  *N2085  
*N2085  0.320057515     
GRID*   2086            0               -0.388457658    -0.00562320865  *N2086  
*N2086  0.32770095      
GRID*   2087            0               -0.387518288    -0.00288123321  *N2087  
*N2087  0.326965899     
GRID*   2088            0               -0.39198691     -0.0101715251   *N2088  
*N2088  0.32917105      
GRID*   2089            0               -0.389785673    -0.00784704214  *N2089  
*N2089  0.324941442     
GRID*   2090            0               -0.389971304    -0.008092114    *N2090  
*N2090  0.328436        
GRID*   2091            0               -0.391369213    -0.00962729878  *N2091  
*N2091  0.322141568     
GRID*   2092            0               -0.389428845    -0.007339874    *N2092  
*N2092  0.317952326     
GRID*   2093            0               -0.38960428     -0.00759555377  *N2093  
*N2093  0.321446884     
GRID*   2094            0               -0.388677644    -0.00606847343  *N2094  
*N2094  0.00298038563   
GRID*   2095            0               -0.38984331     -0.00792441107  *N2095  
*N2095  0.00550714795   
GRID*   2096            0               -0.392739217    -0.0107495301   *N2096  
*N2096  0.00252676232   
GRID*   2097            0               -0.390429815    -0.00865074585  *N2097  
*N2097  0.00275357397   
GRID*   2098            0               -0.387506437    -0.00282772623  *N2098  
*N2098  0.00641439456   
GRID*   2099            0               -0.387575119    -0.0031244891   *N2099  
*N2099  0.00320719728   
GRID*   2100            0               -0.387381942    -0.00218407373  *N2100  
*N2100  0.0128287891    
GRID*   2101            0               -0.388152032    -0.00492212081  *N2101  
*N2101  0.00894115688   
GRID*   2102            0               -0.387440487    -0.00250819015  *N2102  
*N2102  0.00962159185   
GRID*   2103            0               -0.388807527    -0.00631304717  *N2103  
*N2103  0.0110142959    
GRID*   2104            0               -0.390836468    -0.00909828815  *N2104  
*N2104  0.00758028696   
GRID*   2105            0               -0.38929615     -0.0071375427   *N2105  
*N2105  0.00826072192   
GRID*   2106            0               -0.399498832    -0.0131692025   *N2106  
*N2106  0.00283588278   
GRID*   2107            0               -0.402403951    -0.0130469989   *N2107  
*N2107  0.00598088602   
GRID*   2108            0               -0.403114241    -0.0129179293   *N2108  
*N2108  0.00299044301   
GRID*   2109            0               -0.394948977    -0.012021911    *N2109  
*N2109  0.0053626451    
GRID*   2110            0               -0.395951353    -0.012427773    *N2110  
*N2110  0.00268132255   
GRID*   2111            0               -0.393060466    -0.0109713829   *N2111  
*N2111  0.0107252902    
GRID*   2112            0               -0.397713295    -0.0129236844   *N2112  
*N2112  0.00850764834   
GRID*   2113            0               -0.393983187    -0.0115353591   *N2113  
*N2113  0.00804396765   
GRID*   2114            0               -0.400967533    -0.0131877939   *N2114  
*N2114  0.011961772     
GRID*   2115            0               -0.401687668    -0.0131370435   *N2115  
*N2115  0.00897132902   
GRID*   2116            0               -0.398201716    0.0130156655    *N2116  
*N2116  0.0501664959    
GRID*   2117            0               -0.40245661     0.0130388019    *N2117  
*N2117  0.0503899342    
GRID*   2118            0               -0.401845393    0.0131206265    *N2118  
*N2118  0.0537948744    
GRID*   2119            0               -0.397596222    0.0128987919    *N2119  
*N2119  0.0535714361    
GRID*   2120            0               -0.400019914    0.0131945267    *N2120  
*N2120  0.0519806852    
GRID*   2121            0               -0.403449453    0.0128429295    *N2121  
*N2121  0.0466598701    
GRID*   2122            0               -0.406144354    0.0118845445    *N2122  
*N2122  0.0509384963    
GRID*   2123            0               -0.404822938    0.0124369456    *N2123  
*N2123  0.0487991832    
GRID*   2124            0               -0.408569543    0.0103681512    *N2124  
*N2124  0.0552171226    
GRID*   2125            0               -0.405583021    0.0121398636    *N2125  
*N2125  0.0543434365    
GRID*   2126            0               -0.407398142    0.0111922296    *N2126  
*N2126  0.0530778095    
GRID*   2127            0               -0.405378845    0.0122250193    *N2127  
*N2127  0.0574232528    
GRID*   2128            0               -0.401625306    0.0131430067    *N2128  
*N2128  0.0568746906    
GRID*   2129            0               -0.403643183    0.0127953805    *N2129  
*N2129  0.0556090636    
GRID*   2130            0               -0.393624707    -0.0113285217   *N2130  
*N2130  0.325376764     
GRID*   2131            0               -0.395478784    -0.0122483318   *N2131  
*N2131  0.321811286     
GRID*   2132            0               -0.392985092    -0.0109205835   *N2132  
*N2132  0.31857609      
GRID*   2133            0               -0.393301968    -0.0111291485   *N2133  
*N2133  0.321976427     
GRID*   2134            0               -0.394286701    -0.0116990414   *N2134  
*N2134  0.332177438     
GRID*   2135            0               -0.396129339    -0.0124900543   *N2135  
*N2135  0.328383151     
GRID*   2136            0               -0.393953041    -0.0115185383   *N2136  
*N2136  0.328777101     
GRID*   2137            0               -0.398756636    -0.0130973034   *N2137  
*N2137  0.33116073      
GRID*   2138            0               -0.400824113    -0.0131931849   *N2138  
*N2138  0.327595252     
GRID*   2139            0               -0.39813419     -0.0130040804   *N2139  
*N2139  0.324817673     
GRID*   2140            0               -0.398444858    -0.0130544023   *N2140  
*N2140  0.327989202     
GRID*   2141            0               -0.400259384    -0.013199251    *N2141  
*N2141  0.321481003     
GRID*   2142            0               -0.397516896    -0.012881293    *N2142  
*N2142  0.318474616     
GRID*   2143            0               -0.397824811    -0.0129463664   *N2143  
*N2143  0.321646144     
GRID*   2144            0               -0.394887062    0.0119936448    *N2144  
*N2144  0.0606011183    
GRID*   2145            0               -0.396849653    0.0127135769    *N2145  
*N2145  0.0646034343    
GRID*   2146            0               -0.392436047    0.0105268917    *N2146  
*N2146  0.0676308005    
GRID*   2147            0               -0.393621764    0.0113267608    *N2147  
*N2147  0.0641159594    
GRID*   2148            0               -0.39867401     0.0130866711    *N2148  
*N2148  0.0583498537    
GRID*   2149            0               -0.396217087    0.012519714     *N2149  
*N2149  0.0570862772    
GRID*   2150            0               -0.403684848    0.0127847476    *N2150  
*N2150  0.0608770066    
GRID*   2151            0               -0.400761669    0.0131950443    *N2151  
*N2151  0.0623521696    
GRID*   2152            0               -0.401193914    0.0131761034    *N2152  
*N2152  0.0596134301    
GRID*   2153            0               -0.403813446    0.012751015     *N2153  
*N2153  0.065578384     
GRID*   2154            0               -0.399896479    0.013190393     *N2154  
*N2154  0.0678296486    
GRID*   2155            0               -0.400329036    0.0131998092    *N2155  
*N2155  0.0650909091    
GRID*   2156            0               -0.409167594    0.0098675882    *N2156  
*N2156  0.0644533774    
GRID*   2157            0               -0.41041814     0.00859516611   *N2157  
*N2157  0.0609996236    
GRID*   2158            0               -0.41266089     0.00488984475   *N2158  
*N2158  0.0633283708    
GRID*   2159            0               -0.411204803    0.00758262723   *N2159  
*N2159  0.0638908741    
GRID*   2160            0               -0.40623945     0.011838109     *N2160  
*N2160  0.0624850047    
GRID*   2161            0               -0.406658832    0.011621834     *N2161  
*N2161  0.0650158807    
GRID*   2162            0               -0.407782461    0.0109425437    *N2162  
*N2162  0.0590312509    
GRID*   2163            0               -0.405812606    0.0120392565    *N2163  
*N2163  0.0599541288    
GRID*   2164            0               -0.411024882    0.00783274373   *N2164  
*N2164  0.0571854953    
GRID*   2165            0               -0.409536948    0.00952660368   *N2165  
*N2165  0.0581083731    
GRID*   2166            0               -0.412676485    -0.00485055901  *N2166  
*N2166  0.353190049     
GRID*   2167            0               -0.411636451    -0.00692691663  *N2167  
*N2167  0.349378725     
GRID*   2168            0               -0.409905169    -0.00915924493  *N2168  
*N2168  0.35212995      
GRID*   2169            0               -0.411499193    -0.00714478259  *N2169  
*N2169  0.35268011      
GRID*   2170            0               -0.413438143    -0.00206078388  *N2170  
*N2170  0.350056119     
GRID*   2171            0               -0.413391163    -0.0023387331   *N2171  
*N2171  0.353521959     
GRID*   2172            0               -0.412865402    -0.00434208982  *N2172  
*N2172  0.346420895     
GRID*   2173            0               -0.413478233    -0.00178880785  *N2173  
*N2173  0.34665629      
GRID*   2174            0               -0.410223746    -0.00881668975  *N2174  
*N2174  0.345774004     
GRID*   2175            0               -0.411766928    -0.00671065998  *N2175  
*N2175  0.346097449     
GRID*   2176            0               -0.405725576    -0.0120780064   *N2176  
*N2176  0.351264331     
GRID*   2177            0               -0.403502811    -0.0128301428   *N2177  
*N2177  0.348347148     
GRID*   2178            0               -0.400671522    -0.0131972071   *N2178  
*N2178  0.350932026     
GRID*   2179            0               -0.403259467    -0.0128865608   *N2179  
*N2179  0.351038495     
GRID*   2180            0               -0.408150403    -0.0106850948   *N2180  
*N2180  0.34869111      
GRID*   2181            0               -0.407962641    -0.0108188015   *N2181  
*N2181  0.351670726     
GRID*   2182            0               -0.408528447    -0.0104004016   *N2182  
*N2182  0.34267905      
GRID*   2183            0               -0.406160017    -0.0118769611   *N2183  
*N2183  0.345596156     
GRID*   2184            0               -0.408340701    -0.0105444426   *N2184  
*N2184  0.34568508      
GRID*   2185            0               -0.403996955    -0.0127004691   *N2185  
*N2185  0.342845087     
GRID*   2186            0               -0.401214107    -0.0131748711   *N2186  
*N2186  0.345596079     
GRID*   2187            0               -0.40375051     -0.0127676968   *N2187  
*N2187  0.345596118     
GRID*   2188            0               -0.395806362    -0.0123749136   *N2188  
*N2188  0.351606024     
GRID*   2189            0               -0.394200664    -0.0116536791   *N2189  
*N2189  0.349715596     
GRID*   2190            0               -0.393604382    -0.0113163409   *N2190  
*N2190  0.352183118     
GRID*   2191            0               -0.398607316    -0.0130777018   *N2191  
*N2191  0.348688693     
GRID*   2192            0               -0.398194651    -0.0130144702   *N2192  
*N2192  0.351209302     
GRID*   2193            0               -0.399426428    -0.0131640479   *N2193  
*N2193  0.343528028     
GRID*   2194            0               -0.396856673    -0.0127155352   *N2194  
*N2194  0.346620641     
GRID*   2195            0               -0.399016198    -0.0131272652   *N2195  
*N2195  0.34610836      
GRID*   2196            0               -0.395429923    -0.0122285869   *N2196  
*N2196  0.344727873     
GRID*   2197            0               -0.394807901    -0.0119569406   *N2197  
*N2197  0.347221734     
GRID*   2198            0               -0.387481617    0.00271208066   *N2198  
*N2198  0.00677162138   
GRID*   2199            0               -0.388017599    0.00457341715   *N2199  
*N2199  0.0100128373    
GRID*   2200            0               -0.387342116    0.00193174878   *N2200  
*N2200  0.0135432428    
GRID*   2201            0               -0.387406376    0.00232502291   *N2201  
*N2201  0.0101574321    
GRID*   2202            0               -0.388623738    0.00596319229   *N2202  
*N2202  0.00333761245   
GRID*   2203            0               -0.387561403    0.00306764174   *N2203  
*N2203  0.00338581069   
GRID*   2204            0               -0.392532634    0.0105992713    *N2204  
*N2204  0.00324121595   
GRID*   2205            0               -0.389623207    0.00762238295   *N2205  
*N2205  0.0065788284    
GRID*   2206            0               -0.390308353    0.00850874059   *N2206  
*N2206  0.0032894142    
GRID*   2207            0               -0.390324654    0.00852803646   *N2207  
*N2207  0.00972364786   
GRID*   2208            0               -0.388460745    0.00562975927   *N2208  
*N2208  0.0131576568    
GRID*   2209            0               -0.388998362    0.00665151468   *N2209  
*N2209  0.0098682426    
GRID*   2210            0               -0.406345618    0.0117851443    *N2210  
*N2210  0.234996939     
GRID*   2211            0               -0.407856355    0.0108923262    *N2211  
*N2211  0.23927489      
GRID*   2212            0               -0.405767514    0.0120594276    *N2212  
*N2212  0.241107553     
GRID*   2213            0               -0.404120422    0.0126648514    *N2213  
*N2213  0.236829603     
GRID*   2214            0               -0.406058228    0.0119257894    *N2214  
*N2214  0.238052246     
GRID*   2215            0               -0.409527642    0.00953552079   *N2215  
*N2215  0.23817938      
GRID*   2216            0               -0.410860559    0.00805088265   *N2216  
*N2216  0.241720176     
GRID*   2217            0               -0.40941286     0.00964408364   *N2217  
*N2217  0.242815685     
GRID*   2218            0               -0.409470413    0.00958997394   *N2218  
*N2218  0.240497533     
GRID*   2219            0               -0.410910963    0.00798496388   *N2219  
*N2219  0.245619326     
GRID*   2220            0               -0.409296788    0.00975126493   *N2220  
*N2220  0.247451989     
GRID*   2221            0               -0.407523785    0.0111126811    *N2221  
*N2221  0.244648349     
GRID*   2222            0               -0.409354984    0.00969784794   *N2222  
*N2222  0.245133837     
GRID*   2223            0               -0.405176797    0.0123053732    *N2223  
*N2223  0.247218167     
GRID*   2224            0               -0.403267575    0.012884759     *N2224  
*N2224  0.243677372     
GRID*   2225            0               -0.405473646    0.0121859803    *N2225  
*N2225  0.24416286      
GRID*   2226            0               -0.405096842    0.0123361128    *N2226  
*N2226  0.00306644663   
GRID*   2227            0               -0.39993317     0.0131917425    *N2227  
*N2227  0.00622027793   
GRID*   2228            0               -0.398592457    0.0130756564    *N2228  
*N2228  0.00315383129   
GRID*   2229            0               -0.401891222    0.0131154968    *N2229  
*N2229  0.00311013896   
GRID*   2230            0               -0.400982996    0.0131871193    *N2230  
*N2230  0.0091993399    
GRID*   2231            0               -0.396090853    0.0124768285    *N2231  
*N2231  0.0124405559    
GRID*   2232            0               -0.395112946    0.0120949188    *N2232  
*N2232  0.00946149388   
GRID*   2233            0               -0.397985406    0.0129772776    *N2233  
*N2233  0.00933041689   
GRID*   2234            0               -0.39124531     0.00950955564   *N2234  
*N2234  0.0127900945    
GRID*   2235            0               -0.393908958    0.0114937537    *N2235  
*N2235  0.00639504725   
GRID*   2236            0               -0.392514476    0.010585769     *N2236  
*N2236  0.00959257087   
GRID*   2237            0               -0.395406596    0.0122190799    *N2237  
*N2237  0.00319752362   
GRID*   2238            0               -0.403081576    0.0129247496    *N2238  
*N2238  0.262797285     
GRID*   2239            0               -0.400389314    0.0131999957    *N2239  
*N2239  0.266120418     
GRID*   2240            0               -0.398178699    0.013011757     *N2240  
*N2240  0.263099205     
GRID*   2241            0               -0.400879031    0.0131913051    *N2241  
*N2241  0.259776072     
GRID*   2242            0               -0.400634213    0.013197922     *N2242  
*N2242  0.262948245     
GRID*   2243            0               -0.403341737    0.0128680294    *N2243  
*N2243  0.269024333     
GRID*   2244            0               -0.396962254    0.0127444851    *N2244  
*N2244  0.269560849     
GRID*   2245            0               -0.400144418    0.0131975254    *N2245  
*N2245  0.269292591     
GRID*   2246            0               -0.394876335    0.0119887085    *N2246  
*N2246  0.266539635     
GRID*   2247            0               -0.393983927    0.011535771     *N2247  
*N2247  0.269829106     
GRID*   2248            0               -0.396751091    0.01268564      *N2248  
*N2248  0.259960694     
GRID*   2249            0               -0.395800494    0.0123727339    *N2249  
*N2249  0.263250165     
GRID*   2250            0               -0.406977348    0.0114445835    *N2250  
*N2250  0.0105680124    
GRID*   2251            0               -0.40392408     0.0127208829    *N2251  
*N2251  0.00940688485   
GRID*   2252            0               -0.406054692    0.0119274665    *N2252  
*N2252  0.00681722952   
GRID*   2253            0               -0.40869436     0.0102685733    *N2253  
*N2253  0.0180695782    
GRID*   2254            0               -0.405574186    0.012143632     *N2254  
*N2254  0.015954868     
GRID*   2255            0               -0.407859066    0.0108904696    *N2255  
*N2255  0.0143187953    
GRID*   2256            0               -0.40377641     0.012760872     *N2256  
*N2256  0.020388141     
GRID*   2257            0               -0.40049634     0.0131996484    *N2257  
*N2257  0.0192270135    
GRID*   2258            0               -0.402391142    0.0130489599    *N2258  
*N2258  0.0147937405    
GRID*   2259            0               -0.403087639    0.0129234901    *N2259  
*N2259  0.0175909407    
GRID*   2260            0               -0.399415526    0.0131632371    *N2260  
*N2260  0.0145861955    
GRID*   2261            0               -0.401688922    0.0131369205    *N2261  
*N2261  0.0119965402    
GRID*   2262            0               -0.402837761    -0.0129729457   *N2262  
*N2262  0.324119196     
GRID*   2263            0               -0.404307332    -0.01260844     *N2263  
*N2263  0.321020706     
GRID*   2264            0               -0.401771832    -0.0131285215   *N2264  
*N2264  0.318382513     
GRID*   2265            0               -0.402306384    -0.0130616116   *N2265  
*N2265  0.321250855     
GRID*   2266            0               -0.403887455    -0.0127309724   *N2266  
*N2266  0.329855879     
GRID*   2267            0               -0.405794312    -0.0120474646   *N2267  
*N2267  0.326379823     
GRID*   2268            0               -0.403365077    -0.0128626714   *N2268  
*N2268  0.326987538     
GRID*   2269            0               -0.408853775    -0.0101377357   *N2269  
*N2269  0.328262885     
GRID*   2270            0               -0.40713845     -0.0113504754   *N2270  
*N2270  0.323281333     
GRID*   2271            0               -0.408020276    -0.0107782832   *N2271  
*N2271  0.325772109     
GRID*   2272            0               -0.405252456    -0.012275735    *N2272  
*N2272  0.318299782     
GRID*   2273            0               -0.406213889    -0.0118506835   *N2273  
*N2273  0.320790558     
GRID*   2274            0               -0.397156775    -0.0127953699   *N2274  
*N2274  0.341013234     
GRID*   2275            0               -0.39485199     -0.0119774617   *N2275  
*N2275  0.338452655     
GRID*   2276            0               -0.395139458    -0.0121064734   *N2276  
*N2276  0.341590264     
GRID*   2277            0               -0.40139034     -0.0131627971   *N2277  
*N2277  0.339859174     
GRID*   2278            0               -0.399091107    -0.0131349457   *N2278  
*N2278  0.337344379     
GRID*   2279            0               -0.399258675    -0.0131505656   *N2279  
*N2279  0.340436204     
GRID*   2280            0               -0.40120099     -0.0131756751   *N2280  
*N2280  0.333721309     
GRID*   2281            0               -0.396690479    -0.0126680485   *N2281  
*N2281  0.334783801     
GRID*   2282            0               -0.398923752    -0.0131171907   *N2282  
*N2282  0.334252555     
GRID*   2283            0               -0.394567684    -0.0118416252   *N2283  
*N2283  0.335315046     
GRID*   2284            0               -0.406476022    -0.0117184453   *N2284  
*N2284  0.332485054     
GRID*   2285            0               -0.408692151    -0.0102703569   *N2285  
*N2285  0.335470967     
GRID*   2286            0               -0.408773226    -0.0102043663   *N2286  
*N2286  0.331866926     
GRID*   2287            0               -0.403942238    -0.0127158386   *N2287  
*N2287  0.336350483     
GRID*   2288            0               -0.403914854    -0.012723435    *N2288  
*N2288  0.333103181     
GRID*   2289            0               -0.406408345    -0.0117532884   *N2289  
*N2289  0.339336397     
GRID*   2290            0               -0.403969605    -0.0127081833   *N2290  
*N2290  0.339597785     
GRID*   2291            0               -0.408610556    -0.0103357034   *N2291  
*N2291  0.339075009     
GRID*   2292            0               -0.411218398    0.00756321809   *N2292  
*N2292  0.0317905344    
GRID*   2293            0               -0.408371271    0.0105213518    *N2293  
*N2293  0.02920523      
GRID*   2294            0               -0.410051638    0.00900477029   *N2294  
*N2294  0.0249300563    
GRID*   2295            0               -0.410660366    0.00830451034   *N2295  
*N2295  0.0283602953    
GRID*   2296            0               -0.406208032    0.0118535547    *N2296  
*N2296  0.0332708391    
GRID*   2297            0               -0.40255991     0.0130220885    *N2297  
*N2297  0.0308950993    
GRID*   2298            0               -0.405014575    0.0123671216    *N2298  
*N2298  0.0268294901    
GRID*   2299            0               -0.405617626    0.0121250309    *N2299  
*N2299  0.0300501646    
GRID*   2300            0               -0.401546579    0.0131501086    *N2300  
*N2300  0.0246633147    
GRID*   2301            0               -0.407059644    0.0113968917    *N2301  
*N2301  0.0225543164    
GRID*   2302            0               -0.40440034     0.01257924      *N2302  
*N2302  0.0236088156    
GRID*   2303            0               -0.409395221    0.00966053797   *N2303  
*N2303  0.0214998172    
GRID*   2304            0               -0.407924053    -0.0108456731   *N2304  
*N2304  0.274807029     
GRID*   2305            0               -0.410691571    -0.00826580698  *N2305  
*N2305  0.276588861     
GRID*   2306            0               -0.411560018    -0.00704939675  *N2306  
*N2306  0.272473993     
GRID*   2307            0               -0.409101885    -0.00992558292  *N2307  
*N2307  0.270692161     
GRID*   2308            0               -0.40993292     -0.00913035827  *N2308  
*N2308  0.273640511     
GRID*   2309            0               -0.40947951     -0.00958136218  *N2309  
*N2309  0.280509967     
GRID*   2310            0               -0.411969276    -0.00635545918  *N2310  
*N2310  0.282485562     
GRID*   2311            0               -0.412722323    -0.00473290041  *N2311  
*N2311  0.278564456     
GRID*   2312            0               -0.411372079    -0.0073384936   *N2312  
*N2312  0.279537212     
GRID*   2313            0               -0.413592173    -0.000454496596 *N2313  
*N2313  0.280733812     
GRID*   2314            0               -0.413558987    0.00103974331   *N2314  
*N2314  0.276618944     
GRID*   2315            0               -0.413178371    -0.00330956805  *N2315  
*N2315  0.274449588     
GRID*   2316            0               -0.413463504    -0.00189337101  *N2316  
*N2316  0.2775917       
GRID*   2317            0               -0.413426165    -0.00213518751  *N2317  
*N2317  0.270140957     
GRID*   2318            0               -0.412154203    -0.00600655624  *N2318  
*N2318  0.268165363     
GRID*   2319            0               -0.412740187    -0.00468612559  *N2319  
*N2319  0.271307475     
GRID*   2320            0               -0.413327454    -0.00266850765  *N2320  
*N2320  0.291183751     
GRID*   2321            0               -0.4124293      -0.00543469775  *N2321  
*N2321  0.289098531     
GRID*   2322            0               -0.411533548    -0.00709112861  *N2322  
*N2322  0.293626281     
GRID*   2323            0               -0.412632042    -0.00496156724  *N2323  
*N2323  0.292405016     
GRID*   2324            0               -0.413431407    0.00210295628   *N2324  
*N2324  0.28874122      
GRID*   2325            0               -0.413595538    -0.000343180558 *N2325  
*N2325  0.286886261     
GRID*   2326            0               -0.413596868    -0.000287512883 *N2326  
*N2326  0.289962485     
GRID*   2327            0               -0.413371495    0.0024454671    *N2327  
*N2327  0.282819032     
GRID*   2328            0               -0.413200097    -0.00322451951  *N2328  
*N2328  0.284801042     
GRID*   2329            0               -0.413593973    -0.000398842126 *N2329  
*N2329  0.283810037     
GRID*   2330            0               -0.410664814    -0.00829901144  *N2330  
*N2330  0.286783051     
GRID*   2331            0               -0.412208266    -0.00589956403  *N2331  
*N2331  0.285792046     
GRID*   2332            0               -0.399098806    0.0131357106    *N2332  
*N2332  0.0287991168    
GRID*   2333            0               -0.396542878    0.0126238904    *N2333  
*N2333  0.0264163899    
GRID*   2334            0               -0.398940095    0.0131190197    *N2334  
*N2334  0.0222805877    
GRID*   2335            0               -0.399019425    0.013127605     *N2335  
*N2335  0.0255398523    
GRID*   2336            0               -0.399257707    0.0131504816    *N2336  
*N2336  0.0353176459    
GRID*   2337            0               -0.395876848    0.0124008505    *N2337  
*N2337  0.0332216635    
GRID*   2338            0               -0.399178234    0.0131433362    *N2338  
*N2338  0.0320583814    
GRID*   2339            0               -0.392243693    0.0103785672    *N2339  
*N2339  0.0379309548    
GRID*   2340            0               -0.390363234    0.00857340815   *N2340  
*N2340  0.0355482278    
GRID*   2341            0               -0.39352815     0.0112702119    *N2341  
*N2341  0.0308389366    
GRID*   2342            0               -0.392872707    0.010843425     *N2342  
*N2342  0.0343849457    
GRID*   2343            0               -0.392099547    0.0102636488    *N2343  
*N2343  0.0281694651    
GRID*   2344            0               -0.39490903     0.0120037179    *N2344  
*N2344  0.0237469184    
GRID*   2345            0               -0.394207719    0.0116574294    *N2345  
*N2345  0.0272929275    
GRID*   2346            0               -0.399484505    0.0131682144    *N2346  
*N2346  0.0454659623    
GRID*   2347            0               -0.401365899    0.0131646131    *N2347  
*N2347  0.040988758     
GRID*   2348            0               -0.405244328    0.0122789449    *N2348  
*N2348  0.0421826657    
GRID*   2349            0               -0.402414109    0.0130454347    *N2349  
*N2349  0.043824314     
GRID*   2350            0               -0.39390315     0.0114904715    *N2350  
*N2350  0.048749259     
GRID*   2351            0               -0.395057439    0.0120705029    *N2351  
*N2351  0.0440487254    
GRID*   2352            0               -0.396600076    0.0126412254    *N2352  
*N2352  0.0471076107    
GRID*   2353            0               -0.390851043    0.00911358446   *N2353  
*N2353  0.0424081591    
GRID*   2354            0               -0.396827741    0.0127074374    *N2354  
*N2354  0.039571521     
GRID*   2355            0               -0.393597756    0.0113123595    *N2355  
*N2355  0.0409898401    
GRID*   2356            0               -0.403801586    0.0127541842    *N2356  
*N2356  0.0367348829    
GRID*   2357            0               -0.40031152     0.0131997035    *N2357  
*N2357  0.038153202     
GRID*   2358            0               -0.387466655    0.00263980874   *N2358  
*N2358  0.0337197786    
GRID*   2359            0               -0.388023507    0.00458938201   *N2359  
*N2359  0.036661163     
GRID*   2360            0               -0.387355717    0.00202155202   *N2360  
*N2360  0.0407154827    
GRID*   2361            0               -0.387407741    0.00233263901   *N2361  
*N2361  0.0372176307    
GRID*   2362            0               -0.387596331    0.00321030513   *N2362  
*N2362  0.0267240745    
GRID*   2363            0               -0.388496994    0.00570600158   *N2363  
*N2363  0.0295377727    
GRID*   2364            0               -0.38752865     0.00292717624   *N2364  
*N2364  0.0302219266    
GRID*   2365            0               -0.390625609    0.00887137466   *N2365  
*N2365  0.0252280806    
GRID*   2366            0               -0.389511273    0.00746160959   *N2366  
*N2366  0.0324791572    
GRID*   2367            0               -0.390044423    0.00818547679   *N2367  
*N2367  0.0288536189    
GRID*   2368            0               -0.388579493    0.00587499992   *N2368  
*N2368  0.0397302337    
GRID*   2369            0               -0.389017704    0.00668455993   *N2369  
*N2369  0.0361046954    
GRID*   2370            0               -0.412787514    0.00455954923   *N2370  
*N2370  0.0578769074    
GRID*   2371            0               -0.413575242    0.000808081714  *N2371  
*N2371  0.057933977     
GRID*   2372            0               -0.413548858    0.00116083203   *N2372  
*N2372  0.0633854404    
GRID*   2373            0               -0.413280776    0.00288541185   *N2373  
*N2373  0.0606311739    
GRID*   2374            0               -0.41286734     0.00433652446   *N2374  
*N2374  0.0530597866    
GRID*   2375            0               -0.412077695    0.0061539771    *N2375  
*N2375  0.0551226409    
GRID*   2376            0               -0.413592273    0.000451595968  *N2376  
*N2376  0.0489340778    
GRID*   2377            0               -0.413587621    0.000571525445  *N2377  
*N2377  0.0531168562    
GRID*   2378            0               -0.41337602     0.00242134391   *N2378  
*N2378  0.0509969322    
GRID*   2379            0               -0.413166563    -0.00335482726  *N2379  
*N2379  0.0525395832    
GRID*   2380            0               -0.413224709    -0.00312519455  *N2380  
*N2380  0.0573567041    
GRID*   2381            0               -0.413536848    -0.00128966385  *N2381  
*N2381  0.0552367801    
GRID*   2382            0               -0.412307881    -0.00569582086  *N2382  
*N2382  0.0405977115    
GRID*   2383            0               -0.412378025    -0.00554679263  *N2383  
*N2383  0.04438169      
GRID*   2384            0               -0.413320995    -0.00269960911  *N2384  
*N2384  0.0447658947    
GRID*   2385            0               -0.413286304    -0.00286062524  *N2385  
*N2385  0.0409819162    
GRID*   2386            0               -0.412904503    -0.00422816877  *N2386  
*N2386  0.0426818031    
GRID*   2387            0               -0.411018579    -0.00784128752  *N2387  
*N2387  0.0439289081    
GRID*   2388            0               -0.41091701     -0.00797699818  *N2388  
*N2388  0.0477814638    
GRID*   2389            0               -0.412305809    -0.00570014965  *N2389  
*N2389  0.0482342457    
GRID*   2390            0               -0.411712963    -0.0068012404   *N2390  
*N2390  0.0460815769    
GRID*   2391            0               -0.412079667    -0.00615023454  *N2391  
*N2391  0.0521553786    
GRID*   2392            0               -0.413285263    -0.00286530993  *N2392  
*N2392  0.0486184504    
GRID*   2393            0               -0.412791797    -0.00454789798  *N2393  
*N2393  0.0503869145    
GRID*   2394            0               -0.413585386    0.00062096572   *N2394  
*N2394  0.0450815222    
GRID*   2395            0               -0.413551358    -0.00113216107  *N2395  
*N2395  0.0468499863    
GRID*   2396            0               -0.38746784     -0.0026456073   *N2396  
*N2396  0.123394697     
GRID*   2397            0               -0.38848275     -0.0056761909   *N2397  
*N2397  0.119919083     
GRID*   2398            0               -0.387586912    -0.00317250335  *N2398  
*N2398  0.116714699     
GRID*   2399            0               -0.387524949    -0.00291085247  *N2399  
*N2399  0.120054698     
GRID*   2400            0               -0.389545785    -0.00751172467  *N2400  
*N2400  0.122935448     
GRID*   2401            0               -0.392052195    -0.0102251724   *N2401  
*N2401  0.119647853     
GRID*   2402            0               -0.390522179    -0.00875606396  *N2402  
*N2402  0.116631488     
GRID*   2403            0               -0.390015327    -0.00814853197  *N2403  
*N2403  0.119783468     
GRID*   2404            0               -0.393764368    -0.0114108892   *N2404  
*N2404  0.113531913     
GRID*   2405            0               -0.388967677    -0.00659863525  *N2405  
*N2405  0.113427104     
GRID*   2406            0               -0.391051086    -0.00931868045  *N2406  
*N2406  0.113479509     
GRID*   2407            0               -0.387649895    -0.00341684383  *N2407  
*N2407  0.113374699     
GRID*   2408            0               -0.387378716    -0.0021647549   *N2408  
*N2408  0.0946685128    
GRID*   2409            0               -0.387882204    -0.00418864821  *N2409  
*N2409  0.0900083078    
GRID*   2410            0               -0.387364759    -0.00207906188  *N2410  
*N2410  0.0880580363    
GRID*   2411            0               -0.387371671    -0.00212194252  *N2411  
*N2411  0.0913632746    
GRID*   2412            0               -0.388779539    -0.00626138142  *N2412  
*N2412  0.091701038     
GRID*   2413            0               -0.389857868    -0.0079437682   *N2413  
*N2413  0.0872983744    
GRID*   2414            0               -0.388657931    -0.00603024131  *N2414  
*N2414  0.0856056443    
GRID*   2415            0               -0.388718163    -0.00614611214  *N2415  
*N2415  0.0886533411    
GRID*   2416            0               -0.38965171     -0.00766252332  *N2416  
*N2416  0.0814605221    
GRID*   2417            0               -0.387827969    -0.00402293807  *N2417  
*N2417  0.0836553728    
GRID*   2418            0               -0.388598687    -0.00591346008  *N2418  
*N2418  0.0825579475    
GRID*   2419            0               -0.38735794     -0.00203584968  *N2419  
*N2419  0.0847527981    
GRID*   2420            0               -0.391323786    -0.00958448467  *N2420  
*N2420  0.0765960904    
GRID*   2421            0               -0.393222289    -0.0110779266   *N2421  
*N2421  0.0761382388    
GRID*   2422            0               -0.393333917    -0.0111494606   *N2422  
*N2422  0.0717316586    
GRID*   2423            0               -0.39229101     -0.0104155786   *N2423  
*N2423  0.0741638745    
GRID*   2424            0               -0.390774665    -0.00903288068  *N2424  
*N2424  0.0816323784    
GRID*   2425            0               -0.390441274    -0.00866393565  *N2425  
*N2425  0.0790283063    
GRID*   2426            0               -0.392581845    -0.0106356221   *N2426  
*N2426  0.0811745268    
GRID*   2427            0               -0.391121716    -0.00938900682  *N2427  
*N2427  0.0842364506    
GRID*   2428            0               -0.395963892    -0.0124322544   *N2428  
*N2428  0.0750506792    
GRID*   2429            0               -0.394207367    -0.011657242    *N2429  
*N2429  0.078112603     
GRID*   2430            0               -0.388383833    0.00546367329   *N2430  
*N2430  0.27715149      
GRID*   2431            0               -0.387604151    0.00324133366   *N2431  
*N2431  0.280904307     
GRID*   2432            0               -0.387500066    0.00279851687   *N2432  
*N2432  0.277653107     
GRID*   2433            0               -0.39061966     0.00886481568   *N2433  
*N2433  0.279535456     
GRID*   2434            0               -0.389782094    0.00784219776   *N2434  
*N2434  0.276649873     
GRID*   2435            0               -0.389199979    0.00698566625   *N2435  
*N2435  0.283288273     
GRID*   2436            0               -0.391516457    0.00976333278   *N2436  
*N2436  0.282421038     
GRID*   2437            0               -0.387710786    0.00363646073   *N2437  
*N2437  0.284155507     
GRID*   2438            0               -0.412416698    -0.00546250515  *N2438  
*N2438  0.170284796     
GRID*   2439            0               -0.413554179    -0.00109889601  *N2439  
*N2439  0.170175951     
GRID*   2440            0               -0.41355139     -0.00113178772  *N2440  
*N2440  0.165431003     
GRID*   2441            0               -0.412403       -0.00549253867  *N2441  
*N2441  0.165539849     
GRID*   2442            0               -0.413168984    -0.00334560247  *N2442  
*N2442  0.1678579       
GRID*   2443            0               -0.41350865     -0.00155025686  *N2443  
*N2443  0.174920273     
GRID*   2444            0               -0.413022742    0.00386087988   *N2444  
*N2444  0.170067732     
GRID*   2445            0               -0.4135471      0.00118058096   *N2445  
*N2445  0.172494002     
GRID*   2446            0               -0.410398523    0.00861797799   *N2446  
*N2446  0.16521519      
GRID*   2447            0               -0.413032357    0.00382930165   *N2447  
*N2447  0.165322784     
GRID*   2448            0               -0.411958023    0.00637590031   *N2448  
*N2448  0.167641461     
GRID*   2449            0               -0.413173291    0.00332911802   *N2449  
*N2449  0.160577211     
GRID*   2450            0               -0.413496651    -0.00164855627  *N2450  
*N2450  0.16068543      
GRID*   2451            0               -0.41355284     0.00111481152   *N2451  
*N2451  0.163004107     
GRID*   2452            0               -0.412505575    0.00526260923   *N2452  
*N2452  0.0336520223    
GRID*   2453            0               -0.410827306    0.00809390434   *N2453  
*N2453  0.0370549406    
GRID*   2454            0               -0.409010977    0.0100045524    *N2454  
*N2454  0.0351934526    
GRID*   2455            0               -0.411026165    0.00783100306   *N2455  
*N2455  0.0344227375    
GRID*   2456            0               -0.411887506    0.00650209297   *N2456  
*N2456  0.038855303     
GRID*   2457            0               -0.409061709    0.00996066254   *N2457  
*N2457  0.0405189844    
GRID*   2458            0               -0.410621944    0.00835175799   *N2458  
*N2458  0.0396871437    
GRID*   2459            0               -0.406909638    0.0114832318    *N2459  
*N2459  0.0386574964    
GRID*   2460            0               -0.407251778    0.0112824259    *N2460  
*N2460  0.0413508251    
GRID*   2461            0               -0.406561618    0.0116736654    *N2461  
*N2461  0.0359641678    
GRID*   2462            0               -0.393370063    -0.0111722863   *N2462  
*N2462  0.123369028     
GRID*   2463            0               -0.397022232    -0.0127605128   *N2463  
*N2463  0.120440273     
GRID*   2464            0               -0.395481863    -0.0122495687   *N2464  
*N2464  0.116719099     
GRID*   2465            0               -0.394401729    -0.0117584331   *N2465  
*N2465  0.120044063     
GRID*   2466            0               -0.398327692    -0.0130363161   *N2466  
*N2466  0.124695437     
GRID*   2467            0               -0.402595732    -0.0130160962   *N2467  
*N2467  0.121232694     
GRID*   2468            0               -0.40127051     -0.0131712646   *N2468  
*N2468  0.11697753      
GRID*   2469            0               -0.399795325    -0.013186143    *N2469  
*N2469  0.120836483     
GRID*   2470            0               -0.405693838    -0.0120919511   *N2470  
*N2470  0.112980798     
GRID*   2471            0               -0.399647628    -0.0131785407   *N2471  
*N2471  0.113256355     
GRID*   2472            0               -0.402734823    -0.0129918668   *N2472  
*N2472  0.113118576     
GRID*   2473            0               -0.396601737    -0.0126417246   *N2473  
*N2473  0.113394134     
GRID*   2474            0               -0.410047693    -0.00900899659  *N2474  
*N2474  0.124571923     
GRID*   2475            0               -0.406941536    -0.0114650908   *N2475  
*N2475  0.125297005     
GRID*   2476            0               -0.4075091      -0.0111220817   *N2476  
*N2476  0.130086398     
GRID*   2477            0               -0.40884475     -0.0101452547   *N2477  
*N2477  0.127329161     
GRID*   2478            0               -0.409566155    -0.00949850502  *N2478  
*N2478  0.118870056     
GRID*   2479            0               -0.411099024    -0.00773116355  *N2479  
*N2479  0.121814685     
GRID*   2480            0               -0.406336479    -0.0117897503   *N2480  
*N2480  0.119595138     
GRID*   2481            0               -0.407745362    -0.0109674819   *N2481  
*N2481  0.115925427     
GRID*   2482            0               -0.403269622    -0.0128843031   *N2482  
*N2482  0.126934561     
GRID*   2483            0               -0.404836932    -0.0124319601   *N2483  
*N2483  0.123264849     
GRID*   2484            0               -0.387492398    0.0027629356    *N2484  
*N2484  0.240066387     
GRID*   2485            0               -0.388302825    0.0052818884    *N2485  
*N2485  0.243153883     
GRID*   2486            0               -0.387478661    0.00269796278   *N2486  
*N2486  0.243484259     
GRID*   2487            0               -0.387520409    0.00289069975   *N2487  
*N2487  0.233230645     
GRID*   2488            0               -0.388410772    0.00552253644   *N2488  
*N2488  0.236350416     
GRID*   2489            0               -0.38750626     0.00282692015   *N2489  
*N2489  0.236648516     
GRID*   2490            0               -0.38999111     0.00811757431   *N2490  
*N2490  0.232666719     
GRID*   2491            0               -0.391819333    0.0100305607    *N2491  
*N2491  0.235754215     
GRID*   2492            0               -0.389753158    0.00780286837   *N2492  
*N2492  0.239437911     
GRID*   2493            0               -0.389870958    0.00796111042   *N2493  
*N2493  0.236052315     
GRID*   2494            0               -0.391425441    0.00967973598   *N2494  
*N2494  0.242493132     
GRID*   2495            0               -0.389637112    0.00764200459   *N2495  
*N2495  0.242823507     
GRID*   2496            0               -0.387380354    -0.00217458244  *N2496  
*N2496  0.30247936      
GRID*   2497            0               -0.388054903    -0.00467317771  *N2497  
*N2497  0.299221232     
GRID*   2498            0               -0.387453712    -0.00257558264  *N2498  
*N2498  0.295500649     
GRID*   2499            0               -0.387415587    -0.00237592281  *N2499  
*N2499  0.298990005     
GRID*   2500            0               -0.388793747    -0.00628767788  *N2500  
*N2500  0.303052508     
GRID*   2501            0               -0.390496764    -0.00872730817  *N2501  
*N2501  0.299683687     
GRID*   2502            0               -0.389415103    -0.00731929166  *N2502  
*N2502  0.295852411     
GRID*   2503            0               -0.389092654    -0.00681057455  *N2503  
*N2503  0.29945246      
GRID*   2504            0               -0.391620264    -0.00985678586  *N2504  
*N2504  0.292372898     
GRID*   2505            0               -0.390116405    -0.00827572768  *N2505  
*N2505  0.288652315     
GRID*   2506            0               -0.388359403    -0.00540962305  *N2506  
*N2506  0.292131829     
GRID*   2507            0               -0.389755006    -0.00780539001  *N2507  
*N2507  0.292252363     
GRID*   2508            0               -0.387535305    -0.00295628677  *N2508  
*N2508  0.288521939     
GRID*   2509            0               -0.387493231    -0.0027668238   *N2509  
*N2509  0.292011294     
GRID*   2510            0               -0.388869996    -0.00642642979  *N2510  
*N2510  0.0971566256    
GRID*   2511            0               -0.38888982     -0.00646186956  *N2511  
*N2511  0.0945261467    
GRID*   2512            0               -0.387942116    -0.00436361258  *N2512  
*N2512  0.0959125692    
GRID*   2513            0               -0.39189971     -0.0100987655   *N2513  
*N2513  0.0972088893    
GRID*   2514            0               -0.390119976    -0.00828016368  *N2514  
*N2514  0.098400682     
GRID*   2515            0               -0.391930817    -0.0101248674   *N2515  
*N2515  0.0945784104    
GRID*   2516            0               -0.393968918    -0.0115274099   *N2516  
*N2516  0.0960170967    
GRID*   2517            0               -0.390171116    -0.00834325629  *N2517  
*N2517  0.0931397242    
GRID*   2518            0               -0.387775128    -0.00385390742  *N2518  
*N2518  0.133362395     
GRID*   2519            0               -0.38738273     -0.00218876451  *N2519  
*N2519  0.130227814     
GRID*   2520            0               -0.387344672    -0.00194894793  *N2520  
*N2520  0.133644372     
GRID*   2521            0               -0.389437989    -0.00735352368  *N2521  
*N2521  0.132798442     
GRID*   2522            0               -0.388803717    -0.00630604555  *N2522  
*N2522  0.129698762     
GRID*   2523            0               -0.388477454    -0.00566505998  *N2523  
*N2523  0.133080419     
GRID*   2524            0               -0.390608435    -0.00885241512  *N2524  
*N2524  0.126070029     
GRID*   2525            0               -0.388085545    -0.0047533361   *N2525  
*N2525  0.12656418      
GRID*   2526            0               -0.389158575    -0.00691884092  *N2526  
*N2526  0.126317105     
GRID*   2527            0               -0.387423412    -0.00241829675  *N2527  
*N2527  0.126811255     
GRID*   2528            0               -0.388045213    -0.00464749765  *N2528  
*N2528  0.0218269017    
GRID*   2529            0               -0.387402479    -0.00230314093  *N2529  
*N2529  0.0195645845    
GRID*   2530            0               -0.387413031    -0.00236191215  *N2530  
*N2530  0.0229324821    
GRID*   2531            0               -0.390471622    -0.0086986964   *N2531  
*N2531  0.0196157408    
GRID*   2532            0               -0.388984481    -0.00662766347  *N2532  
*N2532  0.0174856461    
GRID*   2533            0               -0.389075782    -0.00678248404  *N2533  
*N2533  0.0207213212    
GRID*   2534            0               -0.390161749    -0.00833175909  *N2534  
*N2534  0.0132766131    
GRID*   2535            0               -0.387962709    -0.004421967    *N2535  
*N2535  0.0152233289    
GRID*   2536            0               -0.388894928    -0.00647096022  *N2536  
*N2536  0.014249971     
GRID*   2537            0               -0.387392083    -0.00224367714  *N2537  
*N2537  0.0161966868    
GRID*   2538            0               -0.401494739    -0.0131545257   *N2538  
*N2538  0.0194208995    
GRID*   2539            0               -0.397582799    -0.0128958668   *N2539  
*N2539  0.0219722224    
GRID*   2540            0               -0.401757737    -0.0131299867   *N2540  
*N2540  0.0231504632    
GRID*   2541            0               -0.397084556    -0.0127768473   *N2541  
*N2541  0.0148864282    
GRID*   2542            0               -0.401231302    -0.0131737974   *N2542  
*N2542  0.0156913357    
GRID*   2543            0               -0.393478062    -0.0112395184   *N2543  
*N2543  0.0174377511    
GRID*   2544            0               -0.393268004    -0.0111074133   *N2544  
*N2544  0.0140815207    
GRID*   2545            0               -0.393690566    -0.0113676514   *N2545  
*N2545  0.0207939816    
GRID*   2546            0               -0.41312303     -0.00351631985  *N2546  
*N2546  0.194540362     
GRID*   2547            0               -0.412099558    -0.0061123111   *N2547  
*N2547  0.195908401     
GRID*   2548            0               -0.412820726    -0.00446828375  *N2548  
*N2548  0.199413551     
GRID*   2549            0               -0.412980885    -0.00399516215  *N2549  
*N2549  0.196976956     
GRID*   2550            0               -0.412720188    -0.00473845678  *N2550  
*N2550  0.190975578     
GRID*   2551            0               -0.413246957    -0.00303244253  *N2551  
*N2551  0.192103767     
GRID*   2552            0               -0.411004166    -0.00786076703  *N2552  
*N2552  0.188719199     
GRID*   2553            0               -0.411448806    -0.00722245661  *N2553  
*N2553  0.192343617     
GRID*   2554            0               -0.411968004    -0.00635777419  *N2554  
*N2554  0.189847389     
GRID*   2555            0               -0.409314784    -0.00973481505  *N2555  
*N2555  0.193771291     
GRID*   2556            0               -0.410220305    -0.00882052182  *N2556  
*N2556  0.197336074     
GRID*   2557            0               -0.410865104    -0.00804497315  *N2557  
*N2557  0.194839846     
GRID*   2558            0               -0.39371933     0.0113845795    *N2558  
*N2558  0.124434955     
GRID*   2559            0               -0.396180313    0.0125073675    *N2559  
*N2559  0.127046074     
GRID*   2560            0               -0.393268419    0.0111076798    *N2560  
*N2560  0.133129047     
GRID*   2561            0               -0.393492487    0.0112483893    *N2561  
*N2561  0.128782001     
GRID*   2562            0               -0.394180977    0.0116431847    *N2562  
*N2562  0.115740864     
GRID*   2563            0               -0.396218202    0.0125200865    *N2563  
*N2563  0.118925485     
GRID*   2564            0               -0.393948858    0.0115161956    *N2564  
*N2564  0.120087909     
GRID*   2565            0               -0.398412993    0.0130495901    *N2565  
*N2565  0.113989517     
GRID*   2566            0               -0.401114829    0.0131806305    *N2566  
*N2566  0.116600636     
GRID*   2567            0               -0.398858185    0.0131096455    *N2567  
*N2567  0.121536604     
GRID*   2568            0               -0.398635333    0.0130815118    *N2568  
*N2568  0.11776306      
GRID*   2569            0               -0.402049316    0.0130965551    *N2569  
*N2569  0.12357422      
GRID*   2570            0               -0.399305163    0.0131545175    *N2570  
*N2570  0.12908369      
GRID*   2571            0               -0.399081483    0.0131339831    *N2571  
*N2571  0.125310147     
GRID*   2572            0               -0.403512204    0.0128278675    *N2572  
*N2572  0.299877313     
GRID*   2573            0               -0.40652711     0.0116918143    *N2573  
*N2573  0.299979945     
GRID*   2574            0               -0.40468575     0.0124848848    *N2574  
*N2574  0.302532959     
GRID*   2575            0               -0.403826379    0.0127475459    *N2575  
*N2575  0.294647278     
GRID*   2576            0               -0.402311959    0.0130607968    *N2576  
*N2576  0.297221667     
GRID*   2577            0               -0.406693989    0.0116028317    *N2577  
*N2577  0.2894985       
GRID*   2578            0               -0.406812468    0.011537775     *N2578  
*N2578  0.29474991      
GRID*   2579            0               -0.40529377     0.0122593237    *N2579  
*N2579  0.292072889     
GRID*   2580            0               -0.409746571    0.00932103027   *N2580  
*N2580  0.294873915     
GRID*   2581            0               -0.408227123    0.0106290235    *N2581  
*N2581  0.29742693      
GRID*   2582            0               -0.412744044    0.0046759576    *N2582  
*N2582  0.287381647     
GRID*   2583            0               -0.411065554    0.00777727123   *N2583  
*N2583  0.286158766     
GRID*   2584            0               -0.412261154    0.00579249784   *N2584  
*N2584  0.281596151     
GRID*   2585            0               -0.412515468    0.00523979346   *N2585  
*N2585  0.284488899     
GRID*   2586            0               -0.412156642    0.00600178067   *N2586  
*N2586  0.291807568     
GRID*   2587            0               -0.412946396    0.00410218806   *N2587  
*N2587  0.290274394     
GRID*   2588            0               -0.410148093    0.00890026351   *N2588  
*N2588  0.290584687     
GRID*   2589            0               -0.411081327    0.00775559436   *N2589  
*N2589  0.293340742     
GRID*   2590            0               -0.407928743    0.0108424178    *N2590  
*N2590  0.285072579     
GRID*   2591            0               -0.409092828    0.00993351619   *N2591  
*N2591  0.287828633     
GRID*   2592            0               -0.402583462    0.0130181601    *N2592  
*N2592  0.0810081839    
GRID*   2593            0               -0.398624904    0.0130801007    *N2593  
*N2593  0.0773751551    
GRID*   2594            0               -0.401244374    0.013172966     *N2594  
*N2594  0.0744189163    
GRID*   2595            0               -0.401915895    0.013112668     *N2595  
*N2595  0.0777135501    
GRID*   2596            0               -0.396533645    0.0126210657    *N2596  
*N2596  0.08017208      
GRID*   2597            0               -0.392571695    0.010628153     *N2597  
*N2597  0.0766983651    
GRID*   2598            0               -0.394392884    0.0117539168    *N2598  
*N2598  0.0739014402    
GRID*   2599            0               -0.395444262    0.0122344047    *N2599  
*N2599  0.0770367601    
GRID*   2600            0               -0.390513065    0.00874577162   *N2600  
*N2600  0.0705870393    
GRID*   2601            0               -0.39683375     0.012709125     *N2601  
*N2601  0.0709452014    
GRID*   2602            0               -0.393387576    0.0111832871    *N2602  
*N2602  0.0707661203    
GRID*   2603            0               -0.400570649    0.0131988969    *N2603  
*N2603  0.0711242825    
GRID*   2604            0               -0.39824274     0.0130225277    *N2604  
*N2604  0.256521768     
GRID*   2605            0               -0.400291851    0.013199557     *N2605  
*N2605  0.253283831     
GRID*   2606            0               -0.402922359    0.012956763     *N2606  
*N2606  0.256538134     
GRID*   2607            0               -0.400585487    0.0131986967    *N2607  
*N2607  0.256529951     
GRID*   2608            0               -0.395202764    0.0121337852    *N2608  
*N2608  0.253066475     
GRID*   2609            0               -0.395968329    0.0124338367    *N2609  
*N2609  0.256513585     
GRID*   2610            0               -0.393735029    0.0113937773    *N2610  
*N2610  0.246172257     
GRID*   2611            0               -0.39715072     0.0127938337    *N2611  
*N2611  0.249828538     
GRID*   2612            0               -0.394457367    0.0117866497    *N2612  
*N2612  0.249619366     
GRID*   2613            0               -0.399704885    0.0131816848    *N2613  
*N2613  0.246791589     
GRID*   2614            0               -0.402864881    0.0129678202    *N2614  
*N2614  0.250246882     
GRID*   2615            0               -0.399998269    0.0131938854    *N2615  
*N2615  0.25003771      
GRID*   2616            0               -0.412906871    0.0042211576    *N2616  
*N2616  0.0379481768    
GRID*   2617            0               -0.413082066    0.00366130996   *N2617  
*N2617  0.0419684126    
GRID*   2618            0               -0.412567973    0.00511668189   *N2618  
*N2618  0.0404118578    
GRID*   2619            0               -0.413539453    0.00126284051   *N2619  
*N2619  0.0373169693    
GRID*   2620            0               -0.413179961    0.00330342242   *N2620  
*N2620  0.0354844958    
GRID*   2621            0               -0.413582586    0.000677808618  *N2621  
*N2621  0.0413372051    
GRID*   2622            0               -0.413575194    -0.000808857338 *N2622  
*N2622  0.0391494427    
GRID*   2623            0               -0.413422757    0.00215587659   *N2623  
*N2623  0.0435249674    
GRID*   2624            0               -0.395074048    -0.0120778406   *N2624  
*N2624  0.281138272     
GRID*   2625            0               -0.396152798    -0.0124980507   *N2625  
*N2625  0.285220638     
GRID*   2626            0               -0.399084123    -0.0131342479   *N2626  
*N2626  0.284432977     
GRID*   2627            0               -0.397938355    -0.012968435    *N2627  
*N2627  0.280350611     
GRID*   2628            0               -0.397037342    -0.0127645027   *N2628  
*N2628  0.282785625     
GRID*   2629            0               -0.393129704    -0.0110173861   *N2629  
*N2629  0.286191093     
GRID*   2630            0               -0.394450348    -0.0117831082   *N2630  
*N2630  0.290090665     
GRID*   2631            0               -0.397624177    -0.0129048365   *N2631  
*N2631  0.28912021      
GRID*   2632            0               -0.395289056    -0.0121703843   *N2632  
*N2632  0.287655652     
GRID*   2633            0               -0.399500775    -0.0131693354   *N2633  
*N2633  0.292836989     
GRID*   2634            0               -0.402497214    -0.0130323325   *N2634  
*N2634  0.292049328     
GRID*   2635            0               -0.400609352    -0.0131983397   *N2635  
*N2635  0.288332549     
GRID*   2636            0               -0.400054759    -0.0131954844   *N2636  
*N2636  0.290584769     
GRID*   2637            0               -0.40322407     -0.0128943642   *N2637  
*N2637  0.287727682     
GRID*   2638            0               -0.401716451    -0.0131341903   *N2638  
*N2638  0.28382811      
GRID*   2639            0               -0.401163576    -0.0131778963   *N2639  
*N2639  0.28608033      
GRID*   2640            0               -0.408769604    -0.0102073369   *N2640  
*N2640  0.283912792     
GRID*   2641            0               -0.407336068    -0.0112308041   *N2641  
*N2641  0.287255367     
GRID*   2642            0               -0.409468483    -0.00959179981  *N2642  
*N2642  0.290125626     
GRID*   2643            0               -0.409124474    -0.00990573378  *N2643  
*N2643  0.287019209     
GRID*   2644            0               -0.405435052    -0.0122019772   *N2644  
*N2644  0.285015503     
GRID*   2645            0               -0.405265605    -0.0122705291   *N2645  
*N2645  0.289967545     
GRID*   2646            0               -0.405350448    -0.0122365464   *N2646  
*N2646  0.287491524     
GRID*   2647            0               -0.405095226    -0.012336728    *N2647  
*N2647  0.294919587     
GRID*   2648            0               -0.407651741    -0.0110296081   *N2648  
*N2648  0.292837804     
GRID*   2649            0               -0.40518053     -0.0123039234   *N2649  
*N2649  0.292443566     
GRID*   2650            0               -0.410122221    -0.00892851745  *N2650  
*N2650  0.296338459     
GRID*   2651            0               -0.409801203    -0.00926592582  *N2651  
*N2651  0.293232043     
GRID*   2652            0               -0.405237215    0.0122817488    *N2652  
*N2652  0.350872827     
GRID*   2653            0               -0.40710193     0.0113720768    *N2653  
*N2653  0.348614988     
GRID*   2654            0               -0.407440941    0.011165355     *N2654  
*N2654  0.351632811     
GRID*   2655            0               -0.400332911    0.0131998295    *N2655  
*N2655  0.349832733     
GRID*   2656            0               -0.402651983    0.0130064819    *N2656  
*N2656  0.346856125     
GRID*   2657            0               -0.40283428     0.0129735994    *N2657  
*N2657  0.350293015     
GRID*   2658            0               -0.400198739    0.0131984656    *N2658  
*N2658  0.3422982       
GRID*   2659            0               -0.402297015    0.0130629757    *N2659  
*N2659  0.339862815     
GRID*   2660            0               -0.404688652    0.0124838883    *N2660  
*N2660  0.34442074      
GRID*   2661            0               -0.402474692    0.0130359371    *N2661  
*N2661  0.34335947      
GRID*   2662            0               -0.406416883    0.0117489199    *N2662  
*N2662  0.34252658      
GRID*   2663            0               -0.406762197    0.0115655715    *N2663  
*N2663  0.345570784     
GRID*   2664            0               -0.413593891    -0.000401547514 *N2664  
*N2664  0.0848537171    
GRID*   2665            0               -0.413549896    0.0011490189    *N2665  
*N2665  0.0878870775    
GRID*   2666            0               -0.413494163    0.00166820168   *N2666  
*N2666  0.0848709315    
GRID*   2667            0               -0.412823488    -0.00446059872  *N2667  
*N2667  0.0848192883    
GRID*   2668            0               -0.413202215    -0.00321609691  *N2668  
*N2668  0.0874033699    
GRID*   2669            0               -0.413368481    -0.00246140135  *N2669  
*N2669  0.0848365027    
GRID*   2670            0               -0.412103393    -0.00610496452  *N2670  
*N2670  0.089503744     
GRID*   2671            0               -0.413491103    -0.00169204454  *N2671  
*N2671  0.0904367304    
GRID*   2672            0               -0.41299207     -0.00395976925  *N2672  
*N2672  0.0899702372    
GRID*   2673            0               -0.413585051    0.000628038082  *N2673  
*N2673  0.0909032236    
GRID*   2674            0               -0.409862162    -0.00920366729  *N2674  
*N2674  0.0772333336    
GRID*   2675            0               -0.409691308    -0.00937611808  *N2675  
*N2675  0.0816953054    
GRID*   2676            0               -0.411596856    -0.00699073707  *N2676  
*N2676  0.0810263109    
GRID*   2677            0               -0.410788601    -0.00814352346  *N2677  
*N2677  0.0791298222    
GRID*   2678            0               -0.406855572    -0.0115137131   *N2678  
*N2678  0.0825131368    
GRID*   2679            0               -0.409873682    -0.0091918092   *N2679  
*N2679  0.0860084404    
GRID*   2680            0               -0.408448794    -0.0104621656   *N2680  
*N2680  0.0842607886    
GRID*   2681            0               -0.411732009    -0.00676945958  *N2681  
*N2681  0.0853394459    
GRID*   2682            0               -0.411100433    -0.00772921243  *N2682  
*N2682  0.0877560922    
GRID*   2683            0               -0.412277734    -0.00575842245  *N2683  
*N2683  0.0829227996    
GRID*   2684            0               -0.404802695    -0.0124441262   *N2684  
*N2684  0.0441086716    
GRID*   2685            0               -0.407718077    -0.0109857067   *N2685  
*N2685  0.0418500933    
GRID*   2686            0               -0.406590621    -0.0116583108   *N2686  
*N2686  0.0375127003    
GRID*   2687            0               -0.405711211    -0.0120843302   *N2687  
*N2687  0.040810686     
GRID*   2688            0               -0.408630078    -0.0103201654   *N2688  
*N2688  0.0450992281    
GRID*   2689            0               -0.41030967     -0.00872000247  *N2689  
*N2689  0.0406797733    
GRID*   2690            0               -0.409505094    -0.00955705266  *N2690  
*N2690  0.0428895007    
GRID*   2691            0               -0.409394459    -0.00966124754  *N2691  
*N2691  0.0363423803    
GRID*   2692            0               -0.41103758     -0.00781549063  *N2692  
*N2692  0.0384700459    
GRID*   2693            0               -0.407436106    -0.0111684026   *N2693  
*N2693  0.0342147147    
GRID*   2694            0               -0.412200312    -0.0059154575   *N2694  
*N2694  0.255394152     
GRID*   2695            0               -0.412858348    -0.00436228956  *N2695  
*N2695  0.25259197      
GRID*   2696            0               -0.412002205    -0.00629514382  *N2696  
*N2696  0.250407133     
GRID*   2697            0               -0.411104667    -0.00772334797  *N2697  
*N2697  0.253209315     
GRID*   2698            0               -0.412102798    -0.00610610413  *N2698  
*N2698  0.252900643     
GRID*   2699            0               -0.413340207    -0.00260596329  *N2699  
*N2699  0.254335467     
GRID*   2700            0               -0.413584407    -0.000641409607 *N2700  
*N2700  0.251974625     
GRID*   2701            0               -0.413370631    -0.00245004719  *N2701  
*N2701  0.250231127     
GRID*   2702            0               -0.413355654    -0.00252805101  *N2702  
*N2702  0.252283297     
GRID*   2703            0               -0.413598644    -0.000189229099 *N2703  
*N2703  0.248311624     
GRID*   2704            0               -0.413399177    -0.00229377625  *N2704  
*N2704  0.246126787     
GRID*   2705            0               -0.412813181    -0.00448920269  *N2705  
*N2705  0.24804629      
GRID*   2706            0               -0.413385139    -0.00237195466  *N2706  
*N2706  0.248178957     
GRID*   2707            0               -0.411791886    -0.00666820376  *N2707  
*N2707  0.245420113     
GRID*   2708            0               -0.41066652     -0.0082969015   *N2708  
*N2708  0.247780956     
GRID*   2709            0               -0.411898558    -0.0064825268   *N2709  
*N2709  0.247913623     
GRID*   2710            0               -0.411884711    0.0065070282    *N2710  
*N2710  0.256846974     
GRID*   2711            0               -0.412498062    0.00527985723   *N2711  
*N2711  0.252851493     
GRID*   2712            0               -0.413241978    0.00305345907   *N2712  
*N2712  0.254410799     
GRID*   2713            0               -0.412855692    0.00436986767   *N2713  
*N2713  0.25840628      
GRID*   2714            0               -0.412685305    0.00482817485   *N2714  
*N2714  0.255628887     
GRID*   2715            0               -0.411273187    0.00748423735   *N2715  
*N2715  0.250661592     
GRID*   2716            0               -0.412074056    0.00616087849   *N2716  
*N2716  0.247296707     
GRID*   2717            0               -0.413032647    0.00382834477   *N2717  
*N2717  0.249486608     
GRID*   2718            0               -0.412294219    0.00572429505   *N2718  
*N2718  0.2500741       
GRID*   2719            0               -0.413423461    0.00215161904   *N2719  
*N2719  0.246752318     
GRID*   2720            0               -0.413511005    0.00153020805   *N2720  
*N2720  0.251045914     
GRID*   2721            0               -0.413470927    0.00184143386   *N2721  
*N2721  0.248899116     
GRID*   2722            0               -0.413568917    0.000905338496  *N2722  
*N2722  0.25533951      
GRID*   2723            0               -0.413543675    0.00121811747   *N2723  
*N2723  0.253192712     
GRID*   2724            0               -0.413391382    -0.00233751896  *N2724  
*N2724  0.309012397     
GRID*   2725            0               -0.412362164    -0.0055809169   *N2725  
*N2725  0.309985159     
GRID*   2726            0               -0.413115642    -0.0035429418   *N2726  
*N2726  0.311583573     
GRID*   2727            0               -0.41317373     -0.00332743544  *N2727  
*N2727  0.304392383     
GRID*   2728            0               -0.413553113    -0.00111158278  *N2728  
*N2728  0.306441221     
GRID*   2729            0               -0.411325186    -0.00740812538  *N2729  
*N2729  0.300294708     
GRID*   2730            0               -0.411898685    -0.00648230175  *N2730  
*N2730  0.305365146     
GRID*   2731            0               -0.412423837    -0.00544677387  *N2731  
*N2731  0.302343545     
GRID*   2732            0               -0.409912052    -0.00915209631  *N2732  
*N2732  0.306788333     
GRID*   2733            0               -0.411284568    -0.00746767579  *N2733  
*N2733  0.308386746     
GRID*   2734            0               -0.398873955    -0.0131114906   *N2734  
*N2734  0.276947787     
GRID*   2735            0               -0.400709368    -0.0131963742   *N2735  
*N2735  0.272074607     
GRID*   2736            0               -0.396954919    -0.0127425043   *N2736  
*N2736  0.270459077     
GRID*   2737            0               -0.397907599    -0.0129625591   *N2737  
*N2737  0.273703432     
GRID*   2738            0               -0.404490215    -0.0125503046   *N2738  
*N2738  0.273619635     
GRID*   2739            0               -0.406144334    -0.011884554    *N2739  
*N2739  0.268816958     
GRID*   2740            0               -0.402485055    -0.0130342835   *N2740  
*N2740  0.26727193      
GRID*   2741            0               -0.403497103    -0.0128315218   *N2741  
*N2741  0.270445783     
GRID*   2742            0               -0.404170561    -0.0126500146   *N2742  
*N2742  0.262539755     
GRID*   2743            0               -0.400428979    -0.0131999682   *N2743  
*N2743  0.260924224     
GRID*   2744            0               -0.39870369     -0.0130905512   *N2744  
*N2744  0.265656399     
GRID*   2745            0               -0.401460258    -0.0131573498   *N2745  
*N2745  0.264098077     
GRID*   2746            0               -0.39511139     -0.0120942384   *N2746  
*N2746  0.263970367     
GRID*   2747            0               -0.396021141    -0.0124525338   *N2747  
*N2747  0.267214722     
GRID*   2748            0               -0.412745617    -0.00467180314  *N2748  
*N2748  0.264157347     
GRID*   2749            0               -0.411062018    -0.00778211837  *N2749  
*N2749  0.262479136     
GRID*   2750            0               -0.410137429    -0.00891192873  *N2750  
*N2750  0.266487152     
GRID*   2751            0               -0.411643216    -0.00691593115  *N2751  
*N2751  0.26532225      
GRID*   2752            0               -0.411861569    -0.00654770415  *N2752  
*N2752  0.258668112     
GRID*   2753            0               -0.409703927    -0.00936359705  *N2753  
*N2753  0.256792909     
GRID*   2754            0               -0.408604511    -0.010340503    *N2754  
*N2754  0.260603933     
GRID*   2755            0               -0.41041424     -0.00859970887  *N2755  
*N2755  0.259636023     
GRID*   2756            0               -0.405544441    -0.0121562629   *N2756  
*N2756  0.258531738     
GRID*   2757            0               -0.40741243     -0.0111832835   *N2757  
*N2757  0.26461195      
GRID*   2758            0               -0.406497872    -0.0117070898   *N2758  
*N2758  0.261571844     
GRID*   2759            0               -0.408282282    -0.0105881833   *N2759  
*N2759  0.267652055     
GRID*   2760            0               -0.413087606    -0.00364206657  *N2760  
*N2760  0.260277771     
GRID*   2761            0               -0.413266708    -0.00294751271  *N2761  
*N2761  0.257003811     
GRID*   2762            0               -0.41269661     -0.00479931134  *N2762  
*N2762  0.257835962     
GRID*   2763            0               -0.413541233    -0.00124418825  *N2763  
*N2763  0.265161389     
GRID*   2764            0               -0.413599022    -0.000160687204 *N2764  
*N2764  0.261281813     
GRID*   2765            0               -0.413369953    -0.00245363318  *N2765  
*N2765  0.26271958      
GRID*   2766            0               -0.413074669    0.00368683665   *N2766  
*N2766  0.26168024      
GRID*   2767            0               -0.413588264    0.00055650642   *N2767  
*N2767  0.258007854     
GRID*   2768            0               -0.413425842    0.00213715582   *N2768  
*N2768  0.259844047     
GRID*   2769            0               -0.41355958     -0.00103220706  *N2769  
*N2769  0.256171661     
GRID*   2770            0               -0.396966852    -0.0127457246   *N2770  
*N2770  0.258476238     
GRID*   2771            0               -0.394250703    -0.0116801606   *N2771  
*N2771  0.256329067     
GRID*   2772            0               -0.3946773      -0.0118949866   *N2772  
*N2772  0.260149717     
GRID*   2773            0               -0.401816182    -0.0131238115   *N2773  
*N2773  0.255129279     
GRID*   2774            0               -0.398325488    -0.0130359657   *N2774  
*N2774  0.252681293     
GRID*   2775            0               -0.399373951    -0.0131600617   *N2775  
*N2775  0.256802758     
GRID*   2776            0               -0.39913035     -0.0131387971   *N2776  
*N2776  0.246585532     
GRID*   2777            0               -0.395512389    -0.0122617804   *N2777  
*N2777  0.250534122     
GRID*   2778            0               -0.397290296    -0.0128284739   *N2778  
*N2778  0.248559827     
GRID*   2779            0               -0.393832158    -0.0114500415   *N2779  
*N2779  0.252508417     
GRID*   2780            0               -0.408804637    -0.0101785102   *N2780  
*N2780  0.250585703     
GRID*   2781            0               -0.407034757    -0.011411398    *N2781  
*N2781  0.254169297     
GRID*   2782            0               -0.409263652    -0.00978139401  *N2782  
*N2782  0.253689306     
GRID*   2783            0               -0.407834306    -0.010907387    *N2783  
*N2783  0.244378496     
GRID*   2784            0               -0.405508513    -0.0121714049   *N2784  
*N2784  0.247183244     
GRID*   2785            0               -0.408327853    -0.0105541059   *N2785  
*N2785  0.2474821       
GRID*   2786            0               -0.401287085    -0.0131701587   *N2786  
*N2786  0.243001938     
GRID*   2787            0               -0.403458075    -0.0128408792   *N2787  
*N2787  0.250766838     
GRID*   2788            0               -0.402379439    -0.0130507403   *N2788  
*N2788  0.246884388     
GRID*   2789            0               -0.404515518    -0.0125420297   *N2789  
*N2789  0.254649288     
GRID*   2790            0               -0.396000336    0.0124451981    *N2790  
*N2790  0.0204141461    
GRID*   2791            0               -0.397497657    0.0128769719    *N2791  
*N2791  0.0173605718    
GRID*   2792            0               -0.398215521    0.0130179895    *N2792  
*N2792  0.0198205798    
GRID*   2793            0               -0.392029122    0.0102062919    *N2793  
*N2793  0.0216012787    
GRID*   2794            0               -0.392971739    0.0109115052    *N2794  
*N2794  0.0182685064    
GRID*   2795            0               -0.393917341    0.011498484     *N2795  
*N2795  0.0210077124    
GRID*   2796            0               -0.390188407    0.00836441107   *N2796  
*N2796  0.0158436688    
GRID*   2797            0               -0.39430942     0.0117108855    *N2797  
*N2797  0.0152149321    
GRID*   2798            0               -0.392078947    0.0102469542    *N2798  
*N2798  0.0155293005    
GRID*   2799            0               -0.396788708    0.0126964       *N2799  
*N2799  0.0149005638    
GRID*   2800            0               -0.402212481    -0.0130749728   *N2800  
*N2800  0.280981645     
GRID*   2801            0               -0.403144727    -0.0129114862   *N2801  
*N2801  0.27757882      
GRID*   2802            0               -0.400544377    -0.0131992104   *N2802  
*N2802  0.278964716     
GRID*   2803            0               -0.405893146    -0.0120027226   *N2803  
*N2803  0.282169039     
GRID*   2804            0               -0.403851479    -0.0127407728   *N2804  
*N2804  0.282998574     
GRID*   2805            0               -0.406739097    -0.0115782492   *N2805  
*N2805  0.278766214     
GRID*   2806            0               -0.407786225    -0.0109400037   *N2806  
*N2806  0.281339503     
GRID*   2807            0               -0.405637256    -0.0121165649   *N2807  
*N2807  0.276192925     
GRID*   2808            0               -0.388787805    -0.00627669757  *N2808  
*N2808  0.285606917     
GRID*   2809            0               -0.387677041    -0.00351657727  *N2809  
*N2809  0.28210772      
GRID*   2810            0               -0.387603487    -0.00323871149  *N2810  
*N2810  0.285314829     
GRID*   2811            0               -0.391254812    -0.009518694    *N2811  
*N2811  0.283145695     
GRID*   2812            0               -0.390665749    -0.00891539979  *N2812  
*N2812  0.285899005     
GRID*   2813            0               -0.3893553      -0.00722873435  *N2813  
*N2813  0.279646498     
GRID*   2814            0               -0.391863137    -0.0100678686   *N2814  
*N2814  0.280392385     
GRID*   2815            0               -0.387750731    -0.0037730617   *N2815  
*N2815  0.278900611     
GRID*   2816            0               -0.388169788    0.00496607566   *N2816  
*N2816  0.0435251376    
GRID*   2817            0               -0.38755352     0.00303446118   *N2817  
*N2817  0.0474517711    
GRID*   2818            0               -0.387445456    0.00253373224   *N2818  
*N2818  0.0440836269    
GRID*   2819            0               -0.390190422    0.00836687033   *N2819  
*N2819  0.046203063     
GRID*   2820            0               -0.389314717    0.00716634424   *N2820  
*N2820  0.0429666484    
GRID*   2821            0               -0.389029493    0.00670459351   *N2821  
*N2821  0.0501296965    
GRID*   2822            0               -0.391151391    0.00941823917   *N2822  
*N2822  0.0494394777    
GRID*   2823            0               -0.387666668    0.00347883003   *N2823  
*N2823  0.0508199153    
GRID*   2824            0               -0.406283962    0.0118160482    *N2824  
*N2824  0.209576763     
GRID*   2825            0               -0.403982394    0.0127045839    *N2825  
*N2825  0.212541818     
GRID*   2826            0               -0.403856344    0.012739454     *N2826  
*N2826  0.209519224     
GRID*   2827            0               -0.410370605    0.00865026248   *N2827  
*N2827  0.209691841     
GRID*   2828            0               -0.408645739    0.0103076569    *N2828  
*N2828  0.212361933     
GRID*   2829            0               -0.408483772    0.0104351632    *N2829  
*N2829  0.209634302     
GRID*   2830            0               -0.410683279    0.00827612009   *N2830  
*N2830  0.214852139     
GRID*   2831            0               -0.406583609    0.0116620314    *N2831  
*N2831  0.215326988     
GRID*   2832            0               -0.408805695    0.010177637     *N2832  
*N2832  0.215089564     
GRID*   2833            0               -0.404108093    0.0126684665    *N2833  
*N2833  0.215564412     
GRID*   2834            0               -0.413216631    0.00315816089   *N2834  
*N2834  0.211536535     
GRID*   2835            0               -0.412401531    0.00549574902   *N2835  
*N2835  0.209614058     
GRID*   2836            0               -0.413060733    0.00373441289   *N2836  
*N2836  0.209575167     
GRID*   2837            0               -0.412768643    0.00461049613   *N2837  
*N2837  0.213949316     
GRID*   2838            0               -0.413346315    0.00257544954   *N2838  
*N2838  0.213497904     
GRID*   2839            0               -0.411690241    0.00683889349   *N2839  
*N2839  0.212026839     
GRID*   2840            0               -0.411873299    0.00652712835   *N2840  
*N2840  0.214400727     
GRID*   2841            0               -0.411498713    0.00714552836   *N2841  
*N2841  0.20965295      
GRID*   2842            0               -0.387343737    0.00194267582   *N2842  
*N2842  0.22006237      
GRID*   2843            0               -0.38792475     0.00431371448   *N2843  
*N2843  0.223498296     
GRID*   2844            0               -0.387425735    0.00243072918   *N2844  
*N2844  0.226646507     
GRID*   2845            0               -0.387382576    0.00218784463   *N2845  
*N2845  0.223354439     
GRID*   2846            0               -0.388474917    0.00565971621   *N2846  
*N2846  0.220633966     
GRID*   2847            0               -0.390003814    0.00813383813   *N2847  
*N2847  0.223786012     
GRID*   2848            0               -0.389172238    0.00694099085   *N2848  
*N2848  0.226650342     
GRID*   2849            0               -0.388805864    0.00630999356   *N2849  
*N2849  0.223642154     
GRID*   2850            0               -0.391299137    0.00956108226   *N2850  
*N2850  0.229518508     
GRID*   2851            0               -0.388272976    0.00521299255   *N2851  
*N2851  0.229798553     
GRID*   2852            0               -0.38956569     0.00754040677   *N2852  
*N2852  0.229658531     
GRID*   2853            0               -0.387471196    0.00266196015   *N2853  
*N2853  0.229938576     
GRID*   2854            0               -0.387430704    -0.00245710308  *N2854  
*N2854  0.0482115645    
GRID*   2855            0               -0.388004315    -0.0045372888   *N2855  
*N2855  0.0444149855    
GRID*   2856            0               -0.38740269     -0.00230432883  *N2856  
*N2856  0.0445285508    
GRID*   2857            0               -0.387490087    -0.00275211586  *N2857  
*N2857  0.055577592     
GRID*   2858            0               -0.388228011    -0.00510712069  *N2858  
*N2858  0.0522790225    
GRID*   2859            0               -0.387459621    -0.00260511047  *N2859  
*N2859  0.0518945783    
GRID*   2860            0               -0.389734841    -0.00777781415  *N2860  
*N2860  0.05684449      
GRID*   2861            0               -0.39114454     -0.0094115069   *N2861  
*N2861  0.0530479109    
GRID*   2862            0               -0.389222722    -0.00702199743  *N2862  
*N2862  0.0484824434    
GRID*   2863            0               -0.389472245    -0.0074043347   *N2863  
*N2863  0.0526634667    
GRID*   2864            0               -0.390312563    -0.00851373103  *N2864  
*N2864  0.0441878548    
GRID*   2865            0               -0.388983971    -0.0066267852   *N2865  
*N2865  0.0443014201    
GRID*   2866            0               -0.38737769     0.00215857462   *N2866  
*N2866  0.212837385     
GRID*   2867            0               -0.387837175    0.00405159433   *N2867  
*N2867  0.216557192     
GRID*   2868            0               -0.387360288    0.00205083432   *N2868  
*N2868  0.216449877     
GRID*   2869            0               -0.387414393    0.00236939117   *N2869  
*N2869  0.2056124       
GRID*   2870            0               -0.38797666     0.00446101118   *N2870  
*N2870  0.20897524      
GRID*   2871            0               -0.38739564     0.00226420381   *N2871  
*N2871  0.209224892     
GRID*   2872            0               -0.389087979    0.00680280629   *N2872  
*N2872  0.204756127     
GRID*   2873            0               -0.388768477    0.00624080749   *N2873  
*N2873  0.212695046     
GRID*   2874            0               -0.388924787    0.00652376313   *N2874  
*N2874  0.208725587     
GRID*   2875            0               -0.388618114    0.00595207195   *N2875  
*N2875  0.216664506     
GRID*   2876            0               -0.387509324    -0.00284085724  *N2876  
*N2876  0.0623028815    
GRID*   2877            0               -0.388384914    -0.00546604957  *N2877  
*N2877  0.0595023216    
GRID*   2878            0               -0.387499636    -0.00279653542  *N2878  
*N2878  0.0589402368    
GRID*   2879            0               -0.388460807    -0.00562989164  *N2879  
*N2879  0.0660848829    
GRID*   2880            0               -0.387519065    -0.00288470389  *N2880  
*N2880  0.0656655263    
GRID*   2881            0               -0.392001575    -0.0101836367   *N2881  
*N2881  0.066923596     
GRID*   2882            0               -0.389896983    -0.00799541315  *N2882  
*N2882  0.063284323     
GRID*   2883            0               -0.389979404    -0.00810254147  *N2883  
*N2883  0.0665042394    
GRID*   2884            0               -0.391726141    -0.00995008435  *N2884  
*N2884  0.0606264913    
GRID*   2885            0               -0.389815353    -0.00788703032  *N2885  
*N2885  0.0600644065    
GRID*   2886            0               -0.387977785    0.0044641422    *N2886  
*N2886  0.0165068567    
GRID*   2887            0               -0.387458223    0.00259815558   *N2887  
*N2887  0.0201336586    
GRID*   2888            0               -0.387396155    0.00226716101   *N2888  
*N2888  0.0168384507    
GRID*   2889            0               -0.389436464    0.00735125007   *N2889  
*N2889  0.0191928687    
GRID*   2890            0               -0.388916301    0.00650881385   *N2890  
*N2890  0.0161752628    
GRID*   2891            0               -0.388478685    0.00566764975   *N2891  
*N2891  0.0228196706    
GRID*   2892            0               -0.390003217    0.00813307476   *N2892  
*N2892  0.0222104747    
GRID*   2893            0               -0.387524       0.00290665192   *N2893  
*N2893  0.0234288666    
GRID*   2894            0               -0.388387458    -0.0054716401   *N2894  
*N2894  0.161224956     
GRID*   2895            0               -0.387563639    -0.00307698541  *N2895  
*N2895  0.157671569     
GRID*   2896            0               -0.387500556    -0.00280077608  *N2896  
*N2896  0.161311688     
GRID*   2897            0               -0.391705359    -0.0099319289   *N2897  
*N2897  0.161051491     
GRID*   2898            0               -0.39032715     -0.00853098415  *N2898  
*N2898  0.157085885     
GRID*   2899            0               -0.389808947    -0.00787842624  *N2899  
*N2899  0.161138224     
GRID*   2900            0               -0.39346941     -0.0112341851   *N2900  
*N2900  0.152534593     
GRID*   2901            0               -0.388883411    -0.00645043943  *N2901  
*N2901  0.153532498     
GRID*   2902            0               -0.390871324    -0.00913478698  *N2902  
*N2902  0.153033546     
GRID*   2903            0               -0.387628122    -0.00333453448  *N2903  
*N2903  0.15403145      
GRID*   2904            0               -0.392747401    -0.0107553585   *N2904  
*N2904  0.165674627     
GRID*   2905            0               -0.395948397    -0.0124267145   *N2905  
*N2905  0.162932964     
GRID*   2906            0               -0.394722202    -0.0119164848   *N2906  
*N2906  0.158309829     
GRID*   2907            0               -0.393709565    -0.0113788435   *N2907  
*N2907  0.161992228     
GRID*   2908            0               -0.39712409     -0.0127870408   *N2908  
*N2908  0.166404        
GRID*   2909            0               -0.400810413    -0.0131936182   *N2909  
*N2909  0.164814437     
GRID*   2910            0               -0.399580891    -0.0131745611   *N2910  
*N2910  0.161343401     
GRID*   2911            0               -0.398343343    -0.0130387944   *N2911  
*N2911  0.1638737       
GRID*   2912            0               -0.403374152    -0.0128605761   *N2912  
*N2912  0.160905938     
GRID*   2913            0               -0.402066773    -0.0130943449   *N2913  
*N2913  0.156282802     
GRID*   2914            0               -0.39826116     -0.0130255657   *N2914  
*N2914  0.156720266     
GRID*   2915            0               -0.400825725    -0.013193133    *N2915  
*N2915  0.158813102     
GRID*   2916            0               -0.396868016    -0.0127186905   *N2916  
*N2916  0.15094503      
GRID*   2917            0               -0.395777673    -0.0123642264   *N2917  
*N2917  0.15462743      
GRID*   2918            0               -0.409029653    -0.00998844819  *N2918  
*N2918  0.147177749     
GRID*   2919            0               -0.405443024    -0.0121986849   *N2919  
*N2919  0.147144093     
GRID*   2920            0               -0.405777336    -0.0120550511   *N2920  
*N2920  0.151730276     
GRID*   2921            0               -0.409301682    -0.0097467971   *N2921  
*N2921  0.151763932     
GRID*   2922            0               -0.407479311    -0.0111410662   *N2922  
*N2922  0.149454012     
GRID*   2923            0               -0.405307248    -0.0122539349   *N2923  
*N2923  0.14279722      
GRID*   2924            0               -0.400979428    -0.0131872766   *N2924  
*N2924  0.142524253     
GRID*   2925            0               -0.401125835    -0.0131800289   *N2925  
*N2925  0.146871125     
GRID*   2926            0               -0.403254351    -0.012887695    *N2926  
*N2926  0.144834173     
GRID*   2927            0               -0.396518797    -0.0126165075   *N2927  
*N2927  0.146358847     
GRID*   2928            0               -0.401488836    -0.0131550156   *N2928  
*N2928  0.151457308     
GRID*   2929            0               -0.398978091    -0.0131231922   *N2929  
*N2929  0.148908078     
GRID*   2930            0               -0.406302704    -0.0118066967   *N2930  
*N2930  0.15655577      
GRID*   2931            0               -0.403960183    -0.0127108261   *N2931  
*N2931  0.154006539     
GRID*   2932            0               -0.41337827     0.00240925545   *N2932  
*N2932  0.266399073     
GRID*   2933            0               -0.412398105    0.00550322393   *N2933  
*N2933  0.267376021     
GRID*   2934            0               -0.411791942    0.0066681074    *N2934  
*N2934  0.262657188     
GRID*   2935            0               -0.412769772    0.00460746547   *N2935  
*N2935  0.26452813      
GRID*   2936            0               -0.413512091    0.0015208793    *N2936  
*N2936  0.271378641     
GRID*   2937            0               -0.413599267    0.000139110733  *N2937  
*N2937  0.268270015     
GRID*   2938            0               -0.412907531    0.00421920372   *N2938  
*N2938  0.277595892     
GRID*   2939            0               -0.412744651    0.00467435366   *N2939  
*N2939  0.272355589     
GRID*   2940            0               -0.413280663    0.00288591607   *N2940  
*N2940  0.274487267     
GRID*   2941            0               -0.411462835    0.00720094948   *N2941  
*N2941  0.273071802     
GRID*   2942            0               -0.410947396    0.00793677733   *N2942  
*N2942  0.268092234     
GRID*   2943            0               -0.411961674    0.00636927687   *N2943  
*N2943  0.270223911     
GRID*   2944            0               -0.394896625    -0.0119980359   *N2944  
*N2944  0.126806779     
GRID*   2945            0               -0.396539552    -0.0126228736   *N2945  
*N2945  0.129654871     
GRID*   2946            0               -0.400078151    -0.0131960757   *N2946  
*N2946  0.127543529     
GRID*   2947            0               -0.397426427    -0.0128607101   *N2947  
*N2947  0.127175154     
GRID*   2948            0               -0.391854503    -0.0100605411   *N2948  
*N2948  0.129507781     
GRID*   2949            0               -0.39259247     -0.0106434238   *N2949  
*N2949  0.126438404     
GRID*   2950            0               -0.390512213    -0.00874480796  *N2950  
*N2950  0.135646534     
GRID*   2951            0               -0.393266974    -0.0111067518   *N2951  
*N2951  0.132355873     
GRID*   2952            0               -0.391159909    -0.00942659665  *N2952  
*N2952  0.132577158     
GRID*   2953            0               -0.394826041    -0.0119654077   *N2953  
*N2953  0.134614305     
GRID*   2954            0               -0.398272836    -0.0130274777   *N2954  
*N2954  0.131913303     
GRID*   2955            0               -0.395671356    -0.0123239573   *N2955  
*N2955  0.132134588     
GRID*   2956            0               -0.404219044    -0.0126354622   *N2956  
*N2956  0.130721003     
GRID*   2957            0               -0.404754733    -0.0124609911   *N2957  
*N2957  0.134533082     
GRID*   2958            0               -0.407977215    -0.0108085989   *N2958  
*N2958  0.133898477     
GRID*   2959            0               -0.406170878    -0.0118716875   *N2959  
*N2959  0.13230974      
GRID*   2960            0               -0.40105956     -0.0131835117   *N2960  
*N2960  0.131329971     
GRID*   2961            0               -0.402170922    -0.0130806665   *N2961  
*N2961  0.129132266     
GRID*   2962            0               -0.39883067     -0.0131063802   *N2962  
*N2962  0.135725382     
GRID*   2963            0               -0.401621513    -0.0131433597   *N2963  
*N2963  0.13514205      
GRID*   2964            0               -0.399943483    -0.0131921034   *N2964  
*N2964  0.133527676     
GRID*   2965            0               -0.401765955    -0.0131291343   *N2965  
*N2965  0.138979765     
GRID*   2966            0               -0.404891483    -0.0124123561   *N2966  
*N2966  0.138370797     
GRID*   2967            0               -0.403279787    -0.0128820351   *N2967  
*N2967  0.136756423     
GRID*   2968            0               -0.395552465    -0.0122776792   *N2968  
*N2968  0.169239471     
GRID*   2969            0               -0.398846519    -0.0131082683   *N2969  
*N2969  0.172546313     
GRID*   2970            0               -0.400496095    -0.0131996502   *N2970  
*N2970  0.169710842     
GRID*   2971            0               -0.397979969    -0.0129762648   *N2971  
*N2971  0.169475156     
GRID*   2972            0               -0.393875815    -0.0114749731   *N2972  
*N2972  0.172332944     
GRID*   2973            0               -0.393302482    -0.0111294762   *N2973  
*N2973  0.169003785     
GRID*   2974            0               -0.395071296    -0.0120766267   *N2974  
*N2974  0.17899126      
GRID*   2975            0               -0.397020527    -0.0127600613   *N2975  
*N2975  0.175639786     
GRID*   2976            0               -0.394465925    -0.0117909608   *N2976  
*N2976  0.175662102     
GRID*   2977            0               -0.400596319    -0.01319854     *N2977  
*N2977  0.178688626     
GRID*   2978            0               -0.402448449    -0.0130400865   *N2978  
*N2978  0.175595153     
GRID*   2979            0               -0.39971992     -0.0131824691   *N2979  
*N2979  0.175617469     
GRID*   2980            0               -0.402308222    -0.0130613433   *N2980  
*N2980  0.205417517     
GRID*   2981            0               -0.398741142    -0.0130953499   *N2981  
*N2981  0.206467787     
GRID*   2982            0               -0.39847329     -0.0130586289   *N2982  
*N2982  0.210188613     
GRID*   2983            0               -0.400390657    -0.0131999967   *N2983  
*N2983  0.207803065     
GRID*   2984            0               -0.399223627    -0.0131474768   *N2984  
*N2984  0.203446829     
GRID*   2985            0               -0.395545592    -0.0122749634   *N2985  
*N2985  0.203797232     
GRID*   2986            0               -0.395097665    -0.0120882276   *N2986  
*N2986  0.206818189     
GRID*   2987            0               -0.397117636    -0.0127853855   *N2987  
*N2987  0.205132509     
GRID*   2988            0               -0.391725854    -0.00994983377  *N2988  
*N2988  0.206468724     
GRID*   2989            0               -0.391523895    -0.00977009556  *N2989  
*N2989  0.21018955      
GRID*   2990            0               -0.394851204    -0.0119770974   *N2990  
*N2990  0.210539015     
GRID*   2991            0               -0.393216653    -0.0110742734   *N2991  
*N2991  0.20850387      
GRID*   2992            0               -0.394800982    -0.011953702    *N2992  
*N2992  0.214959708     
GRID*   2993            0               -0.396596796    -0.0126402388   *N2993  
*N2993  0.212574161     
GRID*   2994            0               -0.387398499    -0.00228056597  *N2994  
*N2994  0.199527162     
GRID*   2995            0               -0.388000363    -0.00452647794  *N2995  
*N2995  0.196361458     
GRID*   2996            0               -0.387404786    -0.00231612241  *N2996  
*N2996  0.192572805     
GRID*   2997            0               -0.387401631    -0.00229835057  *N2997  
*N2997  0.196049984     
GRID*   2998            0               -0.387392287    -0.00224485946  *N2998  
*N2998  0.20648152      
GRID*   2999            0               -0.387975739    -0.00445844622  *N2999  
*N2999  0.203402155     
GRID*   3000            0               -0.387395381    -0.00226271905  *N3000  
*N3000  0.203004341     
GRID*   3001            0               -0.38889713     -0.00647487382  *N3001  
*N3001  0.207363487     
GRID*   3002            0               -0.390211693    -0.00839275928  *N3002  
*N3002  0.204197782     
GRID*   3003            0               -0.388950787    -0.0065692856   *N3003  
*N3003  0.20023645      
GRID*   3004            0               -0.388923861    -0.00652213489  *N3004  
*N3004  0.203799968     
GRID*   3005            0               -0.390304307    -0.00850393971  *N3005  
*N3005  0.196984406     
GRID*   3006            0               -0.38900515     -0.00666313627  *N3006  
*N3006  0.193109414     
GRID*   3007            0               -0.388977872    -0.00661626677  *N3007  
*N3007  0.196672932     
GRID*   3008            0               -0.397073596    -0.0127739984   *N3008  
*N3008  0.193392627     
GRID*   3009            0               -0.394299876    -0.011705917    *N3009  
*N3009  0.196323988     
GRID*   3010            0               -0.396301991    -0.0125477615   *N3010  
*N3010  0.19859493      
GRID*   3011            0               -0.399213308    -0.0131465494   *N3011  
*N3011  0.195663569     
GRID*   3012            0               -0.39668607     -0.0126667567   *N3012  
*N3012  0.195993778     
GRID*   3013            0               -0.392288363    -0.0104135174   *N3013  
*N3013  0.193382688     
GRID*   3014            0               -0.392003907    -0.0101855595   *N3014  
*N3014  0.199925706     
GRID*   3015            0               -0.392145348    -0.0103005204   *N3015  
*N3015  0.196654197     
GRID*   3016            0               -0.393787792    -0.0114244781   *N3016  
*N3016  0.202196648     
GRID*   3017            0               -0.391864067    -0.0100686565   *N3017  
*N3017  0.203197215     
GRID*   3018            0               -0.398197998    -0.0130150369   *N3018  
*N3018  0.200195513     
GRID*   3019            0               -0.395921714    -0.0124171234   *N3019  
*N3019  0.201196081     
GRID*   3020            0               -0.406229911    -0.0118428093   *N3020  
*N3020  0.313691032     
GRID*   3021            0               -0.403915098    -0.0127233676   *N3021  
*N3021  0.315788215     
GRID*   3022            0               -0.405745568    -0.0120691715   *N3022  
*N3022  0.315995407     
GRID*   3023            0               -0.407169128    -0.0113322064   *N3023  
*N3023  0.309082282     
GRID*   3024            0               -0.404653506    -0.0124959067   *N3024  
*N3024  0.310682351     
GRID*   3025            0               -0.406704691    -0.0115970199   *N3025  
*N3025  0.311386657     
GRID*   3026            0               -0.402714655    -0.012995475    *N3026  
*N3026  0.307176556     
GRID*   3027            0               -0.400246402    -0.0131991063   *N3027  
*N3027  0.30927374      
GRID*   3028            0               -0.402244444    -0.0130705021   *N3028  
*N3028  0.312779535     
GRID*   3029            0               -0.402479888    -0.013035109    *N3029  
*N3029  0.309978045     
GRID*   3030            0               -0.400066821    -0.0131957945   *N3030  
*N3030  0.315373832     
GRID*   3031            0               -0.4020084      -0.013101643    *N3031  
*N3031  0.315581024     
GRID*   3032            0               -0.407143372    -0.0113475519   *N3032  
*N3032  0.298754122     
GRID*   3033            0               -0.408732801    -0.010237403    *N3033  
*N3033  0.302710371     
GRID*   3034            0               -0.409451202    -0.00960810849  *N3034  
*N3034  0.299524415     
GRID*   3035            0               -0.401684147    -0.0131373881   *N3035  
*N3035  0.297213537     
GRID*   3036            0               -0.403920383    -0.0127219065   *N3036  
*N3036  0.301048072     
GRID*   3037            0               -0.404512316    -0.0125430799   *N3037  
*N3037  0.29798383      
GRID*   3038            0               -0.400786142    -0.0131943509   *N3038  
*N3038  0.303220308     
GRID*   3039            0               -0.405745888    -0.01206903     *N3039  
*N3039  0.30500432      
GRID*   3040            0               -0.403320724    -0.0128728152   *N3040  
*N3040  0.304112314     
GRID*   3041            0               -0.407970781    -0.0108131069   *N3041  
*N3041  0.305896326     
GRID*   3042            0               -0.394872014    -0.0119867163   *N3042  
*N3042  0.238332351     
GRID*   3043            0               -0.393750216    -0.0114026474   *N3043  
*N3043  0.234959214     
GRID*   3044            0               -0.392943019    -0.0108918974   *N3044  
*N3044  0.237669631     
GRID*   3045            0               -0.399139378    -0.0131396664   *N3045  
*N3045  0.23965779      
GRID*   3046            0               -0.398149224    -0.0130066909   *N3046  
*N3046  0.236321019     
GRID*   3047            0               -0.396957091    -0.0127430913   *N3047  
*N3047  0.23899507      
GRID*   3048            0               -0.401843233    -0.0131208642   *N3048  
*N3048  0.234346053     
GRID*   3049            0               -0.400580894    -0.0131987604   *N3049  
*N3049  0.230972916     
GRID*   3050            0               -0.396914768    -0.0127315811   *N3050  
*N3050  0.232947882     
GRID*   3051            0               -0.399360613    -0.013159015    *N3051  
*N3051  0.233646967     
GRID*   3052            0               -0.395464668    -0.0122426507   *N3052  
*N3052  0.229538379     
GRID*   3053            0               -0.394592235    -0.0118536858   *N3053  
*N3053  0.232248796     
GRID*   3054            0               -0.410152981    -0.00889490613  *N3054  
*N3054  0.225387514     
GRID*   3055            0               -0.4111241      -0.00769634262  *N3055  
*N3055  0.228748456     
GRID*   3056            0               -0.412731696    -0.0047084263   *N3056  
*N3056  0.227009951     
GRID*   3057            0               -0.41163899     -0.00692279607  *N3057  
*N3057  0.226198732     
GRID*   3058            0               -0.406221008    -0.011847188    *N3058  
*N3058  0.223765077     
GRID*   3059            0               -0.407481147    -0.0111398996   *N3059  
*N3059  0.227187338     
GRID*   3060            0               -0.408325672    -0.0105557435   *N3060  
*N3060  0.224576295     
GRID*   3061            0               -0.404220958    -0.0126348834   *N3061  
*N3061  0.229048482     
GRID*   3062            0               -0.405668905    -0.012102836    *N3062  
*N3062  0.232409424     
GRID*   3063            0               -0.40873242     -0.0102377134   *N3063  
*N3063  0.23054828      
GRID*   3064            0               -0.406593768    -0.0116566395   *N3064  
*N3064  0.229798381     
GRID*   3065            0               -0.409937696    -0.00912536826  *N3065  
*N3065  0.233847902     
GRID*   3066            0               -0.411995754    -0.0063070186   *N3066  
*N3066  0.232048078     
GRID*   3067            0               -0.410556063    -0.00843174817  *N3067  
*N3067  0.231298179     
GRID*   3068            0               -0.411091414    -0.0077416835   *N3068  
*N3068  0.0560968286    
GRID*   3069            0               -0.410621217    -0.00835264716  *N3069  
*N3069  0.0610126461    
GRID*   3070            0               -0.413020386    -0.00386857435  *N3070  
*N3070  0.0622725215    
GRID*   3071            0               -0.412215678    -0.00588470514  *N3071  
*N3071  0.0591846751    
GRID*   3072            0               -0.406679389    -0.0116107397   *N3072  
*N3072  0.059605814     
GRID*   3073            0               -0.406017102    -0.0119452154   *N3073  
*N3073  0.064668588     
GRID*   3074            0               -0.410135764    -0.00891374748  *N3074  
*N3074  0.0660754201    
GRID*   3075            0               -0.408520328    -0.0104067419   *N3075  
*N3075  0.0628406171    
GRID*   3076            0               -0.409640287    -0.00942640437  *N3076  
*N3076  0.0712851506    
GRID*   3077            0               -0.412783087    -0.00457155924  *N3077  
*N3077  0.0673352955    
GRID*   3078            0               -0.411480837    -0.00717321718  *N3078  
*N3078  0.0693102231    
GRID*   3079            0               -0.413483774    -0.00174781759  *N3079  
*N3079  0.0653603679    
GRID*   3080            0               -0.412952507    -0.00408344943  *N3080  
*N3080  0.243314812     
GRID*   3081            0               -0.412248748    -0.00581783136  *N3081  
*N3081  0.240336566     
GRID*   3082            0               -0.410734206    -0.0082124415   *N3082  
*N3082  0.242441867     
GRID*   3083            0               -0.412028093    -0.0062471953   *N3083  
*N3083  0.24287834      
GRID*   3084            0               -0.413588098    0.000560413438  *N3084  
*N3084  0.244187757     
GRID*   3085            0               -0.413537455    -0.00128346257  *N3085  
*N3085  0.241375782     
GRID*   3086            0               -0.413478076    -0.0017899552   *N3086  
*N3086  0.243751284     
GRID*   3087            0               -0.413502205    0.00160381772   *N3087  
*N3087  0.239603022     
GRID*   3088            0               -0.41359733     -0.000265489252 *N3088  
*N3088  0.236624776     
GRID*   3089            0               -0.413223847    -0.0031287288   *N3089  
*N3089  0.238397536     
GRID*   3090            0               -0.413577226    -0.000775054311 *N3090  
*N3090  0.239000279     
GRID*   3091            0               -0.412642243    -0.00493634449  *N3091  
*N3091  0.23525302      
GRID*   3092            0               -0.411291396    -0.00745771384  *N3092  
*N3092  0.23719205      
GRID*   3093            0               -0.412453556    -0.0053806862   *N3093  
*N3093  0.237794793     
GRID*   3094            0               -0.413599955    -3.43783547E-05 *N3094  
*N3094  0.228586262     
GRID*   3095            0               -0.4135169      0.00147882901   *N3095  
*N3095  0.231791204     
GRID*   3096            0               -0.412756054    0.0046441288    *N3096  
*N3096  0.230162573     
GRID*   3097            0               -0.413390362    0.00234317992   *N3097  
*N3097  0.229374417     
GRID*   3098            0               -0.413188971    -0.00326836487  *N3098  
*N3098  0.230283078     
GRID*   3099            0               -0.413377981    -0.00241081264  *N3099  
*N3099  0.227798106     
GRID*   3100            0               -0.413479305    -0.00178095059  *N3100  
*N3100  0.233488019     
GRID*   3101            0               -0.412943363    -0.00411145254  *N3101  
*N3101  0.232768049     
GRID*   3102            0               -0.413259917    0.00297699888   *N3102  
*N3102  0.234927961     
GRID*   3103            0               -0.41358599     0.000608001301  *N3103  
*N3103  0.23420799      
GRID*   3104            0               -0.387531595    0.00294009196   *N3104  
*N3104  0.350336541     
GRID*   3105            0               -0.388363195    0.0054180553    *N3105  
*N3105  0.353489602     
GRID*   3106            0               -0.387495613    0.00277791286   *N3106  
*N3106  0.353662241     
GRID*   3107            0               -0.387609282    0.00326152223   *N3107  
*N3107  0.343817099     
GRID*   3108            0               -0.388657047    0.00602852108   *N3108  
*N3108  0.347318737     
GRID*   3109            0               -0.387569546    0.00310152328   *N3109  
*N3109  0.34707682      
GRID*   3110            0               -0.390732827    0.00898808985   *N3110  
*N3110  0.34464951      
GRID*   3111            0               -0.392669899    0.0106997913    *N3111  
*N3111  0.347626268     
GRID*   3112            0               -0.390057128    0.00820152457   *N3112  
*N3112  0.350295494     
GRID*   3113            0               -0.390387251    0.00860144482   *N3113  
*N3113  0.347472502     
GRID*   3114            0               -0.391570942    0.0098126312    *N3114  
*N3114  0.352747371     
GRID*   3115            0               -0.389741102    0.00778639216   *N3115  
*N3115  0.353138623     
GRID*   3116            0               -0.410222745    0.00881780443   *N3116  
*N3116  0.232579756     
GRID*   3117            0               -0.409691436    0.00937599166   *N3117  
*N3117  0.235577437     
GRID*   3118            0               -0.408422568    0.0104822899    *N3118  
*N3118  0.233788348     
GRID*   3119            0               -0.412233868    0.0058480402    *N3119  
*N3119  0.23355599      
GRID*   3120            0               -0.411684045    0.00684911123   *N3120  
*N3120  0.231371164     
GRID*   3121            0               -0.413064277    0.00372237632   *N3121  
*N3121  0.237925641     
GRID*   3122            0               -0.411872434    0.006528649     *N3122  
*N3122  0.236553671     
GRID*   3123            0               -0.412695096    0.0048031878    *N3123  
*N3123  0.235740816     
GRID*   3124            0               -0.411757631    0.00672638205   *N3124  
*N3124  0.239155614     
GRID*   3125            0               -0.410809183    0.00811719782   *N3125  
*N3125  0.237366526     
GRID*   3126            0               -0.411919314    0.00644557229   *N3126  
*N3126  0.24322616      
GRID*   3127            0               -0.412817422    0.00447745812   *N3127  
*N3127  0.244903541     
GRID*   3128            0               -0.411997559    0.00630370023   *N3128  
*N3128  0.245261433     
GRID*   3129            0               -0.412614422    0.00500478603   *N3129  
*N3129  0.240661599     
GRID*   3130            0               -0.411839334    0.00658647331   *N3130  
*N3130  0.241190887     
GRID*   3131            0               -0.413267859    0.00294248341   *N3131  
*N3131  0.24233898      
GRID*   3132            0               -0.413172022    0.00333398413   *N3132  
*N3132  0.24013231      
GRID*   3133            0               -0.413351698    0.00254823919   *N3133  
*N3133  0.244545649     
GRID*   3134            0               -0.387416083    -0.0023786364   *N3134  
*N3134  0.309541342     
GRID*   3135            0               -0.387985344    -0.00448512133  *N3135  
*N3135  0.306393907     
GRID*   3136            0               -0.387397842    -0.00227681759  *N3136  
*N3136  0.306010351     
GRID*   3137            0               -0.388130553    -0.00486833366  *N3137  
*N3137  0.313649852     
GRID*   3138            0               -0.387434753    -0.00247837878  *N3138  
*N3138  0.313072333     
GRID*   3139            0               -0.390787924    -0.0090469883   *N3139  
*N3139  0.314804891     
GRID*   3140            0               -0.389100207    -0.00682309897  *N3140  
*N3140  0.310502417     
GRID*   3141            0               -0.389261528    -0.00708339265  *N3141  
*N3141  0.314227372     
GRID*   3142            0               -0.390245049    -0.00843308756  *N3142  
*N3142  0.307161018     
GRID*   3143            0               -0.388943849    -0.00655717903  *N3143  
*N3143  0.306777463     
GRID*   3144            0               -0.39831947     0.0130350066    *N3144  
*N3144  0.340164629     
GRID*   3145            0               -0.39384944     0.0114599375    *N3145  
*N3145  0.340978142     
GRID*   3146            0               -0.393287371    0.0111198253    *N3146  
*N3146  0.338120286     
GRID*   3147            0               -0.397673499    0.0129153471    *N3147  
*N3147  0.337306773     
GRID*   3148            0               -0.395704734    0.0123367127    *N3148  
*N3148  0.339142457     
GRID*   3149            0               -0.394847353    0.0119753125    *N3149  
*N3149  0.34343202      
GRID*   3150            0               -0.39000375     0.00813375534   *N3150  
*N3150  0.342195632     
GRID*   3151            0               -0.392197487    0.0103420876    *N3151  
*N3151  0.342813826     
GRID*   3152            0               -0.387462848    0.00262108888   *N3152  
*N3152  0.340959244     
GRID*   3153            0               -0.389611936    0.00760642284   *N3153  
*N3153  0.339337776     
GRID*   3154            0               -0.388408054    0.00551663132   *N3154  
*N3154  0.341577438     
GRID*   3155            0               -0.389503244    0.00744987911   *N3155  
*N3155  0.336075944     
GRID*   3156            0               -0.393127572    0.0110159789    *N3156  
*N3156  0.334858454     
GRID*   3157            0               -0.391210244    0.00947567342   *N3157  
*N3157  0.337098115     
GRID*   3158            0               -0.390357989    0.00856726463   *N3158  
*N3158  0.324948309     
GRID*   3159            0               -0.389169005    0.00693575836   *N3159  
*N3159  0.330015947     
GRID*   3160            0               -0.38801543     0.00456753945   *N3160  
*N3160  0.329023588     
GRID*   3161            0               -0.38900977     0.00667103187   *N3161  
*N3161  0.326985948     
GRID*   3162            0               -0.390909754    0.00917470648   *N3162  
*N3162  0.330738966     
GRID*   3163            0               -0.388163393    0.00495029909   *N3163  
*N3163  0.335352925     
GRID*   3164            0               -0.389333138    0.00719475992   *N3164  
*N3164  0.333045945     
GRID*   3165            0               -0.38742409     0.00242193461   *N3165  
*N3165  0.334360566     
GRID*   3166            0               -0.387443115    0.0025217324    *N3166  
*N3166  0.337659905     
GRID*   3167            0               -0.387405482    0.0023200194    *N3167  
*N3167  0.331061227     
GRID*   3168            0               -0.405456435    0.0121931321    *N3168  
*N3168  0.271805832     
GRID*   3169            0               -0.408165742    0.0106739517    *N3169  
*N3169  0.274438947     
GRID*   3170            0               -0.406728727    0.0115839206    *N3170  
*N3170  0.278439206     
GRID*   3171            0               -0.406100724    0.011905534     *N3171  
*N3171  0.275122519     
GRID*   3172            0               -0.40900086     0.0100132519    *N3172  
*N3172  0.271141782     
GRID*   3173            0               -0.410846396    0.00806925095   *N3173  
*N3173  0.276368967     
GRID*   3174            0               -0.409973101    0.00908821922   *N3174  
*N3174  0.273755374     
GRID*   3175            0               -0.40972206     0.00934554452   *N3175  
*N3175  0.280369226     
GRID*   3176            0               -0.411611717    0.00696687913   *N3176  
*N3176  0.278982559     
GRID*   3177            0               -0.407338647    0.0112292107    *N3177  
*N3177  0.281755892     
GRID*   3178            0               -0.393219147    -0.0110758907   *N3178  
*N3178  0.29707545      
GRID*   3179            0               -0.396308967    -0.0125500378   *N3179  
*N3179  0.294793217     
GRID*   3180            0               -0.393825232    -0.0114460658   *N3180  
*N3180  0.293583057     
GRID*   3181            0               -0.392071031    -0.0102405216   *N3181  
*N3181  0.304060235     
GRID*   3182            0               -0.395143348    -0.012108163    *N3182  
*N3182  0.301451997     
GRID*   3183            0               -0.392633849    -0.0106736545   *N3183  
*N3183  0.300567842     
GRID*   3184            0               -0.397380052    -0.0128498994   *N3184  
*N3184  0.30550254      
GRID*   3185            0               -0.398433915    -0.0130527588   *N3185  
*N3185  0.299169765     
GRID*   3186            0               -0.397904921    -0.0129620439   *N3186  
*N3186  0.302336153     
GRID*   3187            0               -0.39896616     -0.013121894    *N3187  
*N3187  0.296003377     
GRID*   3188            0               -0.392520721    -0.0105904187   *N3188  
*N3188  0.311318162     
GRID*   3189            0               -0.394721507    -0.0119161537   *N3189  
*N3189  0.308217379     
GRID*   3190            0               -0.392293988    -0.0104178968   *N3190  
*N3190  0.307689199     
GRID*   3191            0               -0.395012035    -0.0120503041   *N3191  
*N3191  0.315089362     
GRID*   3192            0               -0.392751125    -0.010758007    *N3192  
*N3192  0.314947126     
GRID*   3193            0               -0.397448432    -0.0128657781   *N3193  
*N3193  0.311988578     
GRID*   3194            0               -0.397482654    -0.0128735811   *N3194  
*N3194  0.315231597     
GRID*   3195            0               -0.397414232    -0.0128578842   *N3195  
*N3195  0.308745559     
GRID*   3196            0               -0.412345529    -0.00561643456  *N3196  
*N3196  0.175043209     
GRID*   3197            0               -0.412399633    -0.00549989116  *N3197  
*N3197  0.179599733     
GRID*   3198            0               -0.413108516    -0.0035684207   *N3198  
*N3198  0.177260003     
GRID*   3199            0               -0.409867046    -0.0091986434   *N3199  
*N3199  0.170609621     
GRID*   3200            0               -0.409748088    -0.00931950873  *N3200  
*N3200  0.175368033     
GRID*   3201            0               -0.411255075    -0.00751048289  *N3201  
*N3201  0.172826415     
GRID*   3202            0               -0.405782207    -0.0120528772   *N3202  
*N3202  0.175894746     
GRID*   3203            0               -0.405899274    -0.011999916    *N3203  
*N3203  0.18045127      
GRID*   3204            0               -0.409838361    -0.00922807328  *N3204  
*N3204  0.179924557     
GRID*   3205            0               -0.407943685    -0.0108320271   *N3205  
*N3205  0.177909652     
GRID*   3206            0               -0.410131593    -0.00891830083  *N3206  
*N3206  0.184279193     
GRID*   3207            0               -0.411399224    -0.00729774391  *N3207  
*N3207  0.181939463     
GRID*   3208            0               -0.393922145    0.0115011908    *N3208  
*N3208  0.349067652     
GRID*   3209            0               -0.395602191    0.0122971958    *N3209  
*N3209  0.351023567     
GRID*   3210            0               -0.393469013    0.0112339403    *N3210  
*N3210  0.351859075     
GRID*   3211            0               -0.396229223    0.0125237621    *N3211  
*N3211  0.344873405     
GRID*   3212            0               -0.394380079    0.0117473637    *N3212  
*N3212  0.346249836     
GRID*   3213            0               -0.398056962    0.0129903876    *N3213  
*N3213  0.347006976     
GRID*   3214            0               -0.398188103    0.013013359     *N3214  
*N3214  0.343585802     
GRID*   3215            0               -0.397920427    0.0129650191    *N3215  
*N3215  0.350368447     
GRID*   3216            0               -0.407610647    0.0110565169    *N3216  
*N3216  0.250454237     
GRID*   3217            0               -0.405484923    0.0121812789    *N3217  
*N3217  0.253482952     
GRID*   3218            0               -0.405331251    0.0122442953    *N3218  
*N3218  0.250350559     
GRID*   3219            0               -0.409926276    0.00913729007   *N3219  
*N3219  0.253663839     
GRID*   3220            0               -0.409616646    0.00944952069   *N3220  
*N3220  0.250557914     
GRID*   3221            0               -0.410513489    0.00848276691   *N3221  
*N3221  0.259875689     
GRID*   3222            0               -0.408110335    0.0107140437    *N3222  
*N3222  0.256692554     
GRID*   3223            0               -0.410225334    0.00881491956   *N3223  
*N3223  0.256769764     
GRID*   3224            0               -0.405789829    0.0120494706    *N3224  
*N3224  0.259747737     
GRID*   3225            0               -0.405637791    0.0121163339    *N3225  
*N3225  0.256615344     
GRID*   3226            0               -0.395501654    0.0122574958    *N3226  
*N3226  0.223183188     
GRID*   3227            0               -0.393228595    0.0110820099    *N3227  
*N3227  0.226536399     
GRID*   3228            0               -0.392479658    0.0105597436    *N3228  
*N3228  0.2234846       
GRID*   3229            0               -0.399668875    0.0131797366    *N3229  
*N3229  0.226304677     
GRID*   3230            0               -0.398861418    0.0131100253    *N3230  
*N3230  0.222881776     
GRID*   3231            0               -0.401289004    0.0131700293    *N3231  
*N3231  0.233150478     
GRID*   3232            0               -0.397139558    0.0127909936    *N3232  
*N3232  0.229657888     
GRID*   3233            0               -0.400479088    0.0131997631    *N3233  
*N3233  0.229727578     
GRID*   3234            0               -0.394825657    0.0119652286    *N3234  
*N3234  0.232639997     
GRID*   3235            0               -0.394011843    0.0115512533    *N3235  
*N3235  0.229588198     
GRID*   3236            0               -0.396951543    0.012741591     *N3236  
*N3236  0.243085252     
GRID*   3237            0               -0.400497119    0.0131996427    *N3237  
*N3237  0.239971034     
GRID*   3238            0               -0.400100867    0.0131966102    *N3238  
*N3238  0.243381312     
GRID*   3239            0               -0.394273676    0.0116922263    *N3239  
*N3239  0.239406127     
GRID*   3240            0               -0.394002612    0.0115461434    *N3240  
*N3240  0.242789192     
GRID*   3241            0               -0.397635878    0.012907348     *N3241  
*N3241  0.236291909     
GRID*   3242            0               -0.394548074    0.0118319468    *N3242  
*N3242  0.236023062     
GRID*   3243            0               -0.400893284    0.0131907798    *N3243  
*N3243  0.236560756     
GRID*   3244            0               -0.387562333    0.00307153334   *N3244  
*N3244  0.171879242     
GRID*   3245            0               -0.388215617    0.00507748133   *N3245  
*N3245  0.175310715     
GRID*   3246            0               -0.387368584    0.00210289958   *N3246  
*N3246  0.178565929     
GRID*   3247            0               -0.387457105    0.00259258142   *N3247  
*N3247  0.175222586     
GRID*   3248            0               -0.387793392    0.00391323931   *N3248  
*N3248  0.165192556     
GRID*   3249            0               -0.389050017    0.00673927859   *N3249  
*N3249  0.16880536      
GRID*   3250            0               -0.387671915    0.00349797807   *N3250  
*N3250  0.168535899     
GRID*   3251            0               -0.392225223    0.0103640255    *N3251  
*N3251  0.16591281      
GRID*   3252            0               -0.390268611    0.00846138037   *N3252  
*N3252  0.172236833     
GRID*   3253            0               -0.391197612    0.00946340632   *N3253  
*N3253  0.169074822     
GRID*   3254            0               -0.388691526    0.00609521355   *N3254  
*N3254  0.178560857     
GRID*   3255            0               -0.389416167    0.00732088835   *N3255  
*N3255  0.175398845     
GRID*   3256            0               -0.413592064    0.000457647655  *N3256  
*N3256  0.142283191     
GRID*   3257            0               -0.412843923    0.00440326989   *N3257  
*N3257  0.142064291     
GRID*   3258            0               -0.413114595    0.00354669852   *N3258  
*N3258  0.137553038     
GRID*   3259            0               -0.413445088    0.00201635594   *N3259  
*N3259  0.139918115     
GRID*   3260            0               -0.41254075     0.00518094425   *N3260  
*N3260  0.146620181     
GRID*   3261            0               -0.410379425    0.00864008511   *N3261  
*N3261  0.146356644     
GRID*   3262            0               -0.410905543    0.00799209462   *N3262  
*N3262  0.141800754     
GRID*   3263            0               -0.411810052    0.00663707122   *N3263  
*N3263  0.144210467     
GRID*   3264            0               -0.40791179     0.0108541704    *N3264  
*N3264  0.141492579     
GRID*   3265            0               -0.408632642    0.0103181201    *N3265  
*N3265  0.136981326     
GRID*   3266            0               -0.411424798    0.00725905171   *N3266  
*N3266  0.137289501     
GRID*   3267            0               -0.409841       0.00922537316   *N3267  
*N3267  0.13939104      
GRID*   3268            0               -0.411924177    0.0064368743    *N3268  
*N3268  0.132822886     
GRID*   3269            0               -0.412605236    0.00502714686   *N3269  
*N3269  0.135187962     
GRID*   3270            0               -0.393303533    0.0111301465    *N3270  
*N3270  0.316323112     
GRID*   3271            0               -0.396410473    0.0125826736    *N3271  
*N3271  0.319946448     
GRID*   3272            0               -0.392859749    0.010834418     *N3272  
*N3272  0.322800676     
GRID*   3273            0               -0.393080147    0.0109845236    *N3273  
*N3273  0.319561894     
GRID*   3274            0               -0.396749118    0.0126850723    *N3274  
*N3274  0.3127426       
GRID*   3275            0               -0.393529815    0.0112712271    *N3275  
*N3275  0.31308433      
GRID*   3276            0               -0.400140339    0.0131974458    *N3276  
*N3276  0.316365936     
GRID*   3277            0               -0.400227462    0.0131988723    *N3277  
*N3277  0.312400871     
GRID*   3278            0               -0.399966132    0.0131928677    *N3278  
*N3278  0.324296068     
GRID*   3279            0               -0.400053228    0.0131954443    *N3279  
*N3279  0.320331002     
GRID*   3280            0               -0.399088051    0.0131346409    *N3280  
*N3280  0.102105353     
GRID*   3281            0               -0.39758546     0.0128964477    *N3281  
*N3281  0.106787566     
GRID*   3282            0               -0.395333237    0.0121888436    *N3282  
*N3282  0.104267827     
GRID*   3283            0               -0.396769368    0.012690883     *N3283  
*N3283  0.0995856143    
GRID*   3284            0               -0.397175775    0.0128001709    *N3284  
*N3284  0.10318659      
GRID*   3285            0               -0.400125946    0.0131971548    *N3285  
*N3285  0.109444347     
GRID*   3286            0               -0.39593314     0.0124212384    *N3286  
*N3286  0.111332736     
GRID*   3287            0               -0.397998006    0.0129796157    *N3287  
*N3287  0.110388541     
GRID*   3288            0               -0.393791991    0.0114269076    *N3288  
*N3288  0.108812997     
GRID*   3289            0               -0.393985572    0.0115366857    *N3289  
*N3289  0.11227693      
GRID*   3290            0               -0.393410518    0.0111976398    *N3290  
*N3290  0.10188513      
GRID*   3291            0               -0.393600288    0.0113138816    *N3291  
*N3291  0.105349063     
GRID*   3292            0               -0.403543885    0.01282014      *N3292  
*N3292  0.130060895     
GRID*   3293            0               -0.401165738    0.0131777709    *N3293  
*N3293  0.135689512     
GRID*   3294            0               -0.396936697    0.0127375639    *N3294  
*N3294  0.134712307     
GRID*   3295            0               -0.40023504     0.0131989692    *N3295  
*N3295  0.132386601     
GRID*   3296            0               -0.405537968    0.012159        *N3296  
*N3296  0.136060662     
GRID*   3297            0               -0.403011098    0.0129391718    *N3297  
*N3297  0.142295333     
GRID*   3298            0               -0.398523535    0.0130659435    *N3298  
*N3298  0.141924182     
GRID*   3299            0               -0.402092628    0.0130910279    *N3299  
*N3299  0.138992422     
GRID*   3300            0               -0.395730668    0.0123465518    *N3300  
*N3300  0.148764907     
GRID*   3301            0               -0.392047841    0.0102216161    *N3301  
*N3301  0.147787702     
GRID*   3302            0               -0.394467118    0.0117915611    *N3302  
*N3302  0.140946977     
GRID*   3303            0               -0.395091635    0.0120855808    *N3303  
*N3303  0.144855942     
GRID*   3304            0               -0.391197358    0.00946315903   *N3304  
*N3304  0.139363718     
GRID*   3305            0               -0.393858825    0.0114652967    *N3305  
*N3305  0.137038012     
GRID*   3306            0               -0.410206153    0.00883625261   *N3306  
*N3306  0.150486169     
GRID*   3307            0               -0.406710131    0.0115940609    *N3307  
*N3307  0.150520276     
GRID*   3308            0               -0.40693877     0.0114666683    *N3308  
*N3308  0.146390751     
GRID*   3309            0               -0.408677615    0.0102820765    *N3309  
*N3309  0.14843846      
GRID*   3310            0               -0.407253212    0.0112815552    *N3310  
*N3310  0.153881154     
GRID*   3311            0               -0.402237233    0.0130715177    *N3311  
*N3311  0.154683908     
GRID*   3312            0               -0.401614861    0.0131439763    *N3312  
*N3312  0.15132303      
GRID*   3313            0               -0.404540121    0.0125339298    *N3313  
*N3313  0.152602092     
GRID*   3314            0               -0.395486786    0.012251544     *N3314  
*N3314  0.152894432     
GRID*   3315            0               -0.401875233    0.0131173049    *N3315  
*N3315  0.147193505     
GRID*   3316            0               -0.398627343    0.0130804314    *N3316  
*N3316  0.150043969     
GRID*   3317            0               -0.405033799    0.0123599317    *N3317  
*N3317  0.144343042     
GRID*   3318            0               -0.387442972    0.00252099665   *N3318  
*N3318  0.101476168     
GRID*   3319            0               -0.388296307    0.00526693566   *N3319  
*N3319  0.103196828     
GRID*   3320            0               -0.387477076    0.00269036037   *N3320  
*N3320  0.104825552     
GRID*   3321            0               -0.387379276    0.00216811891   *N3321  
*N3321  0.0947774004    
GRID*   3322            0               -0.388033025    0.00461496817   *N3322  
*N3322  0.0966673097    
GRID*   3323            0               -0.387410002    0.00234519974   *N3323  
*N3323  0.0981267844    
GRID*   3324            0               -0.388784396    0.00627038605   *N3324  
*N3324  0.0920277007    
GRID*   3325            0               -0.390417807    0.00863688751   *N3325  
*N3325  0.0937483602    
GRID*   3326            0               -0.389325795    0.00718345175   *N3326  
*N3326  0.0983879691    
GRID*   3327            0               -0.389045913    0.00673236334   *N3327  
*N3327  0.0952078349    
GRID*   3328            0               -0.391392899    0.00964946278   *N3328  
*N3328  0.0999393787    
GRID*   3329            0               -0.389619553    0.00761721448   *N3329  
*N3329  0.101568103     
GRID*   3330            0               -0.387502768    0.00281094402   *N3330  
*N3330  0.0882640341    
GRID*   3331            0               -0.388139633    0.00489115603   *N3331  
*N3331  0.0903231932    
GRID*   3332            0               -0.387437325    0.00249180009   *N3332  
*N3332  0.0915207173    
GRID*   3333            0               -0.38764519     0.00339923823   *N3333  
*N3333  0.0817506678    
GRID*   3334            0               -0.388661615    0.00603741069   *N3334  
*N3334  0.0841644786    
GRID*   3335            0               -0.387570991    0.00310749402   *N3335  
*N3335  0.085007351     
GRID*   3336            0               -0.391028559    0.00929602534   *N3336  
*N3336  0.0804195746    
GRID*   3337            0               -0.392682722    0.0107090441    *N3337  
*N3337  0.0824787337    
GRID*   3338            0               -0.389812694    0.00788346011   *N3338  
*N3338  0.0862236377    
GRID*   3339            0               -0.390395664    0.00861122884   *N3339  
*N3339  0.0833216062    
GRID*   3340            0               -0.390790887    0.0090501355    *N3340  
*N3340  0.0879281452    
GRID*   3341            0               -0.389269285    0.00709557534   *N3341  
*N3341  0.0891256692    
GRID*   3342            0               -0.412300532    0.00571115971   *N3342  
*N3342  0.151156062     
GRID*   3343            0               -0.41202067     0.00626099337   *N3343  
*N3343  0.15553169      
GRID*   3344            0               -0.409782554    0.0092848095    *N3344  
*N3344  0.154861796     
GRID*   3345            0               -0.411190513    0.00760294854   *N3345  
*N3345  0.153008929     
GRID*   3346            0               -0.413416399    0.00219393397   *N3346  
*N3346  0.155890835     
GRID*   3347            0               -0.411425613    0.0072578141    *N3347  
*N3347  0.160218066     
GRID*   3348            0               -0.412684759    0.00482956451   *N3348  
*N3348  0.15805445      
GRID*   3349            0               -0.407561401    0.0110884776    *N3349  
*N3349  0.164545297     
GRID*   3350            0               -0.408930469    0.0100732865    *N3350  
*N3350  0.159548172     
GRID*   3351            0               -0.409693028    0.00937441397   *N3351  
*N3351  0.162381681     
GRID*   3352            0               -0.406235468    0.0118400724    *N3352  
*N3352  0.158567529     
GRID*   3353            0               -0.408115529    0.0107103041    *N3353  
*N3353  0.156714663     
GRID*   3354            0               -0.399639896    0.013178097     *N3354  
*N3354  0.157067767     
GRID*   3355            0               -0.397142307    0.0127916939    *N3355  
*N3355  0.15974134      
GRID*   3356            0               -0.393241905    0.0110906118    *N3356  
*N3356  0.155568005     
GRID*   3357            0               -0.396305629    0.0125489493    *N3357  
*N3357  0.156317886     
GRID*   3358            0               -0.403801933    0.0127540914    *N3358  
*N3358  0.160951389     
GRID*   3359            0               -0.403024387    0.0129364831    *N3359  
*N3359  0.157817648     
GRID*   3360            0               -0.401308867    0.0131686735    *N3360  
*N3360  0.163624961     
GRID*   3361            0               -0.404567027    0.0125250105    *N3361  
*N3361  0.164085129     
GRID*   3362            0               -0.394829839    0.0119671764    *N3362  
*N3362  0.162704626     
GRID*   3363            0               -0.397993174    0.0129787206    *N3363  
*N3363  0.163164794     
GRID*   3364            0               -0.413238262    0.00306904448   *N3364  
*N3364  0.117715738     
GRID*   3365            0               -0.412607274    0.00502219692   *N3365  
*N3365  0.116143666     
GRID*   3366            0               -0.413193326    0.00325127673   *N3366  
*N3366  0.112809795     
GRID*   3367            0               -0.413216118    0.00316024047   *N3367  
*N3367  0.115262767     
GRID*   3368            0               -0.411948329    0.00639344228   *N3368  
*N3368  0.119766055     
GRID*   3369            0               -0.410602335    0.00837570088   *N3369  
*N3369  0.117905464     
GRID*   3370            0               -0.411498304    0.00714616349   *N3370  
*N3370  0.114283075     
GRID*   3371            0               -0.411729569    0.0067735413    *N3371  
*N3371  0.117024565     
GRID*   3372            0               -0.409784451    0.0092828913    *N3372  
*N3372  0.112133965     
GRID*   3373            0               -0.41239483     0.0055103589    *N3373  
*N3373  0.110949204     
GRID*   3374            0               -0.411254788    0.00751089754   *N3374  
*N3374  0.111541584     
GRID*   3375            0               -0.413169888    0.00334214866   *N3375  
*N3375  0.110356824     
GRID*   3376            0               -0.404004442    0.0126983463    *N3376  
*N3376  0.118820499     
GRID*   3377            0               -0.406778638    0.0115565123    *N3377  
*N3377  0.120739842     
GRID*   3378            0               -0.404963921    0.0123859042    *N3378  
*N3378  0.125493562     
GRID*   3379            0               -0.404487168    0.0125512969    *N3379  
*N3379  0.122157031     
GRID*   3380            0               -0.403023899    0.012936582     *N3380  
*N3380  0.112147437     
GRID*   3381            0               -0.405812666    0.0120392293    *N3381  
*N3381  0.1143673       
GRID*   3382            0               -0.403516448    0.0128268372    *N3382  
*N3382  0.115483968     
GRID*   3383            0               -0.40744601     0.0111621568    *N3383  
*N3383  0.110214622     
GRID*   3384            0               -0.408391334    0.0105061211    *N3384  
*N3384  0.116286643     
GRID*   3385            0               -0.407925824    0.0108444445    *N3385  
*N3385  0.113250633     
GRID*   3386            0               -0.409275934    0.00977025099   *N3386  
*N3386  0.122358663     
GRID*   3387            0               -0.408841656    0.0101478296    *N3387  
*N3387  0.119322653     
GRID*   3388            0               -0.400622887    -0.0131981181   *N3388  
*N3388  0.198784681     
GRID*   3389            0               -0.403408256    -0.0128526416   *N3389  
*N3389  0.197243643     
GRID*   3390            0               -0.402019639    -0.0131002584   *N3390  
*N3390  0.194122532     
GRID*   3391            0               -0.401322561    -0.0131677212   *N3391  
*N3391  0.196453606     
GRID*   3392            0               -0.401655406    -0.0131401657   *N3392  
*N3392  0.202035997     
GRID*   3393            0               -0.399922585    -0.0131913636   *N3393  
*N3393  0.201115755     
GRID*   3394            0               -0.405026575    -0.0123626374   *N3394  
*N3394  0.20387648      
GRID*   3395            0               -0.404405182    -0.0125776992   *N3395  
*N3395  0.200494959     
GRID*   3396            0               -0.403366574    -0.0128623262   *N3396  
*N3396  0.202956238     
GRID*   3397            0               -0.40729789     -0.0112542933   *N3397  
*N3397  0.198823718     
GRID*   3398            0               -0.406395688    -0.0117597504   *N3398  
*N3398  0.195572401     
GRID*   3399            0               -0.405417132    -0.0122093567   *N3399  
*N3399  0.19803368      
GRID*   3400            0               -0.41090987     -0.0079864032   *N3400  
*N3400  0.200949437     
GRID*   3401            0               -0.411418489    -0.00726862415  *N3401  
*N3401  0.204611044     
GRID*   3402            0               -0.412202952    -0.00591018773  *N3402  
*N3402  0.202012297     
GRID*   3403            0               -0.408196649    -0.010651397    *N3403  
*N3403  0.20243708      
GRID*   3404            0               -0.409255919    -0.00978839624  *N3404  
*N3404  0.199886577     
GRID*   3405            0               -0.408888805    -0.0101084221   *N3405  
*N3405  0.206098687     
GRID*   3406            0               -0.407053846    -0.0114002777   *N3406  
*N3406  0.204987583     
GRID*   3407            0               -0.410478416    -0.00852440829  *N3407  
*N3407  0.20720979      
GRID*   3408            0               -0.41355667     0.00106865778   *N3408  
*N3408  0.146792044     
GRID*   3409            0               -0.413496763    0.00164766087   *N3409  
*N3409  0.151327925     
GRID*   3410            0               -0.413141823    0.00344760095   *N3410  
*N3410  0.148974053     
GRID*   3411            0               -0.413066234    -0.0037157106   *N3411  
*N3411  0.142428025     
GRID*   3412            0               -0.413224857    -0.00312458867  *N3412  
*N3412  0.146936878     
GRID*   3413            0               -0.41353119     -0.00134605125  *N3413  
*N3413  0.144610035     
GRID*   3414            0               -0.411606581    -0.00697513743  *N3414  
*N3414  0.147054684     
GRID*   3415            0               -0.4119032      -0.0064742874   *N3415  
*N3415  0.151590565     
GRID*   3416            0               -0.413350141    -0.00255613719  *N3416  
*N3416  0.151472759     
GRID*   3417            0               -0.412678791    -0.00484471874  *N3417  
*N3417  0.149263721     
GRID*   3418            0               -0.413445711    -0.00201231815  *N3418  
*N3418  0.156035669     
GRID*   3419            0               -0.413598716    -0.000184106824 *N3419  
*N3419  0.153681797     
GRID*   3420            0               -0.387519931    0.00288856877   *N3420  
*N3420  0.198809308     
GRID*   3421            0               -0.388247624    0.00515361663   *N3421  
*N3421  0.201815181     
GRID*   3422            0               -0.387464768    0.00263054705   *N3422  
*N3422  0.202210854     
GRID*   3423            0               -0.387637567    0.00337050355   *N3423  
*N3423  0.192006216     
GRID*   3424            0               -0.388684463    0.00608162757   *N3424  
*N3424  0.195077015     
GRID*   3425            0               -0.387576747    0.00313116236   *N3425  
*N3425  0.195407762     
GRID*   3426            0               -0.390965964    0.00923249523   *N3426  
*N3426  0.191409648     
GRID*   3427            0               -0.392776418    0.010775945     *N3427  
*N3427  0.194415521     
GRID*   3428            0               -0.389966394    0.0080857814    *N3428  
*N3428  0.198082888     
GRID*   3429            0               -0.390449646    0.00867354954   *N3429  
*N3429  0.194746268     
GRID*   3430            0               -0.391199997    0.00946572501   *N3430  
*N3430  0.201023834     
GRID*   3431            0               -0.389508279    0.00745723904   *N3431  
*N3431  0.201419508     
GRID*   3432            0               -0.399081706    0.0131340056    *N3432  
*N3432  0.19959871      
GRID*   3433            0               -0.397137663    0.0127905103    *N3433  
*N3433  0.195803649     
GRID*   3434            0               -0.399519643    0.0131706101    *N3434  
*N3434  0.196497713     
GRID*   3435            0               -0.395924101    0.0124179841    *N3435  
*N3435  0.202141083     
GRID*   3436            0               -0.398645231    0.0130828432    *N3436  
*N3436  0.202699708     
GRID*   3437            0               -0.394122158    0.0116115759    *N3437  
*N3437  0.198346022     
GRID*   3438            0               -0.393404535    0.0111939033    *N3438  
*N3438  0.201582459     
GRID*   3439            0               -0.39486462     0.0119833038    *N3439  
*N3439  0.195109585     
GRID*   3440            0               -0.393248512    -0.0110948733   *N3440  
*N3440  0.141002691     
GRID*   3441            0               -0.393923876    -0.011502166    *N3441  
*N3441  0.137458202     
GRID*   3442            0               -0.391799713    -0.0100137441   *N3442  
*N3442  0.138324613     
GRID*   3443            0               -0.397060455    -0.0127705692   *N3443  
*N3443  0.142113768     
GRID*   3444            0               -0.394831435    -0.011967919    *N3444  
*N3444  0.143680769     
GRID*   3445            0               -0.39782909     -0.0129472168   *N3445  
*N3445  0.138569279     
GRID*   3446            0               -0.399397051    -0.0131618423   *N3446  
*N3446  0.140546766     
GRID*   3447            0               -0.396298085    -0.0125464852   *N3447  
*N3447  0.136591792     
GRID*   3448            0               -0.401027056    -0.0131850977   *N3448  
*N3448  0.221989473     
GRID*   3449            0               -0.402667558    -0.0130037756   *N3449  
*N3449  0.225575822     
GRID*   3450            0               -0.403692701    -0.0127827273   *N3450  
*N3450  0.222877275     
GRID*   3451            0               -0.39735931     -0.0128450069   *N3451  
*N3451  0.223913907     
GRID*   3452            0               -0.398335256    -0.0130375163   *N3452  
*N3452  0.221101671     
GRID*   3453            0               -0.398986042    -0.0131240513   *N3453  
*N3453  0.227500256     
GRID*   3454            0               -0.396400632    -0.0125795492   *N3454  
*N3454  0.226726143     
GRID*   3455            0               -0.401628102    -0.0131427458   *N3455  
*N3455  0.228274369     
GRID*   3456            0               -0.40668597     -0.0116071778   *N3456  
*N3456  0.0771637384    
GRID*   3457            0               -0.403055808    -0.0129300691   *N3457  
*N3457  0.0776929278    
GRID*   3458            0               -0.405010404    -0.0123686771   *N3458  
*N3458  0.0801030323    
GRID*   3459            0               -0.406407755    -0.0117535901   *N3459  
*N3459  0.0712155555    
GRID*   3460            0               -0.408239331    -0.0106200231   *N3460  
*N3460  0.0742244445    
GRID*   3461            0               -0.402317712    -0.0130599533   *N3461  
*N3461  0.0651977774    
GRID*   3462            0               -0.402747116    -0.0129896514   *N3462  
*N3462  0.0717447449    
GRID*   3463            0               -0.404416205    -0.0125741837   *N3463  
*N3463  0.0682066665    
GRID*   3464            0               -0.399005396    -0.013126122    *N3464  
*N3464  0.0728727188    
GRID*   3465            0               -0.401038175    -0.0131845642   *N3465  
*N3465  0.0752828233    
GRID*   3466            0               -0.393812779    -0.0114389036   *N3466  
*N3466  0.0650900948    
GRID*   3467            0               -0.396681237    -0.0126653386   *N3467  
*N3467  0.0629121344    
GRID*   3468            0               -0.394303477    -0.0117077925   *N3468  
*N3468  0.0584485309    
GRID*   3469            0               -0.394056703    -0.0115759484   *N3469  
*N3469  0.0617693128    
GRID*   3470            0               -0.395287231    -0.0121696175   *N3470  
*N3470  0.0698981574    
GRID*   3471            0               -0.393571814    -0.0112967197   *N3471  
*N3471  0.0684108767    
GRID*   3472            0               -0.398285996    -0.0130296195   *N3472  
*N3472  0.067720197     
GRID*   3473            0               -0.397111352    -0.0127837708   *N3473  
*N3473  0.0713854381    
GRID*   3474            0               -0.40067785     -0.0131970754   *N3474  
*N3474  0.0603897148    
GRID*   3475            0               -0.399478113    -0.0131677684   *N3475  
*N3475  0.0640549559    
GRID*   3476            0               -0.408390951    -0.0105064122   *N3476  
*N3476  0.189925797     
GRID*   3477            0               -0.405299535    -0.0122570208   *N3477  
*N3477  0.191726908     
GRID*   3478            0               -0.407421341    -0.0111776906   *N3478  
*N3478  0.192749099     
GRID*   3479            0               -0.40725805     -0.0112786146   *N3479  
*N3479  0.18548579      
GRID*   3480            0               -0.409296779    -0.00975127315  *N3480  
*N3480  0.187102495     
GRID*   3481            0               -0.402499795    -0.0130319171   *N3481  
*N3481  0.182252381     
GRID*   3482            0               -0.404001724    -0.0126991174   *N3482  
*N3482  0.187286901     
GRID*   3483            0               -0.404963909    -0.0123859088   *N3483  
*N3483  0.183869086     
GRID*   3484            0               -0.400652054    -0.0131975933   *N3484  
*N3484  0.189682525     
GRID*   3485            0               -0.403018375    -0.0129377012   *N3485  
*N3485  0.190704716     
GRID*   3486            0               -0.395335403    -0.0121897441   *N3486  
*N3486  0.189750729     
GRID*   3487            0               -0.393628577    -0.0113308351   *N3487  
*N3487  0.186186974     
GRID*   3488            0               -0.390869901    -0.00913330289  *N3488  
*N3488  0.189818933     
GRID*   3489            0               -0.392944348    -0.0108928077   *N3489  
*N3489  0.189784831     
GRID*   3490            0               -0.398820628    -0.0131051739   *N3490  
*N3490  0.186040627     
GRID*   3491            0               -0.397941529    -0.0129690369   *N3491  
*N3491  0.189716627     
GRID*   3492            0               -0.396945122    -0.0127398515   *N3492  
*N3492  0.182476872     
GRID*   3493            0               -0.399706899    -0.0131817909   *N3493  
*N3493  0.182364626     
GRID*   3494            0               -0.39200393     -0.0101855782   *N3494  
*N3494  0.182701363     
GRID*   3495            0               -0.394338455    -0.0117259404   *N3495  
*N3495  0.182589117     
GRID*   3496            0               -0.406608819    -0.0116486296   *N3496  
*N3496  0.170654184     
GRID*   3497            0               -0.403351937    -0.0128656934   *N3497  
*N3497  0.170354591     
GRID*   3498            0               -0.404586843    -0.0125184002   *N3498  
*N3498  0.173124669     
GRID*   3499            0               -0.410083423    -0.00897058045  *N3499  
*N3499  0.165713215     
GRID*   3500            0               -0.406884465    -0.0114974653   *N3500  
*N3500  0.165757779     
GRID*   3501            0               -0.408458153    -0.0104549594   *N3501  
*N3501  0.1681837       
GRID*   3502            0               -0.406628927    -0.0116378893   *N3502  
*N3502  0.161205531     
GRID*   3503            0               -0.403657492    -0.0127917453   *N3503  
*N3503  0.165458186     
GRID*   3504            0               -0.405178167    -0.0123048413   *N3504  
*N3504  0.163331859     
GRID*   3505            0               -0.402089151    -0.0130914769   *N3505  
*N3505  0.167584514     
GRID*   3506            0               -0.412120795    -0.00607148746  *N3506  
*N3506  0.156224681     
GRID*   3507            0               -0.41228519     -0.00574301838  *N3507  
*N3507  0.160874442     
GRID*   3508            0               -0.413004245    -0.00392084347  *N3508  
*N3508  0.158455055     
GRID*   3509            0               -0.409634326    -0.00943224385  *N3509  
*N3509  0.156398048     
GRID*   3510            0               -0.410873711    -0.00803376506  *N3510  
*N3510  0.153994306     
GRID*   3511            0               -0.409893193    -0.00917165693  *N3511  
*N3511  0.161047809     
GRID*   3512            0               -0.408209883    -0.0106416979   *N3512  
*N3512  0.158801789     
GRID*   3513            0               -0.411304383    -0.00743871237  *N3513  
*N3513  0.163293829     
GRID*   3514            0               -0.393366806    -0.0111702364   *N3514  
*N3514  0.0495851246    
GRID*   3515            0               -0.396049127    -0.0124623394   *N3515  
*N3515  0.0461189882    
GRID*   3516            0               -0.392915745    -0.0108731745   *N3516  
*N3516  0.0451534215    
GRID*   3517            0               -0.396943095    -0.0127393016   *N3517  
*N3517  0.0549857446    
GRID*   3518            0               -0.393829641    -0.0114485977   *N3518  
*N3518  0.0540168278    
GRID*   3519            0               -0.403628443    -0.0127991077   *N3519  
*N3519  0.0569235784    
GRID*   3520            0               -0.399886096    -0.0131899925   *N3520  
*N3520  0.0515196082    
GRID*   3521            0               -0.40028192     -0.0131994718   *N3521  
*N3521  0.0559546615    
GRID*   3522            0               -0.402996756    -0.0129420578   *N3522  
*N3522  0.0480501217    
GRID*   3523            0               -0.399490734    -0.0131686459   *N3523  
*N3523  0.0470845549    
GRID*   3524            0               -0.40741111     -0.0111841108   *N3524  
*N3524  0.0479157927    
GRID*   3525            0               -0.409948186    -0.00911439194  *N3525  
*N3525  0.0505980284    
GRID*   3526            0               -0.409309553    -0.00973960252  *N3526  
*N3526  0.0478486283    
GRID*   3527            0               -0.405757272    -0.012063981    *N3527  
*N3527  0.0518572428    
GRID*   3528            0               -0.405283684    -0.0122633451   *N3528  
*N3528  0.0479829572    
GRID*   3529            0               -0.40856179     -0.0103742561   *N3529  
*N3529  0.0545394785    
GRID*   3530            0               -0.406222742    -0.0118463359   *N3530  
*N3530  0.0557315284    
GRID*   3531            0               -0.410543049    -0.00844739974  *N3531  
*N3531  0.0533474285    
GRID*   3532            0               -0.388066531    0.00470378035   *N3532  
*N3532  0.0713506135    
GRID*   3533            0               -0.38748934     0.00274861201   *N3533  
*N3533  0.075071823     
GRID*   3534            0               -0.38741877     0.0023932539    *N3534  
*N3534  0.0717324006    
GRID*   3535            0               -0.389693804    0.00772122903   *N3535  
*N3535  0.0741190758    
GRID*   3536            0               -0.38910748     0.00683512942   *N3536  
*N3536  0.0709688264    
GRID*   3537            0               -0.388632589    0.00598063877   *N3537  
*N3537  0.0778402853    
GRID*   3538            0               -0.390330349    0.00853476003   *N3538  
*N3538  0.0772693252    
GRID*   3539            0               -0.387563602    0.0030768325    *N3539  
*N3539  0.0784112454    
GRID*   3540            0               -0.38761351     -0.0032780599   *N3540  
*N3540  0.212825073     
GRID*   3541            0               -0.388357257    -0.00540484365  *N3541  
*N3541  0.209832047     
GRID*   3542            0               -0.387493483    -0.00276799958  *N3542  
*N3542  0.209653296     
GRID*   3543            0               -0.389298198    -0.0071407282   *N3543  
*N3543  0.215651136     
GRID*   3544            0               -0.38773668     -0.00372563106  *N3544  
*N3544  0.215996849     
GRID*   3545            0               -0.390674309    -0.00892473712  *N3545  
*N3545  0.21265811      
GRID*   3546            0               -0.391709745    -0.00993576733  *N3546  
*N3546  0.215305422     
GRID*   3547            0               -0.389715272    -0.00775090931  *N3547  
*N3547  0.210010798     
GRID*   3548            0               -0.405623626    0.0121224475    *N3548  
*N3548  0.265776785     
GRID*   3549            0               -0.407581121    0.011075717     *N3549  
*N3549  0.268558284     
GRID*   3550            0               -0.405540152    0.0121580772    *N3550  
*N3550  0.268791309     
GRID*   3551            0               -0.408100803    0.010720897     *N3551  
*N3551  0.262727236     
GRID*   3552            0               -0.405706853    0.0120862447    *N3552  
*N3552  0.262762261     
GRID*   3553            0               -0.409788414    0.0092788841    *N3553  
*N3553  0.265508735     
GRID*   3554            0               -0.410159073    0.00888822228   *N3554  
*N3554  0.262692212     
GRID*   3555            0               -0.409402128    0.00965410215   *N3555  
*N3555  0.268325259     
GRID*   3556            0               -0.405562545    -0.0121485856   *N3556  
*N3556  0.241049829     
GRID*   3557            0               -0.403523915    -0.0128250205   *N3557  
*N3557  0.237705681     
GRID*   3558            0               -0.402412911    -0.0130456195   *N3558  
*N3558  0.240353809     
GRID*   3559            0               -0.40893265     -0.010071439    *N3559  
*N3559  0.239113199     
GRID*   3560            0               -0.408394412    -0.0105037791   *N3560  
*N3560  0.241745848     
GRID*   3561            0               -0.407186279    -0.0113219439   *N3561  
*N3561  0.235769052     
GRID*   3562            0               -0.409447548    -0.0096115494   *N3562  
*N3562  0.236480551     
GRID*   3563            0               -0.404611917    -0.0125099861   *N3563  
*N3563  0.235057552     
GRID*   3564            0               -0.40506619     0.0123477396    *N3564  
*N3564  0.338232837     
GRID*   3565            0               -0.407436295    0.0111682836    *N3565  
*N3565  0.33701279      
GRID*   3566            0               -0.406933043    0.0114699326    *N3566  
*N3566  0.339769685     
GRID*   3567            0               -0.40103896     0.0131845262    *N3567  
*N3567  0.335159141     
GRID*   3568            0               -0.403863846    0.0127374162    *N3568  
*N3568  0.333529162     
GRID*   3569            0               -0.403085369    0.012923962     *N3569  
*N3569  0.336695989     
GRID*   3570            0               -0.402840228    0.0129724819    *N3570  
*N3570  0.328415556     
GRID*   3571            0               -0.406335891    0.0117900468    *N3571  
*N3571  0.332309116     
GRID*   3572            0               -0.404629584    0.0125040241    *N3572  
*N3572  0.330362336     
GRID*   3573            0               -0.407925644    0.0108445689    *N3573  
*N3573  0.334255896     
GRID*   3574            0               -0.396007022    0.0124475597    *N3574  
*N3574  0.326681932     
GRID*   3575            0               -0.392993104    0.0109260191    *N3575  
*N3575  0.328829565     
GRID*   3576            0               -0.392926286    0.0108804229    *N3576  
*N3576  0.325815121     
GRID*   3577            0               -0.398813735    0.0131043413    *N3577  
*N3577  0.330801421     
GRID*   3578            0               -0.399388964    0.0131612236    *N3578  
*N3578  0.327548744     
GRID*   3579            0               -0.395541402    0.0122733052    *N3579  
*N3579  0.332949053     
GRID*   3580            0               -0.398241547    0.0130223301    *N3580  
*N3580  0.334054097     
GRID*   3581            0               -0.3930602      0.010971205     *N3581  
*N3581  0.331844009     
GRID*   3582            0               -0.388098217    0.00478603535   *N3582  
*N3582  0.181849528     
GRID*   3583            0               -0.387492863    0.00276510646   *N3583  
*N3583  0.185286073     
GRID*   3584            0               -0.38742679     0.00243635428   *N3584  
*N3584  0.181926001     
GRID*   3585            0               -0.389728081    0.0077685349    *N3585  
*N3585  0.184985252     
GRID*   3586            0               -0.389178569    0.00695122232   *N3586  
*N3586  0.181773055     
GRID*   3587            0               -0.388626767    0.00596916956   *N3587  
*N3587  0.188421797     
GRID*   3588            0               -0.390320409    0.00852301856   *N3588  
*N3588  0.18819745      
GRID*   3589            0               -0.387562042    0.00307031676   *N3589  
*N3589  0.188646144     
GRID*   3590            0               -0.388155167    -0.00492991524  *N3590  
*N3590  0.189344712     
GRID*   3591            0               -0.387480113    -0.00270490678  *N3591  
*N3591  0.185642399     
GRID*   3592            0               -0.387441099    -0.00251135169  *N3592  
*N3592  0.189107602     
GRID*   3593            0               -0.389639698    -0.00764564551  *N3593  
*N3593  0.186054231     
GRID*   3594            0               -0.389311536    -0.00716142247  *N3594  
*N3594  0.189581823     
GRID*   3595            0               -0.3884651      -0.00563898632  *N3595  
*N3595  0.182351918     
GRID*   3596            0               -0.389983429    -0.0081077148   *N3596  
*N3596  0.18252664      
GRID*   3597            0               -0.387520287    -0.00289015576  *N3597  
*N3597  0.182177196     
GRID*   3598            0               -0.406881276    0.0114992634    *N3598  
*N3598  0.131237444     
GRID*   3599            0               -0.409747683    0.00931991545   *N3599  
*N3599  0.132158107     
GRID*   3600            0               -0.407780625    0.0109437825    *N3600  
*N3600  0.134109385     
GRID*   3601            0               -0.408131837    0.010698537     *N3601  
*N3601  0.126670111     
GRID*   3602            0               -0.405940364    0.0119810004    *N3602  
*N3602  0.128365503     
GRID*   3603            0               -0.411585995    0.00700810332   *N3603  
*N3603  0.123279326     
GRID*   3604            0               -0.410735327    0.00821103072   *N3604  
*N3604  0.127590774     
GRID*   3605            0               -0.410037215    0.00902020399   *N3605  
*N3605  0.124974719     
GRID*   3606            0               -0.412574231    0.00510177344   *N3606  
*N3606  0.128255553     
GRID*   3607            0               -0.411365691    0.00734803522   *N3607  
*N3607  0.13020683      
GRID*   3608            0               -0.413591436    0.000475416454  *N3608  
*N3608  0.121122695     
GRID*   3609            0               -0.413097592    0.0036070998    *N3609  
*N3609  0.12070592      
GRID*   3610            0               -0.413479297    0.0017810064    *N3610  
*N3610  0.119419216     
GRID*   3611            0               -0.413546476    0.0011875066    *N3611  
*N3611  0.124635966     
GRID*   3612            0               -0.413573572    -0.000834858735 *N3612  
*N3612  0.122826173     
GRID*   3613            0               -0.412884136    0.00428793055   *N3613  
*N3613  0.124219191     
GRID*   3614            0               -0.413210735    0.00318199242   *N3614  
*N3614  0.12644576      
GRID*   3615            0               -0.412462261    0.00536114402   *N3615  
*N3615  0.121992623     
GRID*   3616            0               -0.388242292    0.00514102411   *N3616  
*N3616  0.140079042     
GRID*   3617            0               -0.387492788    0.00276475692   *N3617  
*N3617  0.144065209     
GRID*   3618            0               -0.38746326     0.0026231188    *N3618  
*N3618  0.140436704     
GRID*   3619            0               -0.389751795    0.00780100868   *N3619  
*N3619  0.143738877     
GRID*   3620            0               -0.389503379    0.00745007687   *N3620  
*N3620  0.13972138      
GRID*   3621            0               -0.390275794    0.00846997359   *N3621  
*N3621  0.151773869     
GRID*   3622            0               -0.388475535    0.00566101802   *N3622  
*N3622  0.147725043     
GRID*   3623            0               -0.39000841     0.00813970882   *N3623  
*N3623  0.147756373     
GRID*   3624            0               -0.387554323    0.00303785689   *N3624  
*N3624  0.151322219     
GRID*   3625            0               -0.387522903    0.0029017883    *N3625  
*N3625  0.147693714     
GRID*   3626            0               -0.388816047    0.00632866757   *N3626  
*N3626  0.155049204     
GRID*   3627            0               -0.387670507    0.00349285076   *N3627  
*N3627  0.158257387     
GRID*   3628            0               -0.387610647    0.00326687156   *N3628  
*N3628  0.154789803     
GRID*   3629            0               -0.391212973    0.0094783189    *N3629  
*N3629  0.15884334      
GRID*   3630            0               -0.390731229    0.00898637173   *N3630  
*N3630  0.155308604     
GRID*   3631            0               -0.38927823     0.00710958727   *N3631  
*N3631  0.162051523     
GRID*   3632            0               -0.391707809    0.00993407371   *N3632  
*N3632  0.162378075     
GRID*   3633            0               -0.387730492    0.00370453301   *N3633  
*N3633  0.161724972     
GRID*   3634            0               -0.408706512    -0.0102587457   *N3634  
*N3634  0.14271274      
GRID*   3635            0               -0.408356057    -0.010532861    *N3635  
*N3635  0.138286316     
GRID*   3636            0               -0.406888966    -0.0114949261   *N3636  
*N3636  0.140541768     
GRID*   3637            0               -0.411378287    -0.00732920313  *N3637  
*N3637  0.142589675     
GRID*   3638            0               -0.410293721    -0.00873809376  *N3638  
*N3638  0.144883712     
GRID*   3639            0               -0.411125044    -0.00769502575  *N3639  
*N3639  0.138163251     
GRID*   3640            0               -0.412263672    -0.00578733796  *N3640  
*N3640  0.140295638     
GRID*   3641            0               -0.409682605    -0.00938473436  *N3641  
*N3641  0.136030864     
GRID*   3642            0               -0.405587024    0.012138154     *N3642  
*N3642  0.0964398443    
GRID*   3643            0               -0.402383009    0.0130501983    *N3643  
*N3643  0.0929764192    
GRID*   3644            0               -0.404111417    0.0126674931    *N3644  
*N3644  0.0887240141    
GRID*   3645            0               -0.404857086    0.0124247489    *N3645  
*N3645  0.0925819292    
GRID*   3646            0               -0.400953992    0.0131883696    *N3646  
*N3646  0.0977705191    
GRID*   3647            0               -0.397307748    0.0128326917    *N3647  
*N3647  0.0937653993    
GRID*   3648            0               -0.398719704    0.0130926164    *N3648  
*N3648  0.0889712995    
GRID*   3649            0               -0.399834816    0.0131878947    *N3649  
*N3649  0.0933709093    
GRID*   3650            0               -0.394879595    0.0119902099    *N3650  
*N3650  0.0844244851    
GRID*   3651            0               -0.400486732    0.0131997151    *N3651  
*N3651  0.0847188944    
GRID*   3652            0               -0.39761667     0.0129032196    *N3652  
*N3652  0.0845716898    
GRID*   3653            0               -0.40335265     0.0128655298    *N3653  
*N3653  0.084866099     
GRID*   3654            0               -0.39203153     0.0102082671    *N3654  
*N3654  0.0949066376    
GRID*   3655            0               -0.394144457    0.0116236043    *N3655  
*N3655  0.096852389     
GRID*   3656            0               -0.392705106    0.0107251393    *N3656  
*N3656  0.0983958839    
GRID*   3657            0               -0.392469437    0.0105520697    *N3657  
*N3657  0.0890864227    
GRID*   3658            0               -0.391392576    0.00964916143   *N3658  
*N3658  0.0914173914    
GRID*   3659            0               -0.394640166    0.0118770499    *N3659  
*N3659  0.091032174     
GRID*   3660            0               -0.393636185    0.0113353786    *N3660  
*N3660  0.0867554539    
GRID*   3661            0               -0.395687167    0.0123300125    *N3661  
*N3661  0.0953088942    
GRID*   3662            0               -0.403826403    0.0127475394    *N3662  
*N3662  0.100624144     
GRID*   3663            0               -0.401993925    0.0131034119    *N3663  
*N3663  0.104958978     
GRID*   3664            0               -0.401474798    0.01315617      *N3664  
*N3664  0.101364748     
GRID*   3665            0               -0.406535953    0.0116871758    *N3665  
*N3665  0.103327233     
GRID*   3666            0               -0.406065977    0.0119221098    *N3666  
*N3666  0.0998835388    
GRID*   3667            0               -0.40482596     0.0124358707    *N3667  
*N3667  0.107662068     
GRID*   3668            0               -0.406996207    0.0114337243    *N3668  
*N3668  0.106770928     
GRID*   3669            0               -0.402510561    0.0130301777    *N3669  
*N3669  0.108553207     
GRID*   3670            0               -0.374000158    3.267743E-05    *N3670  
*N3670  0.379908673     
GRID*   3671            0               -0.377276185    0.000190645404  *N3671  
*N3671  0.392737707     
GRID*   3672            0               -0.38461877     0.0011114801    *N3672  
*N3672  0.40116395      
GRID*   3673            0               -0.377544588    5.44740333E-06  *N3673  
*N3673  0.366786744     
GRID*   3674            0               -0.392369298    -0.00436731429  *N3674  
*N3674  0.405148913     
GRID*   3675            0               -0.392353769    0.00440808882   *N3675  
*N3675  0.405143949     
GRID*   3676            0               -0.389092272    0.0112631187    *N3676  
*N3676  0.356144282     
GRID*   3677            0               -0.3872         0.0066          *N3677  
*N3677  0.357136929     
GRID*   3678            0               -0.389092271    -0.0112631175   *N3678  
*N3678  0.356144282     
GRID*   3679            0               -0.3872         -0.0066         *N3679  
*N3679  0.357136929     
GRID*   3680            0               -0.377540758    0.0066027237    *N3680  
*N3680  0.366793371     
GRID*   3681            0               -0.381737794    2.72370166E-06  *N3681  
*N3681  0.361326969     
GRID*   3682            0               -0.381735087    0.00660136185   *N3682  
*N3682  0.361329675     
GRID*   3683            0               -0.389723299    -0.00878365714  *N3683  
*N3683  0.404144731     
GRID*   3684            0               -0.396336215    -0.00218365714  *N3684  
*N3684  0.406085353     
GRID*   3685            0               -0.394928537    -0.00769182857  *N3685  
*N3685  0.40582679      
GRID*   3686            0               -0.396328161    0.00880404441   *N3686  
*N3686  0.406084097     
GRID*   3687            0               -0.388321214    0.00275978446   *N3687  
*N3687  0.40347473      
GRID*   3688            0               -0.385884502    0.00715574005   *N3688  
*N3688  0.402051311     
GRID*   3689            0               -0.39091685     0.00797989223   *N3689  
*N3689  0.404637976     
GRID*   3690            0               -0.377405395    -0.0065046773   *N3690  
*N3690  0.392969509     
GRID*   3691            0               -0.380496457    0.000651062754  *N3691  
*N3691  0.397343845     
GRID*   3692            0               -0.385884502    -0.00604425995  *N3692  
*N3692  0.402051311     
GRID*   3693            0               -0.381103064    -0.00627446862  *N3693  
*N3693  0.398016333     
GRID*   3694            0               -0.377405395    0.0066953227    *N3694  
*N3694  0.392969509     
GRID*   3695            0               -0.381103064    0.00692553138   *N3695  
*N3695  0.398016333     
GRID*   3696            0               -0.374000039    -0.00658366129  *N3696  
*N3696  0.379954336     
GRID*   3697            0               -0.374820825    0.000111661417  *N3697  
*N3697  0.386531908     
GRID*   3698            0               -0.374859749    -0.00654416929  *N3698  
*N3698  0.386682481     
GRID*   3699            0               -0.374000039    0.00661633871   *N3699  
*N3699  0.379954336     
GRID*   3700            0               -0.374859749    0.00665583071   *N3700  
*N3700  0.386682481     
GRID*   3701            0               -0.377540758    -0.0065972763   *N3701  
*N3701  0.366793371     
GRID*   3702            0               -0.381735087    -0.00659863815  *N3702  
*N3702  0.361329675     
GRID*   3703            0               -0.37491341     1.90624166E-05  *N3703  
*N3703  0.37311569      
GRID*   3704            0               -0.374906471    -0.00659046879  *N3704  
*N3704  0.37314143      
GRID*   3705            0               -0.374906471    0.00660953121   *N3705  
*N3705  0.37314143      
GRID*   3706            0               -0.392361533    2.03872653E-05  *N3706  
*N3706  0.405146432     
GRID*   3707            0               -0.396332188    0.00331019363   *N3707  
*N3707  0.406084726     
GRID*   3708            0               -0.389017326    -0.00301193634  *N3708  
*N3708  0.403820049     
GRID*   3709            0               -0.392663959    0.0120602726    *N3709  
*N3709  0.354758889     
GRID*   3710            0               -0.388308955    0.00758154265   *N3710  
*N3710  0.356531582     
GRID*   3711            0               -0.392663911    -0.0120602187   *N3711  
*N3711  0.354758904     
GRID*   3712            0               -0.388308993    -0.00758163428  *N3712  
*N3712  0.356531563     
GRID*   3713            0               -0.377538843    0.00990136185   *N3713  
*N3713  0.366796686     
GRID*   3714            0               -0.379458967    0.00660204278   *N3714  
*N3714  0.363924144     
GRID*   3715            0               -0.381733734    0.00990068093   *N3715  
*N3715  0.361331028     
GRID*   3716            0               -0.379457219    0.00990102139   *N3716  
*N3716  0.363926421     
GRID*   3717            0               -0.377542672    0.00330408555   *N3717  
*N3717  0.366790058     
GRID*   3718            0               -0.379462464    4.0855525E-06   *N3718  
*N3718  0.363919591     
GRID*   3719            0               -0.381736441    0.00330204278   *N3719  
*N3719  0.361328322     
GRID*   3720            0               -0.379460715    0.00330306416   *N3720  
*N3720  0.363921867     
GRID*   3721            0               -0.384331735    1.36185083E-06  *N3721  
*N3721  0.359053142     
GRID*   3722            0               -0.3872         0.0033          *N3722  
*N3722  0.357136929     
GRID*   3723            0               -0.384330217    0.00660068093   *N3723  
*N3723  0.359054307     
GRID*   3724            0               -0.384330976    0.00330102139   *N3724  
*N3724  0.359053725     
GRID*   3725            0               -0.3872         0.0099          *N3725  
*N3725  0.357136929     
GRID*   3726            0               -0.384329457    0.00990034046   *N3726  
*N3726  0.359054889     
GRID*   3727            0               -0.388444463    -0.0109918286   *N3727  
*N3727  0.403537738     
GRID*   3728            0               -0.392282234    -0.00823774286  *N3728  
*N3728  0.405120945     
GRID*   3729            0               -0.394245694    -0.0104459143   *N3729  
*N3729  0.405672641     
GRID*   3730            0               -0.391282376    -0.0107188714   *N3730  
*N3730  0.404775571     
GRID*   3731            0               -0.391032833    -0.00657548571  *N3731  
*N3731  0.404682305     
GRID*   3732            0               -0.394334657    -0.00327548571  *N3732  
*N3732  0.405693805     
GRID*   3733            0               -0.395630624    -0.00493774286  *N3733  
*N3733  0.405965613     
GRID*   3734            0               -0.393302663    -0.00575661429  *N3734  
*N3734  0.405428091     
GRID*   3735            0               -0.398362026    -0.00109182857  *N3735  
*N3735  0.406321221     
GRID*   3736            0               -0.397649297    -0.00714591429  *N3736  
*N3736  0.406256306     
GRID*   3737            0               -0.398005003    -0.00411887143  *N3737  
*N3737  0.406291139     
GRID*   3738            0               -0.397300889    -0.0101729571   *N3738  
*N3738  0.406217466     
GRID*   3739            0               -0.398357963    0.0110020222    *N3739  
*N3739  0.406320906     
GRID*   3740            0               -0.393584045    0.00839196832   *N3740  
*N3740  0.405504955     
GRID*   3741            0               -0.392230624    0.0105899461    *N3741  
*N3741  0.405104209     
GRID*   3742            0               -0.395260632    0.0107959842    *N3742  
*N3742  0.40589492      
GRID*   3743            0               -0.394322758    0.00660606661   *N3743  
*N3743  0.405690993     
GRID*   3744            0               -0.390302939    0.00358393664   *N3744  
*N3744  0.404392814     
GRID*   3745            0               -0.389603355    0.00536983834   *N3745  
*N3745  0.404091336     
GRID*   3746            0               -0.391925229    0.00598795248   *N3746  
*N3746  0.405002765     
GRID*   3747            0               -0.386422159    0.00193563228   *N3747  
*N3747  0.402395981     
GRID*   3748            0               -0.38524514     0.00413361008   *N3748  
*N3748  0.401616897     
GRID*   3749            0               -0.388331177    0.00756781614   *N3749  
*N3749  0.403479854     
GRID*   3750            0               -0.387365397    0.00475172421   *N3750  
*N3750  0.402957768     
GRID*   3751            0               -0.386536309    0.01017787      *N3751  
*N3751  0.402466821     
GRID*   3752            0               -0.389304822    0.0103839081    *N3752  
*N3752  0.403955313     
GRID*   3753            0               -0.38141493     -0.00973723431  *N3753  
*N3753  0.398344675     
GRID*   3754            0               -0.383373831    -0.00615936429  *N3754  
*N3754  0.400175965     
GRID*   3755            0               -0.386536309    -0.00962212997  *N3755  
*N3755  0.402466821     
GRID*   3756            0               -0.383846804    -0.00967968214  *N3756  
*N3756  0.400565789     
GRID*   3757            0               -0.377470873    -0.00985233865  *N3757  
*N3757  0.39308492      
GRID*   3758            0               -0.379104197    -0.00638957296  *N3758  
*N3758  0.395602846     
GRID*   3759            0               -0.379278536    -0.00979478648  *N3759  
*N3759  0.395838048     
GRID*   3760            0               -0.377340499    -0.00315701595  *N3760  
*N3760  0.39285377      
GRID*   3761            0               -0.378763399    0.000420854079  *N3761  
*N3761  0.395126714     
GRID*   3762            0               -0.380796877    -0.00281170293  *N3762  
*N3762  0.397682691     
GRID*   3763            0               -0.378932478    -0.00298435944  *N3763  
*N3763  0.395365725     
GRID*   3764            0               -0.382455668    0.000881271428  *N3764  
*N3764  0.399363908     
GRID*   3765            0               -0.38524514     -0.00246638992  *N3765  
*N3765  0.401616897     
GRID*   3766            0               -0.382910036    -0.00263904643  *N3766  
*N3766  0.399775266     
GRID*   3767            0               -0.383373831    0.00704063571   *N3767  
*N3767  0.400175965     
GRID*   3768            0               -0.38141493     0.0100627657    *N3768  
*N3768  0.398344675     
GRID*   3769            0               -0.383846804    0.0101203179    *N3769  
*N3769  0.400565789     
GRID*   3770            0               -0.380796877    0.00378829707   *N3770  
*N3770  0.397682691     
GRID*   3771            0               -0.382910036    0.00396095357   *N3771  
*N3771  0.399775266     
GRID*   3772            0               -0.377340499    0.00344298405   *N3772  
*N3772  0.39285377      
GRID*   3773            0               -0.379104197    0.00681042704   *N3773  
*N3773  0.395602846     
GRID*   3774            0               -0.378932478    0.00361564056   *N3774  
*N3774  0.395365725     
GRID*   3775            0               -0.377470873    0.00994766135   *N3775  
*N3775  0.39308492      
GRID*   3776            0               -0.379278536    0.0100052135    *N3776  
*N3776  0.395838048     
GRID*   3777            0               -0.374879543    -0.00987208465  *N3777  
*N3777  0.386757681     
GRID*   3778            0               -0.375929819    -0.00652442329  *N3778  
*N3778  0.38990809      
GRID*   3779            0               -0.375969506    -0.00986221165  *N3779  
*N3779  0.390005546     
GRID*   3780            0               -0.37400001     -0.00989183064  *N3780  
*N3780  0.379977168     
GRID*   3781            0               -0.374212916    -0.00656391529  *N3781  
*N3781  0.383346134     
GRID*   3782            0               -0.374219338    -0.00988195764  *N3782  
*N3782  0.383396019     
GRID*   3783            0               -0.374000089    -0.00327549193  *N3783  
*N3783  0.379931505     
GRID*   3784            0               -0.374200356    7.21694236E-05  *N3784  
*N3784  0.383246328     
GRID*   3785            0               -0.374840176    -0.00321625394  *N3785  
*N3785  0.386607223     
GRID*   3786            0               -0.374206588    -0.00324587293  *N3786  
*N3786  0.383296237     
GRID*   3787            0               -0.375851613    0.000151153411  *N3787  
*N3787  0.389712708     
GRID*   3788            0               -0.375890522    -0.00318663494  *N3788  
*N3788  0.389810477     
GRID*   3789            0               -0.375929819    0.00667557671   *N3789  
*N3789  0.38990809      
GRID*   3790            0               -0.374879543    0.00992791535   *N3790  
*N3790  0.386757681     
GRID*   3791            0               -0.375969506    0.00993778835   *N3791  
*N3791  0.390005546     
GRID*   3792            0               -0.374840176    0.00338374606   *N3792  
*N3792  0.386607223     
GRID*   3793            0               -0.375890522    0.00341336506   *N3793  
*N3793  0.389810477     
GRID*   3794            0               -0.374000089    0.00332450807   *N3794  
*N3794  0.379931505     
GRID*   3795            0               -0.374212916    0.00663608471   *N3795  
*N3795  0.383346134     
GRID*   3796            0               -0.374206588    0.00335412707   *N3796  
*N3796  0.383296237     
GRID*   3797            0               -0.37400001     0.00990816936   *N3797  
*N3797  0.379977168     
GRID*   3798            0               -0.374219338    0.00991804236   *N3798  
*N3798  0.383396019     
GRID*   3799            0               -0.381736441    -0.00329795722  *N3799  
*N3799  0.361328322     
GRID*   3800            0               -0.384330217    -0.00659931907  *N3800  
*N3800  0.359054307     
GRID*   3801            0               -0.3872         -0.0033         *N3801  
*N3801  0.357136929     
GRID*   3802            0               -0.384330976    -0.00329897861  *N3802  
*N3802  0.359053725     
GRID*   3803            0               -0.377542672    -0.00329591445  *N3803  
*N3803  0.366790058     
GRID*   3804            0               -0.379458967    -0.00659795722  *N3804  
*N3804  0.363924144     
GRID*   3805            0               -0.379460715    -0.00329693584  *N3805  
*N3805  0.363921867     
GRID*   3806            0               -0.377538843    -0.00989863815  *N3806  
*N3806  0.366796686     
GRID*   3807            0               -0.381733734    -0.00989931907  *N3807  
*N3807  0.361331028     
GRID*   3808            0               -0.379457219    -0.00989897861  *N3808  
*N3808  0.363926421     
GRID*   3809            0               -0.3872         -0.0099         *N3809  
*N3809  0.357136929     
GRID*   3810            0               -0.384329457    -0.00989965954  *N3810  
*N3810  0.359054889     
GRID*   3811            0               -0.374903011    -0.0098952344   *N3811  
*N3811  0.373154303     
GRID*   3812            0               -0.3742306      -0.00658706504  *N3812  
*N3812  0.37651826      
GRID*   3813            0               -0.374228222    -0.00989353252  *N3813  
*N3813  0.376536183     
GRID*   3814            0               -0.376016151    -0.00659387255  *N3814  
*N3814  0.369881309     
GRID*   3815            0               -0.376012864    -0.00989693627  *N3815  
*N3815  0.369889232     
GRID*   3816            0               -0.376022732    1.225491E-05    *N3816  
*N3816  0.369865464     
GRID*   3817            0               -0.374909937    -0.00328570319  *N3817  
*N3817  0.373128559     
GRID*   3818            0               -0.37601944     -0.00329080882  *N3818  
*N3818  0.369873386     
GRID*   3819            0               -0.374235394    2.58699233E-05  *N3819  
*N3819  0.376482418     
GRID*   3820            0               -0.374232991    -0.00328059756  *N3820  
*N3820  0.376500338     
GRID*   3821            0               -0.3742306      0.00661293496   *N3821  
*N3821  0.37651826      
GRID*   3822            0               -0.374903011    0.0099047656    *N3822  
*N3822  0.373154303     
GRID*   3823            0               -0.374228222    0.00990646748   *N3823  
*N3823  0.376536183     
GRID*   3824            0               -0.374909937    0.00331429681   *N3824  
*N3824  0.373128559     
GRID*   3825            0               -0.374232991    0.00331940244   *N3825  
*N3825  0.376500338     
GRID*   3826            0               -0.376016151    0.00660612745   *N3826  
*N3826  0.369881309     
GRID*   3827            0               -0.37601944     0.00330919118   *N3827  
*N3827  0.369873386     
GRID*   3828            0               -0.376012864    0.00990306373   *N3828  
*N3828  0.369889232     
GRID*   3829            0               -0.398359994    0.00495509682   *N3829  
*N3829  0.406321063     
GRID*   3830            0               -0.396330174    0.00605711902   *N3830  
*N3830  0.406084411     
GRID*   3831            0               -0.398358978    0.00797855951   *N3831  
*N3831  0.406320985     
GRID*   3832            0               -0.396334202    0.000563268245  *N3832  
*N3832  0.406085039     
GRID*   3833            0               -0.39836101     0.00193163412   *N3833  
*N3833  0.406321142     
GRID*   3834            0               -0.392365416    -0.00217346351  *N3834  
*N3834  0.405147673     
GRID*   3835            0               -0.394328707    0.00166529045   *N3835  
*N3835  0.4056924       
GRID*   3836            0               -0.394331682    -0.000805097633 *N3836  
*N3836  0.405693103     
GRID*   3837            0               -0.392357651    0.00221423804   *N3837  
*N3837  0.405145191     
GRID*   3838            0               -0.394325732    0.00413567853   *N3838  
*N3838  0.405691697     
GRID*   3839            0               -0.38742075     -0.00452809815  *N3839  
*N3839  0.402989108     
GRID*   3840            0               -0.389369118    -0.00589779674  *N3840  
*N3840  0.403984988     
GRID*   3841            0               -0.387929589    -0.00775996336  *N3841  
*N3841  0.403269053     
GRID*   3842            0               -0.388668       -0.000126075941 *N3842  
*N3842  0.403649951     
GRID*   3843            0               -0.386918192    -0.00129623293  *N3843  
*N3843  0.402698037     
GRID*   3844            0               -0.390666809    -0.00149577454  *N3844  
*N3844  0.404540273     
GRID*   3845            0               -0.3904846      0.00104408105   *N3845  
*N3845  0.40446722      
GRID*   3846            0               -0.390849557    -0.00403563013  *N3846  
*N3846  0.404611969     
GRID*   3847            0               -0.388136089    0.0122315593    *N3847  
*N3847  0.356621453     
GRID*   3848            0               -0.390852953    0.0116616956    *N3848  
*N3848  0.355386713     
GRID*   3849            0               -0.393114414    0.0126301363    *N3849  
*N3849  0.354625205     
GRID*   3850            0               -0.390574423    0.0124308478    *N3850  
*N3850  0.355496571     
GRID*   3851            0               -0.390066983    0.010294678     *N3851  
*N3851  0.355706199     
GRID*   3852            0               -0.393970072    0.0121161866    *N3852  
*N3852  0.354395        
GRID*   3853            0               -0.391931917    0.0113052709    *N3853  
*N3853  0.354994969     
GRID*   3854            0               -0.395429082    0.0127841384    *N3854  
*N3854  0.354072216     
GRID*   3855            0               -0.388699011    0.00942233067   *N3855  
*N3855  0.356334691     
GRID*   3856            0               -0.38826695     0.00634072125   *N3856  
*N3856  0.356553271     
GRID*   3857            0               -0.389068995    0.00839071323   *N3857  
*N3857  0.356155329     
GRID*   3858            0               -0.387750856    0.00709077133   *N3858  
*N3858  0.356827621     
GRID*   3859            0               -0.387943046    0.00966116534   *N3859  
*N3859  0.35672374      
GRID*   3860            0               -0.38760592     0.00485256483   *N3860  
*N3860  0.356907328     
GRID*   3861            0               -0.390066981    -0.0102946763   *N3861  
*N3861  0.3557062       
GRID*   3862            0               -0.390852928    -0.0116616681   *N3862  
*N3862  0.355386723     
GRID*   3863            0               -0.393969881    -0.0121160891   *N3863  
*N3863  0.354395048     
GRID*   3864            0               -0.391931665    -0.0113050939   *N3864  
*N3864  0.354995054     
GRID*   3865            0               -0.388136088    -0.0122315588   *N3865  
*N3865  0.356621453     
GRID*   3866            0               -0.39311439     -0.0126301094   *N3866  
*N3866  0.354625212     
GRID*   3867            0               -0.390574411    -0.0124308341   *N3867  
*N3867  0.355496576     
GRID*   3868            0               -0.395429094    -0.0127841649   *N3868  
*N3868  0.354072214     
GRID*   3869            0               -0.388699029    -0.00942237591  *N3869  
*N3869  0.356334682     
GRID*   3870            0               -0.387750874    -0.00709081714  *N3870  
*N3870  0.356827611     
GRID*   3871            0               -0.387943055    -0.00966118795  *N3871  
*N3871  0.356723735     
GRID*   3872            0               -0.388267085    -0.00634104371  *N3872  
*N3872  0.356553201     
GRID*   3873            0               -0.389069058    -0.00839081623  *N3873  
*N3873  0.356155299     
GRID*   3874            0               -0.387605947    -0.00485267548  *N3874  
*N3874  0.356907313     
GRID*   3875            0               -0.423234758    5.0968936E-06   *N3875  
*N3875  0.366751083     
GRID*   3876            0               -0.426797821    3.05905257E-05  *N3876  
*N3876  0.379660791     
GRID*   3877            0               -0.424187593    0.000178506492  *N3877  
*N3877  0.391450346     
GRID*   3878            0               -0.422037685    0.00104079722   *N3878  
*N3878  0.395125164     
GRID*   3879            0               -0.407651303    -0.0043824      *N3879  
*N3879  0.405384614     
GRID*   3880            0               -0.407651303    0.004488        *N3880  
*N3880  0.405384614     
GRID*   3881            0               -0.411707728    0.0112631184    *N3881  
*N3881  0.356144282     
GRID*   3882            0               -0.4136         0.00660000077   *N3882  
*N3882  0.357136929     
GRID*   3883            0               -0.411707729    -0.0112631173   *N3883  
*N3883  0.356144282     
GRID*   3884            0               -0.4136         -0.00659999923  *N3884  
*N3884  0.357136929     
GRID*   3885            0               -0.404061025    -0.0021912      *N3885  
*N3885  0.406144921     
GRID*   3886            0               -0.410703082    -0.0087912      *N3886  
*N3886  0.404306512     
GRID*   3887            0               -0.405676131    -0.0076956      *N3887  
*N3887  0.405867401     
GRID*   3888            0               -0.415728323    0.00276439861   *N3888  
*N3888  0.401494244     
GRID*   3889            0               -0.404061025    0.008844        *N3889  
*N3889  0.406144921     
GRID*   3890            0               -0.418243342    0.00712039861   *N3890  
*N3890  0.399457007     
GRID*   3891            0               -0.41171024     0.00798219931   *N3891  
*N3891  0.403854527     
GRID*   3892            0               -0.418243342    -0.00607960139  *N3892  
*N3892  0.399457007     
GRID*   3893            0               -0.423186839    0.000609651856  *N3893  
*N3893  0.393331165     
GRID*   3894            0               -0.423741731    -0.00651074675  *N3894  
*N3894  0.392333839     
GRID*   3895            0               -0.421298265    -0.00629517407  *N3895  
*N3895  0.396131415     
GRID*   3896            0               -0.423741731    0.00668925325   *N3896  
*N3896  0.392333839     
GRID*   3897            0               -0.421298265    0.00690482593   *N3897  
*N3897  0.396131415     
GRID*   3898            0               -0.426799455    -0.00658470474  *N3898  
*N3898  0.379830392     
GRID*   3899            0               -0.425848514    1.78437096E-05  *N3899  
*N3899  0.372976244     
GRID*   3900            0               -0.423248928    -0.00659745155  *N3900  
*N3900  0.366775534     
GRID*   3901            0               -0.425874657    -0.00659107815  *N3901  
*N3901  0.373071662     
GRID*   3902            0               -0.423248928    0.00660254845   *N3902  
*N3902  0.366775534     
GRID*   3903            0               -0.426799455    0.00661529526   *N3903  
*N3903  0.379830392     
GRID*   3904            0               -0.425874657    0.00660892185   *N3904  
*N3904  0.373071662     
GRID*   3905            0               -0.426175809    0.000104548509  *N3905  
*N3905  0.385706808     
GRID*   3906            0               -0.426044306    0.00665227425   *N3906  
*N3906  0.386271327     
GRID*   3907            0               -0.426044306    -0.00654772575  *N3907  
*N3907  0.386271327     
GRID*   3908            0               -0.407651303    5.28000005E-05  *N3908  
*N3908  0.405384614     
GRID*   3909            0               -0.404061025    0.0033264       *N3909  
*N3909  0.406144921     
GRID*   3910            0               -0.413292612    -0.00301340069  *N3910  
*N3910  0.403037807     
GRID*   3911            0               -0.419047626    2.54922081E-06  *N3911  
*N3911  0.361312409     
GRID*   3912            0               -0.419057625    -0.00659872539  *N3912  
*N3912  0.361322392     
GRID*   3913            0               -0.419057625    0.00660127461   *N3913  
*N3913  0.361322392     
GRID*   3914            0               -0.412491051    0.00758153075   *N3914  
*N3914  0.356531585     
GRID*   3915            0               -0.40813621     0.0120601934    *N3915  
*N3915  0.354758941     
GRID*   3916            0               -0.412490915    -0.00758185412  *N3916  
*N3916  0.356531515     
GRID*   3917            0               -0.408135846    -0.0120603234   *N3917  
*N3917  0.354758829     
GRID*   3918            0               -0.40223495     -0.0010956      *N3918  
*N3918  0.406336153     
GRID*   3919            0               -0.404870732    -0.0049434      *N3919  
*N3919  0.406018696     
GRID*   3920            0               -0.403051472    -0.0071478      *N3920  
*N3920  0.406266513     
GRID*   3921            0               -0.40264402     -0.0041217      *N3921  
*N3921  0.406304455     
GRID*   3922            0               -0.405869391    -0.0032868      *N3922  
*N3922  0.405827229     
GRID*   3923            0               -0.40919373     -0.0065868      *N3923  
*N3923  0.404892375     
GRID*   3924            0               -0.408228605    -0.0082434      *N3924  
*N3924  0.405212555     
GRID*   3925            0               -0.407056097    -0.0057651      *N3925  
*N3925  0.40554714      
GRID*   3926            0               -0.412173682    -0.0109956      *N3926  
*N3926  0.403629228     
GRID*   3927            0               -0.406457256    -0.0104478      *N3927  
*N3927  0.405695713     
GRID*   3928            0               -0.409375142    -0.0107217      *N3928  
*N3928  0.404827542     
GRID*   3929            0               -0.403449726    -0.0101739      *N3929  
*N3929  0.406223256     
GRID*   3930            0               -0.419155339    0.00190259792   *N3930  
*N3930  0.398579485     
GRID*   3931            0               -0.413771462    0.00537329896   *N3931  
*N3931  0.402763216     
GRID*   3932            0               -0.415141689    0.00755129896   *N3932  
*N3932  0.401900744     
GRID*   3933            0               -0.42025898     0.00408059792   *N3933  
*N3933  0.397394853     
GRID*   3934            0               -0.417230639    0.00472694844   *N3934  
*N3934  0.400339361     
GRID*   3935            0               -0.411856161    0.00362619931   *N3935  
*N3935  0.403784793     
GRID*   3936            0               -0.405869391    0.006666        *N3936  
*N3936  0.405827229     
GRID*   3937            0               -0.407972725    0.00841309965   *N3937  
*N3937  0.405290588     
GRID*   3938            0               -0.409944186    0.00601964948   *N3938  
*N3938  0.404614397     
GRID*   3939            0               -0.40223495     0.011022        *N3939  
*N3939  0.406336153     
GRID*   3940            0               -0.409508784    0.0105910997    *N3940  
*N3940  0.404778823     
GRID*   3941            0               -0.405930032    0.0108065498    *N3941  
*N3941  0.405814313     
GRID*   3942            0               -0.41601482     0.0101601993    *N3942  
*N3942  0.401287024     
GRID*   3943            0               -0.412884483    0.0103756495    *N3943  
*N3943  0.403261507     
GRID*   3944            0               -0.41601482     -0.00963980069  *N3944  
*N3944  0.401287024     
GRID*   3945            0               -0.41984204     -0.00618738773  *N3945  
*N3945  0.397859649     
GRID*   3946            0               -0.420223543    -0.00974758704  *N3946  
*N3946  0.397435227     
GRID*   3947            0               -0.418223537    -0.00969369387  *N3947  
*N3947  0.399475151     
GRID*   3948            0               -0.42025898     -0.00251940208  *N3948  
*N3948  0.397394853     
GRID*   3949            0               -0.422630366    0.000825224538  *N3949  
*N3949  0.394239762     
GRID*   3950            0               -0.42228738     -0.00284276111  *N3950  
*N3950  0.394761524     
GRID*   3951            0               -0.421314666    -0.0026810816   *N3951  
*N3951  0.396110144     
GRID*   3952            0               -0.423706197    0.000394079174  *N3952  
*N3952  0.392400855     
GRID*   3953            0               -0.423968802    -0.00316612013  *N3953  
*N3953  0.391894182     
GRID*   3954            0               -0.422601345    -0.00640296041  *N3954  
*N3954  0.394284967     
GRID*   3955            0               -0.423173264    -0.00300444062  *N3955  
*N3955  0.393354342     
GRID*   3956            0               -0.42350646     -0.00985537338  *N3956  
*N3956  0.392769162     
GRID*   3957            0               -0.421991418    -0.00980148021  *N3957  
*N3957  0.395191138     
GRID*   3958            0               -0.420223543    0.010052413     *N3958  
*N3958  0.397435227     
GRID*   3959            0               -0.41984204     0.00701261227   *N3959  
*N3959  0.397859649     
GRID*   3960            0               -0.418223537    0.0101063061    *N3960  
*N3960  0.399475151     
GRID*   3961            0               -0.42350646     0.00994462662   *N3961  
*N3961  0.392769162     
GRID*   3962            0               -0.422601345    0.00679703959   *N3962  
*N3962  0.394284967     
GRID*   3963            0               -0.421991418    0.00999851979   *N3963  
*N3963  0.395191138     
GRID*   3964            0               -0.423968802    0.00343387987   *N3964  
*N3964  0.391894182     
GRID*   3965            0               -0.42228738     0.00375723889   *N3965  
*N3965  0.394761524     
GRID*   3966            0               -0.423173264    0.00359555938   *N3966  
*N3966  0.393354342     
GRID*   3967            0               -0.421314666    0.0039189184    *N3967  
*N3967  0.396110144     
GRID*   3968            0               -0.426799864    -0.00989235237  *N3968  
*N3968  0.379915195     
GRID*   3969            0               -0.42655628     -0.00658789144  *N3969  
*N3969  0.37642103      
GRID*   3970            0               -0.425887594    -0.00989553907  *N3970  
*N3970  0.373119408     
GRID*   3971            0               -0.426565297    -0.00989394572  *N3971  
*N3971  0.376487558     
GRID*   3972            0               -0.426798774    -0.00327705711  *N3972  
*N3972  0.37974559      
GRID*   3973            0               -0.426537739    2.42171177E-05  *N3973  
*N3973  0.376288045     
GRID*   3974            0               -0.42586163     -0.00328661722  *N3974  
*N3974  0.373023941     
GRID*   3975            0               -0.426547094    -0.00328183716  *N3975  
*N3975  0.376354526     
GRID*   3976            0               -0.424741462    1.14703016E-05  *N3976  
*N3976  0.369779763     
GRID*   3977            0               -0.423241846    -0.00329617733  *N3977  
*N3977  0.366763306     
GRID*   3978            0               -0.424766011    -0.00659426485  *N3978  
*N3978  0.369838431     
GRID*   3979            0               -0.424753754    -0.00329139727  *N3979  
*N3979  0.369809089     
GRID*   3980            0               -0.423256002    -0.00989872578  *N3980  
*N3980  0.366787765     
GRID*   3981            0               -0.424778233    -0.00989713242  *N3981  
*N3981  0.369867787     
GRID*   3982            0               -0.425887594    0.00990446093   *N3982  
*N3982  0.373119408     
GRID*   3983            0               -0.42655628     0.00661210856   *N3983  
*N3983  0.37642103      
GRID*   3984            0               -0.426799864    0.00990764763   *N3984  
*N3984  0.379915195     
GRID*   3985            0               -0.426565297    0.00990605428   *N3985  
*N3985  0.376487558     
GRID*   3986            0               -0.423256002    0.00990127422   *N3986  
*N3986  0.366787765     
GRID*   3987            0               -0.424766011    0.00660573515   *N3987  
*N3987  0.369838431     
GRID*   3988            0               -0.424778233    0.00990286758   *N3988  
*N3988  0.369867787     
GRID*   3989            0               -0.423241846    0.00330382267   *N3989  
*N3989  0.366763306     
GRID*   3990            0               -0.42586163     0.00331338278   *N3990  
*N3990  0.373023941     
GRID*   3991            0               -0.424753754    0.00330860273   *N3991  
*N3991  0.369809089     
GRID*   3992            0               -0.426798774    0.00332294289   *N3992  
*N3992  0.37974559      
GRID*   3993            0               -0.426547094    0.00331816284   *N3993  
*N3993  0.376354526     
GRID*   3994            0               -0.425973915    0.00992613713   *N3994  
*N3994  0.38655247      
GRID*   3995            0               -0.42507988     0.00667076375   *N3995  
*N3995  0.389373554     
GRID*   3996            0               -0.424937859    0.00993538188   *N3996  
*N3996  0.389739274     
GRID*   3997            0               -0.426620406    0.00663378476   *N3997  
*N3997  0.383074135     
GRID*   3998            0               -0.426597935    0.00991689238   *N3998  
*N3998  0.383260095     
GRID*   3999            0               -0.426661388    6.75695172E-05  *N3999  
*N3999  0.38270176      
GRID*   4000            0               -0.426111607    0.00337841138   *N4000  
*N4000  0.385989429     
GRID*   4001            0               -0.426641558    0.00335067714   *N4001  
*N4001  0.38288802      
GRID*   4002            0               -0.42534754     0.0001415275    *N4002  
*N4002  0.388635985     
GRID*   4003            0               -0.425216451    0.00340614563   *N4003  
*N4003  0.389005764     
GRID*   4004            0               -0.42507988     -0.00652923625  *N4004  
*N4004  0.389373554     
GRID*   4005            0               -0.425973915    -0.00987386287  *N4005  
*N4005  0.38655247      
GRID*   4006            0               -0.424937859    -0.00986461812  *N4006  
*N4006  0.389739274     
GRID*   4007            0               -0.426111607    -0.00322158862  *N4007  
*N4007  0.385989429     
GRID*   4008            0               -0.425216451    -0.00319385437  *N4008  
*N4008  0.389005764     
GRID*   4009            0               -0.426620406    -0.00656621524  *N4009  
*N4009  0.383074135     
GRID*   4010            0               -0.426641558    -0.00324932286  *N4010  
*N4010  0.38288802      
GRID*   4011            0               -0.426597935    -0.00988310762  *N4011  
*N4011  0.383260095     
GRID*   4012            0               -0.404061025    0.0060852       *N4012  
*N4012  0.406144921     
GRID*   4013            0               -0.40223495     0.0049632       *N4013  
*N4013  0.406336153     
GRID*   4014            0               -0.40223495     0.0079926       *N4014  
*N4014  0.406336153     
GRID*   4015            0               -0.407651303    0.0022704       *N4015  
*N4015  0.405384614     
GRID*   4016            0               -0.405869391    0.0016896       *N4016  
*N4016  0.405827229     
GRID*   4017            0               -0.405869391    0.0041778       *N4017  
*N4017  0.405827229     
GRID*   4018            0               -0.407651303    -0.0021648      *N4018  
*N4018  0.405384614     
GRID*   4019            0               -0.404061025    0.0005676       *N4019  
*N4019  0.406144921     
GRID*   4020            0               -0.405869391    -0.0007986      *N4020  
*N4020  0.405827229     
GRID*   4021            0               -0.40223495     0.0019338       *N4021  
*N4021  0.406336153     
GRID*   4022            0               -0.412015182    -0.00590230035  *N4022  
*N4022  0.403707542     
GRID*   4023            0               -0.415871918    -0.00454650104  *N4023  
*N4023  0.401391114     
GRID*   4024            0               -0.414068686    -0.00777105052  *N4024  
*N4024  0.402585992     
GRID*   4025            0               -0.410540079    -0.00148030035  *N4025  
*N4025  0.404374963     
GRID*   4026            0               -0.409870438    -0.00403355017  *N4026  
*N4026  0.404642865     
GRID*   4027            0               -0.414531558    -0.000124501042 *N4027  
*N4027  0.402299306     
GRID*   4028            0               -0.411202151    0.00107294948   *N4028  
*N4028  0.404088867     
GRID*   4029            0               -0.417571272    -0.00132195156  *N4029  
*N4029  0.400052616     
GRID*   4030            0               -0.421318696    3.82305721E-06  *N4030  
*N4030  0.363895089     
GRID*   4031            0               -0.419052626    -0.00329808808  *N4031  
*N4031  0.3613174       
GRID*   4032            0               -0.421331619    -0.00659808847  *N4032  
*N4032  0.363911888     
GRID*   4033            0               -0.421325159    -0.00329713271  *N4033  
*N4033  0.363903487     
GRID*   4034            0               -0.41646009     1.27538442E-06  *N4034  
*N4034  0.359046873     
GRID*   4035            0               -0.4136         -0.00329999884  *N4035  
*N4035  0.357136929     
GRID*   4036            0               -0.416465696    -0.00659936231  *N4036  
*N4036  0.359051172     
GRID*   4037            0               -0.416462893    -0.00329904346  *N4037  
*N4037  0.359049022     
GRID*   4038            0               -0.4136         -0.00989999961  *N4038  
*N4038  0.357136929     
GRID*   4039            0               -0.419062623    -0.00989936269  *N4039  
*N4039  0.361327386     
GRID*   4040            0               -0.416468499    -0.00989968115  *N4040  
*N4040  0.359053322     
GRID*   4041            0               -0.421338075    -0.00989904424  *N4041  
*N4041  0.363920292     
GRID*   4042            0               -0.421331619    0.00660191153   *N4042  
*N4042  0.363911888     
GRID*   4043            0               -0.419052626    0.00330191192   *N4043  
*N4043  0.3613174       
GRID*   4044            0               -0.421325159    0.00330286729   *N4044  
*N4044  0.363903487     
GRID*   4045            0               -0.419062623    0.00990063731   *N4045  
*N4045  0.361327386     
GRID*   4046            0               -0.421338075    0.00990095576   *N4046  
*N4046  0.363920292     
GRID*   4047            0               -0.4136         0.00990000039   *N4047  
*N4047  0.357136929     
GRID*   4048            0               -0.416465696    0.00660063769   *N4048  
*N4048  0.359051172     
GRID*   4049            0               -0.416468499    0.00990031885   *N4049  
*N4049  0.359053322     
GRID*   4050            0               -0.4136         0.00330000116   *N4050  
*N4050  0.357136929     
GRID*   4051            0               -0.416462893    0.00330095654   *N4051  
*N4051  0.359049022     
GRID*   4052            0               -0.412663911    0.0122315592    *N4052  
*N4052  0.356621453     
GRID*   4053            0               -0.412100992    0.00942232459   *N4053  
*N4053  0.356334692     
GRID*   4054            0               -0.413049147    0.00709076576   *N4054  
*N4054  0.356827623     
GRID*   4055            0               -0.412856956    0.00966116249   *N4055  
*N4055  0.356723741     
GRID*   4056            0               -0.410733017    0.0102946776    *N4056  
*N4056  0.355706199     
GRID*   4057            0               -0.412533068    0.00634067881   *N4057  
*N4057  0.35655328      
GRID*   4058            0               -0.411731018    0.00839069162   *N4058  
*N4058  0.356155335     
GRID*   4059            0               -0.413194071    0.00485261421   *N4059  
*N4059  0.356907323     
GRID*   4060            0               -0.40994713     0.0116616559    *N4060  
*N4060  0.355386745     
GRID*   4061            0               -0.406830572    0.0121159099    *N4061  
*N4061  0.354395162     
GRID*   4062            0               -0.408868357    0.011305093     *N4062  
*N4062  0.354995062     
GRID*   4063            0               -0.407685671    0.0126300967    *N4063  
*N4063  0.354625229     
GRID*   4064            0               -0.410225618    0.012430828     *N4064  
*N4064  0.355496587     
GRID*   4065            0               -0.405370985    0.0127840269    *N4065  
*N4065  0.354072229     
GRID*   4066            0               -0.410733019    -0.010294676    *N4066  
*N4066  0.3557062       
GRID*   4067            0               -0.412100924    -0.00942248574  *N4067  
*N4067  0.356334659     
GRID*   4068            0               -0.412532592    -0.00634181458  *N4068  
*N4068  0.356553034     
GRID*   4069            0               -0.411730693    -0.0083912075   *N4069  
*N4069  0.356155181     
GRID*   4070            0               -0.412663912    -0.0122315587   *N4070  
*N4070  0.356621453     
GRID*   4071            0               -0.41304908     -0.00709092668  *N4071  
*N4071  0.356827586     
GRID*   4072            0               -0.412856922    -0.00966124267  *N4072  
*N4072  0.356723723     
GRID*   4073            0               -0.41319392     -0.00485327128  *N4073  
*N4073  0.356907239     
GRID*   4074            0               -0.409946953    -0.0116617204   *N4074  
*N4074  0.355386677     
GRID*   4075            0               -0.407685488    -0.0126301617   *N4075  
*N4075  0.354625176     
GRID*   4076            0               -0.41022553     -0.0124308602   *N4076  
*N4076  0.355496552     
GRID*   4077            0               -0.406829255    -0.0121164558   *N4077  
*N4077  0.354394831     
GRID*   4078            0               -0.40886777     -0.011305465    *N4078  
*N4078  0.354994863     
GRID*   4079            0               -0.405370493    -0.0127842628   *N4079  
*N4079  0.354072135     
GRID*   4080            0               -0.395197492    0.0132          *N4080  
*N4080  0.357921587     
GRID*   4081            0               -0.405602508    0.0132          *N4081  
*N4081  0.357921587     
GRID*   4082            0               -0.396711545    0.0132          *N4082  
*N4082  0.359508485     
GRID*   4083            0               -0.404088455    0.0132          *N4083  
*N4083  0.359508485     
GRID*   4084            0               -0.397775077    0.0132          *N4084  
*N4084  0.358218775     
GRID*   4085            0               -0.403024923    0.0132          *N4085  
*N4085  0.358218775     
GRID*   4086            0               -0.40624058     0.0132          *N4086  
*N4086  0.359824764     
GRID*   4087            0               -0.39455942     0.0132          *N4087  
*N4087  0.359824764     
GRID*   4088            0               -0.397798746    0.0132          *N4088  
*N4088  0.355760794     
GRID*   4089            0               -0.391198746    0.0132          *N4089  
*N4089  0.357529258     
GRID*   4090            0               -0.409601254    0.0132          *N4090  
*N4090  0.357529258     
GRID*   4091            0               -0.403001254    0.0132          *N4091  
*N4091  0.355760794     
GRID*   4092            0               -0.401712462    0.0132          *N4092  
*N4092  0.357770123     
GRID*   4093            0               -0.403556689    0.0132          *N4093  
*N4093  0.35886363      
GRID*   4094            0               -0.402244227    0.0132          *N4094  
*N4094  0.360275714     
GRID*   4095            0               -0.401978345    0.0132          *N4095  
*N4095  0.359022919     
GRID*   4096            0               -0.398555773    0.0132          *N4096  
*N4096  0.360275714     
GRID*   4097            0               -0.397243311    0.0132          *N4097  
*N4097  0.35886363      
GRID*   4098            0               -0.399087538    0.0132          *N4098  
*N4098  0.357770123     
GRID*   4099            0               -0.398821655    0.0132          *N4099  
*N4099  0.359022919     
GRID*   4100            0               -0.389060736    0.0132          *N4100  
*N4100  0.360359818     
GRID*   4101            0               -0.394878456    0.0132          *N4101  
*N4101  0.358873176     
GRID*   4102            0               -0.392740446    0.0132          *N4102  
*N4102  0.361703736     
GRID*   4103            0               -0.391969596    0.0132          *N4103  
*N4103  0.359616497     
GRID*   4104            0               -0.408059554    0.0132          *N4104  
*N4104  0.361703736     
GRID*   4105            0               -0.405921544    0.0132          *N4105  
*N4105  0.358873176     
GRID*   4106            0               -0.411739264    0.0132          *N4106  
*N4106  0.360359818     
GRID*   4107            0               -0.408830404    0.0132          *N4107  
*N4107  0.359616497     
GRID*   4108            0               -0.395635483    0.0132          *N4108  
*N4108  0.359666625     
GRID*   4109            0               -0.396486285    0.0132          *N4109  
*N4109  0.358070181     
GRID*   4110            0               -0.396060884    0.0132          *N4110  
*N4110  0.358868403     
GRID*   4111            0               -0.404313715    0.0132          *N4111  
*N4111  0.358070181     
GRID*   4112            0               -0.405164517    0.0132          *N4112  
*N4112  0.359666625     
GRID*   4113            0               -0.404739116    0.0132          *N4113  
*N4113  0.358868403     
GRID*   4114            0               -0.398443142    0.0132          *N4114  
*N4114  0.356765458     
GRID*   4115            0               -0.402356858    0.0132          *N4115  
*N4115  0.356765458     
GRID*   4116            0               -0.405235482    0.0132          *N4116  
*N4116  0.360677757     
GRID*   4117            0               -0.395564518    0.0132          *N4117  
*N4117  0.360677757     
GRID*   4118            0               -0.423078528    0.0132          *N4118  
*N4118  0.38            
GRID*   4119            0               -0.420040182    0.0132          *N4119  
*N4119  0.368660736     
GRID*   4120            0               -0.422305776    0.0132          *N4120  
*N4120  0.374130365     
GRID*   4121            0               -0.411739264    0.0132          *N4121  
*N4121  0.399640182     
GRID*   4122            0               -0.4004         0.0132          *N4122  
*N4122  0.402678528     
GRID*   4123            0               -0.406269635    0.0132          *N4123  
*N4123  0.401905776     
GRID*   4124            0               -0.389060736    0.0132          *N4124  
*N4124  0.399640182     
GRID*   4125            0               -0.394530365    0.0132          *N4125  
*N4125  0.401905776     
GRID*   4126            0               -0.420040182    0.0132          *N4126  
*N4126  0.391339264     
GRID*   4127            0               -0.422305776    0.0132          *N4127  
*N4127  0.385869635     
GRID*   4128            0               -0.380759818    0.0132          *N4128  
*N4128  0.391339264     
GRID*   4129            0               -0.384363859    0.0132          *N4129  
*N4129  0.396036141     
GRID*   4130            0               -0.416436141    0.0132          *N4130  
*N4130  0.396036141     
GRID*   4131            0               -0.380759818    0.0132          *N4131  
*N4131  0.368660736     
GRID*   4132            0               -0.377721472    0.0132          *N4132  
*N4132  0.38            
GRID*   4133            0               -0.378494224    0.0132          *N4133  
*N4133  0.374130365     
GRID*   4134            0               -0.416436141    0.0132          *N4134  
*N4134  0.363963859     
GRID*   4135            0               -0.384363859    0.0132          *N4135  
*N4135  0.363963859     
GRID*   4136            0               -0.378494224    0.0132          *N4136  
*N4136  0.385869635     
GRID*   4137            0               -0.394227027    0.0132          *N4137  
*N4137  0.356074688     
GRID*   4138            0               -0.406572973    0.0132          *N4138  
*N4138  0.356074688     
GRID*   4139            0               -0.401189172    0.0132          *N4139  
*N4139  0.359102563     
GRID*   4140            0               -0.402111286    0.0132          *N4140  
*N4140  0.359649316     
GRID*   4141            0               -0.401322114    0.0132          *N4141  
*N4141  0.360659329     
GRID*   4142            0               -0.401255643    0.0132          *N4142  
*N4142  0.359880946     
GRID*   4143            0               -0.401056231    0.0132          *N4143  
*N4143  0.357545797     
GRID*   4144            0               -0.401845403    0.0132          *N4144  
*N4144  0.358396521     
GRID*   4145            0               -0.401122702    0.0132          *N4145  
*N4145  0.35832418      
GRID*   4146            0               -0.402368693    0.0132          *N4146  
*N4146  0.357994449     
GRID*   4147            0               -0.403290806    0.0132          *N4147  
*N4147  0.358541202     
GRID*   4148            0               -0.402767517    0.0132          *N4148  
*N4148  0.358943274     
GRID*   4149            0               -0.402568105    0.0132          *N4149  
*N4149  0.358468861     
GRID*   4150            0               -0.403822572    0.0132          *N4150  
*N4150  0.359186057     
GRID*   4151            0               -0.403166341    0.0132          *N4151  
*N4151  0.359892099     
GRID*   4152            0               -0.402966929    0.0132          *N4152  
*N4152  0.359417687     
GRID*   4153            0               -0.399477886    0.0132          *N4153  
*N4153  0.360659329     
GRID*   4154            0               -0.398688714    0.0132          *N4154  
*N4154  0.359649316     
GRID*   4155            0               -0.399610828    0.0132          *N4155  
*N4155  0.359102563     
GRID*   4156            0               -0.399544357    0.0132          *N4156  
*N4156  0.359880946     
GRID*   4157            0               -0.397633659    0.0132          *N4157  
*N4157  0.359892099     
GRID*   4158            0               -0.396977428    0.0132          *N4158  
*N4158  0.359186057     
GRID*   4159            0               -0.398032483    0.0132          *N4159  
*N4159  0.358943274     
GRID*   4160            0               -0.397833071    0.0132          *N4160  
*N4160  0.359417687     
GRID*   4161            0               -0.397509194    0.0132          *N4161  
*N4161  0.358541202     
GRID*   4162            0               -0.398431307    0.0132          *N4162  
*N4162  0.357994449     
GRID*   4163            0               -0.398954597    0.0132          *N4163  
*N4163  0.358396521     
GRID*   4164            0               -0.398231895    0.0132          *N4164  
*N4164  0.358468861     
GRID*   4165            0               -0.399743769    0.0132          *N4165  
*N4165  0.357545797     
GRID*   4166            0               -0.399677298    0.0132          *N4166  
*N4166  0.35832418      
GRID*   4167            0               -0.389991104    0.0132          *N4167  
*N4167  0.361971263     
GRID*   4168            0               -0.390515166    0.0132          *N4168  
*N4168  0.359988158     
GRID*   4169            0               -0.392355021    0.0132          *N4169  
*N4169  0.360660116     
GRID*   4170            0               -0.391830959    0.0132          *N4170  
*N4170  0.362643222     
GRID*   4171            0               -0.391173062    0.0132          *N4171  
*N4171  0.36131569      
GRID*   4172            0               -0.388130368    0.0132          *N4172  
*N4172  0.358748374     
GRID*   4173            0               -0.389199373    0.0132          *N4173  
*N4173  0.357333094     
GRID*   4174            0               -0.391584171    0.0132          *N4174  
*N4174  0.358572878     
GRID*   4175            0               -0.38985727     0.0132          *N4175  
*N4175  0.358660626     
GRID*   4176            0               -0.393198119    0.0132          *N4176  
*N4176  0.357725423     
GRID*   4177            0               -0.395037974    0.0132          *N4177  
*N4177  0.358397382     
GRID*   4178            0               -0.393424026    0.0132          *N4178  
*N4178  0.359244836     
GRID*   4179            0               -0.393311073    0.0132          *N4179  
*N4179  0.35848513      
GRID*   4180            0               -0.394718938    0.0132          *N4180  
*N4180  0.35934897      
GRID*   4181            0               -0.393649933    0.0132          *N4181  
*N4181  0.36076425      
GRID*   4182            0               -0.39353698     0.0132          *N4182  
*N4182  0.360004543     
GRID*   4183            0               -0.408969041    0.0132          *N4183  
*N4183  0.362643222     
GRID*   4184            0               -0.408444979    0.0132          *N4184  
*N4184  0.360660116     
GRID*   4185            0               -0.410284834    0.0132          *N4185  
*N4185  0.359988158     
GRID*   4186            0               -0.410808896    0.0132          *N4186  
*N4186  0.361971263     
GRID*   4187            0               -0.409626938    0.0132          *N4187  
*N4187  0.36131569      
GRID*   4188            0               -0.407150067    0.0132          *N4188  
*N4188  0.36076425      
GRID*   4189            0               -0.406081062    0.0132          *N4189  
*N4189  0.35934897      
GRID*   4190            0               -0.407375974    0.0132          *N4190  
*N4190  0.359244836     
GRID*   4191            0               -0.40726302     0.0132          *N4191  
*N4191  0.360004543     
GRID*   4192            0               -0.405762026    0.0132          *N4192  
*N4192  0.358397382     
GRID*   4193            0               -0.407601881    0.0132          *N4193  
*N4193  0.357725423     
GRID*   4194            0               -0.409215829    0.0132          *N4194  
*N4194  0.358572878     
GRID*   4195            0               -0.407488927    0.0132          *N4195  
*N4195  0.35848513      
GRID*   4196            0               -0.411600627    0.0132          *N4196  
*N4196  0.357333094     
GRID*   4197            0               -0.412669632    0.0132          *N4197  
*N4197  0.358748374     
GRID*   4198            0               -0.41094273     0.0132          *N4198  
*N4198  0.358660626     
GRID*   4199            0               -0.396652097    0.0132          *N4199  
*N4199  0.358866016     
GRID*   4200            0               -0.396273584    0.0132          *N4200  
*N4200  0.358469292     
GRID*   4201            0               -0.397130681    0.0132          *N4201  
*N4201  0.358144478     
GRID*   4202            0               -0.396891389    0.0132          *N4202  
*N4202  0.358505247     
GRID*   4203            0               -0.396173514    0.0132          *N4203  
*N4203  0.359587555     
GRID*   4204            0               -0.395848183    0.0132          *N4204  
*N4204  0.359267514     
GRID*   4205            0               -0.396412806    0.0132          *N4205  
*N4205  0.359226785     
GRID*   4206            0               -0.395097451    0.0132          *N4206  
*N4206  0.359745694     
GRID*   4207            0               -0.39546967     0.0132          *N4207  
*N4207  0.358870789     
GRID*   4208            0               -0.395283561    0.0132          *N4208  
*N4208  0.359308242     
GRID*   4209            0               -0.395841888    0.0132          *N4209  
*N4209  0.357995884     
GRID*   4210            0               -0.395655779    0.0132          *N4210  
*N4210  0.358433337     
GRID*   4211            0               -0.403669319    0.0132          *N4211  
*N4211  0.358144478     
GRID*   4212            0               -0.404526416    0.0132          *N4212  
*N4212  0.358469292     
GRID*   4213            0               -0.404147903    0.0132          *N4213  
*N4213  0.358866016     
GRID*   4214            0               -0.403908611    0.0132          *N4214  
*N4214  0.358505247     
GRID*   4215            0               -0.404958112    0.0132          *N4215  
*N4215  0.357995884     
GRID*   4216            0               -0.40533033     0.0132          *N4216  
*N4216  0.358870789     
GRID*   4217            0               -0.405144221    0.0132          *N4217  
*N4217  0.358433337     
GRID*   4218            0               -0.405702549    0.0132          *N4218  
*N4218  0.359745694     
GRID*   4219            0               -0.404951817    0.0132          *N4219  
*N4219  0.359267514     
GRID*   4220            0               -0.405516439    0.0132          *N4220  
*N4220  0.359308242     
GRID*   4221            0               -0.404626486    0.0132          *N4221  
*N4221  0.359587555     
GRID*   4222            0               -0.404387194    0.0132          *N4222  
*N4222  0.359226785     
GRID*   4223            0               -0.39876534     0.0132          *N4223  
*N4223  0.357267791     
GRID*   4224            0               -0.399421571    0.0132          *N4224  
*N4224  0.356113097     
GRID*   4225            0               -0.39958267     0.0132          *N4225  
*N4225  0.356829447     
GRID*   4226            0               -0.397464713    0.0132          *N4226  
*N4226  0.35741782      
GRID*   4227            0               -0.39794801     0.0132          *N4227  
*N4227  0.357706134     
GRID*   4228            0               -0.396498119    0.0132          *N4228  
*N4228  0.356841191     
GRID*   4229            0               -0.398120944    0.0132          *N4229  
*N4229  0.356263126     
GRID*   4230            0               -0.396981416    0.0132          *N4230  
*N4230  0.357129505     
GRID*   4231            0               -0.399099373    0.0132          *N4231  
*N4231  0.354680397     
GRID*   4232            0               -0.399260472    0.0132          *N4232  
*N4232  0.355396747     
GRID*   4233            0               -0.401378429    0.0132          *N4233  
*N4233  0.356113097     
GRID*   4234            0               -0.40203466     0.0132          *N4234  
*N4234  0.357267791     
GRID*   4235            0               -0.40121733     0.0132          *N4235  
*N4235  0.356829447     
GRID*   4236            0               -0.401700627    0.0132          *N4236  
*N4236  0.354680397     
GRID*   4237            0               -0.402679056    0.0132          *N4237  
*N4237  0.356263126     
GRID*   4238            0               -0.401539528    0.0132          *N4238  
*N4238  0.355396747     
GRID*   4239            0               -0.404301881    0.0132          *N4239  
*N4239  0.356841191     
GRID*   4240            0               -0.403335287    0.0132          *N4240  
*N4240  0.35741782      
GRID*   4241            0               -0.403818584    0.0132          *N4241  
*N4241  0.357129505     
GRID*   4242            0               -0.40285199     0.0132          *N4242  
*N4242  0.357706134     
GRID*   4243            0               -0.406647518    0.0132          *N4243  
*N4243  0.361190746     
GRID*   4244            0               -0.4052         0.0132          *N4244  
*N4244  0.360172191     
GRID*   4245            0               -0.406175033    0.0132          *N4245  
*N4245  0.36046822      
GRID*   4246            0               -0.405270965    0.0132          *N4246  
*N4246  0.361183323     
GRID*   4247            0               -0.407151035    0.0132          *N4247  
*N4247  0.361838355     
GRID*   4248            0               -0.403739855    0.0132          *N4248  
*N4248  0.360476735     
GRID*   4249            0               -0.403307124    0.0132          *N4249  
*N4249  0.360840929     
GRID*   4250            0               -0.40418317     0.0132          *N4250  
*N4250  0.360032145     
GRID*   4251            0               -0.3956         0.0132          *N4251  
*N4251  0.360172191     
GRID*   4252            0               -0.394152482    0.0132          *N4252  
*N4252  0.361190746     
GRID*   4253            0               -0.394624967    0.0132          *N4253  
*N4253  0.36046822      
GRID*   4254            0               -0.397060145    0.0132          *N4254  
*N4254  0.360476735     
GRID*   4255            0               -0.39661683     0.0132          *N4255  
*N4255  0.360032145     
GRID*   4256            0               -0.395529035    0.0132          *N4256  
*N4256  0.361183323     
GRID*   4257            0               -0.397492876    0.0132          *N4257  
*N4257  0.360840929     
GRID*   4258            0               -0.393648965    0.0132          *N4258  
*N4258  0.361838355     
GRID*   4259            0               -0.424939264    0.0132          *N4259  
*N4259  0.38            
GRID*   4260            0               -0.422692152    0.0132          *N4260  
*N4260  0.377065182     
GRID*   4261            0               -0.424103109    0.0132          *N4261  
*N4261  0.373648771     
GRID*   4262            0               -0.424633148    0.0132          *N4262  
*N4262  0.376809645     
GRID*   4263            0               -0.421217793    0.0132          *N4263  
*N4263  0.38            
GRID*   4264            0               -0.420508443    0.0132          *N4264  
*N4264  0.374611959     
GRID*   4265            0               -0.420943514    0.0132          *N4265  
*N4265  0.377295395     
GRID*   4266            0               -0.418428737    0.0132          *N4266  
*N4266  0.369591104     
GRID*   4267            0               -0.421172979    0.0132          *N4267  
*N4267  0.37139555      
GRID*   4268            0               -0.419543508    0.0132          *N4268  
*N4268  0.372070499     
GRID*   4269            0               -0.421651626    0.0132          *N4269  
*N4269  0.367730368     
GRID*   4270            0               -0.422981699    0.0132          *N4270  
*N4270  0.370646354     
GRID*   4271            0               -0.405788041    0.0132          *N4271  
*N4271  0.400108443     
GRID*   4272            0               -0.403334818    0.0132          *N4272  
*N4272  0.402292152     
GRID*   4273            0               -0.4004         0.0132          *N4273  
*N4273  0.400817793     
GRID*   4274            0               -0.403104605    0.0132          *N4274  
*N4274  0.400543514     
GRID*   4275            0               -0.410808896    0.0132          *N4275  
*N4275  0.398028737     
GRID*   4276            0               -0.40900445     0.0132          *N4276  
*N4276  0.400772979     
GRID*   4277            0               -0.408329501    0.0132          *N4277  
*N4277  0.399143508     
GRID*   4278            0               -0.412669632    0.0132          *N4278  
*N4278  0.401251626     
GRID*   4279            0               -0.406751229    0.0132          *N4279  
*N4279  0.403703109     
GRID*   4280            0               -0.409753646    0.0132          *N4280  
*N4280  0.402581699     
GRID*   4281            0               -0.4004         0.0132          *N4281  
*N4281  0.404539264     
GRID*   4282            0               -0.403590355    0.0132          *N4282  
*N4282  0.404233148     
GRID*   4283            0               -0.388130368    0.0132          *N4283  
*N4283  0.401251626     
GRID*   4284            0               -0.39179555     0.0132          *N4284  
*N4284  0.400772979     
GRID*   4285            0               -0.394048771    0.0132          *N4285  
*N4285  0.403703109     
GRID*   4286            0               -0.391046354    0.0132          *N4286  
*N4286  0.402581699     
GRID*   4287            0               -0.389991104    0.0132          *N4287  
*N4287  0.398028737     
GRID*   4288            0               -0.395011959    0.0132          *N4288  
*N4288  0.400108443     
GRID*   4289            0               -0.392470499    0.0132          *N4289  
*N4289  0.399143508     
GRID*   4290            0               -0.397465182    0.0132          *N4290  
*N4290  0.402292152     
GRID*   4291            0               -0.397695395    0.0132          *N4291  
*N4291  0.400543514     
GRID*   4292            0               -0.397209645    0.0132          *N4292  
*N4292  0.404233148     
GRID*   4293            0               -0.421651626    0.0132          *N4293  
*N4293  0.392269632     
GRID*   4294            0               -0.421172979    0.0132          *N4294  
*N4294  0.38860445      
GRID*   4295            0               -0.424103109    0.0132          *N4295  
*N4295  0.386351229     
GRID*   4296            0               -0.422981699    0.0132          *N4296  
*N4296  0.389353646     
GRID*   4297            0               -0.418428737    0.0132          *N4297  
*N4297  0.390408896     
GRID*   4298            0               -0.420508443    0.0132          *N4298  
*N4298  0.385388041     
GRID*   4299            0               -0.419543508    0.0132          *N4299  
*N4299  0.387929501     
GRID*   4300            0               -0.422692152    0.0132          *N4300  
*N4300  0.382934818     
GRID*   4301            0               -0.420943514    0.0132          *N4301  
*N4301  0.382704605     
GRID*   4302            0               -0.424633148    0.0132          *N4302  
*N4302  0.383190355     
GRID*   4303            0               -0.379148374    0.0132          *N4303  
*N4303  0.392269632     
GRID*   4304            0               -0.382561839    0.0132          *N4304  
*N4304  0.393687703     
GRID*   4305            0               -0.38304812     0.0132          *N4305  
*N4305  0.39735188      
GRID*   4306            0               -0.381008655    0.0132          *N4306  
*N4306  0.394879502     
GRID*   4307            0               -0.382371263    0.0132          *N4307  
*N4307  0.390408896     
GRID*   4308            0               -0.385679598    0.0132          *N4308  
*N4308  0.394720402     
GRID*   4309            0               -0.383961097    0.0132          *N4309  
*N4309  0.392614014     
GRID*   4310            0               -0.386712297    0.0132          *N4310  
*N4310  0.397838161     
GRID*   4311            0               -0.387785986    0.0132          *N4311  
*N4311  0.396438903     
GRID*   4312            0               -0.385520498    0.0132          *N4312  
*N4312  0.399391345     
GRID*   4313            0               -0.414087703    0.0132          *N4313  
*N4313  0.397838161     
GRID*   4314            0               -0.41775188     0.0132          *N4314  
*N4314  0.39735188      
GRID*   4315            0               -0.415279502    0.0132          *N4315  
*N4315  0.399391345     
GRID*   4316            0               -0.415120402    0.0132          *N4316  
*N4316  0.394720402     
GRID*   4317            0               -0.413014014    0.0132          *N4317  
*N4317  0.396438903     
GRID*   4318            0               -0.418238161    0.0132          *N4318  
*N4318  0.393687703     
GRID*   4319            0               -0.416838903    0.0132          *N4319  
*N4319  0.392614014     
GRID*   4320            0               -0.419791345    0.0132          *N4320  
*N4320  0.394879502     
GRID*   4321            0               -0.379148374    0.0132          *N4321  
*N4321  0.367730368     
GRID*   4322            0               -0.379627021    0.0132          *N4322  
*N4322  0.37139555      
GRID*   4323            0               -0.376696891    0.0132          *N4323  
*N4323  0.373648771     
GRID*   4324            0               -0.377818301    0.0132          *N4324  
*N4324  0.370646354     
GRID*   4325            0               -0.382371263    0.0132          *N4325  
*N4325  0.369591104     
GRID*   4326            0               -0.380291557    0.0132          *N4326  
*N4326  0.374611959     
GRID*   4327            0               -0.381256492    0.0132          *N4327  
*N4327  0.372070499     
GRID*   4328            0               -0.379582207    0.0132          *N4328  
*N4328  0.38            
GRID*   4329            0               -0.378107848    0.0132          *N4329  
*N4329  0.377065182     
GRID*   4330            0               -0.379856486    0.0132          *N4330  
*N4330  0.377295395     
GRID*   4331            0               -0.375860736    0.0132          *N4331  
*N4331  0.38            
GRID*   4332            0               -0.376166852    0.0132          *N4332  
*N4332  0.376809645     
GRID*   4333            0               -0.418238161    0.0132          *N4333  
*N4333  0.366312297     
GRID*   4334            0               -0.41775188     0.0132          *N4334  
*N4334  0.36264812      
GRID*   4335            0               -0.419791345    0.0132          *N4335  
*N4335  0.365120498     
GRID*   4336            0               -0.415120402    0.0132          *N4336  
*N4336  0.365279598     
GRID*   4337            0               -0.416838903    0.0132          *N4337  
*N4337  0.367385986     
GRID*   4338            0               -0.414087703    0.0132          *N4338  
*N4338  0.362161839     
GRID*   4339            0               -0.413014014    0.0132          *N4339  
*N4339  0.363561097     
GRID*   4340            0               -0.415279502    0.0132          *N4340  
*N4340  0.360608655     
GRID*   4341            0               -0.385679598    0.0132          *N4341  
*N4341  0.365279598     
GRID*   4342            0               -0.386712297    0.0132          *N4342  
*N4342  0.362161839     
GRID*   4343            0               -0.387785986    0.0132          *N4343  
*N4343  0.363561097     
GRID*   4344            0               -0.382561839    0.0132          *N4344  
*N4344  0.366312297     
GRID*   4345            0               -0.383961097    0.0132          *N4345  
*N4345  0.367385986     
GRID*   4346            0               -0.38304812     0.0132          *N4346  
*N4346  0.36264812      
GRID*   4347            0               -0.381008655    0.0132          *N4347  
*N4347  0.365120498     
GRID*   4348            0               -0.385520498    0.0132          *N4348  
*N4348  0.360608655     
GRID*   4349            0               -0.378107848    0.0132          *N4349  
*N4349  0.382934818     
GRID*   4350            0               -0.376696891    0.0132          *N4350  
*N4350  0.386351229     
GRID*   4351            0               -0.376166852    0.0132          *N4351  
*N4351  0.383190355     
GRID*   4352            0               -0.380291557    0.0132          *N4352  
*N4352  0.385388041     
GRID*   4353            0               -0.379856486    0.0132          *N4353  
*N4353  0.382704605     
GRID*   4354            0               -0.379627021    0.0132          *N4354  
*N4354  0.38860445      
GRID*   4355            0               -0.381256492    0.0132          *N4355  
*N4355  0.387929501     
GRID*   4356            0               -0.377818301    0.0132          *N4356  
*N4356  0.389353646     
GRID*   4357            0               -0.396012887    0.0132          *N4357  
*N4357  0.355917741     
GRID*   4358            0               -0.393897102    0.0132          *N4358  
*N4358  0.355287123     
GRID*   4359            0               -0.396483498    0.0132          *N4359  
*N4359  0.354871798     
GRID*   4360            0               -0.392712887    0.0132          *N4360  
*N4360  0.356801973     
GRID*   4361            0               -0.394605503    0.0132          *N4361  
*N4361  0.356821582     
GRID*   4362            0               -0.391505022    0.0132          *N4362  
*N4362  0.356205777     
GRID*   4363            0               -0.406902898    0.0132          *N4363  
*N4363  0.355287123     
GRID*   4364            0               -0.404787113    0.0132          *N4364  
*N4364  0.355917741     
GRID*   4365            0               -0.404316502    0.0132          *N4365  
*N4365  0.354871798     
GRID*   4366            0               -0.408087113    0.0132          *N4366  
*N4366  0.356801973     
GRID*   4367            0               -0.409294978    0.0132          *N4367  
*N4367  0.356205777     
GRID*   4368            0               -0.406194497    0.0132          *N4368  
*N4368  0.356821582     
GRID*   4369            0               -0.395197492    -0.0132         *N4369  
*N4369  0.357921587     
GRID*   4370            0               -0.405602508    -0.0132         *N4370  
*N4370  0.357921587     
GRID*   4371            0               -0.396711545    -0.0132         *N4371  
*N4371  0.359508485     
GRID*   4372            0               -0.404088455    -0.0132         *N4372  
*N4372  0.359508485     
GRID*   4373            0               -0.397775077    -0.0132         *N4373  
*N4373  0.358218775     
GRID*   4374            0               -0.403024923    -0.0132         *N4374  
*N4374  0.358218775     
GRID*   4375            0               -0.40624058     -0.0132         *N4375  
*N4375  0.359824764     
GRID*   4376            0               -0.39455942     -0.0132         *N4376  
*N4376  0.359824764     
GRID*   4377            0               -0.391198746    -0.0132         *N4377  
*N4377  0.357529258     
GRID*   4378            0               -0.397798746    -0.0132         *N4378  
*N4378  0.355760794     
GRID*   4379            0               -0.403001254    -0.0132         *N4379  
*N4379  0.355760794     
GRID*   4380            0               -0.409601254    -0.0132         *N4380  
*N4380  0.357529258     
GRID*   4381            0               -0.402244227    -0.0132         *N4381  
*N4381  0.360275714     
GRID*   4382            0               -0.403556689    -0.0132         *N4382  
*N4382  0.35886363      
GRID*   4383            0               -0.401712462    -0.0132         *N4383  
*N4383  0.357770123     
GRID*   4384            0               -0.401978345    -0.0132         *N4384  
*N4384  0.359022919     
GRID*   4385            0               -0.399087538    -0.0132         *N4385  
*N4385  0.357770123     
GRID*   4386            0               -0.397243311    -0.0132         *N4386  
*N4386  0.35886363      
GRID*   4387            0               -0.398555773    -0.0132         *N4387  
*N4387  0.360275714     
GRID*   4388            0               -0.398821655    -0.0132         *N4388  
*N4388  0.359022919     
GRID*   4389            0               -0.392740446    -0.0132         *N4389  
*N4389  0.361703736     
GRID*   4390            0               -0.394878456    -0.0132         *N4390  
*N4390  0.358873176     
GRID*   4391            0               -0.389060736    -0.0132         *N4391  
*N4391  0.360359818     
GRID*   4392            0               -0.391969596    -0.0132         *N4392  
*N4392  0.359616497     
GRID*   4393            0               -0.411739264    -0.0132         *N4393  
*N4393  0.360359818     
GRID*   4394            0               -0.405921544    -0.0132         *N4394  
*N4394  0.358873176     
GRID*   4395            0               -0.408059554    -0.0132         *N4395  
*N4395  0.361703736     
GRID*   4396            0               -0.408830404    -0.0132         *N4396  
*N4396  0.359616497     
GRID*   4397            0               -0.396486285    -0.0132         *N4397  
*N4397  0.358070181     
GRID*   4398            0               -0.395635483    -0.0132         *N4398  
*N4398  0.359666625     
GRID*   4399            0               -0.396060884    -0.0132         *N4399  
*N4399  0.358868403     
GRID*   4400            0               -0.405164517    -0.0132         *N4400  
*N4400  0.359666625     
GRID*   4401            0               -0.404313715    -0.0132         *N4401  
*N4401  0.358070181     
GRID*   4402            0               -0.404739116    -0.0132         *N4402  
*N4402  0.358868403     
GRID*   4403            0               -0.398443142    -0.0132         *N4403  
*N4403  0.356765458     
GRID*   4404            0               -0.402356858    -0.0132         *N4404  
*N4404  0.356765458     
GRID*   4405            0               -0.405235482    -0.0132         *N4405  
*N4405  0.360677757     
GRID*   4406            0               -0.395564518    -0.0132         *N4406  
*N4406  0.360677757     
GRID*   4407            0               -0.420040182    -0.0132         *N4407  
*N4407  0.368660736     
GRID*   4408            0               -0.423078528    -0.0132         *N4408  
*N4408  0.38            
GRID*   4409            0               -0.422305776    -0.0132         *N4409  
*N4409  0.374130365     
GRID*   4410            0               -0.420040182    -0.0132         *N4410  
*N4410  0.391339264     
GRID*   4411            0               -0.411739264    -0.0132         *N4411  
*N4411  0.399640182     
GRID*   4412            0               -0.416436141    -0.0132         *N4412  
*N4412  0.396036141     
GRID*   4413            0               -0.4004         -0.0132         *N4413  
*N4413  0.402678528     
GRID*   4414            0               -0.406269635    -0.0132         *N4414  
*N4414  0.401905776     
GRID*   4415            0               -0.389060736    -0.0132         *N4415  
*N4415  0.399640182     
GRID*   4416            0               -0.394530365    -0.0132         *N4416  
*N4416  0.401905776     
GRID*   4417            0               -0.380759818    -0.0132         *N4417  
*N4417  0.391339264     
GRID*   4418            0               -0.384363859    -0.0132         *N4418  
*N4418  0.396036141     
GRID*   4419            0               -0.377721472    -0.0132         *N4419  
*N4419  0.38            
GRID*   4420            0               -0.380759818    -0.0132         *N4420  
*N4420  0.368660736     
GRID*   4421            0               -0.378494224    -0.0132         *N4421  
*N4421  0.374130365     
GRID*   4422            0               -0.422305776    -0.0132         *N4422  
*N4422  0.385869635     
GRID*   4423            0               -0.416436141    -0.0132         *N4423  
*N4423  0.363963859     
GRID*   4424            0               -0.384363859    -0.0132         *N4424  
*N4424  0.363963859     
GRID*   4425            0               -0.378494224    -0.0132         *N4425  
*N4425  0.385869635     
GRID*   4426            0               -0.394227027    -0.0132         *N4426  
*N4426  0.356074688     
GRID*   4427            0               -0.406572973    -0.0132         *N4427  
*N4427  0.356074688     
GRID*   4428            0               -0.401322114    -0.0132         *N4428  
*N4428  0.360659329     
GRID*   4429            0               -0.402111286    -0.0132         *N4429  
*N4429  0.359649316     
GRID*   4430            0               -0.401189172    -0.0132         *N4430  
*N4430  0.359102563     
GRID*   4431            0               -0.401255643    -0.0132         *N4431  
*N4431  0.359880946     
GRID*   4432            0               -0.403166341    -0.0132         *N4432  
*N4432  0.359892099     
GRID*   4433            0               -0.403822572    -0.0132         *N4433  
*N4433  0.359186057     
GRID*   4434            0               -0.402767517    -0.0132         *N4434  
*N4434  0.358943274     
GRID*   4435            0               -0.402966929    -0.0132         *N4435  
*N4435  0.359417687     
GRID*   4436            0               -0.403290806    -0.0132         *N4436  
*N4436  0.358541202     
GRID*   4437            0               -0.402368693    -0.0132         *N4437  
*N4437  0.357994449     
GRID*   4438            0               -0.401845403    -0.0132         *N4438  
*N4438  0.358396521     
GRID*   4439            0               -0.402568105    -0.0132         *N4439  
*N4439  0.358468861     
GRID*   4440            0               -0.401056231    -0.0132         *N4440  
*N4440  0.357545797     
GRID*   4441            0               -0.401122702    -0.0132         *N4441  
*N4441  0.35832418      
GRID*   4442            0               -0.399610828    -0.0132         *N4442  
*N4442  0.359102563     
GRID*   4443            0               -0.398688714    -0.0132         *N4443  
*N4443  0.359649316     
GRID*   4444            0               -0.399477886    -0.0132         *N4444  
*N4444  0.360659329     
GRID*   4445            0               -0.399544357    -0.0132         *N4445  
*N4445  0.359880946     
GRID*   4446            0               -0.399743769    -0.0132         *N4446  
*N4446  0.357545797     
GRID*   4447            0               -0.398954597    -0.0132         *N4447  
*N4447  0.358396521     
GRID*   4448            0               -0.399677298    -0.0132         *N4448  
*N4448  0.35832418      
GRID*   4449            0               -0.398431307    -0.0132         *N4449  
*N4449  0.357994449     
GRID*   4450            0               -0.397509194    -0.0132         *N4450  
*N4450  0.358541202     
GRID*   4451            0               -0.398032483    -0.0132         *N4451  
*N4451  0.358943274     
GRID*   4452            0               -0.398231895    -0.0132         *N4452  
*N4452  0.358468861     
GRID*   4453            0               -0.396977428    -0.0132         *N4453  
*N4453  0.359186057     
GRID*   4454            0               -0.397633659    -0.0132         *N4454  
*N4454  0.359892099     
GRID*   4455            0               -0.397833071    -0.0132         *N4455  
*N4455  0.359417687     
GRID*   4456            0               -0.391830959    -0.0132         *N4456  
*N4456  0.362643222     
GRID*   4457            0               -0.392355021    -0.0132         *N4457  
*N4457  0.360660116     
GRID*   4458            0               -0.390515166    -0.0132         *N4458  
*N4458  0.359988158     
GRID*   4459            0               -0.389991104    -0.0132         *N4459  
*N4459  0.361971263     
GRID*   4460            0               -0.391173062    -0.0132         *N4460  
*N4460  0.36131569      
GRID*   4461            0               -0.393649933    -0.0132         *N4461  
*N4461  0.36076425      
GRID*   4462            0               -0.394718938    -0.0132         *N4462  
*N4462  0.35934897      
GRID*   4463            0               -0.393424026    -0.0132         *N4463  
*N4463  0.359244836     
GRID*   4464            0               -0.39353698     -0.0132         *N4464  
*N4464  0.360004543     
GRID*   4465            0               -0.395037974    -0.0132         *N4465  
*N4465  0.358397382     
GRID*   4466            0               -0.393198119    -0.0132         *N4466  
*N4466  0.357725423     
GRID*   4467            0               -0.391584171    -0.0132         *N4467  
*N4467  0.358572878     
GRID*   4468            0               -0.393311073    -0.0132         *N4468  
*N4468  0.35848513      
GRID*   4469            0               -0.389199373    -0.0132         *N4469  
*N4469  0.357333094     
GRID*   4470            0               -0.388130368    -0.0132         *N4470  
*N4470  0.358748374     
GRID*   4471            0               -0.38985727     -0.0132         *N4471  
*N4471  0.358660626     
GRID*   4472            0               -0.410808896    -0.0132         *N4472  
*N4472  0.361971263     
GRID*   4473            0               -0.410284834    -0.0132         *N4473  
*N4473  0.359988158     
GRID*   4474            0               -0.408444979    -0.0132         *N4474  
*N4474  0.360660116     
GRID*   4475            0               -0.408969041    -0.0132         *N4475  
*N4475  0.362643222     
GRID*   4476            0               -0.409626938    -0.0132         *N4476  
*N4476  0.36131569      
GRID*   4477            0               -0.412669632    -0.0132         *N4477  
*N4477  0.358748374     
GRID*   4478            0               -0.411600627    -0.0132         *N4478  
*N4478  0.357333094     
GRID*   4479            0               -0.409215829    -0.0132         *N4479  
*N4479  0.358572878     
GRID*   4480            0               -0.41094273     -0.0132         *N4480  
*N4480  0.358660626     
GRID*   4481            0               -0.407601881    -0.0132         *N4481  
*N4481  0.357725423     
GRID*   4482            0               -0.405762026    -0.0132         *N4482  
*N4482  0.358397382     
GRID*   4483            0               -0.407375974    -0.0132         *N4483  
*N4483  0.359244836     
GRID*   4484            0               -0.407488927    -0.0132         *N4484  
*N4484  0.35848513      
GRID*   4485            0               -0.406081062    -0.0132         *N4485  
*N4485  0.35934897      
GRID*   4486            0               -0.407150067    -0.0132         *N4486  
*N4486  0.36076425      
GRID*   4487            0               -0.40726302     -0.0132         *N4487  
*N4487  0.360004543     
GRID*   4488            0               -0.397130681    -0.0132         *N4488  
*N4488  0.358144478     
GRID*   4489            0               -0.396273584    -0.0132         *N4489  
*N4489  0.358469292     
GRID*   4490            0               -0.396652097    -0.0132         *N4490  
*N4490  0.358866016     
GRID*   4491            0               -0.396891389    -0.0132         *N4491  
*N4491  0.358505247     
GRID*   4492            0               -0.395841888    -0.0132         *N4492  
*N4492  0.357995884     
GRID*   4493            0               -0.39546967     -0.0132         *N4493  
*N4493  0.358870789     
GRID*   4494            0               -0.395655779    -0.0132         *N4494  
*N4494  0.358433337     
GRID*   4495            0               -0.395097451    -0.0132         *N4495  
*N4495  0.359745694     
GRID*   4496            0               -0.395848183    -0.0132         *N4496  
*N4496  0.359267514     
GRID*   4497            0               -0.395283561    -0.0132         *N4497  
*N4497  0.359308242     
GRID*   4498            0               -0.396173514    -0.0132         *N4498  
*N4498  0.359587555     
GRID*   4499            0               -0.396412806    -0.0132         *N4499  
*N4499  0.359226785     
GRID*   4500            0               -0.404147903    -0.0132         *N4500  
*N4500  0.358866016     
GRID*   4501            0               -0.404526416    -0.0132         *N4501  
*N4501  0.358469292     
GRID*   4502            0               -0.403669319    -0.0132         *N4502  
*N4502  0.358144478     
GRID*   4503            0               -0.403908611    -0.0132         *N4503  
*N4503  0.358505247     
GRID*   4504            0               -0.404626486    -0.0132         *N4504  
*N4504  0.359587555     
GRID*   4505            0               -0.404951817    -0.0132         *N4505  
*N4505  0.359267514     
GRID*   4506            0               -0.404387194    -0.0132         *N4506  
*N4506  0.359226785     
GRID*   4507            0               -0.405702549    -0.0132         *N4507  
*N4507  0.359745694     
GRID*   4508            0               -0.40533033     -0.0132         *N4508  
*N4508  0.358870789     
GRID*   4509            0               -0.405516439    -0.0132         *N4509  
*N4509  0.359308242     
GRID*   4510            0               -0.404958112    -0.0132         *N4510  
*N4510  0.357995884     
GRID*   4511            0               -0.405144221    -0.0132         *N4511  
*N4511  0.358433337     
GRID*   4512            0               -0.399421571    -0.0132         *N4512  
*N4512  0.356113097     
GRID*   4513            0               -0.39876534     -0.0132         *N4513  
*N4513  0.357267791     
GRID*   4514            0               -0.39958267     -0.0132         *N4514  
*N4514  0.356829447     
GRID*   4515            0               -0.399099373    -0.0132         *N4515  
*N4515  0.354680397     
GRID*   4516            0               -0.398120944    -0.0132         *N4516  
*N4516  0.356263126     
GRID*   4517            0               -0.399260472    -0.0132         *N4517  
*N4517  0.355396747     
GRID*   4518            0               -0.396498119    -0.0132         *N4518  
*N4518  0.356841191     
GRID*   4519            0               -0.397464713    -0.0132         *N4519  
*N4519  0.35741782      
GRID*   4520            0               -0.396981416    -0.0132         *N4520  
*N4520  0.357129505     
GRID*   4521            0               -0.39794801     -0.0132         *N4521  
*N4521  0.357706134     
GRID*   4522            0               -0.40203466     -0.0132         *N4522  
*N4522  0.357267791     
GRID*   4523            0               -0.401378429    -0.0132         *N4523  
*N4523  0.356113097     
GRID*   4524            0               -0.40121733     -0.0132         *N4524  
*N4524  0.356829447     
GRID*   4525            0               -0.403335287    -0.0132         *N4525  
*N4525  0.35741782      
GRID*   4526            0               -0.40285199     -0.0132         *N4526  
*N4526  0.357706134     
GRID*   4527            0               -0.404301881    -0.0132         *N4527  
*N4527  0.356841191     
GRID*   4528            0               -0.402679056    -0.0132         *N4528  
*N4528  0.356263126     
GRID*   4529            0               -0.403818584    -0.0132         *N4529  
*N4529  0.357129505     
GRID*   4530            0               -0.401700627    -0.0132         *N4530  
*N4530  0.354680397     
GRID*   4531            0               -0.401539528    -0.0132         *N4531  
*N4531  0.355396747     
GRID*   4532            0               -0.4052         -0.0132         *N4532  
*N4532  0.360172191     
GRID*   4533            0               -0.406647518    -0.0132         *N4533  
*N4533  0.361190746     
GRID*   4534            0               -0.406175033    -0.0132         *N4534  
*N4534  0.36046822      
GRID*   4535            0               -0.403739855    -0.0132         *N4535  
*N4535  0.360476735     
GRID*   4536            0               -0.40418317     -0.0132         *N4536  
*N4536  0.360032145     
GRID*   4537            0               -0.405270965    -0.0132         *N4537  
*N4537  0.361183323     
GRID*   4538            0               -0.403307124    -0.0132         *N4538  
*N4538  0.360840929     
GRID*   4539            0               -0.407151035    -0.0132         *N4539  
*N4539  0.361838355     
GRID*   4540            0               -0.394152482    -0.0132         *N4540  
*N4540  0.361190746     
GRID*   4541            0               -0.3956         -0.0132         *N4541  
*N4541  0.360172191     
GRID*   4542            0               -0.394624967    -0.0132         *N4542  
*N4542  0.36046822      
GRID*   4543            0               -0.395529035    -0.0132         *N4543  
*N4543  0.361183323     
GRID*   4544            0               -0.393648965    -0.0132         *N4544  
*N4544  0.361838355     
GRID*   4545            0               -0.397060145    -0.0132         *N4545  
*N4545  0.360476735     
GRID*   4546            0               -0.397492876    -0.0132         *N4546  
*N4546  0.360840929     
GRID*   4547            0               -0.39661683     -0.0132         *N4547  
*N4547  0.360032145     
GRID*   4548            0               -0.424103109    -0.0132         *N4548  
*N4548  0.373648771     
GRID*   4549            0               -0.422692152    -0.0132         *N4549  
*N4549  0.377065182     
GRID*   4550            0               -0.424939264    -0.0132         *N4550  
*N4550  0.38            
GRID*   4551            0               -0.424633148    -0.0132         *N4551  
*N4551  0.376809645     
GRID*   4552            0               -0.421651626    -0.0132         *N4552  
*N4552  0.367730368     
GRID*   4553            0               -0.421172979    -0.0132         *N4553  
*N4553  0.37139555      
GRID*   4554            0               -0.422981699    -0.0132         *N4554  
*N4554  0.370646354     
GRID*   4555            0               -0.418428737    -0.0132         *N4555  
*N4555  0.369591104     
GRID*   4556            0               -0.420508443    -0.0132         *N4556  
*N4556  0.374611959     
GRID*   4557            0               -0.419543508    -0.0132         *N4557  
*N4557  0.372070499     
GRID*   4558            0               -0.421217793    -0.0132         *N4558  
*N4558  0.38            
GRID*   4559            0               -0.420943514    -0.0132         *N4559  
*N4559  0.377295395     
GRID*   4560            0               -0.41775188     -0.0132         *N4560  
*N4560  0.39735188      
GRID*   4561            0               -0.414087703    -0.0132         *N4561  
*N4561  0.397838161     
GRID*   4562            0               -0.412669632    -0.0132         *N4562  
*N4562  0.401251626     
GRID*   4563            0               -0.415279502    -0.0132         *N4563  
*N4563  0.399391345     
GRID*   4564            0               -0.421651626    -0.0132         *N4564  
*N4564  0.392269632     
GRID*   4565            0               -0.418238161    -0.0132         *N4565  
*N4565  0.393687703     
GRID*   4566            0               -0.419791345    -0.0132         *N4566  
*N4566  0.394879502     
GRID*   4567            0               -0.418428737    -0.0132         *N4567  
*N4567  0.390408896     
GRID*   4568            0               -0.415120402    -0.0132         *N4568  
*N4568  0.394720402     
GRID*   4569            0               -0.416838903    -0.0132         *N4569  
*N4569  0.392614014     
GRID*   4570            0               -0.410808896    -0.0132         *N4570  
*N4570  0.398028737     
GRID*   4571            0               -0.413014014    -0.0132         *N4571  
*N4571  0.396438903     
GRID*   4572            0               -0.4004         -0.0132         *N4572  
*N4572  0.400817793     
GRID*   4573            0               -0.403334818    -0.0132         *N4573  
*N4573  0.402292152     
GRID*   4574            0               -0.405788041    -0.0132         *N4574  
*N4574  0.400108443     
GRID*   4575            0               -0.403104605    -0.0132         *N4575  
*N4575  0.400543514     
GRID*   4576            0               -0.4004         -0.0132         *N4576  
*N4576  0.404539264     
GRID*   4577            0               -0.406751229    -0.0132         *N4577  
*N4577  0.403703109     
GRID*   4578            0               -0.403590355    -0.0132         *N4578  
*N4578  0.404233148     
GRID*   4579            0               -0.40900445     -0.0132         *N4579  
*N4579  0.400772979     
GRID*   4580            0               -0.409753646    -0.0132         *N4580  
*N4580  0.402581699     
GRID*   4581            0               -0.408329501    -0.0132         *N4581  
*N4581  0.399143508     
GRID*   4582            0               -0.394048771    -0.0132         *N4582  
*N4582  0.403703109     
GRID*   4583            0               -0.39179555     -0.0132         *N4583  
*N4583  0.400772979     
GRID*   4584            0               -0.388130368    -0.0132         *N4584  
*N4584  0.401251626     
GRID*   4585            0               -0.391046354    -0.0132         *N4585  
*N4585  0.402581699     
GRID*   4586            0               -0.397465182    -0.0132         *N4586  
*N4586  0.402292152     
GRID*   4587            0               -0.397209645    -0.0132         *N4587  
*N4587  0.404233148     
GRID*   4588            0               -0.395011959    -0.0132         *N4588  
*N4588  0.400108443     
GRID*   4589            0               -0.397695395    -0.0132         *N4589  
*N4589  0.400543514     
GRID*   4590            0               -0.389991104    -0.0132         *N4590  
*N4590  0.398028737     
GRID*   4591            0               -0.392470499    -0.0132         *N4591  
*N4591  0.399143508     
GRID*   4592            0               -0.38304812     -0.0132         *N4592  
*N4592  0.39735188      
GRID*   4593            0               -0.382561839    -0.0132         *N4593  
*N4593  0.393687703     
GRID*   4594            0               -0.379148374    -0.0132         *N4594  
*N4594  0.392269632     
GRID*   4595            0               -0.381008655    -0.0132         *N4595  
*N4595  0.394879502     
GRID*   4596            0               -0.386712297    -0.0132         *N4596  
*N4596  0.397838161     
GRID*   4597            0               -0.385520498    -0.0132         *N4597  
*N4597  0.399391345     
GRID*   4598            0               -0.385679598    -0.0132         *N4598  
*N4598  0.394720402     
GRID*   4599            0               -0.387785986    -0.0132         *N4599  
*N4599  0.396438903     
GRID*   4600            0               -0.382371263    -0.0132         *N4600  
*N4600  0.390408896     
GRID*   4601            0               -0.383961097    -0.0132         *N4601  
*N4601  0.392614014     
GRID*   4602            0               -0.376696891    -0.0132         *N4602  
*N4602  0.373648771     
GRID*   4603            0               -0.379627021    -0.0132         *N4603  
*N4603  0.37139555      
GRID*   4604            0               -0.379148374    -0.0132         *N4604  
*N4604  0.367730368     
GRID*   4605            0               -0.377818301    -0.0132         *N4605  
*N4605  0.370646354     
GRID*   4606            0               -0.375860736    -0.0132         *N4606  
*N4606  0.38            
GRID*   4607            0               -0.378107848    -0.0132         *N4607  
*N4607  0.377065182     
GRID*   4608            0               -0.376166852    -0.0132         *N4608  
*N4608  0.376809645     
GRID*   4609            0               -0.379582207    -0.0132         *N4609  
*N4609  0.38            
GRID*   4610            0               -0.380291557    -0.0132         *N4610  
*N4610  0.374611959     
GRID*   4611            0               -0.379856486    -0.0132         *N4611  
*N4611  0.377295395     
GRID*   4612            0               -0.382371263    -0.0132         *N4612  
*N4612  0.369591104     
GRID*   4613            0               -0.381256492    -0.0132         *N4613  
*N4613  0.372070499     
GRID*   4614            0               -0.421172979    -0.0132         *N4614  
*N4614  0.38860445      
GRID*   4615            0               -0.420508443    -0.0132         *N4615  
*N4615  0.385388041     
GRID*   4616            0               -0.419543508    -0.0132         *N4616  
*N4616  0.387929501     
GRID*   4617            0               -0.424103109    -0.0132         *N4617  
*N4617  0.386351229     
GRID*   4618            0               -0.422981699    -0.0132         *N4618  
*N4618  0.389353646     
GRID*   4619            0               -0.422692152    -0.0132         *N4619  
*N4619  0.382934818     
GRID*   4620            0               -0.424633148    -0.0132         *N4620  
*N4620  0.383190355     
GRID*   4621            0               -0.420943514    -0.0132         *N4621  
*N4621  0.382704605     
GRID*   4622            0               -0.41775188     -0.0132         *N4622  
*N4622  0.36264812      
GRID*   4623            0               -0.418238161    -0.0132         *N4623  
*N4623  0.366312297     
GRID*   4624            0               -0.419791345    -0.0132         *N4624  
*N4624  0.365120498     
GRID*   4625            0               -0.414087703    -0.0132         *N4625  
*N4625  0.362161839     
GRID*   4626            0               -0.415279502    -0.0132         *N4626  
*N4626  0.360608655     
GRID*   4627            0               -0.415120402    -0.0132         *N4627  
*N4627  0.365279598     
GRID*   4628            0               -0.413014014    -0.0132         *N4628  
*N4628  0.363561097     
GRID*   4629            0               -0.416838903    -0.0132         *N4629  
*N4629  0.367385986     
GRID*   4630            0               -0.386712297    -0.0132         *N4630  
*N4630  0.362161839     
GRID*   4631            0               -0.385679598    -0.0132         *N4631  
*N4631  0.365279598     
GRID*   4632            0               -0.387785986    -0.0132         *N4632  
*N4632  0.363561097     
GRID*   4633            0               -0.38304812     -0.0132         *N4633  
*N4633  0.36264812      
GRID*   4634            0               -0.385520498    -0.0132         *N4634  
*N4634  0.360608655     
GRID*   4635            0               -0.382561839    -0.0132         *N4635  
*N4635  0.366312297     
GRID*   4636            0               -0.381008655    -0.0132         *N4636  
*N4636  0.365120498     
GRID*   4637            0               -0.383961097    -0.0132         *N4637  
*N4637  0.367385986     
GRID*   4638            0               -0.376696891    -0.0132         *N4638  
*N4638  0.386351229     
GRID*   4639            0               -0.378107848    -0.0132         *N4639  
*N4639  0.382934818     
GRID*   4640            0               -0.376166852    -0.0132         *N4640  
*N4640  0.383190355     
GRID*   4641            0               -0.379627021    -0.0132         *N4641  
*N4641  0.38860445      
GRID*   4642            0               -0.377818301    -0.0132         *N4642  
*N4642  0.389353646     
GRID*   4643            0               -0.380291557    -0.0132         *N4643  
*N4643  0.385388041     
GRID*   4644            0               -0.381256492    -0.0132         *N4644  
*N4644  0.387929501     
GRID*   4645            0               -0.379856486    -0.0132         *N4645  
*N4645  0.382704605     
GRID*   4646            0               -0.393897102    -0.0132         *N4646  
*N4646  0.355287123     
GRID*   4647            0               -0.396012887    -0.0132         *N4647  
*N4647  0.355917741     
GRID*   4648            0               -0.396483498    -0.0132         *N4648  
*N4648  0.354871798     
GRID*   4649            0               -0.392712887    -0.0132         *N4649  
*N4649  0.356801973     
GRID*   4650            0               -0.391505022    -0.0132         *N4650  
*N4650  0.356205777     
GRID*   4651            0               -0.394605503    -0.0132         *N4651  
*N4651  0.356821582     
GRID*   4652            0               -0.404787113    -0.0132         *N4652  
*N4652  0.355917741     
GRID*   4653            0               -0.406902898    -0.0132         *N4653  
*N4653  0.355287123     
GRID*   4654            0               -0.404316502    -0.0132         *N4654  
*N4654  0.354871798     
GRID*   4655            0               -0.408087113    -0.0132         *N4655  
*N4655  0.356801973     
GRID*   4656            0               -0.406194497    -0.0132         *N4656  
*N4656  0.356821582     
GRID*   4657            0               -0.409294978    -0.0132         *N4657  
*N4657  0.356205777     
GRID*   4658            0               -0.410150333    0.000586078581  *N4658  
*N4658  0.359066832     
GRID*   4659            0               -0.410150807    0.000585558495  *N4659  
*N4659  0.400932962     
GRID*   4660            0               -0.423481099    -0.000909195176 *N4660  
*N4660  0.379784965     
GRID*   4661            0               -0.385439578    -0.00628545847  *N4661  
*N4661  0.396440462     
GRID*   4662            0               -0.385439578    0.00628545847   *N4662  
*N4662  0.396440462     
GRID*   4663            0               -0.385439578    0.00628545844   *N4663  
*N4663  0.363559538     
GRID*   4664            0               -0.385439578    -0.00628545844  *N4664  
*N4664  0.363559538     
GRID*   4665            0               -0.379251585    -0.00725670445  *N4665  
*N4665  0.385804721     
GRID*   4666            0               -0.379251585    0.00725670444   *N4666  
*N4666  0.385804721     
GRID*   4667            0               -0.379293855    -0.00735698621  *N4667  
*N4667  0.374167727     
GRID*   4668            0               -0.379293855    0.00735698621   *N4668  
*N4668  0.374167727     
GRID*   4669            0               -0.419283507    0.00192383334   *N4669  
*N4669  0.366834817     
GRID*   4670            0               -0.419372548    0.00171209808   *N4670  
*N4670  0.39306603      
GRID*   4671            0               -0.415919553    -0.00777566798  *N4671  
*N4671  0.395241144     
GRID*   4672            0               -0.416027083    -0.00766824802  *N4672  
*N4672  0.364814407     
GRID*   4673            0               -0.420787467    -0.00760910478  *N4673  
*N4673  0.387750013     
GRID*   4674            0               -0.420803238    -0.00736516764  *N4674  
*N4674  0.372058201     
GRID*   4675            0               -0.408107699    -0.00785169205  *N4675  
*N4675  0.359688616     
GRID*   4676            0               -0.408107514    -0.00785224106  *N4676  
*N4676  0.400311242     
GRID*   4677            0               -0.422866691    0.00117409443   *N4677  
*N4677  0.38524207      
GRID*   4678            0               -0.422796488    0.0013464772    *N4678  
*N4678  0.374505064     
GRID*   4679            0               -0.422285068    -0.00739202051  *N4679  
*N4679  0.379891167     
GRID*   4680            0               -0.389380029    -0.00691744134  *N4680  
*N4680  0.360912851     
GRID*   4681            0               -0.387951357    -0.00992544704  *N4681  
*N4681  0.363263011     
GRID*   4682            0               -0.386941983    -0.00319081322  *N4682  
*N4682  0.361498365     
GRID*   4683            0               -0.382541448    -0.00321027408  *N4683  
*N4683  0.365703978     
GRID*   4684            0               -0.382541448    0.00321027408   *N4684  
*N4684  0.365703978     
GRID*   4685            0               -0.387951357    0.00992544704   *N4685  
*N4685  0.363263011     
GRID*   4686            0               -0.38446032     0.00713627096   *N4686  
*N4686  0.364880138     
GRID*   4687            0               -0.389380029    0.00691744134   *N4687  
*N4687  0.360912851     
GRID*   4688            0               -0.377803961    0.00376053481   *N4688  
*N4688  0.377018825     
GRID*   4689            0               -0.381690736    0.00707691714   *N4689  
*N4689  0.368446184     
GRID*   4690            0               -0.379420031    0.0036192097    *N4690  
*N4690  0.371036061     
GRID*   4691            0               -0.381325524    0.010449835     *N4691  
*N4691  0.372216984     
GRID*   4692            0               -0.384139159    0.0103588149    *N4692  
*N4692  0.3672764       
GRID*   4693            0               -0.3793907      0.00370461574   *N4693  
*N4693  0.388859748     
GRID*   4694            0               -0.378568768    0.00755030623   *N4694  
*N4694  0.379985765     
GRID*   4695            0               -0.377829432    0.00386042487   *N4695  
*N4695  0.383045745     
GRID*   4696            0               -0.37999124     0.0104099502    *N4696  
*N4696  0.38295389      
GRID*   4697            0               -0.380004243    0.0105501381    *N4697  
*N4697  0.377486496     
GRID*   4698            0               -0.386941983    0.00319081323   *N4698  
*N4698  0.398501635     
GRID*   4699            0               -0.381664548    0.00702649463   *N4699  
*N4699  0.391542149     
GRID*   4700            0               -0.382524706    0.00357999383   *N4700  
*N4700  0.394186878     
GRID*   4701            0               -0.384336494    0.00997538475   *N4701  
*N4701  0.393268967     
GRID*   4702            0               -0.381530937    0.01035636      *N4702  
*N4702  0.38838536      
GRID*   4703            0               -0.3793907      -0.00370461574  *N4703  
*N4703  0.388859748     
GRID*   4704            0               -0.381664548    -0.00702649463  *N4704  
*N4704  0.391542149     
GRID*   4705            0               -0.386941983    -0.00319081324  *N4705  
*N4705  0.398501635     
GRID*   4706            0               -0.382524706    -0.00357999383  *N4706  
*N4706  0.394186878     
GRID*   4707            0               -0.384336494    -0.00997538475  *N4707  
*N4707  0.393268967     
GRID*   4708            0               -0.37999124     -0.0104099502   *N4708  
*N4708  0.38295389      
GRID*   4709            0               -0.381530937    -0.01035636     *N4709  
*N4709  0.38838536      
GRID*   4710            0               -0.381690736    -0.00707691714  *N4710  
*N4710  0.368446184     
GRID*   4711            0               -0.377803961    -0.00376053481  *N4711  
*N4711  0.377018825     
GRID*   4712            0               -0.379420031    -0.0036192097   *N4712  
*N4712  0.371036061     
GRID*   4713            0               -0.381325524    -0.010449835    *N4713  
*N4713  0.372216984     
GRID*   4714            0               -0.384139159    -0.0103588149   *N4714  
*N4714  0.3672764       
GRID*   4715            0               -0.378568768    -0.00755030623  *N4715  
*N4715  0.379985765     
GRID*   4716            0               -0.377829432    -0.00386042487  *N4716  
*N4716  0.383045745     
GRID*   4717            0               -0.380004243    -0.0105501381   *N4717  
*N4717  0.377486496     
GRID*   4718            0               -0.389380029    -0.00691744134  *N4718  
*N4718  0.399087149     
GRID*   4719            0               -0.386584325    -0.00843635536  *N4719  
*N4719  0.396479231     
GRID*   4720            0               -0.389380029    0.00691744134   *N4720  
*N4720  0.399087149     
GRID*   4721            0               -0.386584325    0.00843635536   *N4721  
*N4721  0.396479231     
GRID*   4722            0               -0.41902182     -0.0105286218   *N4722  
*N4722  0.388716992     
GRID*   4723            0               -0.418699021    -0.00784042433  *N4723  
*N4723  0.391716808     
GRID*   4724            0               -0.413100879    -0.0106571949   *N4724  
*N4724  0.396084833     
GRID*   4725            0               -0.416445647    -0.010647916    *N4725  
*N4725  0.3927581       
GRID*   4726            0               -0.413163608    -0.0106093467   *N4726  
*N4726  0.3639332       
GRID*   4727            0               -0.418741937    -0.00765305317  *N4727  
*N4727  0.368226551     
GRID*   4728            0               -0.419040025    -0.0104109103   *N4728  
*N4728  0.371181134     
GRID*   4729            0               -0.416477999    -0.0105558631   *N4729  
*N4729  0.367206185     
GRID*   4730            0               -0.418690705    0.00783624114   *N4730  
*N4730  0.36826742      
GRID*   4731            0               -0.415231523    0.00130006374   *N4731  
*N4731  0.362338014     
GRID*   4732            0               -0.410446331    0.00720268928   *N4732  
*N4732  0.360485839     
GRID*   4733            0               -0.414878752    0.00789582867   *N4733  
*N4733  0.363824969     
GRID*   4734            0               -0.410446609    0.00720243876   *N4734  
*N4734  0.399514111     
GRID*   4735            0               -0.415287819    0.00119091575   *N4735  
*N4735  0.397622275     
GRID*   4736            0               -0.418757846    0.00773538371   *N4736  
*N4736  0.391694586     
GRID*   4737            0               -0.414923461    0.00784663503   *N4737  
*N4737  0.39615888      
GRID*   4738            0               -0.404337616    -0.0107546326   *N4738  
*N4738  0.359939016     
GRID*   4739            0               -0.412318591    -0.0079270427   *N4739  
*N4739  0.361869385     
GRID*   4740            0               -0.408782524    -0.0108985262   *N4740  
*N4740  0.361437527     
GRID*   4741            0               -0.412256955    -0.00797773597  *N4741  
*N4741  0.398148784     
GRID*   4742            0               -0.404337512    -0.0107548891   *N4742  
*N4742  0.400060866     
GRID*   4743            0               -0.408746457    -0.0109173429   *N4743  
*N4743  0.398567668     
GRID*   4744            0               -0.409288323    -0.00369958951  *N4744  
*N4744  0.400998113     
GRID*   4745            0               -0.418093856    -0.00311050737  *N4745  
*N4745  0.394521095     
GRID*   4746            0               -0.414027321    -0.00367100895  *N4746  
*N4746  0.398287422     
GRID*   4747            0               -0.418103438    -0.00294680248  *N4747  
*N4747  0.365456458     
GRID*   4748            0               -0.409288169    -0.00369904243  *N4748  
*N4748  0.359001725     
GRID*   4749            0               -0.414034859    -0.00358459936  *N4749  
*N4749  0.361701058     
GRID*   4750            0               -0.42139467     0.0016632534    *N4750  
*N4750  0.370509615     
GRID*   4751            0               -0.422243678    -0.00307175641  *N4751  
*N4751  0.3731423       
GRID*   4752            0               -0.4205354      -0.00304688006  *N4752  
*N4752  0.36909623      
GRID*   4753            0               -0.422021949    0.00760571272   *N4753  
*N4753  0.37712694      
GRID*   4754            0               -0.420839975    0.00773054602   *N4754  
*N4754  0.37251294      
GRID*   4755            0               -0.422281632    -0.00328576119  *N4755  
*N4755  0.386633848     
GRID*   4756            0               -0.421486937    0.00146867949   *N4756  
*N4756  0.389316333     
GRID*   4757            0               -0.42056798     -0.00324012997  *N4757  
*N4757  0.39078722      
GRID*   4758            0               -0.422069144    0.0075192211    *N4758  
*N4758  0.382742175     
GRID*   4759            0               -0.420905217    0.00763756909   *N4759  
*N4759  0.387403623     
GRID*   4760            0               -0.423360196    0.00013353313   *N4760  
*N4760  0.382534079     
GRID*   4761            0               -0.423319005    0.000220373804  *N4761  
*N4761  0.377122388     
GRID*   4762            0               -0.423152672    0.00398891874   *N4762  
*N4762  0.379879866     
GRID*   4763            0               -0.42186614     -0.00749095654  *N4763  
*N4763  0.375913386     
GRID*   4764            0               -0.421026558    -0.0103996185   *N4764  
*N4764  0.379945036     
GRID*   4765            0               -0.420498723    -0.0104369124   *N4765  
*N4765  0.375447836     
GRID*   4766            0               -0.421860722    -0.00761570099  *N4766  
*N4766  0.383879239     
GRID*   4767            0               -0.423115579    -0.00419352901  *N4767  
*N4767  0.379836392     
GRID*   4768            0               -0.422953111    -0.00377553851  *N4768  
*N4768  0.383272997     
GRID*   4769            0               -0.422929052    -0.00366649401  *N4769  
*N4769  0.376449135     
GRID*   4770            0               -0.420491143    -0.0104977849   *N4770  
*N4770  0.384444375     
GRID*   4771            0               -0.405393932    0.000299897144  *N4771  
*N4771  0.402551734     
GRID*   4772            0               -0.4004         -0.00691744134  *N4772  
*N4772  0.402039941     
GRID*   4773            0               -0.404943517    -0.00541721141  *N4773  
*N4773  0.401991368     
GRID*   4774            0               -0.394696445    -0.00692730127  *N4774  
*N4774  0.401285957     
GRID*   4775            0               -0.4004         0.00691744134   *N4775  
*N4775  0.402039941     
GRID*   4776            0               -0.394696445    0.00692730127   *N4776  
*N4776  0.401285957     
GRID*   4777            0               -0.4004         -0.00691744134  *N4777  
*N4777  0.357960059     
GRID*   4778            0               -0.405393677    0.000300162805  *N4778  
*N4778  0.357448213     
GRID*   4779            0               -0.404943438    -0.00541694499  *N4779  
*N4779  0.35800855      
GRID*   4780            0               -0.394696445    -0.00692730127  *N4780  
*N4780  0.358714043     
GRID*   4781            0               -0.4004         0.00691744134   *N4781  
*N4781  0.357960059     
GRID*   4782            0               -0.394696445    0.00692730127   *N4782  
*N4782  0.358714043     
GRID*   4783            0               -0.405570483    0.00706973903   *N4783  
*N4783  0.3586249       
GRID*   4784            0               -0.405570632    0.00706961275   *N4784  
*N4784  0.401375106     
GRID*   4785            0               -0.387951357    -0.00992544704  *N4785  
*N4785  0.363263011     
GRID*   4786            0               -0.384065833    4.50341409E-17  *N4786  
*N4786  0.363665833     
GRID*   4787            0               -0.387951357    0.00992544704   *N4787  
*N4787  0.363263011     
GRID*   4788            0               -0.384065833    4.50341409E-17  *N4788  
*N4788  0.363665833     
GRID*   4789            0               -0.377426336    0.00189060729   *N4789  
*N4789  0.378501215     
GRID*   4790            0               -0.378413189    0.00372354088   *N4790  
*N4790  0.373972946     
GRID*   4791            0               -0.378631937    0.00181977333   *N4791  
*N4791  0.372486688     
GRID*   4792            0               -0.377829388    0.00187222194   *N4792  
*N4792  0.375453326     
GRID*   4793            0               -0.378428746    0.005589329     *N4793  
*N4793  0.375569043     
GRID*   4794            0               -0.380310001    0.00728303702   *N4794  
*N4794  0.371227354     
GRID*   4795            0               -0.38044372     0.0053781564    *N4795  
*N4795  0.369683397     
GRID*   4796            0               -0.379242883    0.00553226149   *N4796  
*N4796  0.372558193     
GRID*   4797            0               -0.383411001    0.00674236717   *N4797  
*N4797  0.36587469      
GRID*   4798            0               -0.383903511    0.00477303908   *N4798  
*N4798  0.364550277     
GRID*   4799            0               -0.380803937    0.00344583139   *N4799  
*N4799  0.368264134     
GRID*   4800            0               -0.382005241    0.00511789484   *N4800  
*N4800  0.366998078     
GRID*   4801            0               -0.381367755    0.00161364735   *N4801  
*N4801  0.367008472     
GRID*   4802            0               -0.379818265    0.00173241411   *N4802  
*N4802  0.369655874     
GRID*   4803            0               -0.389385606    0.0116163083    *N4803  
*N4803  0.363346036     
GRID*   4804            0               -0.385940458    0.010216176     *N4804  
*N4804  0.365162163     
GRID*   4805            0               -0.3855089      0.0118257441    *N4805  
*N4805  0.366884478     
GRID*   4806            0               -0.387356094    0.0117628059    *N4806  
*N4806  0.36499657      
GRID*   4807            0               -0.386631957    0.00814301562   *N4807  
*N4807  0.363334398     
GRID*   4808            0               -0.382840195    0.00875513681   *N4808  
*N4808  0.367809396     
GRID*   4809            0               -0.384609285    0.00852104192   *N4809  
*N4809  0.365451627     
GRID*   4810            0               -0.380226827    0.00894013299   *N4810  
*N4810  0.373164277     
GRID*   4811            0               -0.38259698     0.0104840383    *N4811  
*N4811  0.369668136     
GRID*   4812            0               -0.381374446    0.00892159416   *N4812  
*N4812  0.370406073     
GRID*   4813            0               -0.382580922    0.0118736897    *N4813  
*N4813  0.37133363      
GRID*   4814            0               -0.383917832    0.0118897856    *N4814  
*N4814  0.369019056     
GRID*   4815            0               -0.379786394    0.00186191504   *N4815  
*N4815  0.390257803     
GRID*   4816            0               -0.378422566    0.00381506845   *N4816  
*N4816  0.386003969     
GRID*   4817            0               -0.377833319    0.00194095965   *N4817  
*N4817  0.384537356     
GRID*   4818            0               -0.378622629    0.00191790404   *N4818  
*N4818  0.387461754     
GRID*   4819            0               -0.379211815    0.00550908605   *N4819  
*N4819  0.387370264     
GRID*   4820            0               -0.378734818    0.00746391866   *N4820  
*N4820  0.382918869     
GRID*   4821            0               -0.378075733    0.00573706949   *N4821  
*N4821  0.381524178     
GRID*   4822            0               -0.378460465    0.00567047585   *N4822  
*N4822  0.384484699     
GRID*   4823            0               -0.378756125    0.0075144687    *N4823  
*N4823  0.377052892     
GRID*   4824            0               -0.37762199     0.00384333262   *N4824  
*N4824  0.380032563     
GRID*   4825            0               -0.378065027    0.00571058664   *N4825  
*N4825  0.378534333     
GRID*   4826            0               -0.377432039    0.00193241761   *N4826  
*N4826  0.381532487     
GRID*   4827            0               -0.380526963    0.0105733667    *N4827  
*N4827  0.374815761     
GRID*   4828            0               -0.380968602    0.0119229074    *N4828  
*N4828  0.376275079     
GRID*   4829            0               -0.381633202    0.0119333969    *N4829  
*N4829  0.373754096     
GRID*   4830            0               -0.379200388    0.00908713616   *N4830  
*N4830  0.378730976     
GRID*   4831            0               -0.379556147    0.00908134093   *N4831  
*N4831  0.375916739     
GRID*   4832            0               -0.379530197    0.00887210478   *N4832  
*N4832  0.38439853      
GRID*   4833            0               -0.379853262    0.0105542592    *N4833  
*N4833  0.380221753     
GRID*   4834            0               -0.379204416    0.00904826964   *N4834  
*N4834  0.381576719     
GRID*   4835            0               -0.380630686    0.0118567978    *N4835  
*N4835  0.381483429     
GRID*   4836            0               -0.380649103    0.0119260972    *N4836  
*N4836  0.378868503     
GRID*   4837            0               -0.387848616    0.0016014513    *N4837  
*N4837  0.399326358     
GRID*   4838            0               -0.384590936    0.0034161765    *N4838  
*N4838  0.396492824     
GRID*   4839            0               -0.383215369    0.00179835849   *N4839  
*N4839  0.395331808     
GRID*   4840            0               -0.385399583    0.0017154118    *N4840  
*N4840  0.397482987     
GRID*   4841            0               -0.386136945    0.00475608771   *N4841  
*N4841  0.397537243     
GRID*   4842            0               -0.383396838    0.00671729995   *N4842  
*N4842  0.394120211     
GRID*   4843            0               -0.382009941    0.00532777853   *N4843  
*N4843  0.392924028     
GRID*   4844            0               -0.383924313    0.0050911692    *N4844  
*N4844  0.395370157     
GRID*   4845            0               -0.380274336    0.00720739712   *N4845  
*N4845  0.388753346     
GRID*   4846            0               -0.380781279    0.00367535588   *N4846  
*N4846  0.391627878     
GRID*   4847            0               -0.380429343    0.00546983215   *N4847  
*N4847  0.390240302     
GRID*   4848            0               -0.381332469    0.00184683739   *N4848  
*N4848  0.392908465     
GRID*   4849            0               -0.380612788    0.0104615622    *N4849  
*N4849  0.385712438     
GRID*   4850            0               -0.38171999     0.0118351531    *N4850  
*N4850  0.386678051     
GRID*   4851            0               -0.381023308    0.0118848584    *N4851  
*N4851  0.384111443     
GRID*   4852            0               -0.381504241    0.00873464845   *N4852  
*N4852  0.390013302     
GRID*   4853            0               -0.380350348    0.00887811736   *N4853  
*N4853  0.387266394     
GRID*   4854            0               -0.384796791    0.00817824668   *N4854  
*N4854  0.394942093     
GRID*   4855            0               -0.382801857    0.010242618     *N4855  
*N4855  0.390908901     
GRID*   4856            0               -0.383006854    0.00853090919   *N4856  
*N4856  0.392582213     
GRID*   4857            0               -0.384064071    0.0116558539    *N4857  
*N4857  0.391440651     
GRID*   4858            0               -0.382754346    0.0117853091    *N4858  
*N4858  0.38912948      
GRID*   4859            0               -0.383215369    -0.00179835849  *N4859  
*N4859  0.395331808     
GRID*   4860            0               -0.384590936    -0.0034161765   *N4860  
*N4860  0.396492824     
GRID*   4861            0               -0.387848616    -0.0016014513   *N4861  
*N4861  0.399326358     
GRID*   4862            0               -0.385399583    -0.0017154118   *N4862  
*N4862  0.397482987     
GRID*   4863            0               -0.379786394    -0.00186191504  *N4863  
*N4863  0.390257803     
GRID*   4864            0               -0.380781279    -0.00367535589  *N4864  
*N4864  0.391627878     
GRID*   4865            0               -0.381332469    -0.00184683739  *N4865  
*N4865  0.392908465     
GRID*   4866            0               -0.379211815    -0.00550908605  *N4866  
*N4866  0.387370264     
GRID*   4867            0               -0.380274336    -0.00720739712  *N4867  
*N4867  0.388753346     
GRID*   4868            0               -0.382009941    -0.00532777853  *N4868  
*N4868  0.392924028     
GRID*   4869            0               -0.380429343    -0.00546983215  *N4869  
*N4869  0.390240302     
GRID*   4870            0               -0.383396838    -0.00671729995  *N4870  
*N4870  0.394120211     
GRID*   4871            0               -0.386136945    -0.00475608771  *N4871  
*N4871  0.397537243     
GRID*   4872            0               -0.383924313    -0.0050911692   *N4872  
*N4872  0.395370157     
GRID*   4873            0               -0.38171999     -0.0118351531   *N4873  
*N4873  0.386678051     
GRID*   4874            0               -0.380612788    -0.0104615622   *N4874  
*N4874  0.385712438     
GRID*   4875            0               -0.380630686    -0.0118567978   *N4875  
*N4875  0.381483429     
GRID*   4876            0               -0.381023308    -0.0118848584   *N4876  
*N4876  0.384111443     
GRID*   4877            0               -0.384064071    -0.0116558539   *N4877  
*N4877  0.391440651     
GRID*   4878            0               -0.382801857    -0.010242618    *N4878  
*N4878  0.390908901     
GRID*   4879            0               -0.382754346    -0.0117853091   *N4879  
*N4879  0.38912948      
GRID*   4880            0               -0.384796791    -0.00817824668  *N4880  
*N4880  0.394942093     
GRID*   4881            0               -0.381504241    -0.00873464845  *N4881  
*N4881  0.390013302     
GRID*   4882            0               -0.383006854    -0.00853090919  *N4882  
*N4882  0.392582213     
GRID*   4883            0               -0.379530197    -0.00887210478  *N4883  
*N4883  0.38439853      
GRID*   4884            0               -0.380350348    -0.00887811736  *N4884  
*N4884  0.387266394     
GRID*   4885            0               -0.378631937    -0.00181977333  *N4885  
*N4885  0.372486688     
GRID*   4886            0               -0.378413189    -0.00372354088  *N4886  
*N4886  0.373972946     
GRID*   4887            0               -0.377426336    -0.00189060729  *N4887  
*N4887  0.378501215     
GRID*   4888            0               -0.377829388    -0.00187222194  *N4888  
*N4888  0.375453326     
GRID*   4889            0               -0.381367755    -0.00161364735  *N4889  
*N4889  0.367008472     
GRID*   4890            0               -0.380803937    -0.00344583139  *N4890  
*N4890  0.368264134     
GRID*   4891            0               -0.379818265    -0.00173241411  *N4891  
*N4891  0.369655874     
GRID*   4892            0               -0.383903511    -0.00477303908  *N4892  
*N4892  0.364550277     
GRID*   4893            0               -0.383411001    -0.00674236717  *N4893  
*N4893  0.36587469      
GRID*   4894            0               -0.38044372     -0.0053781564   *N4894  
*N4894  0.369683397     
GRID*   4895            0               -0.382005241    -0.00511789484  *N4895  
*N4895  0.366998078     
GRID*   4896            0               -0.380310001    -0.00728303702  *N4896  
*N4896  0.371227354     
GRID*   4897            0               -0.378428746    -0.005589329    *N4897  
*N4897  0.375569043     
GRID*   4898            0               -0.379242883    -0.00553226149  *N4898  
*N4898  0.372558193     
GRID*   4899            0               -0.3855089      -0.0118257441   *N4899  
*N4899  0.366884478     
GRID*   4900            0               -0.385940458    -0.010216176    *N4900  
*N4900  0.365162163     
GRID*   4901            0               -0.389385606    -0.0116163083   *N4901  
*N4901  0.363346036     
GRID*   4902            0               -0.387356094    -0.0117628059   *N4902  
*N4902  0.36499657      
GRID*   4903            0               -0.382580922    -0.0118736897   *N4903  
*N4903  0.37133363      
GRID*   4904            0               -0.38259698     -0.0104840383   *N4904  
*N4904  0.369668136     
GRID*   4905            0               -0.383917832    -0.0118897856   *N4905  
*N4905  0.369019056     
GRID*   4906            0               -0.380226827    -0.00894013299  *N4906  
*N4906  0.373164277     
GRID*   4907            0               -0.382840195    -0.00875513681  *N4907  
*N4907  0.367809396     
GRID*   4908            0               -0.381374446    -0.00892159416  *N4908  
*N4908  0.370406073     
GRID*   4909            0               -0.386631957    -0.00814301562  *N4909  
*N4909  0.363334398     
GRID*   4910            0               -0.384609285    -0.00852104192  *N4910  
*N4910  0.365451627     
GRID*   4911            0               -0.377833319    -0.00194095965  *N4911  
*N4911  0.384537356     
GRID*   4912            0               -0.378422566    -0.00381506845  *N4912  
*N4912  0.386003969     
GRID*   4913            0               -0.378622629    -0.00191790404  *N4913  
*N4913  0.387461754     
GRID*   4914            0               -0.37762199     -0.00384333262  *N4914  
*N4914  0.380032563     
GRID*   4915            0               -0.377432039    -0.00193241761  *N4915  
*N4915  0.381532487     
GRID*   4916            0               -0.378756125    -0.0075144687   *N4916  
*N4916  0.377052892     
GRID*   4917            0               -0.378075733    -0.0057370695   *N4917  
*N4917  0.381524178     
GRID*   4918            0               -0.378065027    -0.00571058665  *N4918  
*N4918  0.378534333     
GRID*   4919            0               -0.378734818    -0.00746391866  *N4919  
*N4919  0.382918869     
GRID*   4920            0               -0.378460465    -0.00567047586  *N4920  
*N4920  0.384484699     
GRID*   4921            0               -0.380968602    -0.0119229074   *N4921  
*N4921  0.376275079     
GRID*   4922            0               -0.380526963    -0.0105733667   *N4922  
*N4922  0.374815761     
GRID*   4923            0               -0.381633202    -0.0119333969   *N4923  
*N4923  0.373754096     
GRID*   4924            0               -0.379853262    -0.0105542592   *N4924  
*N4924  0.380221753     
GRID*   4925            0               -0.380649103    -0.0119260972   *N4925  
*N4925  0.378868503     
GRID*   4926            0               -0.379200388    -0.00908713616  *N4926  
*N4926  0.378730976     
GRID*   4927            0               -0.379204416    -0.00904826964  *N4927  
*N4927  0.381576719     
GRID*   4928            0               -0.379556147    -0.00908134093  *N4928  
*N4928  0.375916739     
GRID*   4929            0               -0.386685621    -0.0109010099   *N4929  
*N4929  0.395056354     
GRID*   4930            0               -0.385397982    -0.00924433857  *N4930  
*N4930  0.394936253     
GRID*   4931            0               -0.385293365    -0.0113007364   *N4931  
*N4931  0.393330151     
GRID*   4932            0               -0.390031103    -0.0101761439   *N4932  
*N4932  0.397959456     
GRID*   4933            0               -0.387932651    -0.0077075162   *N4933  
*N4933  0.397854115     
GRID*   4934            0               -0.388311504    -0.0105645262   *N4934  
*N4934  0.396609306     
GRID*   4935            0               -0.388983276    -0.00349909701  *N4935  
*N4935  0.399774346     
GRID*   4936            0               -0.386660637    -0.00585728892  *N4936  
*N4936  0.39762192      
GRID*   4937            0               -0.387775767    -0.00469568313  *N4937  
*N4937  0.398766707     
GRID*   4938            0               -0.385680872    -0.00704342202  *N4938  
*N4938  0.396350764     
GRID*   4939            0               -0.385397982    0.00924433857   *N4939  
*N4939  0.394936253     
GRID*   4940            0               -0.386685621    0.0109010099    *N4940  
*N4940  0.395056354     
GRID*   4941            0               -0.385293365    0.0113007364    *N4941  
*N4941  0.393330151     
GRID*   4942            0               -0.386660637    0.00585728892   *N4942  
*N4942  0.39762192      
GRID*   4943            0               -0.385680872    0.00704342202   *N4943  
*N4943  0.396350764     
GRID*   4944            0               -0.388983276    0.00349909701   *N4944  
*N4944  0.399774346     
GRID*   4945            0               -0.387932651    0.0077075162    *N4945  
*N4945  0.397854115     
GRID*   4946            0               -0.387775767    0.00469568313   *N4946  
*N4946  0.398766707     
GRID*   4947            0               -0.390031103    0.0101761439    *N4947  
*N4947  0.397959456     
GRID*   4948            0               -0.388311504    0.0105645262    *N4948  
*N4948  0.396609306     
GRID*   4949            0               -0.415173358    -0.0119629914   *N4949  
*N4949  0.393124204     
GRID*   4950            0               -0.414848785    -0.0107085279   *N4950  
*N4950  0.394497242     
GRID*   4951            0               -0.411534027    -0.0119762731   *N4951  
*N4951  0.396316015     
GRID*   4952            0               -0.413436072    -0.01199671     *N4952  
*N4952  0.39482396      
GRID*   4953            0               -0.417971398    -0.0118994184   *N4953  
*N4953  0.389124681     
GRID*   4954            0               -0.417827809    -0.0106457352   *N4954  
*N4954  0.390795822     
GRID*   4955            0               -0.416681558    -0.0119580539   *N4955  
*N4955  0.391203831     
GRID*   4956            0               -0.419962359    -0.00909569887  *N4956  
*N4956  0.388257866     
GRID*   4957            0               -0.419835202    -0.00776148832  *N4957  
*N4957  0.389779684     
GRID*   4958            0               -0.417629108    -0.00927473307  *N4958  
*N4958  0.392277913     
GRID*   4959            0               -0.418889892    -0.00923139882  *N4959  
*N4959  0.390320618     
GRID*   4960            0               -0.417389674    -0.00784516584  *N4960  
*N4960  0.393543055     
GRID*   4961            0               -0.414566611    -0.00925326726  *N4961  
*N4961  0.39572559      
GRID*   4962            0               -0.416176378    -0.00930940214  *N4962  
*N4962  0.394073057     
GRID*   4963            0               -0.411567273    -0.0119541339   *N4963  
*N4963  0.363690472     
GRID*   4964            0               -0.414894674    -0.0106368144   *N4964  
*N4964  0.365495773     
GRID*   4965            0               -0.415191699    -0.0119185156   *N4965  
*N4965  0.366856004     
GRID*   4966            0               -0.41346118     -0.0119622466   *N4966  
*N4966  0.365170292     
GRID*   4967            0               -0.414654323    -0.0091767665   *N4967  
*N4967  0.364308881     
GRID*   4968            0               -0.417460668    -0.00769500043  *N4968  
*N4968  0.366460037     
GRID*   4969            0               -0.417669103    -0.00913574159  *N4969  
*N4969  0.36767416      
GRID*   4970            0               -0.416237456    -0.00919910125  *N4970  
*N4970  0.365923014     
GRID*   4971            0               -0.419859453    -0.00754278075  *N4971  
*N4971  0.370098175     
GRID*   4972            0               -0.419982068    -0.00891555505  *N4972  
*N4972  0.371593723     
GRID*   4973            0               -0.417850762    -0.0105387958   *N4973  
*N4973  0.369136543     
GRID*   4974            0               -0.418916064    -0.00906912078  *N4974  
*N4974  0.369582879     
GRID*   4975            0               -0.417982925    -0.0118420031   *N4975  
*N4975  0.37082298      
GRID*   4976            0               -0.416695308    -0.011905933    *N4976  
*N4976  0.368760707     
GRID*   4977            0               -0.417907901    0.0106113993    *N4977  
*N4977  0.369300392     
GRID*   4978            0               -0.416917868    0.00792995294   *N4978  
*N4978  0.365932808     
GRID*   4979            0               -0.414464015    0.0106404489    *N4979  
*N4979  0.365080405     
GRID*   4980            0               -0.416309543    0.0106644422    *N4980  
*N4980  0.367086205     
GRID*   4981            0               -0.419151943    0.00492331527   *N4981  
*N4981  0.367440717     
GRID*   4982            0               -0.41740567     0.00162611542   *N4982  
*N4982  0.36445095      
GRID*   4983            0               -0.415215087    0.00464812911   *N4983  
*N4983  0.362896839     
GRID*   4984            0               -0.417321795    0.00484026951   *N4984  
*N4984  0.365038896     
GRID*   4985            0               -0.412798949    0.000951359501  *N4985  
*N4985  0.360532823     
GRID*   4986            0               -0.410406463    0.00393692678   *N4986  
*N4986  0.359555409     
GRID*   4987            0               -0.412753385    0.00760518514   *N4987  
*N4987  0.362023208     
GRID*   4988            0               -0.4128948      0.0043700427    *N4988  
*N4988  0.361068738     
GRID*   4989            0               -0.410269076    0.0103127857    *N4989  
*N4989  0.361838013     
GRID*   4990            0               -0.412447048    0.0105212333    *N4990  
*N4990  0.363333198     
GRID*   4991            0               -0.414488356    0.0106169856    *N4991  
*N4991  0.394913344     
GRID*   4992            0               -0.416975727    0.00785501887   *N4992  
*N4992  0.394041152     
GRID*   4993            0               -0.417946699    0.0105634916    *N4993  
*N4993  0.390683445     
GRID*   4994            0               -0.416342047    0.0106288353    *N4994  
*N4994  0.392903062     
GRID*   4995            0               -0.410269223    0.0103126665    *N4995  
*N4995  0.398161975     
GRID*   4996            0               -0.412777334    0.00758106969   *N4996  
*N4996  0.397970503     
GRID*   4997            0               -0.41246056     0.0105095112    *N4997  
*N4997  0.396664425     
GRID*   4998            0               -0.41040685     0.00393654011   *N4998  
*N4998  0.400444476     
GRID*   4999            0               -0.41282962     0.000896190347  *N4999  
*N4999  0.399450229     
GRID*   5000            0               -0.415268751    0.00456889632   *N5000  
*N5000  0.397077922     
GRID*   5001            0               -0.412924331    0.00433110815   *N5001  
*N5001  0.398920693     
GRID*   5002            0               -0.417481775    0.00146450363   *N5002  
*N5002  0.395481543     
GRID*   5003            0               -0.41923602     0.0047669723    *N5003  
*N5003  0.392493612     
GRID*   5004            0               -0.417393797    0.00472225525   *N5004  
*N5004  0.394917143     
GRID*   5005            0               -0.402379363    -0.0120415283   *N5005  
*N5005  0.360386389     
GRID*   5006            0               -0.406592098    -0.0108828704   *N5006  
*N5006  0.360587863     
GRID*   5007            0               -0.407071803    -0.0120988014   *N5007  
*N5007  0.361487409     
GRID*   5008            0               -0.404738823    -0.012107048    *N5008  
*N5008  0.360811357     
GRID*   5009            0               -0.406253873    -0.00935303779  *N5009  
*N5009  0.359705596     
GRID*   5010            0               -0.410265263    -0.00793126849  *N5010  
*N5010  0.360676916     
GRID*   5011            0               -0.410602118    -0.00946059736  *N5011  
*N5011  0.361560263     
GRID*   5012            0               -0.408456864    -0.00946946441  *N5012  
*N5012  0.360531405     
GRID*   5013            0               -0.414245986    -0.00783905933  *N5013  
*N5013  0.363253423     
GRID*   5014            0               -0.411036811    -0.0108187712   *N5014  
*N5014  0.362580974     
GRID*   5015            0               -0.412693418    -0.00937341136  *N5015  
*N5015  0.362835472     
GRID*   5016            0               -0.409372262    -0.012063432    *N5016  
*N5016  0.36246198      
GRID*   5017            0               -0.407053172    -0.0121072961   *N5017  
*N5017  0.398513743     
GRID*   5018            0               -0.406573439    -0.0108916095   *N5018  
*N5018  0.399413178     
GRID*   5019            0               -0.40237931     -0.0120416506   *N5019  
*N5019  0.399613541     
GRID*   5020            0               -0.404728854    -0.0121108501   *N5020  
*N5020  0.399188495     
GRID*   5021            0               -0.410986329    -0.0108515      *N5021  
*N5021  0.397429417     
GRID*   5022            0               -0.409345862    -0.0120783007   *N5022  
*N5022  0.397541272     
GRID*   5023            0               -0.414159054    -0.0079174427   *N5023  
*N5023  0.396781315     
GRID*   5024            0               -0.410552106    -0.009494676    *N5024  
*N5024  0.39844982      
GRID*   5025            0               -0.412622869    -0.00942778759  *N5025  
*N5025  0.397185119     
GRID*   5026            0               -0.410232831    -0.00795592727  *N5026  
*N5026  0.399329476     
GRID*   5027            0               -0.406253725    -0.00935343756  *N5027  
*N5027  0.400294263     
GRID*   5028            0               -0.408430658    -0.00948547298  *N5028  
*N5028  0.399471629     
GRID*   5029            0               -0.414744085    -0.00124757118  *N5029  
*N5029  0.398063798     
GRID*   5030            0               -0.416175703    -0.00341568217  *N5030  
*N5030  0.396524839     
GRID*   5031            0               -0.418850311    -0.000703671043 *N5031  
*N5031  0.393881673     
GRID*   5032            0               -0.416930256    -0.000983934214 *N5032  
*N5032  0.396105667     
GRID*   5033            0               -0.409761569    -0.001564033    *N5033  
*N5033  0.401060029     
GRID*   5034            0               -0.411737261    -0.00371130392  *N5034  
*N5034  0.399781373     
GRID*   5035            0               -0.41234415     -0.0014269047   *N5035  
*N5035  0.399720832     
GRID*   5036            0               -0.408735317    -0.00580194743  *N5036  
*N5036  0.400747768     
GRID*   5037            0               -0.413207412    -0.005854209    *N5037  
*N5037  0.398311429     
GRID*   5038            0               -0.411028268    -0.00588376201  *N5038  
*N5038  0.399647678     
GRID*   5039            0               -0.417112785    -0.00547785717  *N5039  
*N5039  0.394976177     
GRID*   5040            0               -0.415250585    -0.00570806052  *N5040  
*N5040  0.396747781     
GRID*   5041            0               -0.418810353    -0.000514752547 *N5041  
*N5041  0.366057119     
GRID*   5042            0               -0.416184427    -0.00328972685  *N5042  
*N5042  0.363457946     
GRID*   5043            0               -0.414719653    -0.00114920671  *N5043  
*N5043  0.36191031      
GRID*   5044            0               -0.416896586    -0.000839127646 *N5044  
*N5044  0.363851671     
GRID*   5045            0               -0.417171738    -0.00534143607  *N5045  
*N5045  0.36504046      
GRID*   5046            0               -0.41324257     -0.00578548359  *N5046  
*N5046  0.361691352     
GRID*   5047            0               -0.415299194    -0.00560525415  *N5047  
*N5047  0.363260671     
GRID*   5048            0               -0.408735331    -0.00580139583  *N5048  
*N5048  0.359252083     
GRID*   5049            0               -0.411741043    -0.00366753952  *N5049  
*N5049  0.360212633     
GRID*   5050            0               -0.411047071    -0.00584912454  *N5050  
*N5050  0.36035216      
GRID*   5051            0               -0.409761251    -0.00156349672  *N5051  
*N5051  0.35893979      
GRID*   5052            0               -0.412330925    -0.00137675879  *N5052  
*N5052  0.360267601     
GRID*   5053            0               -0.419404967    -0.00301039204  *N5053  
*N5053  0.367218812     
GRID*   5054            0               -0.419753206    -0.00538181774  *N5054  
*N5054  0.368593886     
GRID*   5055            0               -0.418544305    -0.00538557237  *N5055  
*N5055  0.366756518     
GRID*   5056            0               -0.420423836    0.00180116649   *N5056  
*N5056  0.368624069     
GRID*   5057            0               -0.421086154    -0.000695887794 *N5057  
*N5057  0.369742867     
GRID*   5058            0               -0.420034748    -0.00060590403  *N5058  
*N5058  0.367846007     
GRID*   5059            0               -0.422187792    0.00151126145   *N5059  
*N5059  0.372475493     
GRID*   5060            0               -0.422633304    -0.000867055002 *N5060  
*N5060  0.373792069     
GRID*   5061            0               -0.421485031    -0.00307323659  *N5061  
*N5061  0.371078862     
GRID*   5062            0               -0.421954935    -0.000783841051 *N5062  
*N5062  0.371730757     
GRID*   5063            0               -0.421631578    -0.00524517257  *N5063  
*N5063  0.372562375     
GRID*   5064            0               -0.42078467     -0.00533717904  *N5064  
*N5064  0.370534813     
GRID*   5065            0               -0.420914937    0.0105184415    *N5065  
*N5065  0.378547509     
GRID*   5066            0               -0.421543703    0.00770923621   *N5066  
*N5066  0.374792171     
GRID*   5067            0               -0.419964856    0.0105675262    *N5067  
*N5067  0.373742699     
GRID*   5068            0               -0.420574293    0.0105618167    *N5068  
*N5068  0.376119805     
GRID*   5069            0               -0.422653761    0.00452582843   *N5069  
*N5069  0.375769514     
GRID*   5070            0               -0.421319878    0.00474282176   *N5070  
*N5070  0.371428282     
GRID*   5071            0               -0.422092004    0.00465754997   *N5071  
*N5071  0.373567722     
GRID*   5072            0               -0.419868938    0.00782503185   *N5072  
*N5072  0.370338771     
GRID*   5073            0               -0.420332215    0.00485773577   *N5073  
*N5073  0.369383069     
GRID*   5074            0               -0.419059229    0.0106101669    *N5074  
*N5074  0.371463751     
GRID*   5075            0               -0.419749522    -0.00557369755  *N5075  
*N5075  0.391319889     
GRID*   5076            0               -0.419420599    -0.00319036091  *N5076  
*N5076  0.392714103     
GRID*   5077            0               -0.418517381    -0.00555157939  *N5077  
*N5077  0.393211756     
GRID*   5078            0               -0.421645171    -0.00547594555  *N5078  
*N5078  0.387229574     
GRID*   5079            0               -0.421524952    -0.00327848766  *N5079  
*N5079  0.388752024     
GRID*   5080            0               -0.420794696    -0.00555072375  *N5080  
*N5080  0.389319647     
GRID*   5081            0               -0.422690224    -0.00106135975  *N5081  
*N5081  0.385969039     
GRID*   5082            0               -0.422272272    0.0013271792    *N5082  
*N5082  0.387311109     
GRID*   5083            0               -0.421150221    -0.000890996561 *N5083  
*N5083  0.390111599     
GRID*   5084            0               -0.422019512    -0.000979573041 *N5084  
*N5084  0.38807757      
GRID*   5085            0               -0.420517542    0.00159736018   *N5085  
*N5085  0.391240238     
GRID*   5086            0               -0.420090491    -0.000798815415 *N5086  
*N5086  0.392052239     
GRID*   5087            0               -0.420001935    0.0105228057    *N5087  
*N5087  0.386216487     
GRID*   5088            0               -0.421602212    0.00761973571   *N5088  
*N5088  0.385100572     
GRID*   5089            0               -0.420941228    0.0104759547    *N5089  
*N5089  0.381386485     
GRID*   5090            0               -0.420607129    0.0105184805    *N5090  
*N5090  0.383826682     
GRID*   5091            0               -0.419937232    0.00772828819   *N5091  
*N5091  0.389601048     
GRID*   5092            0               -0.419098207    0.0105641125    *N5092  
*N5092  0.38850803      
GRID*   5093            0               -0.421404013    0.00459865021   *N5093  
*N5093  0.388443568     
GRID*   5094            0               -0.420419089    0.00470730933   *N5094  
*N5094  0.390520805     
GRID*   5095            0               -0.422715752    0.00439547314   *N5095  
*N5095  0.384036956     
GRID*   5096            0               -0.42216804     0.00452015774   *N5096  
*N5096  0.386271411     
GRID*   5097            0               -0.422702221    0.00582734055   *N5097  
*N5097  0.378495652     
GRID*   5098            0               -0.423353537    0.00211549382   *N5098  
*N5098  0.378493402     
GRID*   5099            0               -0.423102418    0.00078497007   *N5099  
*N5099  0.375805473     
GRID*   5100            0               -0.423076397    0.0033339257    *N5100  
*N5100  0.377123206     
GRID*   5101            0               -0.422725367    0.0057837223    *N5101  
*N5101  0.381317777     
GRID*   5102            0               -0.421988742    0.00821779712   *N5102  
*N5102  0.379936474     
GRID*   5103            0               -0.423159659    0.000655144109  *N5103  
*N5103  0.383895985     
GRID*   5104            0               -0.423374884    0.00207190787   *N5104  
*N5104  0.381213228     
GRID*   5105            0               -0.42311867     0.00324669129   *N5105  
*N5105  0.382632689     
GRID*   5106            0               -0.423467488    -0.00038862015  *N5106  
*N5106  0.381161881     
GRID*   5107            0               -0.423445398    -0.000345089711 *N5107  
*N5107  0.378450628     
GRID*   5108            0               -0.423483035    0.000868535565  *N5108  
*N5108  0.379829251     
GRID*   5109            0               -0.419862297    -0.0104739193   *N5109  
*N5109  0.373282412     
GRID*   5110            0               -0.419654395    -0.0118489045   *N5110  
*N5110  0.37525851      
GRID*   5111            0               -0.418938375    -0.0118678776   *N5111  
*N5111  0.372993421     
GRID*   5112            0               -0.421413637    -0.00745607452  *N5112  
*N5112  0.373963113     
GRID*   5113            0               -0.421235039    -0.00898662549  *N5113  
*N5113  0.375669677     
GRID*   5114            0               -0.42069537     -0.00898904257  *N5114  
*N5114  0.373604292     
GRID*   5115            0               -0.422157346    -0.00746955159  *N5115  
*N5115  0.377894366     
GRID*   5116            0               -0.421708953    -0.00891805925  *N5116  
*N5116  0.379917897     
GRID*   5117            0               -0.420861159    -0.0104686712   *N5117  
*N5117  0.377685291     
GRID*   5118            0               -0.421562806    -0.00899089731  *N5118  
*N5118  0.377784279     
GRID*   5119            0               -0.420241287    -0.011829309    *N5119  
*N5119  0.379972449     
GRID*   5120            0               -0.420075747    -0.0118621887   *N5120  
*N5120  0.377599284     
GRID*   5121            0               -0.422680017    -0.0035406051   *N5121  
*N5121  0.38496739      
GRID*   5122            0               -0.423242389    -0.00182786331  *N5122  
*N5122  0.382914477     
GRID*   5123            0               -0.423020574    -0.00144748022  *N5123  
*N5123  0.384452466     
GRID*   5124            0               -0.421403631    -0.00764133916  *N5124  
*N5124  0.385836729     
GRID*   5125            0               -0.422491471    -0.00571750325  *N5125  
*N5125  0.383589858     
GRID*   5126            0               -0.42213999     -0.00561448036  *N5126  
*N5126  0.385427746     
GRID*   5127            0               -0.422155278    -0.00753238444  *N5127  
*N5127  0.381892369     
GRID*   5128            0               -0.422757605    -0.0058076543   *N5128  
*N5128  0.379863429     
GRID*   5129            0               -0.423098301    -0.0039957926   *N5129  
*N5129  0.381559087     
GRID*   5130            0               -0.422697649    -0.00578132397  *N5130  
*N5130  0.381732374     
GRID*   5131            0               -0.423357157    -0.00255791562  *N5131  
*N5131  0.379810192     
GRID*   5132            0               -0.423354608    -0.00219797607  *N5132  
*N5132  0.381365606     
GRID*   5133            0               -0.423208137    -0.00172943765  *N5133  
*N5133  0.376773865     
GRID*   5134            0               -0.422647731    -0.00337844397  *N5134  
*N5134  0.374781323     
GRID*   5135            0               -0.422973507    -0.00130068075  *N5135  
*N5135  0.375271892     
GRID*   5136            0               -0.423085034    -0.00394090713  *N5136  
*N5136  0.378137614     
GRID*   5137            0               -0.423336064    -0.0021485119   *N5137  
*N5137  0.378288024     
GRID*   5138            0               -0.422480736    -0.0055998102   *N5138  
*N5138  0.376166827     
GRID*   5139            0               -0.422691312    -0.00572205207  *N5139  
*N5139  0.378008631     
GRID*   5140            0               -0.422126847    -0.00543942476  *N5140  
*N5140  0.374346084     
GRID*   5141            0               -0.419649364    -0.0118786592   *N5141  
*N5141  0.384687157     
GRID*   5142            0               -0.41984972     -0.0105638443   *N5142  
*N5142  0.386612382     
GRID*   5143            0               -0.418930353    -0.0119118255   *N5143  
*N5143  0.386953016     
GRID*   5144            0               -0.420857523    -0.010499343    *N5144  
*N5144  0.382205343     
GRID*   5145            0               -0.420073325    -0.0118772006   *N5145  
*N5145  0.382345716     
GRID*   5146            0               -0.421227231    -0.00907910527  *N5146  
*N5146  0.384172083     
GRID*   5147            0               -0.421559277    -0.00903751796  *N5147  
*N5147  0.382053841     
GRID*   5148            0               -0.420682052    -0.00912619744  *N5148  
*N5148  0.386241866     
GRID*   5149            0               -0.407816508    0.000445378411  *N5149  
*N5149  0.401872518     
GRID*   5150            0               -0.405206253    -0.00257879291  *N5150  
*N5150  0.402446821     
GRID*   5151            0               -0.407152102    -0.00458295891  *N5151  
*N5151  0.401610544     
GRID*   5152            0               -0.40744842     -0.00226038024  *N5152  
*N5152  0.401881966     
GRID*   5153            0               -0.402911915    0.000150846307  *N5153  
*N5153  0.402962524     
GRID*   5154            0               -0.4004         -0.00349909701  *N5154  
*N5154  0.402833447     
GRID*   5155            0               -0.402684042    -0.00620067404  *N5155  
*N5155  0.402134697     
GRID*   5156            0               -0.402816866    -0.00305532511  *N5156  
*N5156  0.40276914      
GRID*   5157            0               -0.4004         -0.0101761439   *N5157  
*N5157  0.400737794     
GRID*   5158            0               -0.404673259    -0.00814848787  *N5158  
*N5158  0.401188473     
GRID*   5159            0               -0.402616982    -0.00917034305  *N5159  
*N5159  0.401085535     
GRID*   5160            0               -0.406788405    -0.00700548342  *N5160  
*N5160  0.401064697     
GRID*   5161            0               -0.39752585     -0.00697667693  *N5161  
*N5161  0.401832894     
GRID*   5162            0               -0.395033253    -0.0101807827   *N5162  
*N5162  0.400028971     
GRID*   5163            0               -0.39759488     -0.0101580678   *N5163  
*N5163  0.400556142     
GRID*   5164            0               -0.394490472    -0.00350420474  *N5164  
*N5164  0.40205466      
GRID*   5165            0               -0.397420306    -0.00352980673  *N5165  
*N5165  0.402633424     
GRID*   5166            0               -0.39197264     -0.00697667693  *N5166  
*N5166  0.400344915     
GRID*   5167            0               -0.391663779    -0.00352980673  *N5167  
*N5167  0.401090967     
GRID*   5168            0               -0.392453845    -0.0102080438   *N5168  
*N5168  0.399138037     
GRID*   5169            0               -0.395033253    0.0101807827    *N5169  
*N5169  0.400028971     
GRID*   5170            0               -0.39752585     0.00697667693   *N5170  
*N5170  0.401832894     
GRID*   5171            0               -0.4004         0.0101761439    *N5171  
*N5171  0.400737794     
GRID*   5172            0               -0.39759488     0.0101580678    *N5172  
*N5172  0.400556142     
GRID*   5173            0               -0.39197264     0.00697667693   *N5173  
*N5173  0.400344915     
GRID*   5174            0               -0.392453845    0.0102080438    *N5174  
*N5174  0.399138037     
GRID*   5175            0               -0.394490472    0.00350420474   *N5175  
*N5175  0.40205466      
GRID*   5176            0               -0.391663779    0.00352980673   *N5176  
*N5176  0.401090967     
GRID*   5177            0               -0.4004         0.00349909701   *N5177  
*N5177  0.402833447     
GRID*   5178            0               -0.397420306    0.00352980673   *N5178  
*N5178  0.402633424     
GRID*   5179            0               -0.407151985    -0.00458255014  *N5179  
*N5179  0.358389333     
GRID*   5180            0               -0.405206084    -0.00257852466  *N5180  
*N5180  0.357553112     
GRID*   5181            0               -0.407816136    0.000445773378  *N5181  
*N5181  0.358127364     
GRID*   5182            0               -0.407448176    -0.00225998576  *N5182  
*N5182  0.358117914     
GRID*   5183            0               -0.40467327     -0.00814822389  *N5183  
*N5183  0.358811427     
GRID*   5184            0               -0.406788424    -0.00700507304  *N5184  
*N5184  0.358935172     
GRID*   5185            0               -0.4004         -0.0101761439   *N5185  
*N5185  0.359262206     
GRID*   5186            0               -0.402684002    -0.0062005402   *N5186  
*N5186  0.357865262     
GRID*   5187            0               -0.402616979    -0.00917021498  *N5187  
*N5187  0.358914409     
GRID*   5188            0               -0.4004         -0.00349909701  *N5188  
*N5188  0.357166553     
GRID*   5189            0               -0.402911786    0.000150979846  *N5189  
*N5189  0.357037462     
GRID*   5190            0               -0.40281678     -0.00305519031  *N5190  
*N5190  0.357230833     
GRID*   5191            0               -0.395033253    -0.0101807827   *N5191  
*N5191  0.359971029     
GRID*   5192            0               -0.39752585     -0.00697667693  *N5192  
*N5192  0.358167106     
GRID*   5193            0               -0.39759488     -0.0101580679   *N5193  
*N5193  0.359443858     
GRID*   5194            0               -0.390031103    -0.0101761439   *N5194  
*N5194  0.362040544     
GRID*   5195            0               -0.39197264     -0.00697667693  *N5195  
*N5195  0.359655085     
GRID*   5196            0               -0.392453845    -0.010208044    *N5196  
*N5196  0.360861963     
GRID*   5197            0               -0.388983276    -0.00349909701  *N5197  
*N5197  0.360225654     
GRID*   5198            0               -0.394490472    -0.00350420474  *N5198  
*N5198  0.35794534      
GRID*   5199            0               -0.391663779    -0.00352980673  *N5199  
*N5199  0.358909033     
GRID*   5200            0               -0.397420306    -0.00352980673  *N5200  
*N5200  0.357366576     
GRID*   5201            0               -0.4004         0.0101761439    *N5201  
*N5201  0.359262206     
GRID*   5202            0               -0.39752585     0.00697667693   *N5202  
*N5202  0.358167106     
GRID*   5203            0               -0.395033253    0.0101807827    *N5203  
*N5203  0.359971029     
GRID*   5204            0               -0.39759488     0.0101580679    *N5204  
*N5204  0.359443858     
GRID*   5205            0               -0.4004         0.00349909701   *N5205  
*N5205  0.357166553     
GRID*   5206            0               -0.394490472    0.00350420474   *N5206  
*N5206  0.35794534      
GRID*   5207            0               -0.397420306    0.00352980673   *N5207  
*N5207  0.357366576     
GRID*   5208            0               -0.388983276    0.00349909701   *N5208  
*N5208  0.360225654     
GRID*   5209            0               -0.39197264     0.00697667693   *N5209  
*N5209  0.359655085     
GRID*   5210            0               -0.391663779    0.00352980673   *N5210  
*N5210  0.358909033     
GRID*   5211            0               -0.390031103    0.0101761439    *N5211  
*N5211  0.362040544     
GRID*   5212            0               -0.392453845    0.010208044     *N5212  
*N5212  0.360861963     
GRID*   5213            0               -0.403001872    0.00703858017   *N5213  
*N5213  0.358152834     
GRID*   5214            0               -0.405539274    0.00372642139   *N5214  
*N5214  0.35778938      
GRID*   5215            0               -0.402985967    0.0036364652    *N5215  
*N5215  0.357335074     
GRID*   5216            0               -0.405494917    0.0102484237    *N5216  
*N5216  0.359934566     
GRID*   5217            0               -0.403043186    0.010200909     *N5217  
*N5217  0.359443614     
GRID*   5218            0               -0.408057453    0.00718221634   *N5218  
*N5218  0.359423577     
GRID*   5219            0               -0.407952497    0.0103012535    *N5219  
*N5219  0.360752819     
GRID*   5220            0               -0.407947617    0.00400118872   *N5220  
*N5220  0.358537615     
GRID*   5221            0               -0.40553948     0.00372622474   *N5221  
*N5221  0.402210605     
GRID*   5222            0               -0.403001948    0.00703851912   *N5222  
*N5222  0.401847176     
GRID*   5223            0               -0.402986073    0.00363636764   *N5223  
*N5223  0.40266493      
GRID*   5224            0               -0.40805767     0.00718202917   *N5224  
*N5224  0.400576407     
GRID*   5225            0               -0.407947922    0.00400090558   *N5225  
*N5225  0.40146233      
GRID*   5226            0               -0.405494995    0.010248364     *N5226  
*N5226  0.400065445     
GRID*   5227            0               -0.407952613    0.0103011648    *N5227  
*N5227  0.399247183     
GRID*   5228            0               -0.40304323     0.0102008761    *N5228  
*N5228  0.400556397     
GRID*   5229            0               -0.388619761    -0.008454409    *N5229  
*N5229  0.362017816     
GRID*   5230            0               -0.387293843    -0.00663550508  *N5230  
*N5230  0.36217281      
GRID*   5231            0               -0.387848616    -0.00160145129  *N5231  
*N5231  0.360673642     
GRID*   5232            0               -0.388090965    -0.00508719453  *N5232  
*N5232  0.361126259     
GRID*   5233            0               -0.387951357    -0.00992544704  *N5233  
*N5233  0.363263011     
GRID*   5234            0               -0.389062236    -0.0101076212   *N5234  
*N5234  0.362595946     
GRID*   5235            0               -0.386136945    -0.00475608769  *N5235  
*N5235  0.362462757     
GRID*   5236            0               -0.38697282     -0.00741710082  *N5236  
*N5236  0.36272842      
GRID*   5237            0               -0.383236025    -0.0016114853   *N5237  
*N5237  0.364624335     
GRID*   5238            0               -0.385422459    -0.00160413002  *N5238  
*N5238  0.362486861     
GRID*   5239            0               -0.397200287    0.0158003876    *N5239  
*N5239  0.363455527     
GRID*   5240            0               -0.384065833    4.90348578E-17  *N5240  
*N5240  0.363665833     
GRID*   5241            0               -0.382627594    -0.000808950922 *N5241  
*N5241  0.365265782     
GRID*   5242            0               -0.385869735    -0.000804346232 *N5242  
*N5242  0.362060255     
GRID*   5243            0               -0.38495298     0.00669503554   *N5243  
*N5243  0.364183045     
GRID*   5244            0               -0.386130152    0.00857634765   *N5244  
*N5244  0.36398664      
GRID*   5245            0               -0.382080099    0.00363711954   *N5245  
*N5245  0.36640726      
GRID*   5246            0               -0.383426671    0.00519363921   *N5246  
*N5246  0.365216827     
GRID*   5247            0               -0.387951357    0.00992544704   *N5247  
*N5247  0.363263011     
GRID*   5248            0               -0.385769762    0.00740339179   *N5248  
*N5248  0.363728677     
GRID*   5249            0               -0.387445186    0.0103647197    *N5249  
*N5249  0.363926563     
GRID*   5250            0               -0.387728989    0.0100741803    *N5250  
*N5250  0.363520729     
GRID*   5251            0               -0.386446711    0.00352857253   *N5251  
*N5251  0.36193166      
GRID*   5252            0               -0.38406066     0.00361289302   *N5252  
*N5252  0.364075711     
GRID*   5253            0               -0.38675435     0.00702909374   *N5253  
*N5253  0.36273738      
GRID*   5254            0               -0.384065833    4.90348578E-17  *N5254  
*N5254  0.363665833     
GRID*   5255            0               -0.38636509     0.00177955509   *N5255  
*N5255  0.36173899      
GRID*   5256            0               -0.3829739      0.00183246976   *N5256  
*N5256  0.364947323     
CQUAD9  5710    1       3       405     407     15      411     412     +E5710  
+E5710  413     26      414     
CQUAD9  5712    1       405     404     406     407     415     416     +E5712  
+E5712  417     412     418     
CQUAD9  5714    1       407     406     18      17      417     419     +E5714  
+E5714  29      420     421     
CQUAD9  5716    1       15      407     17      16      413     420     +E5716  
+E5716  28      27      422     
CQUAD9  5718    1       3       25      409     405     37      423     +E5718  
+E5718  424     411     425     
CQUAD9  5720    1       25      24      23      409     36      35      +E5720  
+E5720  426     423     427     
CQUAD9  5722    1       409     23      22      408     426     34      +E5722  
+E5722  428     429     430     
CQUAD9  5724    1       405     409     408     404     424     429     +E5724  
+E5724  431     415     432     
CQUAD9  5726    1       18      406     410     19      419     433     +E5726  
+E5726  434     30      435     
CQUAD9  5728    1       406     404     408     410     416     431     +E5728  
+E5728  436     433     437     
CQUAD9  5730    1       410     408     22      21      436     428     +E5730  
+E5730  33      438     439     
CQUAD9  5732    1       19      410     21      20      434     438     +E5732  
+E5732  32      31      440     
CQUAD9  5734    2       506     619     623     622     1216    1217    +E5734  
+E5734  1218    1219    1220    
CQUAD9  5736    2       619     475     620     623     1221    1222    +E5736  
+E5736  1223    1217    1224    
CQUAD9  5738    2       623     620     511     621     1223    1225    +E5738  
+E5738  1226    1227    1228    
CQUAD9  5740    2       622     623     621     471     1218    1227    +E5740  
+E5740  1229    1230    1231    
CQUAD9  5742    2       458     624     628     627     1232    1233    +E5742  
+E5742  1234    1235    1236    
CQUAD9  5744    2       624     441     625     628     1237    1238    +E5744  
+E5744  1239    1233    1240    
CQUAD9  5746    2       628     625     512     626     1239    1241    +E5746  
+E5746  1242    1243    1244    
CQUAD9  5748    2       627     628     626     495     1234    1243    +E5748  
+E5748  1245    1246    1247    
CQUAD9  5750    2       442     629     633     632     1248    1249    +E5750  
+E5750  1250    1251    1252    
CQUAD9  5752    2       629     520     630     633     1253    1254    +E5752  
+E5752  1255    1249    1256    
CQUAD9  5754    2       633     630     474     631     1255    1257    +E5754  
+E5754  1258    1259    1260    
CQUAD9  5756    2       632     633     631     516     1250    1259    +E5756  
+E5756  1261    1262    1263    
CQUAD9  5758    2       446     634     638     637     1264    1265    +E5758  
+E5758  1266    1267    1268    
CQUAD9  5760    2       634     460     635     638     1269    1270    +E5760  
+E5760  1271    1265    1272    
CQUAD9  5762    2       638     635     534     636     1271    1273    +E5762  
+E5762  1274    1275    1276    
CQUAD9  5764    2       637     638     636     488     1266    1275    +E5764  
+E5764  1277    1278    1279    
CQUAD9  5766    2       106     105     642     641     157     1280    +E5766  
+E5766  1281    1282    1283    
CQUAD9  5768    2       105     104     639     642     156     1284    +E5768  
+E5768  1285    1280    1286    
CQUAD9  5770    2       642     639     456     640     1285    1287    +E5770  
+E5770  1288    1289    1290    
CQUAD9  5772    2       641     642     640     548     1281    1289    +E5772  
+E5772  1291    1292    1293    
CQUAD9  5774    2       538     643     647     646     1294    1295    +E5774  
+E5774  1296    1297    1298    
CQUAD9  5776    2       643     466     644     647     1299    1300    +E5776  
+E5776  1301    1295    1302    
CQUAD9  5778    2       647     644     557     645     1301    1303    +E5778  
+E5778  1304    1305    1306    
CQUAD9  5780    2       646     647     645     503     1296    1305    +E5780  
+E5780  1307    1308    1309    
CQUAD9  5782    2       86      85      651     650     137     1310    +E5782  
+E5782  1311    1312    1313    
CQUAD9  5784    2       85      84      648     651     136     1314    +E5784  
+E5784  1315    1310    1316    
CQUAD9  5786    2       651     648     563     649     1315    1317    +E5786  
+E5786  1318    1319    1320    
CQUAD9  5788    2       650     651     649     443     1311    1319    +E5788  
+E5788  1321    1322    1323    
CQUAD9  5790    2       445     652     655     654     1324    1325    +E5790  
+E5790  1326    1327    1328    
CQUAD9  5792    2       652     542     653     655     1329    1330    +E5792  
+E5792  1331    1325    1332    
CQUAD9  5794    2       655     653     475     619     1331    1333    +E5794  
+E5794  1221    1334    1335    
CQUAD9  5796    2       654     655     619     506     1326    1334    +E5796  
+E5796  1216    1336    1337    
CQUAD9  5798    2       463     656     660     659     1338    1339    +E5798  
+E5798  1340    1341    1342    
CQUAD9  5800    2       656     507     657     660     1343    1344    +E5800  
+E5800  1345    1339    1346    
CQUAD9  5802    2       660     657     477     658     1345    1347    +E5802  
+E5802  1348    1349    1350    
CQUAD9  5804    2       659     660     658     549     1340    1349    +E5804  
+E5804  1351    1352    1353    
CQUAD9  5806    2       547     661     665     664     1354    1355    +E5806  
+E5806  1356    1357    1358    
CQUAD9  5808    2       661     444     662     665     1359    1360    +E5808  
+E5808  1361    1355    1362    
CQUAD9  5810    2       665     662     561     663     1361    1363    +E5810  
+E5810  1364    1365    1366    
CQUAD9  5812    2       664     665     663     503     1356    1365    +E5812  
+E5812  1367    1368    1369    
CQUAD9  5814    2       102     666     670     669     1370    1371    +E5814  
+E5814  1372    1373    1374    
CQUAD9  5816    2       666     455     667     670     1375    1376    +E5816  
+E5816  1377    1371    1378    
CQUAD9  5818    2       670     667     526     668     1377    1379    +E5818  
+E5818  1380    1381    1382    
CQUAD9  5820    2       669     670     668     533     1372    1381    +E5820  
+E5820  1383    1384    1385    
CQUAD9  5822    2       441     671     674     625     1386    1387    +E5822  
+E5822  1388    1238    1389    
CQUAD9  5824    2       671     490     672     674     1390    1391    +E5824  
+E5824  1392    1387    1393    
CQUAD9  5826    2       674     672     531     673     1392    1394    +E5826  
+E5826  1395    1396    1397    
CQUAD9  5828    2       625     674     673     512     1388    1396    +E5828  
+E5828  1398    1241    1399    
CQUAD9  5830    2       481     675     679     678     1400    1401    +E5830  
+E5830  1402    1403    1404    
CQUAD9  5832    2       675     517     676     679     1405    1406    +E5832  
+E5832  1407    1401    1408    
CQUAD9  5834    2       679     676     458     677     1407    1409    +E5834  
+E5834  1410    1411    1412    
CQUAD9  5836    2       678     679     677     480     1402    1411    +E5836  
+E5836  1413    1414    1415    
CQUAD9  5838    2       499     680     683     682     1416    1417    +E5838  
+E5838  1418    1419    1420    
CQUAD9  5840    2       680     98      99      683     1421    150     +E5840  
+E5840  1422    1417    1423    
CQUAD9  5842    2       683     99      100     681     1422    151     +E5842  
+E5842  1424    1425    1426    
CQUAD9  5844    2       682     683     681     556     1418    1425    +E5844  
+E5844  1427    1428    1429    
CQUAD9  5846    2       102     669     685     101     1373    1430    +E5846  
+E5846  1431    153     1432    
CQUAD9  5848    2       669     533     684     685     1384    1433    +E5848  
+E5848  1434    1430    1435    
CQUAD9  5850    2       685     684     556     681     1434    1436    +E5850  
+E5850  1427    1437    1438    
CQUAD9  5852    2       101     685     681     100     1431    1437    +E5852  
+E5852  1424    152     1439    
CQUAD9  5854    2       474     686     689     688     1440    1441    +E5854  
+E5854  1442    1443    1444    
CQUAD9  5856    2       686     490     671     689     1445    1390    +E5856  
+E5856  1446    1441    1447    
CQUAD9  5858    2       689     671     441     687     1446    1386    +E5858  
+E5858  1448    1449    1450    
CQUAD9  5860    2       688     689     687     530     1442    1449    +E5860  
+E5860  1451    1452    1453    
CQUAD9  5862    2       458     676     691     624     1409    1454    +E5862  
+E5862  1455    1232    1456    
CQUAD9  5864    2       676     517     690     691     1406    1457    +E5864  
+E5864  1458    1454    1459    
CQUAD9  5866    2       691     690     530     687     1458    1460    +E5866  
+E5866  1451    1461    1462    
CQUAD9  5868    2       624     691     687     441     1455    1461    +E5868  
+E5868  1448    1237    1463    
CQUAD9  5870    2       444     661     694     693     1359    1464    +E5870  
+E5870  1465    1466    1467    
CQUAD9  5872    2       661     547     692     694     1354    1468    +E5872  
+E5872  1469    1464    1470    
CQUAD9  5874    2       694     692     80      81      1469    1471    +E5874  
+E5874  132     1472    1473    
CQUAD9  5876    2       693     694     81      82      1465    1472    +E5876  
+E5876  133     1474    1475    
CQUAD9  5878    2       90      91      698     697     142     1476    +E5878  
+E5878  1477    1478    1479    
CQUAD9  5880    2       91      92      695     698     143     1480    +E5880  
+E5880  1481    1476    1482    
CQUAD9  5882    2       698     695     525     696     1481    1483    +E5882  
+E5882  1484    1485    1486    
CQUAD9  5884    2       697     698     696     454     1477    1485    +E5884  
+E5884  1487    1488    1489    
CQUAD9  5886    2       487     699     703     702     1490    1491    +E5886  
+E5886  1492    1493    1494    
CQUAD9  5888    2       699     478     700     703     1495    1496    +E5888  
+E5888  1497    1491    1498    
CQUAD9  5890    2       703     700     451     701     1497    1499    +E5890  
+E5890  1500    1501    1502    
CQUAD9  5892    2       702     703     701     550     1492    1501    +E5892  
+E5892  1503    1504    1505    
CQUAD9  5894    2       469     704     708     707     1506    1507    +E5894  
+E5894  1508    1509    1510    
CQUAD9  5896    2       704     484     705     708     1511    1512    +E5896  
+E5896  1513    1507    1514    
CQUAD9  5898    2       708     705     554     706     1513    1515    +E5898  
+E5898  1516    1517    1518    
CQUAD9  5900    2       707     708     706     505     1508    1517    +E5900  
+E5900  1519    1520    1521    
CQUAD9  5902    2       538     646     711     710     1297    1522    +E5902  
+E5902  1523    1524    1525    
CQUAD9  5904    2       646     503     663     711     1308    1367    +E5904  
+E5904  1526    1522    1527    
CQUAD9  5906    2       711     663     561     709     1526    1364    +E5906  
+E5906  1528    1529    1530    
CQUAD9  5908    2       710     711     709     541     1523    1529    +E5908  
+E5908  1531    1532    1533    
CQUAD9  5910    2       505     706     714     713     1519    1534    +E5910  
+E5910  1535    1536    1537    
CQUAD9  5912    2       706     554     712     714     1516    1538    +E5912  
+E5912  1539    1534    1540    
CQUAD9  5914    2       714     712     20      21      1539    1541    +E5914  
+E5914  32      1542    1543    
CQUAD9  5916    2       713     714     21      22      1535    1542    +E5916  
+E5916  33      1544    1545    
CQUAD9  5918    2       18      19      717     716     30      1546    +E5918  
+E5918  1547    1548    1549    
CQUAD9  5920    2       19      20      712     717     31      1541    +E5920  
+E5920  1550    1546    1551    
CQUAD9  5922    2       717     712     554     715     1550    1538    +E5922  
+E5922  1552    1553    1554    
CQUAD9  5924    2       716     717     715     504     1547    1553    +E5924  
+E5924  1555    1556    1557    
CQUAD9  5926    2       484     718     720     705     1558    1559    +E5926  
+E5926  1560    1512    1561    
CQUAD9  5928    2       718     472     719     720     1562    1563    +E5928  
+E5928  1564    1559    1565    
CQUAD9  5930    2       720     719     504     715     1564    1566    +E5930  
+E5930  1555    1567    1568    
CQUAD9  5932    2       705     720     715     554     1560    1567    +E5932  
+E5932  1552    1515    1569    
CQUAD9  5934    2       481     678     724     723     1403    1570    +E5934  
+E5934  1571    1572    1573    
CQUAD9  5936    2       678     480     721     724     1414    1574    +E5936  
+E5936  1575    1570    1576    
CQUAD9  5938    2       724     721     536     722     1575    1577    +E5938  
+E5938  1578    1579    1580    
CQUAD9  5940    2       723     724     722     543     1571    1579    +E5940  
+E5940  1581    1582    1583    
CQUAD9  5942    2       86      87      728     727     138     1584    +E5942  
+E5942  1585    1586    1587    
CQUAD9  5944    2       87      88      725     728     139     1588    +E5944  
+E5944  1589    1584    1590    
CQUAD9  5946    2       728     725     540     726     1589    1591    +E5946  
+E5946  1592    1593    1594    
CQUAD9  5948    2       727     728     726     468     1585    1593    +E5948  
+E5948  1595    1596    1597    
CQUAD9  5950    2       78      729     732     77      1598    1599    +E5950  
+E5950  1600    129     1601    
CQUAD9  5952    2       729     524     730     732     1602    1603    +E5952  
+E5952  1604    1599    1605    
CQUAD9  5954    2       732     730     510     731     1604    1606    +E5954  
+E5954  1607    1608    1609    
CQUAD9  5956    2       77      732     731     76      1600    1608    +E5956  
+E5956  1610    128     1611    
CQUAD9  5958    2       516     733     737     736     1612    1613    +E5958  
+E5958  1614    1615    1616    
CQUAD9  5960    2       733     486     734     737     1617    1618    +E5960  
+E5960  1619    1613    1620    
CQUAD9  5962    2       737     734     532     735     1619    1621    +E5962  
+E5962  1622    1623    1624    
CQUAD9  5964    2       736     737     735     457     1614    1623    +E5964  
+E5964  1625    1626    1627    
CQUAD9  5966    2       543     738     740     723     1628    1629    +E5966  
+E5966  1630    1582    1631    
CQUAD9  5968    2       738     532     734     740     1632    1621    +E5968  
+E5968  1633    1629    1634    
CQUAD9  5970    2       740     734     486     739     1633    1618    +E5970  
+E5970  1635    1636    1637    
CQUAD9  5972    2       723     740     739     481     1630    1636    +E5972  
+E5972  1638    1572    1639    
CQUAD9  5974    2       448     741     745     744     1640    1641    +E5974  
+E5974  1642    1643    1644    
CQUAD9  5976    2       741     553     742     745     1645    1646    +E5976  
+E5976  1647    1641    1648    
CQUAD9  5978    2       745     742     471     743     1647    1649    +E5978  
+E5978  1650    1651    1652    
CQUAD9  5980    2       744     745     743     535     1642    1651    +E5980  
+E5980  1653    1654    1655    
CQUAD9  5982    2       511     746     748     621     1656    1657    +E5982  
+E5982  1658    1226    1659    
CQUAD9  5984    2       746     564     747     748     1660    1661    +E5984  
+E5984  1662    1657    1663    
CQUAD9  5986    2       748     747     535     743     1662    1664    +E5986  
+E5986  1653    1665    1666    
CQUAD9  5988    2       621     748     743     471     1658    1665    +E5988  
+E5988  1650    1229    1667    
CQUAD9  5990    2       492     749     753     752     1668    1669    +E5990  
+E5990  1670    1671    1672    
CQUAD9  5992    2       749     501     750     753     1673    1674    +E5992  
+E5992  1675    1669    1676    
CQUAD9  5994    2       753     750     518     751     1675    1677    +E5994  
+E5994  1678    1679    1680    
CQUAD9  5996    2       752     753     751     545     1670    1679    +E5996  
+E5996  1681    1682    1683    
CQUAD9  5998    2       456     639     756     755     1287    1684    +E5998  
+E5998  1685    1686    1687    
CQUAD9  6000    2       639     104     103     756     1284    155     +E6000  
+E6000  1688    1684    1689    
CQUAD9  6002    2       756     103     102     754     1688    154     +E6002  
+E6002  1690    1691    1692    
CQUAD9  6004    2       755     756     754     552     1685    1691    +E6004  
+E6004  1693    1694    1695    
CQUAD9  6006    2       5       60      759     117     63      1696    +E6006  
+E6006  1697    169     1698    
CQUAD9  6008    2       60      61      757     759     64      1699    +E6008  
+E6008  1700    1696    1701    
CQUAD9  6010    2       759     757     485     758     1700    1702    +E6010  
+E6010  1703    1704    1705    
CQUAD9  6012    2       117     759     758     116     1697    1704    +E6012  
+E6012  1706    168     1707    
CQUAD9  6014    2       114     115     762     761     166     1708    +E6014  
+E6014  1709    1710    1711    
CQUAD9  6016    2       115     116     758     762     167     1706    +E6016  
+E6016  1712    1708    1713    
CQUAD9  6018    2       762     758     485     760     1712    1703    +E6018  
+E6018  1714    1715    1716    
CQUAD9  6020    2       761     762     760     527     1709    1715    +E6020  
+E6020  1717    1718    1719    
CQUAD9  6022    2       446     637     766     765     1267    1720    +E6022  
+E6022  1721    1722    1723    
CQUAD9  6024    2       637     488     763     766     1278    1724    +E6024  
+E6024  1725    1720    1726    
CQUAD9  6026    2       766     763     548     764     1725    1727    +E6026  
+E6026  1728    1729    1730    
CQUAD9  6028    2       765     766     764     574     1721    1729    +E6028  
+E6028  1731    1732    1733    
CQUAD9  6030    2       84      83      769     648     135     1734    +E6030  
+E6030  1735    1314    1736    
CQUAD9  6032    2       83      82      767     769     134     1737    +E6032  
+E6032  1738    1734    1739    
CQUAD9  6034    2       769     767     577     768     1738    1740    +E6034  
+E6034  1741    1742    1743    
CQUAD9  6036    2       648     769     768     563     1735    1742    +E6036  
+E6036  1744    1317    1745    
CQUAD9  6038    2       531     770     773     673     1746    1747    +E6038  
+E6038  1748    1395    1749    
CQUAD9  6040    2       770     470     771     773     1750    1751    +E6040  
+E6040  1752    1747    1753    
CQUAD9  6042    2       773     771     586     772     1752    1754    +E6042  
+E6042  1755    1756    1757    
CQUAD9  6044    2       673     773     772     512     1748    1756    +E6044  
+E6044  1758    1398    1759    
CQUAD9  6046    2       478     774     777     700     1760    1761    +E6046  
+E6046  1762    1496    1763    
CQUAD9  6048    2       774     515     775     777     1764    1765    +E6048  
+E6048  1766    1761    1767    
CQUAD9  6050    2       777     775     582     776     1766    1768    +E6050  
+E6050  1769    1770    1771    
CQUAD9  6052    2       700     777     776     451     1762    1770    +E6052  
+E6052  1772    1499    1773    
CQUAD9  6054    2       488     636     780     779     1277    1774    +E6054  
+E6054  1775    1776    1777    
CQUAD9  6056    2       636     534     778     780     1274    1778    +E6056  
+E6056  1779    1774    1780    
CQUAD9  6058    2       780     778     110     109     1779    1781    +E6058  
+E6058  161     1782    1783    
CQUAD9  6060    2       779     780     109     108     1775    1782    +E6060  
+E6060  160     1784    1785    
CQUAD9  6062    2       460     781     784     635     1786    1787    +E6062  
+E6062  1788    1270    1789    
CQUAD9  6064    2       781     487     782     784     1790    1791    +E6064  
+E6064  1792    1787    1793    
CQUAD9  6066    2       784     782     576     783     1792    1794    +E6066  
+E6066  1795    1796    1797    
CQUAD9  6068    2       635     784     783     534     1788    1796    +E6068  
+E6068  1798    1273    1799    
CQUAD9  6070    2       72      785     788     71      1800    1801    +E6070  
+E6070  1802    123     1803    
CQUAD9  6072    2       785     580     786     788     1804    1805    +E6072  
+E6072  1806    1801    1807    
CQUAD9  6074    2       788     786     573     787     1806    1808    +E6074  
+E6074  1809    1810    1811    
CQUAD9  6076    2       71      788     787     70      1802    1810    +E6076  
+E6076  1812    122     1813    
CQUAD9  6078    2       546     789     792     791     1814    1815    +E6078  
+E6078  1816    1817    1818    
CQUAD9  6080    2       789     469     790     792     1819    1820    +E6080  
+E6080  1821    1815    1822    
CQUAD9  6082    2       792     790     573     786     1821    1823    +E6082  
+E6082  1808    1824    1825    
CQUAD9  6084    2       791     792     786     580     1816    1824    +E6084  
+E6084  1805    1826    1827    
CQUAD9  6086    2       507     793     796     657     1828    1829    +E6086  
+E6086  1830    1344    1831    
CQUAD9  6088    2       793     595     794     796     1832    1833    +E6088  
+E6088  1834    1829    1835    
CQUAD9  6090    2       796     794     514     795     1834    1836    +E6090  
+E6090  1837    1838    1839    
CQUAD9  6092    2       657     796     795     477     1830    1838    +E6092  
+E6092  1840    1347    1841    
CQUAD9  6094    2       534     783     798     778     1798    1842    +E6094  
+E6094  1843    1778    1844    
CQUAD9  6096    2       783     576     797     798     1795    1845    +E6096  
+E6096  1846    1842    1847    
CQUAD9  6098    2       798     797     112     111     1846    1848    +E6098  
+E6098  163     1849    1850    
CQUAD9  6100    2       778     798     111     110     1843    1849    +E6100  
+E6100  162     1781    1851    
CQUAD9  6102    2       114     113     801     800     165     1852    +E6102  
+E6102  1853    1854    1855    
CQUAD9  6104    2       113     112     797     801     164     1848    +E6104  
+E6104  1856    1852    1857    
CQUAD9  6106    2       801     797     576     799     1856    1845    +E6106  
+E6106  1858    1859    1860    
CQUAD9  6108    2       800     801     799     482     1853    1859    +E6108  
+E6108  1861    1862    1863    
CQUAD9  6110    2       507     656     805     804     1343    1864    +E6110  
+E6110  1865    1866    1867    
CQUAD9  6112    2       656     463     802     805     1338    1868    +E6112  
+E6112  1869    1864    1870    
CQUAD9  6114    2       805     802     570     803     1869    1871    +E6114  
+E6114  1872    1873    1874    
CQUAD9  6116    2       804     805     803     462     1865    1873    +E6116  
+E6116  1875    1876    1877    
CQUAD9  6118    2       76      75      809     808     127     1878    +E6118  
+E6118  1879    1880    1881    
CQUAD9  6120    2       75      74      806     809     126     1882    +E6120  
+E6120  1883    1878    1884    
CQUAD9  6122    2       809     806     519     807     1883    1885    +E6122  
+E6122  1886    1887    1888    
CQUAD9  6124    2       808     809     807     567     1879    1887    +E6124  
+E6124  1889    1890    1891    
CQUAD9  6126    2       506     810     812     654     1892    1893    +E6126  
+E6126  1894    1336    1895    
CQUAD9  6128    2       810     541     709     812     1896    1531    +E6128  
+E6128  1897    1893    1898    
CQUAD9  6130    2       812     709     561     811     1897    1528    +E6130  
+E6130  1899    1900    1901    
CQUAD9  6132    2       654     812     811     445     1894    1900    +E6132  
+E6132  1902    1327    1903    
CQUAD9  6134    2       581     813     816     815     1904    1905    +E6134  
+E6134  1906    1907    1908    
CQUAD9  6136    2       813     445     811     816     1909    1902    +E6136  
+E6136  1910    1905    1911    
CQUAD9  6138    2       816     811     561     814     1910    1899    +E6138  
+E6138  1912    1913    1914    
CQUAD9  6140    2       815     816     814     545     1906    1913    +E6140  
+E6140  1915    1916    1917    
CQUAD9  6142    2       476     817     820     819     1918    1919    +E6142  
+E6142  1920    1921    1922    
CQUAD9  6144    2       817     477     795     820     1923    1840    +E6144  
+E6144  1924    1919    1925    
CQUAD9  6146    2       820     795     514     818     1924    1837    +E6146  
+E6146  1926    1927    1928    
CQUAD9  6148    2       819     820     818     566     1920    1927    +E6148  
+E6148  1929    1930    1931    
CQUAD9  6150    2       48      49      823     822     56      1932    +E6150  
+E6150  1933    1934    1935    
CQUAD9  6152    2       49      50      821     823     57      1936    +E6152  
+E6152  1937    1932    1938    
CQUAD9  6154    2       823     821     566     818     1937    1939    +E6154  
+E6154  1929    1940    1941    
CQUAD9  6156    2       822     823     818     514     1933    1940    +E6156  
+E6156  1926    1942    1943    
CQUAD9  6158    2       480     824     827     721     1944    1945    +E6158  
+E6158  1946    1574    1947    
CQUAD9  6160    2       824     583     825     827     1948    1949    +E6160  
+E6160  1950    1945    1951    
CQUAD9  6162    2       827     825     499     826     1950    1952    +E6162  
+E6162  1953    1954    1955    
CQUAD9  6164    2       721     827     826     536     1946    1954    +E6164  
+E6164  1956    1577    1957    
CQUAD9  6166    2       512     772     830     626     1758    1958    +E6166  
+E6166  1959    1242    1960    
CQUAD9  6168    2       772     586     828     830     1755    1961    +E6168  
+E6168  1962    1958    1963    
CQUAD9  6170    2       830     828     497     829     1962    1964    +E6170  
+E6170  1965    1966    1967    
CQUAD9  6172    2       626     830     829     495     1959    1966    +E6172  
+E6172  1968    1245    1969    
CQUAD9  6174    2       490     831     834     672     1970    1971    +E6174  
+E6174  1972    1391    1973    
CQUAD9  6176    2       831     521     832     834     1974    1975    +E6176  
+E6176  1976    1971    1977    
CQUAD9  6178    2       834     832     558     833     1976    1978    +E6178  
+E6178  1979    1980    1981    
CQUAD9  6180    2       672     834     833     531     1972    1980    +E6180  
+E6180  1982    1394    1983    
CQUAD9  6182    2       102     103     837     666     154     1984    +E6182  
+E6182  1985    1370    1986    
CQUAD9  6184    2       103     104     835     837     155     1987    +E6184  
+E6184  1988    1984    1989    
CQUAD9  6186    2       837     835     528     836     1988    1990    +E6186  
+E6186  1991    1992    1993    
CQUAD9  6188    2       666     837     836     455     1985    1992    +E6188  
+E6188  1994    1375    1995    
CQUAD9  6190    2       447     838     840     839     1996    1997    +E6190  
+E6190  1998    1999    2000    
CQUAD9  6192    2       838     528     835     840     2001    1990    +E6192  
+E6192  2002    1997    2003    
CQUAD9  6194    2       840     835     104     105     2002    1987    +E6194  
+E6194  156     2004    2005    
CQUAD9  6196    2       839     840     105     106     1998    2004    +E6196  
+E6196  157     2006    2007    
CQUAD9  6198    2       472     718     843     842     1562    2008    +E6198  
+E6198  2009    2010    2011    
CQUAD9  6200    2       718     484     704     843     1558    1511    +E6200  
+E6200  2012    2008    2013    
CQUAD9  6202    2       843     704     469     841     2012    1506    +E6202  
+E6202  2014    2015    2016    
CQUAD9  6204    2       842     843     841     571     2009    2015    +E6204  
+E6204  2017    2018    2019    
CQUAD9  6206    2       470     770     846     845     1750    2020    +E6206  
+E6206  2021    2022    2023    
CQUAD9  6208    2       770     531     833     846     1746    1982    +E6208  
+E6208  2024    2020    2025    
CQUAD9  6210    2       846     833     558     844     2024    1979    +E6210  
+E6210  2026    2027    2028    
CQUAD9  6212    2       845     846     844     544     2021    2027    +E6212  
+E6212  2029    2030    2031    
CQUAD9  6214    2       451     847     849     701     2032    2033    +E6214  
+E6214  2034    1500    2035    
CQUAD9  6216    2       847     463     659     849     2036    1341    +E6216  
+E6216  2037    2033    2038    
CQUAD9  6218    2       849     659     549     848     2037    1352    +E6218  
+E6218  2039    2040    2041    
CQUAD9  6220    2       701     849     848     550     2034    2040    +E6220  
+E6220  2042    1503    2043    
CQUAD9  6222    2       477     817     852     658     1923    2044    +E6222  
+E6222  2045    1348    2046    
CQUAD9  6224    2       817     476     850     852     1918    2047    +E6224  
+E6224  2048    2044    2049    
CQUAD9  6226    2       852     850     494     851     2048    2050    +E6226  
+E6226  2051    2052    2053    
CQUAD9  6228    2       658     852     851     549     2045    2052    +E6228  
+E6228  2054    1351    2055    
CQUAD9  6230    2       487     702     854     853     1493    2056    +E6230  
+E6230  2057    2058    2059    
CQUAD9  6232    2       702     550     848     854     1504    2042    +E6232  
+E6232  2060    2056    2061    
CQUAD9  6234    2       854     848     549     851     2060    2039    +E6234  
+E6234  2054    2062    2063    
CQUAD9  6236    2       853     854     851     494     2057    2062    +E6236  
+E6236  2051    2064    2065    
CQUAD9  6238    2       569     855     859     858     2066    2067    +E6238  
+E6238  2068    2069    2070    
CQUAD9  6240    2       855     513     856     859     2071    2072    +E6240  
+E6240  2073    2067    2074    
CQUAD9  6242    2       859     856     587     857     2073    2075    +E6242  
+E6242  2076    2077    2078    
CQUAD9  6244    2       858     859     857     453     2068    2077    +E6244  
+E6244  2079    2080    2081    
CQUAD9  6246    2       112     113     862     861     164     2082    +E6246  
+E6246  2083    2084    2085    
CQUAD9  6248    2       113     114     761     862     165     1710    +E6248  
+E6248  2086    2082    2087    
CQUAD9  6250    2       862     761     527     860     2086    1718    +E6250  
+E6250  2088    2089    2090    
CQUAD9  6252    2       861     862     860     588     2083    2089    +E6252  
+E6252  2091    2092    2093    
CQUAD9  6254    2       24      25      865     864     36      2094    +E6254  
+E6254  2095    2096    2097    
CQUAD9  6256    2       25      3       67      865     37      118     +E6256  
+E6256  2098    2094    2099    
CQUAD9  6258    2       865     67      68      863     2098    119     +E6258  
+E6258  2100    2101    2102    
CQUAD9  6260    2       864     865     863     591     2095    2101    +E6260  
+E6260  2103    2104    2105    
CQUAD9  6262    2       22      23      867     713     34      2106    +E6262  
+E6262  2107    1544    2108    
CQUAD9  6264    2       23      24      864     867     35      2096    +E6264  
+E6264  2109    2106    2110    
CQUAD9  6266    2       867     864     591     866     2109    2104    +E6266  
+E6266  2111    2112    2113    
CQUAD9  6268    2       713     867     866     505     2107    2112    +E6268  
+E6268  2114    1536    2115    
CQUAD9  6270    2       519     868     871     870     2116    2117    +E6270  
+E6270  2118    2119    2120    
CQUAD9  6272    2       868     569     858     871     2121    2069    +E6272  
+E6272  2122    2117    2123    
CQUAD9  6274    2       871     858     453     869     2122    2080    +E6274  
+E6274  2124    2125    2126    
CQUAD9  6276    2       870     871     869     594     2118    2125    +E6276  
+E6276  2127    2128    2129    
CQUAD9  6278    2       588     860     875     874     2091    2130    +E6278  
+E6278  2131    2132    2133    
CQUAD9  6280    2       860     527     872     875     2088    2134    +E6280  
+E6280  2135    2130    2136    
CQUAD9  6282    2       875     872     596     873     2135    2137    +E6282  
+E6282  2138    2139    2140    
CQUAD9  6284    2       874     875     873     539     2131    2139    +E6284  
+E6284  2141    2142    2143    
CQUAD9  6286    2       567     807     878     877     1889    2144    +E6286  
+E6286  2145    2146    2147    
CQUAD9  6288    2       807     519     870     878     1886    2119    +E6288  
+E6288  2148    2144    2149    
CQUAD9  6290    2       878     870     594     876     2148    2128    +E6290  
+E6290  2150    2151    2152    
CQUAD9  6292    2       877     878     876     564     2145    2151    +E6292  
+E6292  2153    2154    2155    
CQUAD9  6294    2       535     747     880     879     1664    2156    +E6294  
+E6294  2157    2158    2159    
CQUAD9  6296    2       747     564     876     880     1661    2153    +E6296  
+E6296  2160    2156    2161    
CQUAD9  6298    2       880     876     594     869     2160    2150    +E6298  
+E6298  2127    2162    2163    
CQUAD9  6300    2       879     880     869     453     2157    2162    +E6300  
+E6300  2124    2164    2165    
CQUAD9  6302    2       46      47      882     881     54      2166    +E6302  
+E6302  2167    2168    2169    
CQUAD9  6304    2       47      48      822     882     55      1934    +E6304  
+E6304  2170    2166    2171    
CQUAD9  6306    2       882     822     514     794     2170    1942    +E6306  
+E6306  1836    2172    2173    
CQUAD9  6308    2       881     882     794     595     2167    2172    +E6308  
+E6308  1833    2174    2175    
CQUAD9  6310    2       6       45      885     884     52      2176    +E6310  
+E6310  2177    2178    2179    
CQUAD9  6312    2       45      46      881     885     53      2168    +E6312  
+E6312  2180    2176    2181    
CQUAD9  6314    2       885     881     595     883     2180    2174    +E6314  
+E6314  2182    2183    2184    
CQUAD9  6316    2       884     885     883     584     2177    2183    +E6316  
+E6316  2185    2186    2187    
CQUAD9  6318    2       61      62      887     757     65      2188    +E6318  
+E6318  2189    1699    2190    
CQUAD9  6320    2       62      6       884     887     66      2178    +E6320  
+E6320  2191    2188    2192    
CQUAD9  6322    2       887     884     584     886     2191    2186    +E6322  
+E6322  2193    2194    2195    
CQUAD9  6324    2       757     887     886     485     2189    2194    +E6324  
+E6324  2196    1702    2197    
CQUAD9  6326    2       68      67      890     889     119     2198    +E6326  
+E6326  2199    2200    2201    
CQUAD9  6328    2       67      3       15      890     118     26      +E6328  
+E6328  2202    2198    2203    
CQUAD9  6330    2       890     15      16      888     2202    27      +E6330  
+E6330  2204    2205    2206    
CQUAD9  6332    2       889     890     888     600     2199    2205    +E6332  
+E6332  2207    2208    2209    
CQUAD9  6334    2       457     891     895     894     2210    2211    +E6334  
+E6334  2212    2213    2214    
CQUAD9  6336    2       891     603     892     895     2215    2216    +E6336  
+E6336  2217    2211    2218    
CQUAD9  6338    2       895     892     592     893     2217    2219    +E6338  
+E6338  2220    2221    2222    
CQUAD9  6340    2       894     895     893     575     2212    2221    +E6340  
+E6340  2223    2224    2225    
CQUAD9  6342    2       18      896     898     17      2226    2227    +E6342  
+E6342  2228    29      2229    
CQUAD9  6344    2       896     502     897     898     2230    2231    +E6344  
+E6344  2232    2227    2233    
CQUAD9  6346    2       898     897     600     888     2232    2234    +E6346  
+E6346  2207    2235    2236    
CQUAD9  6348    2       17      898     888     16      2228    2235    +E6348  
+E6348  2204    28      2237    
CQUAD9  6350    2       473     899     901     900     2238    2239    +E6350  
+E6350  2240    2241    2242    
CQUAD9  6352    2       899     574     764     901     2243    1731    +E6352  
+E6352  2244    2239    2245    
CQUAD9  6354    2       901     764     548     640     2244    1728    +E6354  
+E6354  1291    2246    2247    
CQUAD9  6356    2       900     901     640     456     2240    2246    +E6356  
+E6356  1288    2248    2249    
CQUAD9  6358    2       18      716     904     896     1548    2250    +E6358  
+E6358  2251    2226    2252    
CQUAD9  6360    2       716     504     902     904     1556    2253    +E6360  
+E6360  2254    2250    2255    
CQUAD9  6362    2       904     902     590     903     2254    2256    +E6362  
+E6362  2257    2258    2259    
CQUAD9  6364    2       896     904     903     502     2251    2258    +E6364  
+E6364  2260    2230    2261    
CQUAD9  6366    2       539     873     907     906     2141    2262    +E6366  
+E6366  2263    2264    2265    
CQUAD9  6368    2       873     596     905     907     2138    2266    +E6368  
+E6368  2267    2262    2268    
CQUAD9  6370    2       907     905     507     804     2267    2269    +E6370  
+E6370  1866    2270    2271    
CQUAD9  6372    2       906     907     804     462     2263    2270    +E6372  
+E6372  1876    2272    2273    
CQUAD9  6374    2       485     886     909     760     2196    2274    +E6374  
+E6374  2275    1714    2276    
CQUAD9  6376    2       886     584     908     909     2193    2277    +E6376  
+E6376  2278    2274    2279    
CQUAD9  6378    2       909     908     596     872     2278    2280    +E6378  
+E6378  2137    2281    2282    
CQUAD9  6380    2       760     909     872     527     2275    2281    +E6380  
+E6380  2134    1717    2283    
CQUAD9  6382    2       507     905     910     793     2269    2284    +E6382  
+E6382  2285    1828    2286    
CQUAD9  6384    2       905     596     908     910     2266    2280    +E6384  
+E6384  2287    2284    2288    
CQUAD9  6386    2       910     908     584     883     2287    2277    +E6386  
+E6386  2185    2289    2290    
CQUAD9  6388    2       793     910     883     595     2285    2289    +E6388  
+E6388  2182    1832    2291    
CQUAD9  6390    2       472     911     913     719     2292    2293    +E6390  
+E6390  2294    1563    2295    
CQUAD9  6392    2       911     464     912     913     2296    2297    +E6392  
+E6392  2298    2293    2299    
CQUAD9  6394    2       913     912     590     902     2298    2300    +E6394  
+E6394  2256    2301    2302    
CQUAD9  6396    2       719     913     902     504     2294    2301    +E6396  
+E6396  2253    1566    2303    
CQUAD9  6398    2       537     914     918     917     2304    2305    +E6398  
+E6398  2306    2307    2308    
CQUAD9  6400    2       914     599     915     918     2309    2310    +E6400  
+E6400  2311    2305    2312    
CQUAD9  6402    2       918     915     606     916     2311    2313    +E6402  
+E6402  2314    2315    2316    
CQUAD9  6404    2       917     918     916     568     2306    2315    +E6404  
+E6404  2317    2318    2319    
CQUAD9  6406    2       582     775     921     920     1768    2320    +E6406  
+E6406  2321    2322    2323    
CQUAD9  6408    2       775     515     919     921     1765    2324    +E6408  
+E6408  2325    2320    2326    
CQUAD9  6410    2       921     919     606     915     2325    2327    +E6410  
+E6410  2313    2328    2329    
CQUAD9  6412    2       920     921     915     599     2321    2328    +E6412  
+E6412  2310    2330    2331    
CQUAD9  6414    2       590     912     925     924     2300    2332    +E6414  
+E6414  2333    2334    2335    
CQUAD9  6416    2       912     464     922     925     2297    2336    +E6416  
+E6416  2337    2332    2338    
CQUAD9  6418    2       925     922     607     923     2337    2339    +E6418  
+E6418  2340    2341    2342    
CQUAD9  6420    2       924     925     923     605     2333    2341    +E6420  
+E6420  2343    2344    2345    
CQUAD9  6422    2       569     868     928     927     2121    2346    +E6422  
+E6422  2347    2348    2349    
CQUAD9  6424    2       868     519     926     928     2116    2350    +E6424  
+E6424  2351    2346    2352    
CQUAD9  6426    2       928     926     607     922     2351    2353    +E6426  
+E6426  2339    2354    2355    
CQUAD9  6428    2       927     928     922     464     2347    2354    +E6428  
+E6428  2336    2356    2357    
CQUAD9  6430    2       72      71      931     930     123     2358    +E6430  
+E6430  2359    2360    2361    
CQUAD9  6432    2       71      70      929     931     122     2362    +E6432  
+E6432  2363    2358    2364    
CQUAD9  6434    2       931     929     605     923     2363    2365    +E6434  
+E6434  2343    2366    2367    
CQUAD9  6436    2       930     931     923     607     2359    2366    +E6436  
+E6436  2340    2368    2369    
CQUAD9  6438    2       535     879     934     933     2158    2370    +E6438  
+E6438  2371    2372    2373    
CQUAD9  6440    2       879     453     857     934     2164    2079    +E6440  
+E6440  2374    2370    2375    
CQUAD9  6442    2       934     857     587     932     2374    2076    +E6442  
+E6442  2376    2377    2378    
CQUAD9  6444    2       933     934     932     585     2371    2377    +E6444  
+E6444  2379    2380    2381    
CQUAD9  6446    2       571     935     938     937     2382    2383    +E6446  
+E6446  2384    2385    2386    
CQUAD9  6448    2       935     483     936     938     2387    2388    +E6448  
+E6448  2389    2383    2390    
CQUAD9  6450    2       938     936     585     932     2389    2391    +E6450  
+E6450  2379    2392    2393    
CQUAD9  6452    2       937     938     932     587     2384    2392    +E6452  
+E6452  2376    2394    2395    
CQUAD9  6454    2       84      939     941     83      2396    2397    +E6454  
+E6454  2398    135     2399    
CQUAD9  6456    2       939     559     940     941     2400    2401    +E6456  
+E6456  2402    2397    2403    
CQUAD9  6458    2       941     940     444     693     2402    2404    +E6458  
+E6458  1466    2405    2406    
CQUAD9  6460    2       83      941     693     82      2398    2405    +E6460  
+E6460  1474    134     2407    
CQUAD9  6462    2       80      942     944     79      2408    2409    +E6462  
+E6462  2410    131     2411    
CQUAD9  6464    2       942     557     943     944     2412    2413    +E6464  
+E6464  2414    2409    2415    
CQUAD9  6466    2       944     943     524     729     2414    2416    +E6466  
+E6466  1602    2417    2418    
CQUAD9  6468    2       79      944     729     78      2410    2417    +E6468  
+E6468  1598    130     2419    
CQUAD9  6470    2       510     730     946     945     1606    2420    +E6470  
+E6470  2421    2422    2423    
CQUAD9  6472    2       730     524     943     946     1603    2416    +E6472  
+E6472  2424    2420    2425    
CQUAD9  6474    2       946     943     557     644     2424    2413    +E6474  
+E6474  1303    2426    2427    
CQUAD9  6476    2       945     946     644     466     2421    2426    +E6476  
+E6476  1300    2428    2429    
CQUAD9  6478    2       106     641     947     107     1282    2430    +E6478  
+E6478  2431    158     2432    
CQUAD9  6480    2       641     548     763     947     1292    1727    +E6480  
+E6480  2433    2430    2434    
CQUAD9  6482    2       947     763     488     779     2433    1724    +E6482  
+E6482  1776    2435    2436    
CQUAD9  6484    2       107     947     779     108     2431    2435    +E6484  
+E6484  1784    159     2437    
CQUAD9  6486    2       449     948     951     950     2438    2439    +E6486  
+E6486  2440    2441    2442    
CQUAD9  6488    2       948     586     771     951     2443    1754    +E6488  
+E6488  2444    2439    2445    
CQUAD9  6490    2       951     771     470     949     2444    1751    +E6490  
+E6490  2446    2447    2448    
CQUAD9  6492    2       950     951     949     508     2440    2447    +E6492  
+E6492  2449    2450    2451    
CQUAD9  6494    2       472     952     953     911     2452    2453    +E6494  
+E6494  2454    2292    2455    
CQUAD9  6496    2       952     513     855     953     2456    2071    +E6496  
+E6496  2457    2453    2458    
CQUAD9  6498    2       953     855     569     927     2457    2066    +E6498  
+E6498  2348    2459    2460    
CQUAD9  6500    2       911     953     927     464     2454    2459    +E6500  
+E6500  2356    2296    2461    
CQUAD9  6502    2       559     954     956     940     2462    2463    +E6502  
+E6502  2464    2401    2465    
CQUAD9  6504    2       954     572     955     956     2466    2467    +E6504  
+E6504  2468    2463    2469    
CQUAD9  6506    2       956     955     561     662     2468    2470    +E6506  
+E6506  1363    2471    2472    
CQUAD9  6508    2       940     956     662     444     2464    2471    +E6508  
+E6508  1360    2404    2473    
CQUAD9  6510    2       492     752     958     957     1671    2474    +E6510  
+E6510  2475    2476    2477    
CQUAD9  6512    2       752     545     814     958     1682    1915    +E6512  
+E6512  2478    2474    2479    
CQUAD9  6514    2       958     814     561     955     2478    1912    +E6514  
+E6514  2470    2480    2481    
CQUAD9  6516    2       957     958     955     572     2475    2480    +E6516  
+E6516  2467    2482    2483    
CQUAD9  6518    2       102     101     961     754     153     2484    +E6518  
+E6518  2485    1690    2486    
CQUAD9  6520    2       101     100     959     961     152     2487    +E6520  
+E6520  2488    2484    2489    
CQUAD9  6522    2       961     959     560     960     2488    2490    +E6522  
+E6522  2491    2492    2493    
CQUAD9  6524    2       754     961     960     552     2485    2492    +E6524  
+E6524  2494    1693    2495    
CQUAD9  6526    2       110     962     965     109     2496    2497    +E6526  
+E6526  2498    161     2499    
CQUAD9  6528    2       962     522     963     965     2500    2501    +E6528  
+E6528  2502    2497    2503    
CQUAD9  6530    2       965     963     529     964     2502    2504    +E6530  
+E6530  2505    2506    2507    
CQUAD9  6532    2       109     965     964     108     2498    2506    +E6532  
+E6532  2508    160     2509    
CQUAD9  6534    2       80      692     966     942     1471    2510    +E6534  
+E6534  2511    2408    2512    
CQUAD9  6536    2       692     547     664     966     1468    1357    +E6536  
+E6536  2513    2510    2514    
CQUAD9  6538    2       966     664     503     645     2513    1368    +E6538  
+E6538  1307    2515    2516    
CQUAD9  6540    2       942     966     645     557     2511    2515    +E6540  
+E6540  1304    2412    2517    
CQUAD9  6542    2       86      727     968     85      1586    2518    +E6542  
+E6542  2519    137     2520    
CQUAD9  6544    2       727     468     967     968     1596    2521    +E6544  
+E6544  2522    2518    2523    
CQUAD9  6546    2       968     967     559     939     2522    2524    +E6546  
+E6546  2400    2525    2526    
CQUAD9  6548    2       85      968     939     84      2519    2525    +E6548  
+E6548  2396    136     2527    
CQUAD9  6550    2       70      787     970     69      1812    2528    +E6550  
+E6550  2529    121     2530    
CQUAD9  6552    2       787     573     969     970     1809    2531    +E6552  
+E6552  2532    2528    2533    
CQUAD9  6554    2       970     969     591     863     2532    2534    +E6554  
+E6554  2103    2535    2536    
CQUAD9  6556    2       69      970     863     68      2529    2535    +E6556  
+E6556  2100    120     2537    
CQUAD9  6558    2       469     707     971     790     1509    2538    +E6558  
+E6558  2539    1820    2540    
CQUAD9  6560    2       707     505     866     971     1520    2114    +E6560  
+E6560  2541    2538    2542    
CQUAD9  6562    2       971     866     591     969     2541    2111    +E6562  
+E6562  2534    2543    2544    
CQUAD9  6564    2       790     971     969     573     2539    2543    +E6564  
+E6564  2531    1823    2545    
CQUAD9  6566    2       458     627     974     973     1235    2546    +E6566  
+E6566  2547    2548    2549    
CQUAD9  6568    2       627     495     829     974     1246    1968    +E6568  
+E6568  2550    2546    2551    
CQUAD9  6570    2       974     829     497     972     2550    1965    +E6570  
+E6570  2552    2553    2554    
CQUAD9  6572    2       973     974     972     555     2547    2553    +E6572  
+E6572  2555    2556    2557    
CQUAD9  6574    2       443     649     978     977     1321    2558    +E6574  
+E6574  2559    2560    2561    
CQUAD9  6576    2       649     563     975     978     1318    2562    +E6576  
+E6576  2563    2558    2564    
CQUAD9  6578    2       978     975     461     976     2563    2565    +E6578  
+E6578  2566    2567    2568    
CQUAD9  6580    2       977     978     976     479     2559    2567    +E6580  
+E6580  2569    2570    2571    
CQUAD9  6582    2       487     781     980     699     1790    2572    +E6582  
+E6582  2573    1490    2574    
CQUAD9  6584    2       781     460     634     980     1786    1269    +E6584  
+E6584  2575    2572    2576    
CQUAD9  6586    2       980     634     446     979     2575    1264    +E6586  
+E6586  2577    2578    2579    
CQUAD9  6588    2       699     980     979     478     2573    2578    +E6588  
+E6588  2580    1495    2581    
CQUAD9  6590    2       606     919     982     981     2327    2582    +E6590  
+E6590  2583    2584    2585    
CQUAD9  6592    2       919     515     774     982     2324    1764    +E6592  
+E6592  2586    2582    2587    
CQUAD9  6594    2       982     774     478     979     2586    1760    +E6594  
+E6594  2580    2588    2589    
CQUAD9  6596    2       981     982     979     446     2583    2588    +E6596  
+E6596  2577    2590    2591    
CQUAD9  6598    2       511     983     985     746     2592    2593    +E6598  
+E6598  2594    1656    2595    
CQUAD9  6600    2       983     578     984     985     2596    2597    +E6600  
+E6600  2598    2593    2599    
CQUAD9  6602    2       985     984     567     877     2598    2600    +E6602  
+E6602  2146    2601    2602    
CQUAD9  6604    2       746     985     877     564     2594    2601    +E6604  
+E6604  2154    1660    2603    
CQUAD9  6606    2       473     900     988     987     2241    2604    +E6606  
+E6606  2605    2606    2607    
CQUAD9  6608    2       900     456     755     988     2248    1686    +E6608  
+E6608  2608    2604    2609    
CQUAD9  6610    2       988     755     552     986     2608    1694    +E6610  
+E6610  2610    2611    2612    
CQUAD9  6612    2       987     988     986     575     2605    2611    +E6612  
+E6612  2613    2614    2615    
CQUAD9  6614    2       513     952     989     856     2456    2616    +E6614  
+E6614  2617    2072    2618    
CQUAD9  6616    2       952     472     842     989     2452    2010    +E6616  
+E6616  2619    2616    2620    
CQUAD9  6618    2       989     842     571     937     2619    2018    +E6618  
+E6618  2385    2621    2622    
CQUAD9  6620    2       856     989     937     587     2617    2621    +E6620  
+E6620  2394    2075    2623    
CQUAD9  6622    2       447     990     994     993     2624    2625    +E6622  
+E6622  2626    2627    2628    
CQUAD9  6624    2       990     529     991     994     2629    2630    +E6624  
+E6624  2631    2625    2632    
CQUAD9  6626    2       994     991     579     992     2631    2633    +E6626  
+E6626  2634    2635    2636    
CQUAD9  6628    2       993     994     992     601     2626    2635    +E6628  
+E6628  2637    2638    2639    
CQUAD9  6630    2       599     995     997     920     2640    2641    +E6630  
+E6630  2642    2330    2643    
CQUAD9  6632    2       995     601     992     997     2644    2637    +E6632  
+E6632  2645    2641    2646    
CQUAD9  6634    2       997     992     579     996     2645    2634    +E6634  
+E6634  2647    2648    2649    
CQUAD9  6636    2       920     997     996     582     2642    2648    +E6636  
+E6636  2650    2322    2651    
CQUAD9  6638    2       50      51      1000    821     58      2652    +E6638  
+E6638  2653    1936    2654    
CQUAD9  6640    2       51      4       998     1000    59      2655    +E6640  
+E6640  2656    2652    2657    
CQUAD9  6642    2       1000    998     459     999     2656    2658    +E6642  
+E6642  2659    2660    2661    
CQUAD9  6644    2       821     1000    999     566     2653    2660    +E6644  
+E6644  2662    1939    2663    
CQUAD9  6646    2       471     742     1002    622     1649    2664    +E6646  
+E6646  2665    1230    2666    
CQUAD9  6648    2       742     553     1001    1002    1646    2667    +E6648  
+E6648  2668    2664    2669    
CQUAD9  6650    2       1002    1001    541     810     2668    2670    +E6650  
+E6650  1896    2671    2672    
CQUAD9  6652    2       622     1002    810     506     2665    2671    +E6652  
+E6652  1892    1219    2673    
CQUAD9  6654    2       448     1003    1004    741     2674    2675    +E6654  
+E6654  2676    1640    2677    
CQUAD9  6656    2       1003    538     710     1004    2678    1524    +E6656  
+E6656  2679    2675    2680    
CQUAD9  6658    2       1004    710     541     1001    2679    1532    +E6658  
+E6658  2670    2681    2682    
CQUAD9  6660    2       741     1004    1001    553     2676    2681    +E6660  
+E6660  2667    1645    2683    
CQUAD9  6662    2       546     1005    1006    789     2684    2685    +E6662  
+E6662  2686    1814    2687    
CQUAD9  6664    2       1005    483     935     1006    2688    2387    +E6664  
+E6664  2689    2685    2690    
CQUAD9  6666    2       1006    935     571     841     2689    2382    +E6666  
+E6666  2017    2691    2692    
CQUAD9  6668    2       789     1006    841     469     2686    2691    +E6668  
+E6668  2014    1819    2693    
CQUAD9  6670    2       593     1007    1011    1010    2694    2695    +E6670  
+E6670  2696    2697    2698    
CQUAD9  6672    2       1007    597     1008    1011    2699    2700    +E6672  
+E6672  2701    2695    2702    
CQUAD9  6674    2       1011    1008    562     1009    2701    2703    +E6674  
+E6674  2704    2705    2706    
CQUAD9  6676    2       1010    1011    1009    589     2696    2705    +E6676  
+E6676  2707    2708    2709    
CQUAD9  6678    2       602     1012    1015    1014    2710    2711    +E6678  
+E6678  2712    2713    2714    
CQUAD9  6680    2       1012    592     1013    1015    2715    2716    +E6680  
+E6680  2717    2711    2718    
CQUAD9  6682    2       1015    1013    562     1008    2717    2719    +E6682  
+E6682  2703    2720    2721    
CQUAD9  6684    2       1014    1015    1008    597     2712    2720    +E6684  
+E6684  2700    2722    2723    
CQUAD9  6686    2       463     847     1017    802     2036    2724    +E6686  
+E6686  2725    1868    2726    
CQUAD9  6688    2       847     451     776     1017    2032    1772    +E6688  
+E6688  2727    2724    2728    
CQUAD9  6690    2       1017    776     582     1016    2727    1769    +E6690  
+E6690  2729    2730    2731    
CQUAD9  6692    2       802     1017    1016    570     2725    2730    +E6692  
+E6692  2732    1871    2733    
CQUAD9  6694    2       447     1018    1021    838     2734    2735    +E6694  
+E6694  2736    1996    2737    
CQUAD9  6696    2       1018    537     1019    1021    2738    2739    +E6696  
+E6696  2740    2735    2741    
CQUAD9  6698    2       1021    1019    496     1020    2740    2742    +E6698  
+E6698  2743    2744    2745    
CQUAD9  6700    2       838     1021    1020    528     2736    2744    +E6700  
+E6700  2746    2001    2747    
CQUAD9  6702    2       568     1022    1024    917     2748    2749    +E6702  
+E6702  2750    2318    2751    
CQUAD9  6704    2       1022    593     1023    1024    2752    2753    +E6704  
+E6704  2754    2749    2755    
CQUAD9  6706    2       1024    1023    496     1019    2754    2756    +E6706  
+E6706  2742    2757    2758    
CQUAD9  6708    2       917     1024    1019    537     2750    2757    +E6708  
+E6708  2739    2307    2759    
CQUAD9  6710    2       593     1022    1026    1007    2752    2760    +E6710  
+E6710  2761    2694    2762    
CQUAD9  6712    2       1022    568     1025    1026    2748    2763    +E6712  
+E6712  2764    2760    2765    
CQUAD9  6714    2       1026    1025    602     1014    2764    2766    +E6714  
+E6714  2713    2767    2768    
CQUAD9  6716    2       1007    1026    1014    597     2761    2767    +E6716  
+E6716  2722    2699    2769    
CQUAD9  6718    2       528     1020    1028    836     2746    2770    +E6718  
+E6718  2771    1991    2772    
CQUAD9  6720    2       1020    496     1027    1028    2743    2773    +E6720  
+E6720  2774    2770    2775    
CQUAD9  6722    2       1028    1027    526     667     2774    2776    +E6722  
+E6722  1379    2777    2778    
CQUAD9  6724    2       836     1028    667     455     2771    2777    +E6724  
+E6724  1376    1994    2779    
CQUAD9  6726    2       593     1010    1030    1023    2697    2780    +E6726  
+E6726  2781    2753    2782    
CQUAD9  6728    2       1010    589     1029    1030    2708    2783    +E6728  
+E6728  2784    2780    2785    
CQUAD9  6730    2       1030    1029    526     1027    2784    2786    +E6730  
+E6730  2776    2787    2788    
CQUAD9  6732    2       1023    1030    1027    496     2781    2787    +E6732  
+E6732  2773    2756    2789    
CQUAD9  6734    2       590     924     1032    903     2334    2790    +E6734  
+E6734  2791    2257    2792    
CQUAD9  6736    2       924     605     1031    1032    2344    2793    +E6736  
+E6736  2794    2790    2795    
CQUAD9  6738    2       1032    1031    600     897     2794    2796    +E6738  
+E6738  2234    2797    2798    
CQUAD9  6740    2       903     1032    897     502     2791    2797    +E6740  
+E6740  2231    2260    2799    
CQUAD9  6742    2       447     993     1033    1018    2627    2800    +E6742  
+E6742  2801    2734    2802    
CQUAD9  6744    2       993     601     995     1033    2638    2644    +E6744  
+E6744  2803    2800    2804    
CQUAD9  6746    2       1033    995     599     914     2803    2640    +E6746  
+E6746  2309    2805    2806    
CQUAD9  6748    2       1018    1033    914     537     2801    2805    +E6748  
+E6748  2304    2738    2807    
CQUAD9  6750    2       108     964     1034    107     2508    2808    +E6750  
+E6750  2809    159     2810    
CQUAD9  6752    2       964     529     990     1034    2505    2629    +E6752  
+E6752  2811    2808    2812    
CQUAD9  6754    2       1034    990     447     839     2811    2624    +E6754  
+E6754  1999    2813    2814    
CQUAD9  6756    2       107     1034    839     106     2809    2813    +E6756  
+E6756  2006    158     2815    
CQUAD9  6758    2       72      930     1035    73      2360    2816    +E6758  
+E6758  2817    124     2818    
CQUAD9  6760    2       930     607     926     1035    2368    2353    +E6760  
+E6760  2819    2816    2820    
CQUAD9  6762    2       1035    926     519     806     2819    2350    +E6762  
+E6762  1885    2821    2822    
CQUAD9  6764    2       73      1035    806     74      2817    2821    +E6764  
+E6764  1882    125     2823    
CQUAD9  6766    2       474     688     1037    631     1443    2824    +E6766  
+E6766  2825    1258    2826    
CQUAD9  6768    2       688     530     1036    1037    1452    2827    +E6768  
+E6768  2828    2824    2829    
CQUAD9  6770    2       1037    1036    486     733     2828    2830    +E6770  
+E6770  1617    2831    2832    
CQUAD9  6772    2       631     1037    733     516     2825    2831    +E6772  
+E6772  1612    1261    2833    
CQUAD9  6774    2       517     675     1038    690     1405    2834    +E6774  
+E6774  2835    1457    2836    
CQUAD9  6776    2       675     481     739     1038    1400    1638    +E6776  
+E6776  2837    2834    2838    
CQUAD9  6778    2       1038    739     486     1036    2837    1635    +E6778  
+E6778  2830    2839    2840    
CQUAD9  6780    2       690     1038    1036    530     2835    2839    +E6780  
+E6780  2827    1460    2841    
CQUAD9  6782    2       98      1039    1041    99      2842    2843    +E6782  
+E6782  2844    150     2845    
CQUAD9  6784    2       1039    442     1040    1041    2846    2847    +E6784  
+E6784  2848    2843    2849    
CQUAD9  6786    2       1041    1040    560     959     2848    2850    +E6786  
+E6786  2490    2851    2852    
CQUAD9  6788    2       99      1041    959     100     2844    2851    +E6788  
+E6788  2487    151     2853    
CQUAD9  6790    2       72      73      1044    785     124     2854    +E6790  
+E6790  2855    1800    2856    
CQUAD9  6792    2       73      74      1042    1044    125     2857    +E6792  
+E6792  2858    2854    2859    
CQUAD9  6794    2       1044    1042    450     1043    2858    2860    +E6794  
+E6794  2861    2862    2863    
CQUAD9  6796    2       785     1044    1043    580     2855    2862    +E6796  
+E6796  2864    1804    2865    
CQUAD9  6798    2       98      97      1046    1039    149     2866    +E6798  
+E6798  2867    2842    2868    
CQUAD9  6800    2       97      96      1045    1046    148     2869    +E6800  
+E6800  2870    2866    2871    
CQUAD9  6802    2       1046    1045    520     629     2870    2872    +E6802  
+E6802  1253    2873    2874    
CQUAD9  6804    2       1039    1046    629     442     2867    2873    +E6804  
+E6804  1248    2846    2875    
CQUAD9  6806    2       74      75      1048    1042    126     2876    +E6806  
+E6806  2877    2857    2878    
CQUAD9  6808    2       75      76      731     1048    127     1610    +E6808  
+E6808  2879    2876    2880    
CQUAD9  6810    2       1048    731     510     1047    2879    1607    +E6810  
+E6810  2881    2882    2883    
CQUAD9  6812    2       1042    1048    1047    450     2877    2882    +E6812  
+E6812  2884    2860    2885    
CQUAD9  6814    2       68      889     1049    69      2200    2886    +E6814  
+E6814  2887    120     2888    
CQUAD9  6816    2       889     600     1031    1049    2208    2796    +E6816  
+E6816  2889    2886    2890    
CQUAD9  6818    2       1049    1031    605     929     2889    2793    +E6818  
+E6818  2365    2891    2892    
CQUAD9  6820    2       69      1049    929     70      2887    2891    +E6820  
+E6820  2362    121     2893    
CQUAD9  6822    2       90      697     1051    89      1478    2894    +E6822  
+E6822  2895    141     2896    
CQUAD9  6824    2       697     454     1050    1051    1488    2897    +E6824  
+E6824  2898    2894    2899    
CQUAD9  6826    2       1051    1050    540     725     2898    2900    +E6826  
+E6826  1591    2901    2902    
CQUAD9  6828    2       89      1051    725     88      2895    2901    +E6828  
+E6828  1588    140     2903    
CQUAD9  6830    2       454     1052    1055    1050    2904    2905    +E6830  
+E6830  2906    2897    2907    
CQUAD9  6832    2       1052    491     1053    1055    2908    2909    +E6832  
+E6832  2910    2905    2911    
CQUAD9  6834    2       1055    1053    608     1054    2910    2912    +E6834  
+E6834  2913    2914    2915    
CQUAD9  6836    2       1050    1055    1054    540     2906    2914    +E6836  
+E6836  2916    2900    2917    
CQUAD9  6838    2       500     1056    1059    1058    2918    2919    +E6838  
+E6838  2920    2921    2922    
CQUAD9  6840    2       1056    498     1057    1059    2923    2924    +E6840  
+E6840  2925    2919    2926    
CQUAD9  6842    2       1059    1057    540     1054    2925    2927    +E6842  
+E6842  2916    2928    2929    
CQUAD9  6844    2       1058    1059    1054    608     2920    2928    +E6844  
+E6844  2913    2930    2931    
CQUAD9  6846    2       602     1025    1062    1061    2766    2932    +E6846  
+E6846  2933    2934    2935    
CQUAD9  6848    2       1025    568     916     1062    2763    2317    +E6848  
+E6848  2936    2932    2937    
CQUAD9  6850    2       1062    916     606     1060    2936    2314    +E6850  
+E6850  2938    2939    2940    
CQUAD9  6852    2       1061    1062    1060    609     2933    2939    +E6852  
+E6852  2941    2942    2943    
CQUAD9  6854    2       572     954     1065    1064    2466    2944    +E6854  
+E6854  2945    2946    2947    
CQUAD9  6856    2       954     559     967     1065    2462    2524    +E6856  
+E6856  2948    2944    2949    
CQUAD9  6858    2       1065    967     468     1063    2948    2521    +E6858  
+E6858  2950    2951    2952    
CQUAD9  6860    2       1064    1065    1063    610     2945    2951    +E6860  
+E6860  2953    2954    2955    
CQUAD9  6862    2       492     957     1068    1067    2476    2956    +E6862  
+E6862  2957    2958    2959    
CQUAD9  6864    2       957     572     1064    1068    2482    2946    +E6864  
+E6864  2960    2956    2961    
CQUAD9  6866    2       1068    1064    610     1066    2960    2954    +E6866  
+E6866  2962    2963    2964    
CQUAD9  6868    2       1067    1068    1066    498     2957    2963    +E6868  
+E6868  2965    2966    2967    
CQUAD9  6870    2       491     1052    1071    1070    2908    2968    +E6870  
+E6870  2969    2970    2971    
CQUAD9  6872    2       1052    454     696     1071    2904    1487    +E6872  
+E6872  2972    2968    2973    
CQUAD9  6874    2       1071    696     525     1069    2972    1484    +E6874  
+E6874  2974    2975    2976    
CQUAD9  6876    2       1070    1071    1069    611     2969    2975    +E6876  
+E6876  2977    2978    2979    
CQUAD9  6878    2       583     1072    1075    825     2980    2981    +E6878  
+E6878  2982    1949    2983    
CQUAD9  6880    2       1072    467     1073    1075    2984    2985    +E6880  
+E6880  2986    2981    2987    
CQUAD9  6882    2       1075    1073    613     1074    2986    2988    +E6882  
+E6882  2989    2990    2991    
CQUAD9  6884    2       825     1075    1074    499     2982    2990    +E6884  
+E6884  2992    1952    2993    
CQUAD9  6886    2       94      95      1079    1078    146     2994    +E6886  
+E6886  2995    2996    2997    
CQUAD9  6888    2       95      96      1076    1079    147     2998    +E6888  
+E6888  2999    2994    3000    
CQUAD9  6890    2       1079    1076    613     1077    2999    3001    +E6890  
+E6890  3002    3003    3004    
CQUAD9  6892    2       1078    1079    1077    523     2995    3003    +E6892  
+E6892  3005    3006    3007    
CQUAD9  6894    2       489     1080    1082    1081    3008    3009    +E6894  
+E6894  3010    3011    3012    
CQUAD9  6896    2       1080    523     1077    1082    3013    3005    +E6896  
+E6896  3014    3009    3015    
CQUAD9  6898    2       1082    1077    613     1073    3014    3002    +E6898  
+E6898  2988    3016    3017    
CQUAD9  6900    2       1081    1082    1073    467     3010    3016    +E6900  
+E6900  2985    3018    3019    
CQUAD9  6902    2       462     803     1085    906     1875    3020    +E6902  
+E6902  3021    2272    3022    
CQUAD9  6904    2       803     570     1083    1085    1872    3023    +E6904  
+E6904  3024    3020    3025    
CQUAD9  6906    2       1085    1083    614     1084    3024    3026    +E6906  
+E6906  3027    3028    3029    
CQUAD9  6908    2       906     1085    1084    539     3021    3028    +E6908  
+E6908  3030    2264    3031    
CQUAD9  6910    2       582     996     1087    1016    2650    3032    +E6910  
+E6910  3033    2729    3034    
CQUAD9  6912    2       996     579     1086    1087    2647    3035    +E6912  
+E6912  3036    3032    3037    
CQUAD9  6914    2       1087    1086    614     1083    3036    3038    +E6914  
+E6914  3026    3039    3040    
CQUAD9  6916    2       1016    1087    1083    570     3033    3039    +E6916  
+E6916  3023    2732    3041    
CQUAD9  6918    2       533     668     1090    684     1383    3042    +E6918  
+E6918  3043    1433    3044    
CQUAD9  6920    2       668     526     1088    1090    1380    3045    +E6920  
+E6920  3046    3042    3047    
CQUAD9  6922    2       1090    1088    615     1089    3046    3048    +E6922  
+E6922  3049    3050    3051    
CQUAD9  6924    2       684     1090    1089    556     3043    3050    +E6924  
+E6924  3052    1436    3053    
CQUAD9  6926    2       543     722     1094    1093    1581    3054    +E6926  
+E6926  3055    3056    3057    
CQUAD9  6928    2       722     536     1091    1094    1578    3058    +E6928  
+E6928  3059    3054    3060    
CQUAD9  6930    2       1094    1091    615     1092    3059    3061    +E6930  
+E6930  3062    3063    3064    
CQUAD9  6932    2       1093    1094    1092    604     3055    3063    +E6932  
+E6932  3065    3066    3067    
CQUAD9  6934    2       585     1095    1097    933     3068    3069    +E6934  
+E6934  3070    2380    3071    
CQUAD9  6936    2       1095    616     1096    1097    3072    3073    +E6936  
+E6936  3074    3069    3075    
CQUAD9  6938    2       1097    1096    448     744     3074    3076    +E6938  
+E6938  1643    3077    3078    
CQUAD9  6940    2       933     1097    744     535     3070    3077    +E6940  
+E6940  1654    2372    3079    
CQUAD9  6942    2       589     1009    1101    1100    2707    3080    +E6942  
+E6942  3081    3082    3083    
CQUAD9  6944    2       1009    562     1098    1101    2704    3084    +E6944  
+E6944  3085    3080    3086    
CQUAD9  6946    2       1101    1098    617     1099    3085    3087    +E6946  
+E6946  3088    3089    3090    
CQUAD9  6948    2       1100    1101    1099    604     3081    3089    +E6948  
+E6948  3091    3092    3093    
CQUAD9  6950    2       532     738     1103    1102    1632    3094    +E6950  
+E6950  3095    3096    3097    
CQUAD9  6952    2       738     543     1093    1103    1628    3056    +E6952  
+E6952  3098    3094    3099    
CQUAD9  6954    2       1103    1093    604     1099    3098    3066    +E6954  
+E6954  3091    3100    3101    
CQUAD9  6956    2       1102    1103    1099    617     3095    3100    +E6956  
+E6956  3088    3102    3103    
CQUAD9  6958    2       5       117     1106    40      169     3104    +E6958  
+E6958  3105    44      3106    
CQUAD9  6960    2       117     116     1104    1106    168     3107    +E6960  
+E6960  3108    3104    3109    
CQUAD9  6962    2       1106    1104    493     1105    3108    3110    +E6962  
+E6962  3111    3112    3113    
CQUAD9  6964    2       40      1106    1105    39      3105    3112    +E6964  
+E6964  3114    43      3115    
CQUAD9  6966    2       457     735     1108    891     1625    3116    +E6966  
+E6966  3117    2210    3118    
CQUAD9  6968    2       735     532     1102    1108    1622    3096    +E6968  
+E6968  3119    3116    3120    
CQUAD9  6970    2       1108    1102    617     1107    3119    3102    +E6970  
+E6970  3121    3122    3123    
CQUAD9  6972    2       891     1108    1107    603     3117    3122    +E6972  
+E6972  3124    2215    3125    
CQUAD9  6974    2       592     892     1109    1013    2219    3126    +E6974  
+E6974  3127    2716    3128    
CQUAD9  6976    2       892     603     1107    1109    2216    3124    +E6976  
+E6976  3129    3126    3130    
CQUAD9  6978    2       1109    1107    617     1098    3129    3121    +E6978  
+E6978  3087    3131    3132    
CQUAD9  6980    2       1013    1109    1098    562     3127    3131    +E6980  
+E6980  3084    2719    3133    
CQUAD9  6982    2       110     111     1111    962     162     3134    +E6982  
+E6982  3135    2496    3136    
CQUAD9  6984    2       111     112     861     1111    163     2084    +E6984  
+E6984  3137    3134    3138    
CQUAD9  6986    2       1111    861     588     1110    3137    2092    +E6986  
+E6986  3139    3140    3141    
CQUAD9  6988    2       962     1111    1110    522     3135    3140    +E6988  
+E6988  3142    2500    3143    
CQUAD9  6990    2       459     1112    1115    1114    3144    3145    +E6990  
+E6990  3146    3147    3148    
CQUAD9  6992    2       1112    493     1104    1115    3149    3110    +E6992  
+E6992  3150    3145    3151    
CQUAD9  6994    2       1115    1104    116     1113    3150    3107    +E6994  
+E6994  3152    3153    3154    
CQUAD9  6996    2       1114    1115    1113    612     3146    3153    +E6996  
+E6996  3155    3156    3157    
CQUAD9  6998    2       482     1116    1117    800     3158    3159    +E6998  
+E6998  3160    1862    3161    
CQUAD9  7000    2       1116    612     1113    1117    3162    3155    +E7000  
+E7000  3163    3159    3164    
CQUAD9  7002    2       1117    1113    116     115     3163    3152    +E7002  
+E7002  167     3165    3166    
CQUAD9  7004    2       800     1117    115     114     3160    3165    +E7004  
+E7004  166     1854    3167    
CQUAD9  7006    2       574     1118    1119    765     3168    3169    +E7006  
+E7006  3170    1732    3171    
CQUAD9  7008    2       1118    609     1060    1119    3172    2941    +E7008  
+E7008  3173    3169    3174    
CQUAD9  7010    2       1119    1060    606     981     3173    2938    +E7010  
+E7010  2584    3175    3176    
CQUAD9  7012    2       765     1119    981     446     3170    3175    +E7012  
+E7012  2590    1722    3177    
CQUAD9  7014    2       529     963     1121    991     2504    3178    +E7014  
+E7014  3179    2630    3180    
CQUAD9  7016    2       963     522     1120    1121    2501    3181    +E7016  
+E7016  3182    3178    3183    
CQUAD9  7018    2       1121    1120    614     1086    3182    3184    +E7018  
+E7018  3038    3185    3186    
CQUAD9  7020    2       991     1121    1086    579     3179    3185    +E7020  
+E7020  3035    2633    3187    
CQUAD9  7022    2       522     1110    1122    1120    3142    3188    +E7022  
+E7022  3189    3181    3190    
CQUAD9  7024    2       1110    588     874     1122    3139    2132    +E7024  
+E7024  3191    3188    3192    
CQUAD9  7026    2       1122    874     539     1084    3191    2142    +E7026  
+E7026  3030    3193    3194    
CQUAD9  7028    2       1120    1122    1084    614     3189    3193    +E7028  
+E7028  3027    3184    3195    
CQUAD9  7030    2       586     948     1125    828     2443    3196    +E7030  
+E7030  3197    1961    3198    
CQUAD9  7032    2       948     449     1123    1125    2438    3199    +E7032  
+E7032  3200    3196    3201    
CQUAD9  7034    2       1125    1123    611     1124    3200    3202    +E7034  
+E7034  3203    3204    3205    
CQUAD9  7036    2       828     1125    1124    497     3197    3204    +E7036  
+E7036  3206    1964    3207    
CQUAD9  7038    2       39      1105    1126    38      3114    3208    +E7038  
+E7038  3209    42      3210    
CQUAD9  7040    2       1105    493     1112    1126    3111    3149    +E7040  
+E7040  3211    3208    3212    
CQUAD9  7042    2       1126    1112    459     998     3211    3144    +E7042  
+E7042  2658    3213    3214    
CQUAD9  7044    2       38      1126    998     4       3209    3213    +E7044  
+E7044  2655    41      3215    
CQUAD9  7046    2       575     893     1128    987     2223    3216    +E7046  
+E7046  3217    2614    3218    
CQUAD9  7048    2       893     592     1012    1128    2220    2715    +E7048  
+E7048  3219    3216    3220    
CQUAD9  7050    2       1128    1012    602     1127    3219    2710    +E7050  
+E7050  3221    3222    3223    
CQUAD9  7052    2       987     1128    1127    473     3217    3222    +E7052  
+E7052  3224    2606    3225    
CQUAD9  7054    2       442     632     1130    1040    1251    3226    +E7054  
+E7054  3227    2847    3228    
CQUAD9  7056    2       632     516     736     1130    1262    1615    +E7056  
+E7056  3229    3226    3230    
CQUAD9  7058    2       1130    736     457     1129    3229    1626    +E7058  
+E7058  3231    3232    3233    
CQUAD9  7060    2       1040    1130    1129    560     3227    3232    +E7060  
+E7060  3234    2850    3235    
CQUAD9  7062    2       575     986     1131    894     2613    3236    +E7062  
+E7062  3237    2224    3238    
CQUAD9  7064    2       986     552     960     1131    2610    2494    +E7064  
+E7064  3239    3236    3240    
CQUAD9  7066    2       1131    960     560     1129    3239    2491    +E7066  
+E7066  3234    3241    3242    
CQUAD9  7068    2       894     1131    1129    457     3237    3241    +E7068  
+E7068  3231    2213    3243    
CQUAD9  7070    2       92      91      1134    1133    143     3244    +E7070  
+E7070  3245    3246    3247    
CQUAD9  7072    2       91      90      1132    1134    142     3248    +E7072  
+E7072  3249    3244    3250    
CQUAD9  7074    2       1134    1132    544     844     3249    3251    +E7074  
+E7074  2029    3252    3253    
CQUAD9  7076    2       1133    1134    844     558     3245    3252    +E7076  
+E7076  2026    3254    3255    
CQUAD9  7078    2       501     1135    1138    750     3256    3257    +E7078  
+E7078  3258    1674    3259    
CQUAD9  7080    2       1135    452     1136    1138    3260    3261    +E7080  
+E7080  3262    3257    3263    
CQUAD9  7082    2       1138    1136    509     1137    3262    3264    +E7082  
+E7082  3265    3266    3267    
CQUAD9  7084    2       750     1138    1137    518     3258    3266    +E7084  
+E7084  3268    1677    3269    
CQUAD9  7086    2       482     799     1140    1139    1861    3270    +E7086  
+E7086  3271    3272    3273    
CQUAD9  7088    2       799     576     782     1140    1858    1794    +E7088  
+E7088  3274    3270    3275    
CQUAD9  7090    2       1140    782     487     853     3274    1791    +E7090  
+E7090  2058    3276    3277    
CQUAD9  7092    2       1139    1140    853     494     3271    3276    +E7092  
+E7092  2064    3278    3279    
CQUAD9  7094    2       465     1141    1143    1142    3280    3281    +E7094  
+E7094  3282    3283    3284    
CQUAD9  7096    2       1141    461     975     1143    3285    2565    +E7096  
+E7096  3286    3281    3287    
CQUAD9  7098    2       1143    975     563     768     3286    2562    +E7098  
+E7098  1744    3288    3289    
CQUAD9  7100    2       1142    1143    768     577     3282    3288    +E7100  
+E7100  1741    3290    3291    
CQUAD9  7102    2       479     1144    1147    977     3292    3293    +E7102  
+E7102  3294    2570    3295    
CQUAD9  7104    2       1144    509     1145    1147    3296    3297    +E7104  
+E7104  3298    3293    3299    
CQUAD9  7106    2       1147    1145    598     1146    3298    3300    +E7106  
+E7106  3301    3302    3303    
CQUAD9  7108    2       977     1147    1146    443     3294    3302    +E7108  
+E7108  3304    2560    3305    
CQUAD9  7110    2       452     1148    1150    1136    3306    3307    +E7110  
+E7110  3308    3261    3309    
CQUAD9  7112    2       1148    551     1149    1150    3310    3311    +E7112  
+E7112  3312    3307    3313    
CQUAD9  7114    2       1150    1149    598     1145    3312    3314    +E7114  
+E7114  3300    3315    3316    
CQUAD9  7116    2       1136    1150    1145    509     3308    3315    +E7116  
+E7116  3297    3264    3317    
CQUAD9  7118    2       82      81      1153    767     133     3318    +E7118  
+E7118  3319    1737    3320    
CQUAD9  7120    2       81      80      1151    1153    132     3321    +E7120  
+E7120  3322    3318    3323    
CQUAD9  7122    2       1153    1151    618     1152    3322    3324    +E7122  
+E7122  3325    3326    3327    
CQUAD9  7124    2       767     1153    1152    577     3319    3326    +E7124  
+E7124  3328    1740    3329    
CQUAD9  7126    2       80      79      1156    1151    131     3330    +E7126  
+E7126  3331    3321    3332    
CQUAD9  7128    2       79      78      1154    1156    130     3333    +E7128  
+E7128  3334    3330    3335    
CQUAD9  7130    2       1156    1154    578     1155    3334    3336    +E7130  
+E7130  3337    3338    3339    
CQUAD9  7132    2       1151    1156    1155    618     3331    3338    +E7132  
+E7132  3340    3324    3341    
CQUAD9  7134    2       452     1157    1159    1148    3342    3343    +E7134  
+E7134  3344    3306    3345    
CQUAD9  7136    2       1157    508     949     1159    3346    2449    +E7136  
+E7136  3347    3343    3348    
CQUAD9  7138    2       1159    949     470     1158    3347    2446    +E7138  
+E7138  3349    3350    3351    
CQUAD9  7140    2       1148    1159    1158    551     3344    3350    +E7140  
+E7140  3352    3310    3353    
CQUAD9  7142    2       598     1149    1161    1160    3314    3354    +E7142  
+E7142  3355    3356    3357    
CQUAD9  7144    2       1149    551     1158    1161    3311    3352    +E7144  
+E7144  3358    3354    3359    
CQUAD9  7146    2       1161    1158    470     845     3358    3349    +E7146  
+E7146  2022    3360    3361    
CQUAD9  7148    2       1160    1161    845     544     3355    3360    +E7148  
+E7148  2030    3362    3363    
CQUAD9  7150    2       581     1162    1164    813     3364    3365    +E7150  
+E7150  3366    1904    3367    
CQUAD9  7152    2       1162    565     1163    1164    3368    3369    +E7152  
+E7152  3370    3365    3371    
CQUAD9  7154    2       1164    1163    542     652     3370    3372    +E7154  
+E7154  1329    3373    3374    
CQUAD9  7156    2       813     1164    652     445     3366    3373    +E7156  
+E7156  1324    1909    3375    
CQUAD9  7158    2       479     976     1167    1166    2569    3376    +E7158  
+E7158  3377    3378    3379    
CQUAD9  7160    2       976     461     1165    1167    2566    3380    +E7160  
+E7160  3381    3376    3382    
CQUAD9  7162    2       1167    1165    542     1163    3381    3383    +E7162  
+E7162  3372    3384    3385    
CQUAD9  7164    2       1166    1167    1163    565     3377    3384    +E7164  
+E7164  3369    3386    3387    
CQUAD9  7166    2       489     1081    1170    1169    3011    3388    +E7166  
+E7166  3389    3390    3391    
CQUAD9  7168    2       1081    467     1072    1170    3018    2984    +E7168  
+E7168  3392    3388    3393    
CQUAD9  7170    2       1170    1072    583     1168    3392    2980    +E7170  
+E7170  3394    3395    3396    
CQUAD9  7172    2       1169    1170    1168    555     3389    3395    +E7172  
+E7172  3397    3398    3399    
CQUAD9  7174    2       458     973     1171    677     2548    3400    +E7174  
+E7174  3401    1410    3402    
CQUAD9  7176    2       973     555     1168    1171    2556    3397    +E7176  
+E7176  3403    3400    3404    
CQUAD9  7178    2       1171    1168    583     824     3403    3394    +E7178  
+E7178  1948    3405    3406    
CQUAD9  7180    2       677     1171    824     480     3401    3405    +E7180  
+E7180  1944    1413    3407    
CQUAD9  7182    2       452     1135    1174    1157    3260    3408    +E7182  
+E7182  3409    3342    3410    
CQUAD9  7184    2       1135    501     1172    1174    3256    3411    +E7184  
+E7184  3412    3408    3413    
CQUAD9  7186    2       1174    1172    500     1173    3412    3414    +E7186  
+E7186  3415    3416    3417    
CQUAD9  7188    2       1157    1174    1173    508     3409    3416    +E7188  
+E7188  3418    3346    3419    
CQUAD9  7190    2       96      95      1177    1045    147     3420    +E7190  
+E7190  3421    2869    3422    
CQUAD9  7192    2       95      94      1175    1177    146     3423    +E7192  
+E7192  3424    3420    3425    
CQUAD9  7194    2       1177    1175    521     1176    3424    3426    +E7194  
+E7194  3427    3428    3429    
CQUAD9  7196    2       1045    1177    1176    520     3421    3428    +E7196  
+E7196  3430    2872    3431    
CQUAD9  7198    2       490     686     1178    831     1445    3432    +E7198  
+E7198  3433    1970    3434    
CQUAD9  7200    2       686     474     630     1178    1440    1257    +E7200  
+E7200  3435    3432    3436    
CQUAD9  7202    2       1178    630     520     1176    3435    1254    +E7202  
+E7202  3430    3437    3438    
CQUAD9  7204    2       831     1178    1176    521     3433    3437    +E7204  
+E7204  3427    1974    3439    
CQUAD9  7206    2       468     726     1179    1063    1595    3440    +E7206  
+E7206  3441    2950    3442    
CQUAD9  7208    2       726     540     1057    1179    1592    2927    +E7208  
+E7208  3443    3440    3444    
CQUAD9  7210    2       1179    1057    498     1066    3443    2924    +E7210  
+E7210  2965    3445    3446    
CQUAD9  7212    2       1063    1179    1066    610     3441    3445    +E7212  
+E7212  2962    2953    3447    
CQUAD9  7214    2       536     826     1180    1091    1956    3448    +E7214  
+E7214  3449    3058    3450    
CQUAD9  7216    2       826     499     682     1180    1953    1419    +E7216  
+E7216  3451    3448    3452    
CQUAD9  7218    2       1180    682     556     1089    3451    1428    +E7218  
+E7218  3052    3453    3454    
CQUAD9  7220    2       1091    1180    1089    615     3449    3453    +E7220  
+E7220  3049    3061    3455    
CQUAD9  7222    2       538     1003    1182    643     2678    3456    +E7222  
+E7222  3457    1294    3458    
CQUAD9  7224    2       1003    448     1096    1182    2674    3076    +E7224  
+E7224  3459    3456    3460    
CQUAD9  7226    2       1182    1096    616     1181    3459    3073    +E7226  
+E7226  3461    3462    3463    
CQUAD9  7228    2       643     1182    1181    466     3457    3462    +E7228  
+E7228  3464    1299    3465    
CQUAD9  7230    2       450     1047    1184    1183    2884    3466    +E7230  
+E7230  3467    3468    3469    
CQUAD9  7232    2       1047    510     945     1184    2881    2422    +E7232  
+E7232  3470    3466    3471    
CQUAD9  7234    2       1184    945     466     1181    3470    2428    +E7234  
+E7234  3464    3472    3473    
CQUAD9  7236    2       1183    1184    1181    616     3467    3472    +E7236  
+E7236  3461    3474    3475    
CQUAD9  7238    2       555     972     1186    1169    2555    3476    +E7238  
+E7238  3477    3398    3478    
CQUAD9  7240    2       972     497     1124    1186    2552    3206    +E7240  
+E7240  3479    3476    3480    
CQUAD9  7242    2       1186    1124    611     1185    3479    3203    +E7242  
+E7242  3481    3482    3483    
CQUAD9  7244    2       1169    1186    1185    489     3477    3482    +E7244  
+E7244  3484    3390    3485    
CQUAD9  7246    2       523     1080    1188    1187    3013    3486    +E7246  
+E7246  3487    3488    3489    
CQUAD9  7248    2       1080    489     1185    1188    3008    3484    +E7248  
+E7248  3490    3486    3491    
CQUAD9  7250    2       1188    1185    611     1069    3490    3481    +E7250  
+E7250  2977    3492    3493    
CQUAD9  7252    2       1187    1188    1069    525     3487    3492    +E7252  
+E7252  2974    3494    3495    
CQUAD9  7254    2       611     1123    1190    1070    3202    3496    +E7254  
+E7254  3497    2978    3498    
CQUAD9  7256    2       1123    449     1189    1190    3199    3499    +E7256  
+E7256  3500    3496    3501    
CQUAD9  7258    2       1190    1189    608     1053    3500    3502    +E7258  
+E7258  2912    3503    3504    
CQUAD9  7260    2       1070    1190    1053    491     3497    3503    +E7260  
+E7260  2909    2970    3505    
CQUAD9  7262    2       508     1173    1191    950     3418    3506    +E7262  
+E7262  3507    2450    3508    
CQUAD9  7264    2       1173    500     1058    1191    3415    2921    +E7264  
+E7264  3509    3506    3510    
CQUAD9  7266    2       1191    1058    608     1189    3509    2930    +E7266  
+E7266  3502    3511    3512    
CQUAD9  7268    2       950     1191    1189    449     3507    3511    +E7268  
+E7268  3499    2441    3513    
CQUAD9  7270    2       580     1043    1193    791     2864    3514    +E7270  
+E7270  3515    1826    3516    
CQUAD9  7272    2       1043    450     1183    1193    2861    3468    +E7272  
+E7272  3517    3514    3518    
CQUAD9  7274    2       1193    1183    616     1192    3517    3474    +E7274  
+E7274  3519    3520    3521    
CQUAD9  7276    2       791     1193    1192    546     3515    3520    +E7276  
+E7276  3522    1817    3523    
CQUAD9  7278    2       483     1005    1194    936     2688    3524    +E7278  
+E7278  3525    2388    3526    
CQUAD9  7280    2       1005    546     1192    1194    2684    3522    +E7280  
+E7280  3527    3524    3528    
CQUAD9  7282    2       1194    1192    616     1095    3527    3519    +E7282  
+E7282  3072    3529    3530    
CQUAD9  7284    2       936     1194    1095    585     3525    3529    +E7284  
+E7284  3068    2391    3531    
CQUAD9  7286    2       76      808     1195    77      1880    3532    +E7286  
+E7286  3533    128     3534    
CQUAD9  7288    2       808     567     984     1195    1890    2600    +E7288  
+E7288  3535    3532    3536    
CQUAD9  7290    2       1195    984     578     1154    3535    2597    +E7290  
+E7290  3336    3537    3538    
CQUAD9  7292    2       77      1195    1154    78      3533    3537    +E7292  
+E7292  3333    129     3539    
CQUAD9  7294    2       96      97      1196    1076    148     3540    +E7294  
+E7294  3541    2998    3542    
CQUAD9  7296    2       97      98      680     1196    149     1421    +E7296  
+E7296  3543    3540    3544    
CQUAD9  7298    2       1196    680     499     1074    3543    1416    +E7298  
+E7298  2992    3545    3546    
CQUAD9  7300    2       1076    1196    1074    613     3541    3545    +E7300  
+E7300  2989    3001    3547    
CQUAD9  7302    2       574     899     1197    1118    2243    3548    +E7302  
+E7302  3549    3168    3550    
CQUAD9  7304    2       899     473     1127    1197    2238    3224    +E7304  
+E7304  3551    3548    3552    
CQUAD9  7306    2       1197    1127    602     1061    3551    3221    +E7306  
+E7306  2934    3553    3554    
CQUAD9  7308    2       1118    1197    1061    609     3549    3553    +E7308  
+E7308  2942    3172    3555    
CQUAD9  7310    2       526     1029    1198    1088    2786    3556    +E7310  
+E7310  3557    3045    3558    
CQUAD9  7312    2       1029    589     1100    1198    2783    3082    +E7312  
+E7312  3559    3556    3560    
CQUAD9  7314    2       1198    1100    604     1092    3559    3092    +E7314  
+E7314  3065    3561    3562    
CQUAD9  7316    2       1088    1198    1092    615     3557    3561    +E7316  
+E7316  3062    3048    3563    
CQUAD9  7318    2       566     999     1200    819     2662    3564    +E7318  
+E7318  3565    1930    3566    
CQUAD9  7320    2       999     459     1199    1200    2659    3567    +E7320  
+E7320  3568    3564    3569    
CQUAD9  7322    2       1200    1199    494     850     3568    3570    +E7322  
+E7322  2050    3571    3572    
CQUAD9  7324    2       819     1200    850     476     3565    3571    +E7324  
+E7324  2047    1921    3573    
CQUAD9  7326    2       482     1139    1201    1116    3272    3574    +E7326  
+E7326  3575    3158    3576    
CQUAD9  7328    2       1139    494     1199    1201    3278    3570    +E7328  
+E7328  3577    3574    3578    
CQUAD9  7330    2       1201    1199    459     1114    3577    3567    +E7330  
+E7330  3147    3579    3580    
CQUAD9  7332    2       1116    1201    1114    612     3575    3579    +E7332  
+E7332  3156    3162    3581    
CQUAD9  7334    2       92      1133    1202    93      3246    3582    +E7334  
+E7334  3583    144     3584    
CQUAD9  7336    2       1133    558     832     1202    3254    1978    +E7336  
+E7336  3585    3582    3586    
CQUAD9  7338    2       1202    832     521     1175    3585    1975    +E7338  
+E7338  3426    3587    3588    
CQUAD9  7340    2       93      1202    1175    94      3583    3587    +E7340  
+E7340  3423    145     3589    
CQUAD9  7342    2       94      1078    1203    93      2996    3590    +E7342  
+E7342  3591    145     3592    
CQUAD9  7344    2       1078    523     1187    1203    3006    3488    +E7344  
+E7344  3593    3590    3594    
CQUAD9  7346    2       1203    1187    525     695     3593    3494    +E7346  
+E7346  1483    3595    3596    
CQUAD9  7348    2       93      1203    695     92      3591    3595    +E7348  
+E7348  1480    144     3597    
CQUAD9  7350    2       509     1144    1205    1137    3296    3598    +E7350  
+E7350  3599    3265    3600    
CQUAD9  7352    2       1144    479     1166    1205    3292    3378    +E7352  
+E7352  3601    3598    3602    
CQUAD9  7354    2       1205    1166    565     1204    3601    3386    +E7354  
+E7354  3603    3604    3605    
CQUAD9  7356    2       1137    1205    1204    518     3599    3604    +E7356  
+E7356  3606    3268    3607    
CQUAD9  7358    2       581     815     1206    1162    1907    3608    +E7358  
+E7358  3609    3364    3610    
CQUAD9  7360    2       815     545     751     1206    1916    1681    +E7360  
+E7360  3611    3608    3612    
CQUAD9  7362    2       1206    751     518     1204    3611    1678    +E7362  
+E7362  3606    3613    3614    
CQUAD9  7364    2       1162    1206    1204    565     3609    3613    +E7364  
+E7364  3603    3368    3615    
CQUAD9  7366    2       86      650     1208    87      1312    3616    +E7366  
+E7366  3617    138     3618    
CQUAD9  7368    2       650     443     1146    1208    1322    3304    +E7368  
+E7368  3619    3616    3620    
CQUAD9  7370    2       1208    1146    598     1207    3619    3301    +E7370  
+E7370  3621    3622    3623    
CQUAD9  7372    2       87      1208    1207    88      3617    3622    +E7372  
+E7372  3624    139     3625    
CQUAD9  7374    2       88      1207    1209    89      3624    3626    +E7374  
+E7374  3627    140     3628    
CQUAD9  7376    2       1207    598     1160    1209    3621    3356    +E7376  
+E7376  3629    3626    3630    
CQUAD9  7378    2       1209    1160    544     1132    3629    3362    +E7378  
+E7378  3251    3631    3632    
CQUAD9  7380    2       89      1209    1132    90      3627    3631    +E7380  
+E7380  3248    141     3633    
CQUAD9  7382    2       498     1056    1210    1067    2923    3634    +E7382  
+E7382  3635    2966    3636    
CQUAD9  7384    2       1056    500     1172    1210    2918    3414    +E7384  
+E7384  3637    3634    3638    
CQUAD9  7386    2       1210    1172    501     749     3637    3411    +E7386  
+E7386  1673    3639    3640    
CQUAD9  7388    2       1067    1210    749     492     3635    3639    +E7388  
+E7388  1668    2958    3641    
CQUAD9  7390    2       475     1211    1213    620     3642    3643    +E7390  
+E7390  3644    1222    3645    
CQUAD9  7392    2       1211    465     1212    1213    3646    3647    +E7392  
+E7392  3648    3643    3649    
CQUAD9  7394    2       1213    1212    578     983     3648    3650    +E7394  
+E7394  2596    3651    3652    
CQUAD9  7396    2       620     1213    983     511     3644    3651    +E7396  
+E7396  2592    1225    3653    
CQUAD9  7398    2       577     1152    1214    1142    3328    3654    +E7398  
+E7398  3655    3290    3656    
CQUAD9  7400    2       1152    618     1155    1214    3325    3340    +E7400  
+E7400  3657    3654    3658    
CQUAD9  7402    2       1214    1155    578     1212    3657    3337    +E7402  
+E7402  3650    3659    3660    
CQUAD9  7404    2       1142    1214    1212    465     3655    3659    +E7404  
+E7404  3647    3283    3661    
CQUAD9  7406    2       465     1211    1215    1141    3646    3662    +E7406  
+E7406  3663    3280    3664    
CQUAD9  7408    2       1211    475     653     1215    3642    1333    +E7408  
+E7408  3665    3662    3666    
CQUAD9  7410    2       1215    653     542     1165    3665    1330    +E7410  
+E7410  3383    3667    3668    
CQUAD9  7412    2       1141    1215    1165    461     3663    3667    +E7412  
+E7412  3380    3285    3669    
CQUAD9  7414    3       177     3680    3682    178     3713    3714    +E7414  
+E7414  3715    189     3716    
CQUAD9  7416    3       3680    3673    3681    3682    3717    3718    +E7416  
+E7416  3719    3714    3720    
CQUAD9  7418    3       3682    3681    5       3677    3719    3721    +E7418  
+E7418  3722    3723    3724    
CQUAD9  7420    3       178     3682    3677    179     3715    3723    +E7420  
+E7420  3725    190     3726    
CQUAD9  7422    3       194     3683    3685    193     3727    3728    +E7422  
+E7422  3729    205     3730    
CQUAD9  7424    3       3683    3674    3684    3685    3731    3732    +E7424  
+E7424  3733    3728    3734    
CQUAD9  7426    3       3685    3684    217     216     3733    3735    +E7426  
+E7426  220     3736    3737    
CQUAD9  7428    3       193     3685    216     8       3729    3736    +E7428  
+E7428  219     204     3738    
CQUAD9  7430    3       7       3686    3689    170     3739    3740    +E7430  
+E7430  3741    181     3742    
CQUAD9  7432    3       3686    3675    3687    3689    3743    3744    +E7432  
+E7432  3745    3740    3746    
CQUAD9  7434    3       3689    3687    3672    3688    3745    3747    +E7434  
+E7434  3748    3749    3750    
CQUAD9  7436    3       170     3689    3688    171     3741    3749    +E7436  
+E7436  3751    182     3752    
CQUAD9  7438    3       194     195     3693    3692    206     3753    +E7438  
+E7438  3754    3755    3756    
CQUAD9  7440    3       195     196     3690    3693    207     3757    +E7440  
+E7440  3758    3753    3759    
CQUAD9  7442    3       3693    3690    3671    3691    3758    3760    +E7442  
+E7442  3761    3762    3763    
CQUAD9  7444    3       3692    3693    3691    3672    3754    3762    +E7444  
+E7444  3764    3765    3766    
CQUAD9  7446    3       171     3688    3695    172     3751    3767    +E7446  
+E7446  3768    183     3769    
CQUAD9  7448    3       3688    3672    3691    3695    3748    3764    +E7448  
+E7448  3770    3767    3771    
CQUAD9  7450    3       3695    3691    3671    3694    3770    3761    +E7450  
+E7450  3772    3773    3774    
CQUAD9  7452    3       172     3695    3694    173     3768    3773    +E7452  
+E7452  3775    184     3776    
CQUAD9  7454    3       196     197     3698    3690    208     3777    +E7454  
+E7454  3778    3757    3779    
CQUAD9  7456    3       197     198     3696    3698    209     3780    +E7456  
+E7456  3781    3777    3782    
CQUAD9  7458    3       3698    3696    3670    3697    3781    3783    +E7458  
+E7458  3784    3785    3786    
CQUAD9  7460    3       3690    3698    3697    3671    3778    3785    +E7460  
+E7460  3787    3760    3788    
CQUAD9  7462    3       173     3694    3700    174     3775    3789    +E7462  
+E7462  3790    185     3791    
CQUAD9  7464    3       3694    3671    3697    3700    3772    3787    +E7464  
+E7464  3792    3789    3793    
CQUAD9  7466    3       3700    3697    3670    3699    3792    3784    +E7466  
+E7466  3794    3795    3796    
CQUAD9  7468    3       174     3700    3699    175     3790    3795    +E7468  
+E7468  3797    186     3798    
CQUAD9  7470    3       5       3681    3702    3679    3721    3799    +E7470  
+E7470  3800    3801    3802    
CQUAD9  7472    3       3681    3673    3701    3702    3718    3803    +E7472  
+E7472  3804    3799    3805    
CQUAD9  7474    3       3702    3701    200     201     3804    3806    +E7474  
+E7474  212     3807    3808    
CQUAD9  7476    3       3679    3702    201     202     3800    3807    +E7476  
+E7476  213     3809    3810    
CQUAD9  7478    3       198     199     3704    3696    210     3811    +E7478  
+E7478  3812    3780    3813    
CQUAD9  7480    3       199     200     3701    3704    211     3806    +E7480  
+E7480  3814    3811    3815    
CQUAD9  7482    3       3704    3701    3673    3703    3814    3803    +E7482  
+E7482  3816    3817    3818    
CQUAD9  7484    3       3696    3704    3703    3670    3812    3817    +E7484  
+E7484  3819    3783    3820    
CQUAD9  7486    3       175     3699    3705    176     3797    3821    +E7486  
+E7486  3822    187     3823    
CQUAD9  7488    3       3699    3670    3703    3705    3794    3819    +E7488  
+E7488  3824    3821    3825    
CQUAD9  7490    3       3705    3703    3673    3680    3824    3816    +E7490  
+E7490  3717    3826    3827    
CQUAD9  7492    3       176     3705    3680    177     3822    3826    +E7492  
+E7492  3713    188     3828    
CQUAD9  7494    3       7       218     3707    3686    222     3829    +E7494  
+E7494  3830    3739    3831    
CQUAD9  7496    3       218     217     3684    3707    221     3735    +E7496  
+E7496  3832    3829    3833    
CQUAD9  7498    3       3707    3684    3674    3706    3832    3732    +E7498  
+E7498  3834    3835    3836    
CQUAD9  7500    3       3686    3707    3706    3675    3830    3835    +E7500  
+E7500  3837    3743    3838    
CQUAD9  7502    3       194     3692    3708    3683    3755    3839    +E7502  
+E7502  3840    3727    3841    
CQUAD9  7504    3       3692    3672    3687    3708    3765    3747    +E7504  
+E7504  3842    3839    3843    
CQUAD9  7506    3       3708    3687    3675    3706    3842    3744    +E7506  
+E7506  3837    3844    3845    
CQUAD9  7508    3       3683    3708    3706    3674    3840    3844    +E7508  
+E7508  3834    3731    3846    
CQUAD9  7510    3       179     3676    3709    180     3847    3848    +E7510  
+E7510  3849    191     3850    
CQUAD9  7512    3       3676    39      38      3709    3851    42      +E7512  
+E7512  3852    3848    3853    
CQUAD9  7514    3       180     3709    38      4       3849    3852    +E7514  
+E7514  41      192     3854    
CQUAD9  7516    3       39      3676    3710    40      3851    3855    +E7516  
+E7516  3856    43      3857    
CQUAD9  7518    3       3676    179     3677    3710    3847    3725    +E7518  
+E7518  3858    3855    3859    
CQUAD9  7520    3       40      3710    3677    5       3856    3858    +E7520  
+E7520  3722    44      3860    
CQUAD9  7522    3       61      3678    3711    62      3861    3862    +E7522  
+E7522  3863    65      3864    
CQUAD9  7524    3       3678    202     203     3711    3865    214     +E7524  
+E7524  3866    3862    3867    
CQUAD9  7526    3       62      3711    203     6       3863    3866    +E7526  
+E7526  215     66      3868    
CQUAD9  7528    3       202     3678    3712    3679    3865    3869    +E7528  
+E7528  3870    3809    3871    
CQUAD9  7530    3       3678    61      60      3712    3861    64      +E7530  
+E7530  3872    3869    3873    
CQUAD9  7532    3       3679    3712    60      5       3870    3872    +E7532  
+E7532  63      3801    3874    
CQUAD9  7534    4       217     3885    3887    216     3918    3919    +E7534  
+E7534  3920    220     3921    
CQUAD9  7536    4       3885    3879    3886    3887    3922    3923    +E7536  
+E7536  3924    3919    3925    
CQUAD9  7538    4       3887    3886    232     233     3924    3926    +E7538  
+E7538  244     3927    3928    
CQUAD9  7540    4       216     3887    233     8       3920    3927    +E7540  
+E7540  245     219     3929    
CQUAD9  7542    4       3878    3888    3891    3890    3930    3931    +E7542  
+E7542  3932    3933    3934    
CQUAD9  7544    4       3888    3880    3889    3891    3935    3936    +E7544  
+E7544  3937    3931    3938    
CQUAD9  7546    4       3891    3889    7       256     3937    3939    +E7546  
+E7546  268     3940    3941    
CQUAD9  7548    4       3890    3891    256     255     3932    3940    +E7548  
+E7548  267     3942    3943    
CQUAD9  7550    4       232     3892    3895    231     3944    3945    +E7550  
+E7550  3946    243     3947    
CQUAD9  7552    4       3892    3878    3893    3895    3948    3949    +E7552  
+E7552  3950    3945    3951    
CQUAD9  7554    4       3895    3893    3877    3894    3950    3952    +E7554  
+E7554  3953    3954    3955    
CQUAD9  7556    4       231     3895    3894    230     3946    3954    +E7556  
+E7556  3956    242     3957    
CQUAD9  7558    4       255     254     3897    3890    266     3958    +E7558  
+E7558  3959    3942    3960    
CQUAD9  7560    4       254     253     3896    3897    265     3961    +E7560  
+E7560  3962    3958    3963    
CQUAD9  7562    4       3897    3896    3877    3893    3962    3964    +E7562  
+E7562  3952    3965    3966    
CQUAD9  7564    4       3890    3897    3893    3878    3959    3965    +E7564  
+E7564  3949    3933    3967    
CQUAD9  7566    4       228     3898    3901    227     3968    3969    +E7566  
+E7566  3970    239     3971    
CQUAD9  7568    4       3898    3876    3899    3901    3972    3973    +E7568  
+E7568  3974    3969    3975    
CQUAD9  7570    4       3901    3899    3875    3900    3974    3976    +E7570  
+E7570  3977    3978    3979    
CQUAD9  7572    4       227     3901    3900    226     3970    3978    +E7572  
+E7572  3980    238     3981    
CQUAD9  7574    4       251     250     3904    3903    262     3982    +E7574  
+E7574  3983    3984    3985    
CQUAD9  7576    4       250     249     3902    3904    261     3986    +E7576  
+E7576  3987    3982    3988    
CQUAD9  7578    4       3904    3902    3875    3899    3987    3989    +E7578  
+E7578  3976    3990    3991    
CQUAD9  7580    4       3903    3904    3899    3876    3983    3990    +E7580  
+E7580  3973    3992    3993    
CQUAD9  7582    4       253     252     3906    3896    264     3994    +E7582  
+E7582  3995    3961    3996    
CQUAD9  7584    4       252     251     3903    3906    263     3984    +E7584  
+E7584  3997    3994    3998    
CQUAD9  7586    4       3906    3903    3876    3905    3997    3992    +E7586  
+E7586  3999    4000    4001    
CQUAD9  7588    4       3896    3906    3905    3877    3995    4000    +E7588  
+E7588  4002    3964    4003    
CQUAD9  7590    4       230     3894    3907    229     3956    4004    +E7590  
+E7590  4005    241     4006    
CQUAD9  7592    4       3894    3877    3905    3907    3953    4002    +E7592  
+E7592  4007    4004    4008    
CQUAD9  7594    4       3907    3905    3876    3898    4007    3999    +E7594  
+E7594  3972    4009    4010    
CQUAD9  7596    4       229     3907    3898    228     4005    4009    +E7596  
+E7596  3968    240     4011    
CQUAD9  7598    4       7       3889    3909    218     3939    4012    +E7598  
+E7598  4013    222     4014    
CQUAD9  7600    4       3889    3880    3908    3909    3936    4015    +E7600  
+E7600  4016    4012    4017    
CQUAD9  7602    4       3909    3908    3879    3885    4016    4018    +E7602  
+E7602  3922    4019    4020    
CQUAD9  7604    4       218     3909    3885    217     4013    4019    +E7604  
+E7604  3918    221     4021    
CQUAD9  7606    4       232     3886    3910    3892    3926    4022    +E7606  
+E7606  4023    3944    4024    
CQUAD9  7608    4       3886    3879    3908    3910    3923    4018    +E7608  
+E7608  4025    4022    4026    
CQUAD9  7610    4       3910    3908    3880    3888    4025    4015    +E7610  
+E7610  3935    4027    4028    
CQUAD9  7612    4       3892    3910    3888    3878    4023    4027    +E7612  
+E7612  3930    3948    4029    
CQUAD9  7614    4       3875    3911    3912    3900    4030    4031    +E7614  
+E7614  4032    3977    4033    
CQUAD9  7616    4       3911    48      3884    3912    4034    4035    +E7616  
+E7616  4036    4031    4037    
CQUAD9  7618    4       3912    3884    224     225     4036    4038    +E7618  
+E7618  236     4039    4040    
CQUAD9  7620    4       3900    3912    225     226     4032    4039    +E7620  
+E7620  237     3980    4041    
CQUAD9  7622    4       3875    3902    3913    3911    3989    4042    +E7622  
+E7622  4043    4030    4044    
CQUAD9  7624    4       3902    249     248     3913    3986    260     +E7624  
+E7624  4045    4042    4046    
CQUAD9  7626    4       3913    248     247     3882    4045    259     +E7626  
+E7626  4047    4048    4049    
CQUAD9  7628    4       3911    3913    3882    48      4043    4048    +E7628  
+E7628  4050    4034    4051    
CQUAD9  7630    4       247     3881    3914    3882    4052    4053    +E7630  
+E7630  4054    4047    4055    
CQUAD9  7632    4       3881    50      49      3914    4056    57      +E7632  
+E7632  4057    4053    4058    
CQUAD9  7634    4       3882    3914    49      48      4054    4057    +E7634  
+E7634  56      4050    4059    
CQUAD9  7636    4       50      3881    3915    51      4056    4060    +E7636  
+E7636  4061    58      4062    
CQUAD9  7638    4       3881    247     246     3915    4052    258     +E7638  
+E7638  4063    4060    4064    
CQUAD9  7640    4       51      3915    246     4       4061    4063    +E7640  
+E7640  257     59      4065    
CQUAD9  7642    4       46      3883    3916    47      4066    4067    +E7642  
+E7642  4068    54      4069    
CQUAD9  7644    4       3883    224     3884    3916    4070    4038    +E7644  
+E7644  4071    4067    4072    
CQUAD9  7646    4       47      3916    3884    48      4068    4071    +E7646  
+E7646  4035    55      4073    
CQUAD9  7648    4       224     3883    3917    223     4070    4074    +E7648  
+E7648  4075    235     4076    
CQUAD9  7650    4       3883    46      45      3917    4066    53      +E7650  
+E7650  4077    4074    4078    
CQUAD9  7652    4       223     3917    45      6       4075    4077    +E7652  
+E7652  52      234     4079    
CQUAD9  7654    5       9       317     4095    4094    321     4139    +E7654  
+E7654  4140    4141    4142    
CQUAD9  7656    5       317     316     4092    4095    320     4143    +E7656  
+E7656  4144    4139    4145    
CQUAD9  7658    5       4095    4092    4085    4093    4144    4146    +E7658  
+E7658  4147    4148    4149    
CQUAD9  7660    5       4094    4095    4093    4083    4140    4148    +E7660  
+E7660  4150    4151    4152    
CQUAD9  7662    5       9       4096    4099    317     4153    4154    +E7662  
+E7662  4155    321     4156    
CQUAD9  7664    5       4096    4082    4097    4099    4157    4158    +E7664  
+E7664  4159    4154    4160    
CQUAD9  7666    5       4099    4097    4084    4098    4159    4161    +E7666  
+E7666  4162    4163    4164    
CQUAD9  7668    5       317     4099    4098    316     4155    4163    +E7668  
+E7668  4165    320     4166    
CQUAD9  7670    5       301     4100    4103    4102    4167    4168    +E7670  
+E7670  4169    4170    4171    
CQUAD9  7672    5       4100    179     4089    4103    4172    4173    +E7672  
+E7672  4174    4168    4175    
CQUAD9  7674    5       4103    4089    4080    4101    4174    4176    +E7674  
+E7674  4177    4178    4179    
CQUAD9  7676    5       4102    4103    4101    4087    4169    4178    +E7676  
+E7676  4180    4181    4182    
CQUAD9  7678    5       270     4104    4107    4106    4183    4184    +E7678  
+E7678  4185    4186    4187    
CQUAD9  7680    5       4104    4086    4105    4107    4188    4189    +E7680  
+E7680  4190    4184    4191    
CQUAD9  7682    5       4107    4105    4081    4090    4190    4192    +E7682  
+E7682  4193    4194    4195    
CQUAD9  7684    5       4106    4107    4090    247     4185    4194    +E7684  
+E7684  4196    4197    4198    
CQUAD9  7686    5       4084    4097    4110    4109    4161    4199    +E7686  
+E7686  4200    4201    4202    
CQUAD9  7688    5       4097    4082    4108    4110    4158    4203    +E7688  
+E7688  4204    4199    4205    
CQUAD9  7690    5       4110    4108    4087    4101    4204    4206    +E7690  
+E7690  4180    4207    4208    
CQUAD9  7692    5       4109    4110    4101    4080    4200    4207    +E7692  
+E7692  4177    4209    4210    
CQUAD9  7694    5       4085    4111    4113    4093    4211    4212    +E7694  
+E7694  4213    4147    4214    
CQUAD9  7696    5       4111    4081    4105    4113    4215    4192    +E7696  
+E7696  4216    4212    4217    
CQUAD9  7698    5       4113    4105    4086    4112    4216    4189    +E7698  
+E7698  4218    4219    4220    
CQUAD9  7700    5       4093    4113    4112    4083    4213    4219    +E7700  
+E7700  4221    4150    4222    
CQUAD9  7702    5       316     4098    4114    315     4165    4223    +E7702  
+E7702  4224    319     4225    
CQUAD9  7704    5       4098    4084    4109    4114    4162    4201    +E7704  
+E7704  4226    4223    4227    
CQUAD9  7706    5       4114    4109    4080    4088    4226    4209    +E7706  
+E7706  4228    4229    4230    
CQUAD9  7708    5       315     4114    4088    4       4224    4229    +E7708  
+E7708  4231    318     4232    
CQUAD9  7710    5       316     315     4115    4092    319     4233    +E7710  
+E7710  4234    4143    4235    
CQUAD9  7712    5       315     4       4091    4115    318     4236    +E7712  
+E7712  4237    4233    4238    
CQUAD9  7714    5       4115    4091    4081    4111    4237    4239    +E7714  
+E7714  4215    4240    4241    
CQUAD9  7716    5       4092    4115    4111    4085    4234    4240    +E7716  
+E7716  4211    4146    4242    
CQUAD9  7718    5       4086    4104    4116    4112    4188    4243    +E7718  
+E7718  4244    4218    4245    
CQUAD9  7720    5       4104    270     269     4116    4183    281     +E7720  
+E7720  4246    4243    4247    
CQUAD9  7722    5       4116    269     9       4094    4246    280     +E7722  
+E7722  4141    4248    4249    
CQUAD9  7724    5       4112    4116    4094    4083    4244    4248    +E7724  
+E7724  4151    4221    4250    
CQUAD9  7726    5       4087    4108    4117    4102    4206    4251    +E7726  
+E7726  4252    4181    4253    
CQUAD9  7728    5       4108    4082    4096    4117    4203    4157    +E7728  
+E7728  4254    4251    4255    
CQUAD9  7730    5       4117    4096    9       302     4254    4153    +E7730  
+E7730  314     4256    4257    
CQUAD9  7732    5       4102    4117    302     301     4252    4256    +E7732  
+E7732  313     4170    4258    
CQUAD9  7734    5       251     4118    4120    250     4259    4260    +E7734  
+E7734  4261    262     4262    
CQUAD9  7736    5       4118    274     273     4120    4263    285     +E7736  
+E7736  4264    4260    4265    
CQUAD9  7738    5       4120    273     272     4119    4264    284     +E7738  
+E7738  4266    4267    4268    
CQUAD9  7740    5       250     4120    4119    249     4261    4267    +E7740  
+E7740  4269    261     4270    
CQUAD9  7742    5       10      279     4123    4122    291     4271    +E7742  
+E7742  4272    4273    4274    
CQUAD9  7744    5       279     278     4121    4123    290     4275    +E7744  
+E7744  4276    4271    4277    
CQUAD9  7746    5       4123    4121    255     256     4276    4278    +E7746  
+E7746  267     4279    4280    
CQUAD9  7748    5       4122    4123    256     7       4272    4279    +E7748  
+E7748  268     4281    4282    
CQUAD9  7750    5       171     4124    4125    170     4283    4284    +E7750  
+E7750  4285    182     4286    
CQUAD9  7752    5       4124    293     292     4125    4287    304     +E7752  
+E7752  4288    4284    4289    
CQUAD9  7754    5       4125    292     10      4122    4288    303     +E7754  
+E7754  4273    4290    4291    
CQUAD9  7756    5       170     4125    4122    7       4285    4290    +E7756  
+E7756  4281    181     4292    
CQUAD9  7758    5       253     4126    4127    252     4293    4294    +E7758  
+E7758  4295    264     4296    
CQUAD9  7760    5       4126    276     275     4127    4297    287     +E7760  
+E7760  4298    4294    4299    
CQUAD9  7762    5       4127    275     274     4118    4298    286     +E7762  
+E7762  4263    4300    4301    
CQUAD9  7764    5       252     4127    4118    251     4295    4300    +E7764  
+E7764  4259    263     4302    
CQUAD9  7766    5       173     4128    4129    172     4303    4304    +E7766  
+E7766  4305    184     4306    
CQUAD9  7768    5       4128    295     294     4129    4307    306     +E7768  
+E7768  4308    4304    4309    
CQUAD9  7770    5       4129    294     293     4124    4308    305     +E7770  
+E7770  4287    4310    4311    
CQUAD9  7772    5       172     4129    4124    171     4305    4310    +E7772  
+E7772  4283    183     4312    
CQUAD9  7774    5       255     4121    4130    254     4278    4313    +E7774  
+E7774  4314    266     4315    
CQUAD9  7776    5       4121    278     277     4130    4275    289     +E7776  
+E7776  4316    4313    4317    
CQUAD9  7778    5       4130    277     276     4126    4316    288     +E7778  
+E7778  4297    4318    4319    
CQUAD9  7780    5       254     4130    4126    253     4314    4318    +E7780  
+E7780  4293    265     4320    
CQUAD9  7782    5       177     4131    4133    176     4321    4322    +E7782  
+E7782  4323    188     4324    
CQUAD9  7784    5       4131    299     298     4133    4325    310     +E7784  
+E7784  4326    4322    4327    
CQUAD9  7786    5       4133    298     297     4132    4326    309     +E7786  
+E7786  4328    4329    4330    
CQUAD9  7788    5       176     4133    4132    175     4323    4329    +E7788  
+E7788  4331    187     4332    
CQUAD9  7790    5       249     4119    4134    248     4269    4333    +E7790  
+E7790  4334    260     4335    
CQUAD9  7792    5       4119    272     271     4134    4266    283     +E7792  
+E7792  4336    4333    4337    
CQUAD9  7794    5       4134    271     270     4106    4336    282     +E7794  
+E7794  4186    4338    4339    
CQUAD9  7796    5       248     4134    4106    247     4334    4338    +E7796  
+E7796  4197    259     4340    
CQUAD9  7798    5       301     300     4135    4100    312     4341    +E7798  
+E7798  4342    4167    4343    
CQUAD9  7800    5       300     299     4131    4135    311     4325    +E7800  
+E7800  4344    4341    4345    
CQUAD9  7802    5       4135    4131    177     178     4344    4321    +E7802  
+E7802  189     4346    4347    
CQUAD9  7804    5       4100    4135    178     179     4342    4346    +E7804  
+E7804  190     4172    4348    
CQUAD9  7806    5       175     4132    4136    174     4331    4349    +E7806  
+E7806  4350    186     4351    
CQUAD9  7808    5       4132    297     296     4136    4328    308     +E7808  
+E7808  4352    4349    4353    
CQUAD9  7810    5       4136    296     295     4128    4352    307     +E7810  
+E7810  4307    4354    4355    
CQUAD9  7812    5       174     4136    4128    173     4350    4354    +E7812  
+E7812  4303    185     4356    
CQUAD9  7814    5       4       4088    4137    180     4231    4357    +E7814  
+E7814  4358    192     4359    
CQUAD9  7816    5       4088    4080    4089    4137    4228    4176    +E7816  
+E7816  4360    4357    4361    
CQUAD9  7818    5       180     4137    4089    179     4358    4360    +E7818  
+E7818  4173    191     4362    
CQUAD9  7820    5       4       246     4138    4091    257     4363    +E7820  
+E7820  4364    4236    4365    
CQUAD9  7822    5       246     247     4090    4138    258     4196    +E7822  
+E7822  4366    4363    4367    
CQUAD9  7824    5       4091    4138    4090    4081    4364    4366    +E7824  
+E7824  4193    4239    4368    
CQUAD9  7826    6       11      4381    4384    370     4428    4429    +E7826  
+E7826  4430    374     4431    
CQUAD9  7828    6       4381    4372    4382    4384    4432    4433    +E7828  
+E7828  4434    4429    4435    
CQUAD9  7830    6       4384    4382    4374    4383    4434    4436    +E7830  
+E7830  4437    4438    4439    
CQUAD9  7832    6       370     4384    4383    369     4430    4438    +E7832  
+E7832  4440    373     4441    
CQUAD9  7834    6       11      370     4388    4387    374     4442    +E7834  
+E7834  4443    4444    4445    
CQUAD9  7836    6       370     369     4385    4388    373     4446    +E7836  
+E7836  4447    4442    4448    
CQUAD9  7838    6       4388    4385    4373    4386    4447    4449    +E7838  
+E7838  4450    4451    4452    
CQUAD9  7840    6       4387    4388    4386    4371    4443    4451    +E7840  
+E7840  4453    4454    4455    
CQUAD9  7842    6       354     4389    4392    4391    4456    4457    +E7842  
+E7842  4458    4459    4460    
CQUAD9  7844    6       4389    4376    4390    4392    4461    4462    +E7844  
+E7844  4463    4457    4464    
CQUAD9  7846    6       4392    4390    4369    4377    4463    4465    +E7846  
+E7846  4466    4467    4468    
CQUAD9  7848    6       4391    4392    4377    202     4458    4467    +E7848  
+E7848  4469    4470    4471    
CQUAD9  7850    6       323     4393    4396    4395    4472    4473    +E7850  
+E7850  4474    4475    4476    
CQUAD9  7852    6       4393    224     4380    4396    4477    4478    +E7852  
+E7852  4479    4473    4480    
CQUAD9  7854    6       4396    4380    4370    4394    4479    4481    +E7854  
+E7854  4482    4483    4484    
CQUAD9  7856    6       4395    4396    4394    4375    4474    4483    +E7856  
+E7856  4485    4486    4487    
CQUAD9  7858    6       4373    4397    4399    4386    4488    4489    +E7858  
+E7858  4490    4450    4491    
CQUAD9  7860    6       4397    4369    4390    4399    4492    4465    +E7860  
+E7860  4493    4489    4494    
CQUAD9  7862    6       4399    4390    4376    4398    4493    4462    +E7862  
+E7862  4495    4496    4497    
CQUAD9  7864    6       4386    4399    4398    4371    4490    4496    +E7864  
+E7864  4498    4453    4499    
CQUAD9  7866    6       4374    4382    4402    4401    4436    4500    +E7866  
+E7866  4501    4502    4503    
CQUAD9  7868    6       4382    4372    4400    4402    4433    4504    +E7868  
+E7868  4505    4500    4506    
CQUAD9  7870    6       4402    4400    4375    4394    4505    4507    +E7870  
+E7870  4485    4508    4509    
CQUAD9  7872    6       4401    4402    4394    4370    4501    4508    +E7872  
+E7872  4482    4510    4511    
CQUAD9  7874    6       369     368     4403    4385    372     4512    +E7874  
+E7874  4513    4446    4514    
CQUAD9  7876    6       368     6       4378    4403    371     4515    +E7876  
+E7876  4516    4512    4517    
CQUAD9  7878    6       4403    4378    4369    4397    4516    4518    +E7878  
+E7878  4492    4519    4520    
CQUAD9  7880    6       4385    4403    4397    4373    4513    4519    +E7880  
+E7880  4488    4449    4521    
CQUAD9  7882    6       369     4383    4404    368     4440    4522    +E7882  
+E7882  4523    372     4524    
CQUAD9  7884    6       4383    4374    4401    4404    4437    4502    +E7884  
+E7884  4525    4522    4526    
CQUAD9  7886    6       4404    4401    4370    4379    4525    4510    +E7886  
+E7886  4527    4528    4529    
CQUAD9  7888    6       368     4404    4379    6       4523    4528    +E7888  
+E7888  4530    371     4531    
CQUAD9  7890    6       4375    4400    4405    4395    4507    4532    +E7890  
+E7890  4533    4486    4534    
CQUAD9  7892    6       4400    4372    4381    4405    4504    4432    +E7892  
+E7892  4535    4532    4536    
CQUAD9  7894    6       4405    4381    11      322     4535    4428    +E7894  
+E7894  333     4537    4538    
CQUAD9  7896    6       4395    4405    322     323     4533    4537    +E7896  
+E7896  334     4475    4539    
CQUAD9  7898    6       4376    4389    4406    4398    4461    4540    +E7898  
+E7898  4541    4495    4542    
CQUAD9  7900    6       4389    354     355     4406    4456    366     +E7900  
+E7900  4543    4540    4544    
CQUAD9  7902    6       4406    355     11      4387    4543    367     +E7902  
+E7902  4444    4545    4546    
CQUAD9  7904    6       4398    4406    4387    4371    4541    4545    +E7904  
+E7904  4454    4498    4547    
CQUAD9  7906    6       228     227     4409    4408    239     4548    +E7906  
+E7906  4549    4550    4551    
CQUAD9  7908    6       227     226     4407    4409    238     4552    +E7908  
+E7908  4553    4548    4554    
CQUAD9  7910    6       4409    4407    325     326     4553    4555    +E7910  
+E7910  337     4556    4557    
CQUAD9  7912    6       4408    4409    326     327     4549    4556    +E7912  
+E7912  338     4558    4559    
CQUAD9  7914    6       232     231     4412    4411    243     4560    +E7914  
+E7914  4561    4562    4563    
CQUAD9  7916    6       231     230     4410    4412    242     4564    +E7916  
+E7916  4565    4560    4566    
CQUAD9  7918    6       4412    4410    329     330     4565    4567    +E7918  
+E7918  341     4568    4569    
CQUAD9  7920    6       4411    4412    330     331     4561    4568    +E7920  
+E7920  342     4570    4571    
CQUAD9  7922    6       12      4413    4414    332     4572    4573    +E7922  
+E7922  4574    344     4575    
CQUAD9  7924    6       4413    8       233     4414    4576    245     +E7924  
+E7924  4577    4573    4578    
CQUAD9  7926    6       4414    233     232     4411    4577    244     +E7926  
+E7926  4562    4579    4580    
CQUAD9  7928    6       332     4414    4411    331     4574    4579    +E7928  
+E7928  4570    343     4581    
CQUAD9  7930    6       194     193     4416    4415    205     4582    +E7930  
+E7930  4583    4584    4585    
CQUAD9  7932    6       193     8       4413    4416    204     4576    +E7932  
+E7932  4586    4582    4587    
CQUAD9  7934    6       4416    4413    12      345     4586    4572    +E7934  
+E7934  356     4588    4589    
CQUAD9  7936    6       4415    4416    345     346     4583    4588    +E7936  
+E7936  357     4590    4591    
CQUAD9  7938    6       196     195     4418    4417    207     4592    +E7938  
+E7938  4593    4594    4595    
CQUAD9  7940    6       195     194     4415    4418    206     4584    +E7940  
+E7940  4596    4592    4597    
CQUAD9  7942    6       4418    4415    346     347     4596    4590    +E7942  
+E7942  358     4598    4599    
CQUAD9  7944    6       4417    4418    347     348     4593    4598    +E7944  
+E7944  359     4600    4601    
CQUAD9  7946    6       200     199     4421    4420    211     4602    +E7946  
+E7946  4603    4604    4605    
CQUAD9  7948    6       199     198     4419    4421    210     4606    +E7948  
+E7948  4607    4602    4608    
CQUAD9  7950    6       4421    4419    350     351     4607    4609    +E7950  
+E7950  362     4610    4611    
CQUAD9  7952    6       4420    4421    351     352     4603    4610    +E7952  
+E7952  363     4612    4613    
CQUAD9  7954    6       329     4410    4422    328     4567    4614    +E7954  
+E7954  4615    340     4616    
CQUAD9  7956    6       4410    230     229     4422    4564    241     +E7956  
+E7956  4617    4614    4618    
CQUAD9  7958    6       4422    229     228     4408    4617    240     +E7958  
+E7958  4550    4619    4620    
CQUAD9  7960    6       328     4422    4408    327     4615    4619    +E7960  
+E7960  4558    339     4621    
CQUAD9  7962    6       226     225     4423    4407    237     4622    +E7962  
+E7962  4623    4552    4624    
CQUAD9  7964    6       225     224     4393    4423    236     4477    +E7964  
+E7964  4625    4622    4626    
CQUAD9  7966    6       4423    4393    323     324     4625    4472    +E7966  
+E7966  335     4627    4628    
CQUAD9  7968    6       4407    4423    324     325     4623    4627    +E7968  
+E7968  336     4555    4629    
CQUAD9  7970    6       354     4391    4424    353     4459    4630    +E7970  
+E7970  4631    365     4632    
CQUAD9  7972    6       4391    202     201     4424    4470    213     +E7972  
+E7972  4633    4630    4634    
CQUAD9  7974    6       4424    201     200     4420    4633    212     +E7974  
+E7974  4604    4635    4636    
CQUAD9  7976    6       353     4424    4420    352     4631    4635    +E7976  
+E7976  4612    364     4637    
CQUAD9  7978    6       198     197     4425    4419    209     4638    +E7978  
+E7978  4639    4606    4640    
CQUAD9  7980    6       197     196     4417    4425    208     4594    +E7980  
+E7980  4641    4638    4642    
CQUAD9  7982    6       4425    4417    348     349     4641    4600    +E7982  
+E7982  360     4643    4644    
CQUAD9  7984    6       4419    4425    349     350     4639    4643    +E7984  
+E7984  361     4609    4645    
CQUAD9  7986    6       6       203     4426    4378    215     4646    +E7986  
+E7986  4647    4515    4648    
CQUAD9  7988    6       203     202     4377    4426    214     4469    +E7988  
+E7988  4649    4646    4650    
CQUAD9  7990    6       4378    4426    4377    4369    4647    4649    +E7990  
+E7990  4466    4518    4651    
CQUAD9  7992    6       6       4379    4427    223     4530    4652    +E7992  
+E7992  4653    234     4654    
CQUAD9  7994    6       4379    4370    4380    4427    4527    4481    +E7994  
+E7994  4655    4652    4656    
CQUAD9  7996    6       223     4427    4380    224     4653    4655    +E7996  
+E7996  4478    235     4657    
CQUAD9  7998    7       380     4688    4690    379     4789    4790    +E7998  
+E7998  4791    391     4792    
CQUAD9  8000    7       4688    4668    4689    4690    4793    4794    +E8000  
+E8000  4795    4790    4796    
CQUAD9  8002    7       4690    4689    4663    4684    4795    4797    +E8002  
+E8002  4798    4799    4800    
CQUAD9  8004    7       379     4690    4684    378     4791    4799    +E8004  
+E8004  4801    390     4802    
CQUAD9  8006    7       301     4685    4692    300     4803    4804    +E8006  
+E8006  4805    312     4806    
CQUAD9  8008    7       4685    4663    4689    4692    4807    4797    +E8008  
+E8008  4808    4804    4809    
CQUAD9  8010    7       4692    4689    4668    4691    4808    4794    +E8010  
+E8010  4810    4811    4812    
CQUAD9  8012    7       300     4692    4691    299     4805    4811    +E8012  
+E8012  4813    311     4814    
CQUAD9  8014    7       382     4693    4695    381     4815    4816    +E8014  
+E8014  4817    393     4818    
CQUAD9  8016    7       4693    4666    4694    4695    4819    4820    +E8016  
+E8016  4821    4816    4822    
CQUAD9  8018    7       4695    4694    4668    4688    4821    4823    +E8018  
+E8018  4793    4824    4825    
CQUAD9  8020    7       381     4695    4688    380     4817    4824    +E8020  
+E8020  4789    392     4826    
CQUAD9  8022    7       299     4691    4697    298     4813    4827    +E8022  
+E8022  4828    310     4829    
CQUAD9  8024    7       4691    4668    4694    4697    4810    4823    +E8024  
+E8024  4830    4827    4831    
CQUAD9  8026    7       4697    4694    4666    4696    4830    4820    +E8026  
+E8026  4832    4833    4834    
CQUAD9  8028    7       298     4697    4696    297     4828    4833    +E8028  
+E8028  4835    309     4836    
CQUAD9  8030    7       384     4698    4700    383     4837    4838    +E8030  
+E8030  4839    395     4840    
CQUAD9  8032    7       4698    4662    4699    4700    4841    4842    +E8032  
+E8032  4843    4838    4844    
CQUAD9  8034    7       4700    4699    4666    4693    4843    4845    +E8034  
+E8034  4819    4846    4847    
CQUAD9  8036    7       383     4700    4693    382     4839    4846    +E8036  
+E8036  4815    394     4848    
CQUAD9  8038    7       297     4696    4702    296     4835    4849    +E8038  
+E8038  4850    308     4851    
CQUAD9  8040    7       4696    4666    4699    4702    4832    4845    +E8040  
+E8040  4852    4849    4853    
CQUAD9  8042    7       4702    4699    4662    4701    4852    4842    +E8042  
+E8042  4854    4855    4856    
CQUAD9  8044    7       296     4702    4701    295     4850    4855    +E8044  
+E8044  4857    307     4858    
CQUAD9  8046    7       384     383     4706    4705    395     4859    +E8046  
+E8046  4860    4861    4862    
CQUAD9  8048    7       383     382     4703    4706    394     4863    +E8048  
+E8048  4864    4859    4865    
CQUAD9  8050    7       4706    4703    4665    4704    4864    4866    +E8050  
+E8050  4867    4868    4869    
CQUAD9  8052    7       4705    4706    4704    4661    4860    4868    +E8052  
+E8052  4870    4871    4872    
CQUAD9  8054    7       350     349     4709    4708    361     4873    +E8054  
+E8054  4874    4875    4876    
CQUAD9  8056    7       349     348     4707    4709    360     4877    +E8056  
+E8056  4878    4873    4879    
CQUAD9  8058    7       4709    4707    4661    4704    4878    4880    +E8058  
+E8058  4870    4881    4882    
CQUAD9  8060    7       4708    4709    4704    4665    4874    4881    +E8060  
+E8060  4867    4883    4884    
CQUAD9  8062    7       380     379     4712    4711    391     4885    +E8062  
+E8062  4886    4887    4888    
CQUAD9  8064    7       379     378     4683    4712    390     4889    +E8064  
+E8064  4890    4885    4891    
CQUAD9  8066    7       4712    4683    4664    4710    4890    4892    +E8066  
+E8066  4893    4894    4895    
CQUAD9  8068    7       4711    4712    4710    4667    4886    4894    +E8068  
+E8068  4896    4897    4898    
CQUAD9  8070    7       354     353     4714    4681    365     4899    +E8070  
+E8070  4900    4901    4902    
CQUAD9  8072    7       353     352     4713    4714    364     4903    +E8072  
+E8072  4904    4899    4905    
CQUAD9  8074    7       4714    4713    4667    4710    4904    4906    +E8074  
+E8074  4896    4907    4908    
CQUAD9  8076    7       4681    4714    4710    4664    4900    4907    +E8076  
+E8076  4893    4909    4910    
CQUAD9  8078    7       382     381     4716    4703    393     4911    +E8078  
+E8078  4912    4863    4913    
CQUAD9  8080    7       381     380     4711    4716    392     4887    +E8080  
+E8080  4914    4911    4915    
CQUAD9  8082    7       4716    4711    4667    4715    4914    4897    +E8082  
+E8082  4916    4917    4918    
CQUAD9  8084    7       4703    4716    4715    4665    4912    4917    +E8084  
+E8084  4919    4866    4920    
CQUAD9  8086    7       352     351     4717    4713    363     4921    +E8086  
+E8086  4922    4903    4923    
CQUAD9  8088    7       351     350     4708    4717    362     4875    +E8088  
+E8088  4924    4921    4925    
CQUAD9  8090    7       4717    4708    4665    4715    4924    4883    +E8090  
+E8090  4919    4926    4927    
CQUAD9  8092    7       4713    4717    4715    4667    4922    4926    +E8092  
+E8092  4916    4906    4928    
CQUAD9  8094    7       348     347     4719    4707    359     4929    +E8094  
+E8094  4930    4877    4931    
CQUAD9  8096    7       347     346     4718    4719    358     4932    +E8096  
+E8096  4933    4929    4934    
CQUAD9  8098    7       4719    4718    384     4705    4933    4935    +E8098  
+E8098  4861    4936    4937    
CQUAD9  8100    7       4707    4719    4705    4661    4930    4936    +E8100  
+E8100  4871    4880    4938    
CQUAD9  8102    7       295     4701    4721    294     4857    4939    +E8102  
+E8102  4940    306     4941    
CQUAD9  8104    7       4701    4662    4698    4721    4854    4841    +E8104  
+E8104  4942    4939    4943    
CQUAD9  8106    7       4721    4698    384     4720    4942    4837    +E8106  
+E8106  4944    4945    4946    
CQUAD9  8108    7       294     4721    4720    293     4940    4945    +E8108  
+E8108  4947    305     4948    
CQUAD9  8110    7       331     330     4725    4724    342     4949    +E8110  
+E8110  4950    4951    4952    
CQUAD9  8112    7       330     329     4722    4725    341     4953    +E8112  
+E8112  4954    4949    4955    
CQUAD9  8114    7       4725    4722    4673    4723    4954    4956    +E8114  
+E8114  4957    4958    4959    
CQUAD9  8116    7       4724    4725    4723    4671    4950    4958    +E8116  
+E8116  4960    4961    4962    
CQUAD9  8118    7       323     4726    4729    324     4963    4964    +E8118  
+E8118  4965    335     4966    
CQUAD9  8120    7       4726    4672    4727    4729    4967    4968    +E8120  
+E8120  4969    4964    4970    
CQUAD9  8122    7       4729    4727    4674    4728    4969    4971    +E8122  
+E8122  4972    4973    4974    
CQUAD9  8124    7       324     4729    4728    325     4965    4973    +E8124  
+E8124  4975    336     4976    
CQUAD9  8126    7       272     4730    4733    271     4977    4978    +E8126  
+E8126  4979    283     4980    
CQUAD9  8128    7       4730    4669    4731    4733    4981    4982    +E8128  
+E8128  4983    4978    4984    
CQUAD9  8130    7       4733    4731    4658    4732    4983    4985    +E8130  
+E8130  4986    4987    4988    
CQUAD9  8132    7       271     4733    4732    270     4979    4987    +E8132  
+E8132  4989    282     4990    
CQUAD9  8134    7       276     277     4737    4736    288     4991    +E8134  
+E8134  4992    4993    4994    
CQUAD9  8136    7       277     278     4734    4737    289     4995    +E8136  
+E8136  4996    4991    4997    
CQUAD9  8138    7       4737    4734    4659    4735    4996    4998    +E8138  
+E8138  4999    5000    5001    
CQUAD9  8140    7       4736    4737    4735    4670    4992    5000    +E8140  
+E8140  5002    5003    5004    
CQUAD9  8142    7       11      4738    4740    322     5005    5006    +E8142  
+E8142  5007    333     5008    
CQUAD9  8144    7       4738    4675    4739    4740    5009    5010    +E8144  
+E8144  5011    5006    5012    
CQUAD9  8146    7       4740    4739    4672    4726    5011    5013    +E8146  
+E8146  4967    5014    5015    
CQUAD9  8148    7       322     4740    4726    323     5007    5014    +E8148  
+E8148  4963    334     5016    
CQUAD9  8150    7       12      332     4743    4742    344     5017    +E8150  
+E8150  5018    5019    5020    
CQUAD9  8152    7       332     331     4724    4743    343     4951    +E8152  
+E8152  5021    5017    5022    
CQUAD9  8154    7       4743    4724    4671    4741    5021    4961    +E8154  
+E8154  5023    5024    5025    
CQUAD9  8156    7       4742    4743    4741    4676    5018    5024    +E8156  
+E8156  5026    5027    5028    
CQUAD9  8158    7       4670    4735    4746    4745    5002    5029    +E8158  
+E8158  5030    5031    5032    
CQUAD9  8160    7       4735    4659    4744    4746    4999    5033    +E8160  
+E8160  5034    5029    5035    
CQUAD9  8162    7       4746    4744    4676    4741    5034    5036    +E8162  
+E8162  5026    5037    5038    
CQUAD9  8164    7       4745    4746    4741    4671    5030    5037    +E8164  
+E8164  5023    5039    5040    
CQUAD9  8166    7       4669    4747    4749    4731    5041    5042    +E8166  
+E8166  5043    4982    5044    
CQUAD9  8168    7       4747    4672    4739    4749    5045    5013    +E8168  
+E8168  5046    5042    5047    
CQUAD9  8170    7       4749    4739    4675    4748    5046    5010    +E8170  
+E8170  5048    5049    5050    
CQUAD9  8172    7       4731    4749    4748    4658    5043    5049    +E8172  
+E8172  5051    4985    5052    
CQUAD9  8174    7       4672    4747    4752    4727    5045    5053    +E8174  
+E8174  5054    4968    5055    
CQUAD9  8176    7       4747    4669    4750    4752    5041    5056    +E8176  
+E8176  5057    5053    5058    
CQUAD9  8178    7       4752    4750    4678    4751    5057    5059    +E8178  
+E8178  5060    5061    5062    
CQUAD9  8180    7       4727    4752    4751    4674    5054    5061    +E8180  
+E8180  5063    4971    5064    
CQUAD9  8182    7       274     4753    4754    273     5065    5066    +E8182  
+E8182  5067    285     5068    
CQUAD9  8184    7       4753    4678    4750    4754    5069    5059    +E8184  
+E8184  5070    5066    5071    
CQUAD9  8186    7       4754    4750    4669    4730    5070    5056    +E8186  
+E8186  4981    5072    5073    
CQUAD9  8188    7       273     4754    4730    272     5067    5072    +E8188  
+E8188  4977    284     5074    
CQUAD9  8190    7       4671    4723    4757    4745    4960    5075    +E8190  
+E8190  5076    5039    5077    
CQUAD9  8192    7       4723    4673    4755    4757    4957    5078    +E8192  
+E8192  5079    5075    5080    
CQUAD9  8194    7       4757    4755    4677    4756    5079    5081    +E8194  
+E8194  5082    5083    5084    
CQUAD9  8196    7       4745    4757    4756    4670    5076    5083    +E8196  
+E8196  5085    5031    5086    
CQUAD9  8198    7       274     275     4759    4758    286     5087    +E8198  
+E8198  5088    5089    5090    
CQUAD9  8200    7       275     276     4736    4759    287     4993    +E8200  
+E8200  5091    5087    5092    
CQUAD9  8202    7       4759    4736    4670    4756    5091    5003    +E8202  
+E8202  5085    5093    5094    
CQUAD9  8204    7       4758    4759    4756    4677    5088    5093    +E8204  
+E8204  5082    5095    5096    
CQUAD9  8206    7       4678    4753    4762    4761    5069    5097    +E8206  
+E8206  5098    5099    5100    
CQUAD9  8208    7       4753    274     4758    4762    5065    5089    +E8208  
+E8208  5101    5097    5102    
CQUAD9  8210    7       4762    4758    4677    4760    5101    5095    +E8210  
+E8210  5103    5104    5105    
CQUAD9  8212    7       4761    4762    4760    4660    5098    5104    +E8212  
+E8212  5106    5107    5108    
CQUAD9  8214    7       325     4728    4765    326     4975    5109    +E8214  
+E8214  5110    337     5111    
CQUAD9  8216    7       4728    4674    4763    4765    4972    5112    +E8216  
+E8216  5113    5109    5114    
CQUAD9  8218    7       4765    4763    4679    4764    5113    5115    +E8218  
+E8218  5116    5117    5118    
CQUAD9  8220    7       326     4765    4764    327     5110    5117    +E8220  
+E8220  5119    338     5120    
CQUAD9  8222    7       4677    4755    4768    4760    5081    5121    +E8222  
+E8222  5122    5103    5123    
CQUAD9  8224    7       4755    4673    4766    4768    5078    5124    +E8224  
+E8224  5125    5121    5126    
CQUAD9  8226    7       4768    4766    4679    4767    5125    5127    +E8226  
+E8226  5128    5129    5130    
CQUAD9  8228    7       4760    4768    4767    4660    5122    5129    +E8228  
+E8228  5131    5106    5132    
CQUAD9  8230    7       4678    4761    4769    4751    5099    5133    +E8230  
+E8230  5134    5060    5135    
CQUAD9  8232    7       4761    4660    4767    4769    5107    5131    +E8232  
+E8232  5136    5133    5137    
CQUAD9  8234    7       4769    4767    4679    4763    5136    5128    +E8234  
+E8234  5115    5138    5139    
CQUAD9  8236    7       4751    4769    4763    4674    5134    5138    +E8236  
+E8236  5112    5063    5140    
CQUAD9  8238    7       329     328     4770    4722    340     5141    +E8238  
+E8238  5142    4953    5143    
CQUAD9  8240    7       328     327     4764    4770    339     5119    +E8240  
+E8240  5144    5141    5145    
CQUAD9  8242    7       4770    4764    4679    4766    5144    5116    +E8242  
+E8242  5127    5146    5147    
CQUAD9  8244    7       4722    4770    4766    4673    5142    5146    +E8244  
+E8244  5124    4956    5148    
CQUAD9  8246    7       4659    4771    4773    4744    5149    5150    +E8246  
+E8246  5151    5033    5152    
CQUAD9  8248    7       4771    13      4772    4773    5153    5154    +E8248  
+E8248  5155    5150    5156    
CQUAD9  8250    7       4773    4772    12      4742    5155    5157    +E8250  
+E8250  5019    5158    5159    
CQUAD9  8252    7       4744    4773    4742    4676    5151    5158    +E8252  
+E8252  5027    5036    5160    
CQUAD9  8254    7       12      4772    4774    345     5157    5161    +E8254  
+E8254  5162    356     5163    
CQUAD9  8256    7       4772    13      385     4774    5154    397     +E8256  
+E8256  5164    5161    5165    
CQUAD9  8258    7       4774    385     384     4718    5164    396     +E8258  
+E8258  4935    5166    5167    
CQUAD9  8260    7       345     4774    4718    346     5162    5166    +E8260  
+E8260  4932    357     5168    
CQUAD9  8262    7       10      292     4776    4775    303     5169    +E8262  
+E8262  5170    5171    5172    
CQUAD9  8264    7       292     293     4720    4776    304     4947    +E8264  
+E8264  5173    5169    5174    
CQUAD9  8266    7       4776    4720    384     385     5173    4944    +E8266  
+E8266  396     5175    5176    
CQUAD9  8268    7       4775    4776    385     13      5170    5175    +E8268  
+E8268  397     5177    5178    
CQUAD9  8270    7       4658    4748    4779    4778    5051    5179    +E8270  
+E8270  5180    5181    5182    
CQUAD9  8272    7       4748    4675    4738    4779    5048    5009    +E8272  
+E8272  5183    5179    5184    
CQUAD9  8274    7       4779    4738    11      4777    5183    5005    +E8274  
+E8274  5185    5186    5187    
CQUAD9  8276    7       4778    4779    4777    14      5180    5186    +E8276  
+E8276  5188    5189    5190    
CQUAD9  8278    7       11      355     4780    4777    367     5191    +E8278  
+E8278  5192    5185    5193    
CQUAD9  8280    7       355     354     4680    4780    366     5194    +E8280  
+E8280  5195    5191    5196    
CQUAD9  8282    7       4780    4680    376     375     5195    5197    +E8282  
+E8282  387     5198    5199    
CQUAD9  8284    7       4777    4780    375     14      5192    5198    +E8284  
+E8284  386     5188    5200    
CQUAD9  8286    7       9       4781    4782    302     5201    5202    +E8286  
+E8286  5203    314     5204    
CQUAD9  8288    7       4781    14      375     4782    5205    386     +E8288  
+E8288  5206    5202    5207    
CQUAD9  8290    7       4782    375     376     4687    5206    387     +E8290  
+E8290  5208    5209    5210    
CQUAD9  8292    7       302     4782    4687    301     5203    5209    +E8292  
+E8292  5211    313     5212    
CQUAD9  8294    7       14      4781    4783    4778    5205    5213    +E8294  
+E8294  5214    5189    5215    
CQUAD9  8296    7       4781    9       269     4783    5201    280     +E8296  
+E8296  5216    5213    5217    
CQUAD9  8298    7       4783    269     270     4732    5216    281     +E8298  
+E8298  4989    5218    5219    
CQUAD9  8300    7       4778    4783    4732    4658    5214    5218    +E8300  
+E8300  4986    5181    5220    
CQUAD9  8302    7       13      4771    4784    4775    5153    5221    +E8302  
+E8302  5222    5177    5223    
CQUAD9  8304    7       4771    4659    4734    4784    5149    4998    +E8304  
+E8304  5224    5221    5225    
CQUAD9  8306    7       4784    4734    278     279     5224    4995    +E8306  
+E8306  290     5226    5227    
CQUAD9  8308    7       4775    4784    279     10      5222    5226    +E8308  
+E8308  291     5171    5228    
CQUAD9  8310    7       376     4680    4785    4682    5197    5229    +E8310  
+E8310  5230    5231    5232    
CQUAD9  8312    7       4680    354     4681    4785    5194    4901    +E8312  
+E8312  5233    5229    5234    
CQUAD9  8314    7       4682    4785    4681    4664    5230    5233    +E8314  
+E8314  4909    5235    5236    
CQUAD9  8316    7       4664    4683    4786    4682    4892    5237    +E8316  
+E8316  5238    5235    5239    
CQUAD9  8318    7       4683    378     377     4786    4889    389     +E8318  
+E8318  5240    5237    5241    
CQUAD9  8320    7       4682    4786    377     376     5238    5240    +E8320  
+E8320  388     5231    5242    
CQUAD9  8322    7       378     4684    4787    4686    4801    5243    +E8322  
+E8322  5244    5245    5246    
CQUAD9  8324    7       4684    4663    4685    4787    4798    4807    +E8324  
+E8324  5247    5243    5248    
CQUAD9  8326    7       4686    4787    4685    301     5244    5247    +E8326  
+E8326  4803    5249    5250    
CQUAD9  8328    7       301     4687    4788    4686    5211    5251    +E8328  
+E8328  5252    5249    5253    
CQUAD9  8330    7       4687    376     377     4788    5208    388     +E8330  
+E8330  5254    5251    5255    
CQUAD9  8332    7       4686    4788    377     378     5252    5254    +E8332  
+E8332  389     5245    5256    
ENDDATA
