$ Input file for a rotor simulation with 4 blades
$ Blade 3, theta=180.000000 deg alpha=0.000000 deg
$ nx=48, ny=4, x0=-0.060500, x1=0.060500, y0=2.000000, y1=0.440000
GRID*               1747               0-2.000000000e+00 6.050000000e-02*       
*        9.000000000e-01               0                               0        
GRID*               1756               0-1.983750000e+00 6.050000000e-02*       
*        9.000000000e-01               0                               0        
GRID*               1765               0-1.967500000e+00 6.050000000e-02*       
*        9.000000000e-01               0                               0        
GRID*               1774               0-1.951250000e+00 6.050000000e-02*       
*        9.000000000e-01               0                               0        
GRID*               1783               0-1.935000000e+00 6.050000000e-02*       
*        9.000000000e-01               0                               0        
GRID*               1792               0-1.918750000e+00 6.050000000e-02*       
*        9.000000000e-01               0                               0        
GRID*               1801               0-1.902500000e+00 6.050000000e-02*       
*        9.000000000e-01               0                               0        
GRID*               1810               0-1.886250000e+00 6.050000000e-02*       
*        9.000000000e-01               0                               0        
GRID*               1819               0-1.870000000e+00 6.050000000e-02*       
*        9.000000000e-01               0                               0        
GRID*               1828               0-1.853750000e+00 6.050000000e-02*       
*        9.000000000e-01               0                               0        
GRID*               1837               0-1.837500000e+00 6.050000000e-02*       
*        9.000000000e-01               0                               0        
GRID*               1846               0-1.821250000e+00 6.050000000e-02*       
*        9.000000000e-01               0                               0        
GRID*               1855               0-1.805000000e+00 6.050000000e-02*       
*        9.000000000e-01               0                               0        
GRID*               1864               0-1.788750000e+00 6.050000000e-02*       
*        9.000000000e-01               0                               0        
GRID*               1873               0-1.772500000e+00 6.050000000e-02*       
*        9.000000000e-01               0                               0        
GRID*               1882               0-1.756250000e+00 6.050000000e-02*       
*        9.000000000e-01               0                               0        
GRID*               1891               0-1.740000000e+00 6.050000000e-02*       
*        9.000000000e-01               0                               0        
GRID*               1900               0-1.723750000e+00 6.050000000e-02*       
*        9.000000000e-01               0                               0        
GRID*               1909               0-1.707500000e+00 6.050000000e-02*       
*        9.000000000e-01               0                               0        
GRID*               1918               0-1.691250000e+00 6.050000000e-02*       
*        9.000000000e-01               0                               0        
GRID*               1927               0-1.675000000e+00 6.050000000e-02*       
*        9.000000000e-01               0                               0        
GRID*               1936               0-1.658750000e+00 6.050000000e-02*       
*        9.000000000e-01               0                               0        
GRID*               1945               0-1.642500000e+00 6.050000000e-02*       
*        9.000000000e-01               0                               0        
GRID*               1954               0-1.626250000e+00 6.050000000e-02*       
*        9.000000000e-01               0                               0        
GRID*               1963               0-1.610000000e+00 6.050000000e-02*       
*        9.000000000e-01               0                               0        
GRID*               1972               0-1.593750000e+00 6.050000000e-02*       
*        9.000000000e-01               0                               0        
GRID*               1981               0-1.577500000e+00 6.050000000e-02*       
*        9.000000000e-01               0                               0        
GRID*               1990               0-1.561250000e+00 6.050000000e-02*       
*        9.000000000e-01               0                               0        
GRID*               1999               0-1.545000000e+00 6.050000000e-02*       
*        9.000000000e-01               0                               0        
GRID*               2008               0-1.528750000e+00 6.050000000e-02*       
*        9.000000000e-01               0                               0        
GRID*               2017               0-1.512500000e+00 6.050000000e-02*       
*        9.000000000e-01               0                               0        
GRID*               2026               0-1.496250000e+00 6.050000000e-02*       
*        9.000000000e-01               0                               0        
GRID*               2035               0-1.480000000e+00 6.050000000e-02*       
*        9.000000000e-01               0                               0        
GRID*               2044               0-1.463750000e+00 6.050000000e-02*       
*        9.000000000e-01               0                               0        
GRID*               2053               0-1.447500000e+00 6.050000000e-02*       
*        9.000000000e-01               0                               0        
GRID*               2062               0-1.431250000e+00 6.050000000e-02*       
*        9.000000000e-01               0                               0        
GRID*               2071               0-1.415000000e+00 6.050000000e-02*       
*        9.000000000e-01               0                               0        
GRID*               2080               0-1.398750000e+00 6.050000000e-02*       
*        9.000000000e-01               0                               0        
GRID*               2089               0-1.382500000e+00 6.050000000e-02*       
*        9.000000000e-01               0                               0        
GRID*               2098               0-1.366250000e+00 6.050000000e-02*       
*        9.000000000e-01               0                               0        
GRID*               2107               0-1.350000000e+00 6.050000000e-02*       
*        9.000000000e-01               0                               0        
GRID*               2116               0-1.333750000e+00 6.050000000e-02*       
*        9.000000000e-01               0                               0        
GRID*               2125               0-1.317500000e+00 6.050000000e-02*       
*        9.000000000e-01               0                               0        
GRID*               2134               0-1.301250000e+00 6.050000000e-02*       
*        9.000000000e-01               0                               0        
GRID*               2143               0-1.285000000e+00 6.050000000e-02*       
*        9.000000000e-01               0                               0        
GRID*               2152               0-1.268750000e+00 6.050000000e-02*       
*        9.000000000e-01               0                               0        
GRID*               2161               0-1.252500000e+00 6.050000000e-02*       
*        9.000000000e-01               0                               0        
GRID*               2170               0-1.236250000e+00 6.050000000e-02*       
*        9.000000000e-01               0                               0        
GRID*               2179               0-1.220000000e+00 6.050000000e-02*       
*        9.000000000e-01               0                               0        
GRID*               2188               0-1.203750000e+00 6.050000000e-02*       
*        9.000000000e-01               0                               0        
GRID*               2197               0-1.187500000e+00 6.050000000e-02*       
*        9.000000000e-01               0                               0        
GRID*               2206               0-1.171250000e+00 6.050000000e-02*       
*        9.000000000e-01               0                               0        
GRID*               2215               0-1.155000000e+00 6.050000000e-02*       
*        9.000000000e-01               0                               0        
GRID*               2224               0-1.138750000e+00 6.050000000e-02*       
*        9.000000000e-01               0                               0        
GRID*               2233               0-1.122500000e+00 6.050000000e-02*       
*        9.000000000e-01               0                               0        
GRID*               2242               0-1.106250000e+00 6.050000000e-02*       
*        9.000000000e-01               0                               0        
GRID*               2251               0-1.090000000e+00 6.050000000e-02*       
*        9.000000000e-01               0                               0        
GRID*               2260               0-1.073750000e+00 6.050000000e-02*       
*        9.000000000e-01               0                               0        
GRID*               2269               0-1.057500000e+00 6.050000000e-02*       
*        9.000000000e-01               0                               0        
GRID*               2278               0-1.041250000e+00 6.050000000e-02*       
*        9.000000000e-01               0                               0        
GRID*               2287               0-1.025000000e+00 6.050000000e-02*       
*        9.000000000e-01               0                               0        
GRID*               2296               0-1.008750000e+00 6.050000000e-02*       
*        9.000000000e-01               0                               0        
GRID*               2305               0-9.925000000e-01 6.050000000e-02*       
*        9.000000000e-01               0                               0        
GRID*               2314               0-9.762500000e-01 6.050000000e-02*       
*        9.000000000e-01               0                               0        
GRID*               2323               0-9.600000000e-01 6.050000000e-02*       
*        9.000000000e-01               0                               0        
GRID*               2332               0-9.437500000e-01 6.050000000e-02*       
*        9.000000000e-01               0                               0        
GRID*               2341               0-9.275000000e-01 6.050000000e-02*       
*        9.000000000e-01               0                               0        
GRID*               2350               0-9.112500000e-01 6.050000000e-02*       
*        9.000000000e-01               0                               0        
GRID*               2359               0-8.950000000e-01 6.050000000e-02*       
*        9.000000000e-01               0                               0        
GRID*               2368               0-8.787500000e-01 6.050000000e-02*       
*        9.000000000e-01               0                               0        
GRID*               2377               0-8.625000000e-01 6.050000000e-02*       
*        9.000000000e-01               0                               0        
GRID*               2386               0-8.462500000e-01 6.050000000e-02*       
*        9.000000000e-01               0                               0        
GRID*               2395               0-8.300000000e-01 6.050000000e-02*       
*        9.000000000e-01               0                               0        
GRID*               2404               0-8.137500000e-01 6.050000000e-02*       
*        9.000000000e-01               0                               0        
GRID*               2413               0-7.975000000e-01 6.050000000e-02*       
*        9.000000000e-01               0                               0        
GRID*               2422               0-7.812500000e-01 6.050000000e-02*       
*        9.000000000e-01               0                               0        
GRID*               2431               0-7.650000000e-01 6.050000000e-02*       
*        9.000000000e-01               0                               0        
GRID*               2440               0-7.487500000e-01 6.050000000e-02*       
*        9.000000000e-01               0                               0        
GRID*               2449               0-7.325000000e-01 6.050000000e-02*       
*        9.000000000e-01               0                               0        
GRID*               2458               0-7.162500000e-01 6.050000000e-02*       
*        9.000000000e-01               0                               0        
GRID*               2467               0-7.000000000e-01 6.050000000e-02*       
*        9.000000000e-01               0                               0        
GRID*               2476               0-6.837500000e-01 6.050000000e-02*       
*        9.000000000e-01               0                               0        
GRID*               2485               0-6.675000000e-01 6.050000000e-02*       
*        9.000000000e-01               0                               0        
GRID*               2494               0-6.512500000e-01 6.050000000e-02*       
*        9.000000000e-01               0                               0        
GRID*               2503               0-6.350000000e-01 6.050000000e-02*       
*        9.000000000e-01               0                               0        
GRID*               2512               0-6.187500000e-01 6.050000000e-02*       
*        9.000000000e-01               0                               0        
GRID*               2521               0-6.025000000e-01 6.050000000e-02*       
*        9.000000000e-01               0                               0        
GRID*               2530               0-5.862500000e-01 6.050000000e-02*       
*        9.000000000e-01               0                               0        
GRID*               2539               0-5.700000000e-01 6.050000000e-02*       
*        9.000000000e-01               0                               0        
GRID*               2548               0-5.537500000e-01 6.050000000e-02*       
*        9.000000000e-01               0                               0        
GRID*               2557               0-5.375000000e-01 6.050000000e-02*       
*        9.000000000e-01               0                               0        
GRID*               2566               0-5.212500000e-01 6.050000000e-02*       
*        9.000000000e-01               0                               0        
GRID*               2575               0-5.050000000e-01 6.050000000e-02*       
*        9.000000000e-01               0                               0        
GRID*               2584               0-4.887500000e-01 6.050000000e-02*       
*        9.000000000e-01               0                               0        
GRID*               2593               0-4.725000000e-01 6.050000000e-02*       
*        9.000000000e-01               0                               0        
GRID*               2602               0-4.562500000e-01 6.050000000e-02*       
*        9.000000000e-01               0                               0        
GRID*               2611               0-4.400000000e-01 6.050000000e-02*       
*        9.000000000e-01               0                               0        
GRID*               1748               0-2.000000000e+00 4.537500000e-02*       
*        9.000000000e-01               0                               0        
GRID*               1757               0-1.983750000e+00 4.537500000e-02*       
*        9.000000000e-01               0                               0        
GRID*               1766               0-1.967500000e+00 4.537500000e-02*       
*        9.000000000e-01               0                               0        
GRID*               1775               0-1.951250000e+00 4.537500000e-02*       
*        9.000000000e-01               0                               0        
GRID*               1784               0-1.935000000e+00 4.537500000e-02*       
*        9.000000000e-01               0                               0        
GRID*               1793               0-1.918750000e+00 4.537500000e-02*       
*        9.000000000e-01               0                               0        
GRID*               1802               0-1.902500000e+00 4.537500000e-02*       
*        9.000000000e-01               0                               0        
GRID*               1811               0-1.886250000e+00 4.537500000e-02*       
*        9.000000000e-01               0                               0        
GRID*               1820               0-1.870000000e+00 4.537500000e-02*       
*        9.000000000e-01               0                               0        
GRID*               1829               0-1.853750000e+00 4.537500000e-02*       
*        9.000000000e-01               0                               0        
GRID*               1838               0-1.837500000e+00 4.537500000e-02*       
*        9.000000000e-01               0                               0        
GRID*               1847               0-1.821250000e+00 4.537500000e-02*       
*        9.000000000e-01               0                               0        
GRID*               1856               0-1.805000000e+00 4.537500000e-02*       
*        9.000000000e-01               0                               0        
GRID*               1865               0-1.788750000e+00 4.537500000e-02*       
*        9.000000000e-01               0                               0        
GRID*               1874               0-1.772500000e+00 4.537500000e-02*       
*        9.000000000e-01               0                               0        
GRID*               1883               0-1.756250000e+00 4.537500000e-02*       
*        9.000000000e-01               0                               0        
GRID*               1892               0-1.740000000e+00 4.537500000e-02*       
*        9.000000000e-01               0                               0        
GRID*               1901               0-1.723750000e+00 4.537500000e-02*       
*        9.000000000e-01               0                               0        
GRID*               1910               0-1.707500000e+00 4.537500000e-02*       
*        9.000000000e-01               0                               0        
GRID*               1919               0-1.691250000e+00 4.537500000e-02*       
*        9.000000000e-01               0                               0        
GRID*               1928               0-1.675000000e+00 4.537500000e-02*       
*        9.000000000e-01               0                               0        
GRID*               1937               0-1.658750000e+00 4.537500000e-02*       
*        9.000000000e-01               0                               0        
GRID*               1946               0-1.642500000e+00 4.537500000e-02*       
*        9.000000000e-01               0                               0        
GRID*               1955               0-1.626250000e+00 4.537500000e-02*       
*        9.000000000e-01               0                               0        
GRID*               1964               0-1.610000000e+00 4.537500000e-02*       
*        9.000000000e-01               0                               0        
GRID*               1973               0-1.593750000e+00 4.537500000e-02*       
*        9.000000000e-01               0                               0        
GRID*               1982               0-1.577500000e+00 4.537500000e-02*       
*        9.000000000e-01               0                               0        
GRID*               1991               0-1.561250000e+00 4.537500000e-02*       
*        9.000000000e-01               0                               0        
GRID*               2000               0-1.545000000e+00 4.537500000e-02*       
*        9.000000000e-01               0                               0        
GRID*               2009               0-1.528750000e+00 4.537500000e-02*       
*        9.000000000e-01               0                               0        
GRID*               2018               0-1.512500000e+00 4.537500000e-02*       
*        9.000000000e-01               0                               0        
GRID*               2027               0-1.496250000e+00 4.537500000e-02*       
*        9.000000000e-01               0                               0        
GRID*               2036               0-1.480000000e+00 4.537500000e-02*       
*        9.000000000e-01               0                               0        
GRID*               2045               0-1.463750000e+00 4.537500000e-02*       
*        9.000000000e-01               0                               0        
GRID*               2054               0-1.447500000e+00 4.537500000e-02*       
*        9.000000000e-01               0                               0        
GRID*               2063               0-1.431250000e+00 4.537500000e-02*       
*        9.000000000e-01               0                               0        
GRID*               2072               0-1.415000000e+00 4.537500000e-02*       
*        9.000000000e-01               0                               0        
GRID*               2081               0-1.398750000e+00 4.537500000e-02*       
*        9.000000000e-01               0                               0        
GRID*               2090               0-1.382500000e+00 4.537500000e-02*       
*        9.000000000e-01               0                               0        
GRID*               2099               0-1.366250000e+00 4.537500000e-02*       
*        9.000000000e-01               0                               0        
GRID*               2108               0-1.350000000e+00 4.537500000e-02*       
*        9.000000000e-01               0                               0        
GRID*               2117               0-1.333750000e+00 4.537500000e-02*       
*        9.000000000e-01               0                               0        
GRID*               2126               0-1.317500000e+00 4.537500000e-02*       
*        9.000000000e-01               0                               0        
GRID*               2135               0-1.301250000e+00 4.537500000e-02*       
*        9.000000000e-01               0                               0        
GRID*               2144               0-1.285000000e+00 4.537500000e-02*       
*        9.000000000e-01               0                               0        
GRID*               2153               0-1.268750000e+00 4.537500000e-02*       
*        9.000000000e-01               0                               0        
GRID*               2162               0-1.252500000e+00 4.537500000e-02*       
*        9.000000000e-01               0                               0        
GRID*               2171               0-1.236250000e+00 4.537500000e-02*       
*        9.000000000e-01               0                               0        
GRID*               2180               0-1.220000000e+00 4.537500000e-02*       
*        9.000000000e-01               0                               0        
GRID*               2189               0-1.203750000e+00 4.537500000e-02*       
*        9.000000000e-01               0                               0        
GRID*               2198               0-1.187500000e+00 4.537500000e-02*       
*        9.000000000e-01               0                               0        
GRID*               2207               0-1.171250000e+00 4.537500000e-02*       
*        9.000000000e-01               0                               0        
GRID*               2216               0-1.155000000e+00 4.537500000e-02*       
*        9.000000000e-01               0                               0        
GRID*               2225               0-1.138750000e+00 4.537500000e-02*       
*        9.000000000e-01               0                               0        
GRID*               2234               0-1.122500000e+00 4.537500000e-02*       
*        9.000000000e-01               0                               0        
GRID*               2243               0-1.106250000e+00 4.537500000e-02*       
*        9.000000000e-01               0                               0        
GRID*               2252               0-1.090000000e+00 4.537500000e-02*       
*        9.000000000e-01               0                               0        
GRID*               2261               0-1.073750000e+00 4.537500000e-02*       
*        9.000000000e-01               0                               0        
GRID*               2270               0-1.057500000e+00 4.537500000e-02*       
*        9.000000000e-01               0                               0        
GRID*               2279               0-1.041250000e+00 4.537500000e-02*       
*        9.000000000e-01               0                               0        
GRID*               2288               0-1.025000000e+00 4.537500000e-02*       
*        9.000000000e-01               0                               0        
GRID*               2297               0-1.008750000e+00 4.537500000e-02*       
*        9.000000000e-01               0                               0        
GRID*               2306               0-9.925000000e-01 4.537500000e-02*       
*        9.000000000e-01               0                               0        
GRID*               2315               0-9.762500000e-01 4.537500000e-02*       
*        9.000000000e-01               0                               0        
GRID*               2324               0-9.600000000e-01 4.537500000e-02*       
*        9.000000000e-01               0                               0        
GRID*               2333               0-9.437500000e-01 4.537500000e-02*       
*        9.000000000e-01               0                               0        
GRID*               2342               0-9.275000000e-01 4.537500000e-02*       
*        9.000000000e-01               0                               0        
GRID*               2351               0-9.112500000e-01 4.537500000e-02*       
*        9.000000000e-01               0                               0        
GRID*               2360               0-8.950000000e-01 4.537500000e-02*       
*        9.000000000e-01               0                               0        
GRID*               2369               0-8.787500000e-01 4.537500000e-02*       
*        9.000000000e-01               0                               0        
GRID*               2378               0-8.625000000e-01 4.537500000e-02*       
*        9.000000000e-01               0                               0        
GRID*               2387               0-8.462500000e-01 4.537500000e-02*       
*        9.000000000e-01               0                               0        
GRID*               2396               0-8.300000000e-01 4.537500000e-02*       
*        9.000000000e-01               0                               0        
GRID*               2405               0-8.137500000e-01 4.537500000e-02*       
*        9.000000000e-01               0                               0        
GRID*               2414               0-7.975000000e-01 4.537500000e-02*       
*        9.000000000e-01               0                               0        
GRID*               2423               0-7.812500000e-01 4.537500000e-02*       
*        9.000000000e-01               0                               0        
GRID*               2432               0-7.650000000e-01 4.537500000e-02*       
*        9.000000000e-01               0                               0        
GRID*               2441               0-7.487500000e-01 4.537500000e-02*       
*        9.000000000e-01               0                               0        
GRID*               2450               0-7.325000000e-01 4.537500000e-02*       
*        9.000000000e-01               0                               0        
GRID*               2459               0-7.162500000e-01 4.537500000e-02*       
*        9.000000000e-01               0                               0        
GRID*               2468               0-7.000000000e-01 4.537500000e-02*       
*        9.000000000e-01               0                               0        
GRID*               2477               0-6.837500000e-01 4.537500000e-02*       
*        9.000000000e-01               0                               0        
GRID*               2486               0-6.675000000e-01 4.537500000e-02*       
*        9.000000000e-01               0                               0        
GRID*               2495               0-6.512500000e-01 4.537500000e-02*       
*        9.000000000e-01               0                               0        
GRID*               2504               0-6.350000000e-01 4.537500000e-02*       
*        9.000000000e-01               0                               0        
GRID*               2513               0-6.187500000e-01 4.537500000e-02*       
*        9.000000000e-01               0                               0        
GRID*               2522               0-6.025000000e-01 4.537500000e-02*       
*        9.000000000e-01               0                               0        
GRID*               2531               0-5.862500000e-01 4.537500000e-02*       
*        9.000000000e-01               0                               0        
GRID*               2540               0-5.700000000e-01 4.537500000e-02*       
*        9.000000000e-01               0                               0        
GRID*               2549               0-5.537500000e-01 4.537500000e-02*       
*        9.000000000e-01               0                               0        
GRID*               2558               0-5.375000000e-01 4.537500000e-02*       
*        9.000000000e-01               0                               0        
GRID*               2567               0-5.212500000e-01 4.537500000e-02*       
*        9.000000000e-01               0                               0        
GRID*               2576               0-5.050000000e-01 4.537500000e-02*       
*        9.000000000e-01               0                               0        
GRID*               2585               0-4.887500000e-01 4.537500000e-02*       
*        9.000000000e-01               0                               0        
GRID*               2594               0-4.725000000e-01 4.537500000e-02*       
*        9.000000000e-01               0                               0        
GRID*               2603               0-4.562500000e-01 4.537500000e-02*       
*        9.000000000e-01               0                               0        
GRID*               2612               0-4.400000000e-01 4.537500000e-02*       
*        9.000000000e-01               0                               0        
GRID*               1749               0-2.000000000e+00 3.025000000e-02*       
*        9.000000000e-01               0                               0        
GRID*               1758               0-1.983750000e+00 3.025000000e-02*       
*        9.000000000e-01               0                               0        
GRID*               1767               0-1.967500000e+00 3.025000000e-02*       
*        9.000000000e-01               0                               0        
GRID*               1776               0-1.951250000e+00 3.025000000e-02*       
*        9.000000000e-01               0                               0        
GRID*               1785               0-1.935000000e+00 3.025000000e-02*       
*        9.000000000e-01               0                               0        
GRID*               1794               0-1.918750000e+00 3.025000000e-02*       
*        9.000000000e-01               0                               0        
GRID*               1803               0-1.902500000e+00 3.025000000e-02*       
*        9.000000000e-01               0                               0        
GRID*               1812               0-1.886250000e+00 3.025000000e-02*       
*        9.000000000e-01               0                               0        
GRID*               1821               0-1.870000000e+00 3.025000000e-02*       
*        9.000000000e-01               0                               0        
GRID*               1830               0-1.853750000e+00 3.025000000e-02*       
*        9.000000000e-01               0                               0        
GRID*               1839               0-1.837500000e+00 3.025000000e-02*       
*        9.000000000e-01               0                               0        
GRID*               1848               0-1.821250000e+00 3.025000000e-02*       
*        9.000000000e-01               0                               0        
GRID*               1857               0-1.805000000e+00 3.025000000e-02*       
*        9.000000000e-01               0                               0        
GRID*               1866               0-1.788750000e+00 3.025000000e-02*       
*        9.000000000e-01               0                               0        
GRID*               1875               0-1.772500000e+00 3.025000000e-02*       
*        9.000000000e-01               0                               0        
GRID*               1884               0-1.756250000e+00 3.025000000e-02*       
*        9.000000000e-01               0                               0        
GRID*               1893               0-1.740000000e+00 3.025000000e-02*       
*        9.000000000e-01               0                               0        
GRID*               1902               0-1.723750000e+00 3.025000000e-02*       
*        9.000000000e-01               0                               0        
GRID*               1911               0-1.707500000e+00 3.025000000e-02*       
*        9.000000000e-01               0                               0        
GRID*               1920               0-1.691250000e+00 3.025000000e-02*       
*        9.000000000e-01               0                               0        
GRID*               1929               0-1.675000000e+00 3.025000000e-02*       
*        9.000000000e-01               0                               0        
GRID*               1938               0-1.658750000e+00 3.025000000e-02*       
*        9.000000000e-01               0                               0        
GRID*               1947               0-1.642500000e+00 3.025000000e-02*       
*        9.000000000e-01               0                               0        
GRID*               1956               0-1.626250000e+00 3.025000000e-02*       
*        9.000000000e-01               0                               0        
GRID*               1965               0-1.610000000e+00 3.025000000e-02*       
*        9.000000000e-01               0                               0        
GRID*               1974               0-1.593750000e+00 3.025000000e-02*       
*        9.000000000e-01               0                               0        
GRID*               1983               0-1.577500000e+00 3.025000000e-02*       
*        9.000000000e-01               0                               0        
GRID*               1992               0-1.561250000e+00 3.025000000e-02*       
*        9.000000000e-01               0                               0        
GRID*               2001               0-1.545000000e+00 3.025000000e-02*       
*        9.000000000e-01               0                               0        
GRID*               2010               0-1.528750000e+00 3.025000000e-02*       
*        9.000000000e-01               0                               0        
GRID*               2019               0-1.512500000e+00 3.025000000e-02*       
*        9.000000000e-01               0                               0        
GRID*               2028               0-1.496250000e+00 3.025000000e-02*       
*        9.000000000e-01               0                               0        
GRID*               2037               0-1.480000000e+00 3.025000000e-02*       
*        9.000000000e-01               0                               0        
GRID*               2046               0-1.463750000e+00 3.025000000e-02*       
*        9.000000000e-01               0                               0        
GRID*               2055               0-1.447500000e+00 3.025000000e-02*       
*        9.000000000e-01               0                               0        
GRID*               2064               0-1.431250000e+00 3.025000000e-02*       
*        9.000000000e-01               0                               0        
GRID*               2073               0-1.415000000e+00 3.025000000e-02*       
*        9.000000000e-01               0                               0        
GRID*               2082               0-1.398750000e+00 3.025000000e-02*       
*        9.000000000e-01               0                               0        
GRID*               2091               0-1.382500000e+00 3.025000000e-02*       
*        9.000000000e-01               0                               0        
GRID*               2100               0-1.366250000e+00 3.025000000e-02*       
*        9.000000000e-01               0                               0        
GRID*               2109               0-1.350000000e+00 3.025000000e-02*       
*        9.000000000e-01               0                               0        
GRID*               2118               0-1.333750000e+00 3.025000000e-02*       
*        9.000000000e-01               0                               0        
GRID*               2127               0-1.317500000e+00 3.025000000e-02*       
*        9.000000000e-01               0                               0        
GRID*               2136               0-1.301250000e+00 3.025000000e-02*       
*        9.000000000e-01               0                               0        
GRID*               2145               0-1.285000000e+00 3.025000000e-02*       
*        9.000000000e-01               0                               0        
GRID*               2154               0-1.268750000e+00 3.025000000e-02*       
*        9.000000000e-01               0                               0        
GRID*               2163               0-1.252500000e+00 3.025000000e-02*       
*        9.000000000e-01               0                               0        
GRID*               2172               0-1.236250000e+00 3.025000000e-02*       
*        9.000000000e-01               0                               0        
GRID*               2181               0-1.220000000e+00 3.025000000e-02*       
*        9.000000000e-01               0                               0        
GRID*               2190               0-1.203750000e+00 3.025000000e-02*       
*        9.000000000e-01               0                               0        
GRID*               2199               0-1.187500000e+00 3.025000000e-02*       
*        9.000000000e-01               0                               0        
GRID*               2208               0-1.171250000e+00 3.025000000e-02*       
*        9.000000000e-01               0                               0        
GRID*               2217               0-1.155000000e+00 3.025000000e-02*       
*        9.000000000e-01               0                               0        
GRID*               2226               0-1.138750000e+00 3.025000000e-02*       
*        9.000000000e-01               0                               0        
GRID*               2235               0-1.122500000e+00 3.025000000e-02*       
*        9.000000000e-01               0                               0        
GRID*               2244               0-1.106250000e+00 3.025000000e-02*       
*        9.000000000e-01               0                               0        
GRID*               2253               0-1.090000000e+00 3.025000000e-02*       
*        9.000000000e-01               0                               0        
GRID*               2262               0-1.073750000e+00 3.025000000e-02*       
*        9.000000000e-01               0                               0        
GRID*               2271               0-1.057500000e+00 3.025000000e-02*       
*        9.000000000e-01               0                               0        
GRID*               2280               0-1.041250000e+00 3.025000000e-02*       
*        9.000000000e-01               0                               0        
GRID*               2289               0-1.025000000e+00 3.025000000e-02*       
*        9.000000000e-01               0                               0        
GRID*               2298               0-1.008750000e+00 3.025000000e-02*       
*        9.000000000e-01               0                               0        
GRID*               2307               0-9.925000000e-01 3.025000000e-02*       
*        9.000000000e-01               0                               0        
GRID*               2316               0-9.762500000e-01 3.025000000e-02*       
*        9.000000000e-01               0                               0        
GRID*               2325               0-9.600000000e-01 3.025000000e-02*       
*        9.000000000e-01               0                               0        
GRID*               2334               0-9.437500000e-01 3.025000000e-02*       
*        9.000000000e-01               0                               0        
GRID*               2343               0-9.275000000e-01 3.025000000e-02*       
*        9.000000000e-01               0                               0        
GRID*               2352               0-9.112500000e-01 3.025000000e-02*       
*        9.000000000e-01               0                               0        
GRID*               2361               0-8.950000000e-01 3.025000000e-02*       
*        9.000000000e-01               0                               0        
GRID*               2370               0-8.787500000e-01 3.025000000e-02*       
*        9.000000000e-01               0                               0        
GRID*               2379               0-8.625000000e-01 3.025000000e-02*       
*        9.000000000e-01               0                               0        
GRID*               2388               0-8.462500000e-01 3.025000000e-02*       
*        9.000000000e-01               0                               0        
GRID*               2397               0-8.300000000e-01 3.025000000e-02*       
*        9.000000000e-01               0                               0        
GRID*               2406               0-8.137500000e-01 3.025000000e-02*       
*        9.000000000e-01               0                               0        
GRID*               2415               0-7.975000000e-01 3.025000000e-02*       
*        9.000000000e-01               0                               0        
GRID*               2424               0-7.812500000e-01 3.025000000e-02*       
*        9.000000000e-01               0                               0        
GRID*               2433               0-7.650000000e-01 3.025000000e-02*       
*        9.000000000e-01               0                               0        
GRID*               2442               0-7.487500000e-01 3.025000000e-02*       
*        9.000000000e-01               0                               0        
GRID*               2451               0-7.325000000e-01 3.025000000e-02*       
*        9.000000000e-01               0                               0        
GRID*               2460               0-7.162500000e-01 3.025000000e-02*       
*        9.000000000e-01               0                               0        
GRID*               2469               0-7.000000000e-01 3.025000000e-02*       
*        9.000000000e-01               0                               0        
GRID*               2478               0-6.837500000e-01 3.025000000e-02*       
*        9.000000000e-01               0                               0        
GRID*               2487               0-6.675000000e-01 3.025000000e-02*       
*        9.000000000e-01               0                               0        
GRID*               2496               0-6.512500000e-01 3.025000000e-02*       
*        9.000000000e-01               0                               0        
GRID*               2505               0-6.350000000e-01 3.025000000e-02*       
*        9.000000000e-01               0                               0        
GRID*               2514               0-6.187500000e-01 3.025000000e-02*       
*        9.000000000e-01               0                               0        
GRID*               2523               0-6.025000000e-01 3.025000000e-02*       
*        9.000000000e-01               0                               0        
GRID*               2532               0-5.862500000e-01 3.025000000e-02*       
*        9.000000000e-01               0                               0        
GRID*               2541               0-5.700000000e-01 3.025000000e-02*       
*        9.000000000e-01               0                               0        
GRID*               2550               0-5.537500000e-01 3.025000000e-02*       
*        9.000000000e-01               0                               0        
GRID*               2559               0-5.375000000e-01 3.025000000e-02*       
*        9.000000000e-01               0                               0        
GRID*               2568               0-5.212500000e-01 3.025000000e-02*       
*        9.000000000e-01               0                               0        
GRID*               2577               0-5.050000000e-01 3.025000000e-02*       
*        9.000000000e-01               0                               0        
GRID*               2586               0-4.887500000e-01 3.025000000e-02*       
*        9.000000000e-01               0                               0        
GRID*               2595               0-4.725000000e-01 3.025000000e-02*       
*        9.000000000e-01               0                               0        
GRID*               2604               0-4.562500000e-01 3.025000000e-02*       
*        9.000000000e-01               0                               0        
GRID*               2613               0-4.400000000e-01 3.025000000e-02*       
*        9.000000000e-01               0                               0        
GRID*               1750               0-2.000000000e+00 1.512500000e-02*       
*        9.000000000e-01               0                               0        
GRID*               1759               0-1.983750000e+00 1.512500000e-02*       
*        9.000000000e-01               0                               0        
GRID*               1768               0-1.967500000e+00 1.512500000e-02*       
*        9.000000000e-01               0                               0        
GRID*               1777               0-1.951250000e+00 1.512500000e-02*       
*        9.000000000e-01               0                               0        
GRID*               1786               0-1.935000000e+00 1.512500000e-02*       
*        9.000000000e-01               0                               0        
GRID*               1795               0-1.918750000e+00 1.512500000e-02*       
*        9.000000000e-01               0                               0        
GRID*               1804               0-1.902500000e+00 1.512500000e-02*       
*        9.000000000e-01               0                               0        
GRID*               1813               0-1.886250000e+00 1.512500000e-02*       
*        9.000000000e-01               0                               0        
GRID*               1822               0-1.870000000e+00 1.512500000e-02*       
*        9.000000000e-01               0                               0        
GRID*               1831               0-1.853750000e+00 1.512500000e-02*       
*        9.000000000e-01               0                               0        
GRID*               1840               0-1.837500000e+00 1.512500000e-02*       
*        9.000000000e-01               0                               0        
GRID*               1849               0-1.821250000e+00 1.512500000e-02*       
*        9.000000000e-01               0                               0        
GRID*               1858               0-1.805000000e+00 1.512500000e-02*       
*        9.000000000e-01               0                               0        
GRID*               1867               0-1.788750000e+00 1.512500000e-02*       
*        9.000000000e-01               0                               0        
GRID*               1876               0-1.772500000e+00 1.512500000e-02*       
*        9.000000000e-01               0                               0        
GRID*               1885               0-1.756250000e+00 1.512500000e-02*       
*        9.000000000e-01               0                               0        
GRID*               1894               0-1.740000000e+00 1.512500000e-02*       
*        9.000000000e-01               0                               0        
GRID*               1903               0-1.723750000e+00 1.512500000e-02*       
*        9.000000000e-01               0                               0        
GRID*               1912               0-1.707500000e+00 1.512500000e-02*       
*        9.000000000e-01               0                               0        
GRID*               1921               0-1.691250000e+00 1.512500000e-02*       
*        9.000000000e-01               0                               0        
GRID*               1930               0-1.675000000e+00 1.512500000e-02*       
*        9.000000000e-01               0                               0        
GRID*               1939               0-1.658750000e+00 1.512500000e-02*       
*        9.000000000e-01               0                               0        
GRID*               1948               0-1.642500000e+00 1.512500000e-02*       
*        9.000000000e-01               0                               0        
GRID*               1957               0-1.626250000e+00 1.512500000e-02*       
*        9.000000000e-01               0                               0        
GRID*               1966               0-1.610000000e+00 1.512500000e-02*       
*        9.000000000e-01               0                               0        
GRID*               1975               0-1.593750000e+00 1.512500000e-02*       
*        9.000000000e-01               0                               0        
GRID*               1984               0-1.577500000e+00 1.512500000e-02*       
*        9.000000000e-01               0                               0        
GRID*               1993               0-1.561250000e+00 1.512500000e-02*       
*        9.000000000e-01               0                               0        
GRID*               2002               0-1.545000000e+00 1.512500000e-02*       
*        9.000000000e-01               0                               0        
GRID*               2011               0-1.528750000e+00 1.512500000e-02*       
*        9.000000000e-01               0                               0        
GRID*               2020               0-1.512500000e+00 1.512500000e-02*       
*        9.000000000e-01               0                               0        
GRID*               2029               0-1.496250000e+00 1.512500000e-02*       
*        9.000000000e-01               0                               0        
GRID*               2038               0-1.480000000e+00 1.512500000e-02*       
*        9.000000000e-01               0                               0        
GRID*               2047               0-1.463750000e+00 1.512500000e-02*       
*        9.000000000e-01               0                               0        
GRID*               2056               0-1.447500000e+00 1.512500000e-02*       
*        9.000000000e-01               0                               0        
GRID*               2065               0-1.431250000e+00 1.512500000e-02*       
*        9.000000000e-01               0                               0        
GRID*               2074               0-1.415000000e+00 1.512500000e-02*       
*        9.000000000e-01               0                               0        
GRID*               2083               0-1.398750000e+00 1.512500000e-02*       
*        9.000000000e-01               0                               0        
GRID*               2092               0-1.382500000e+00 1.512500000e-02*       
*        9.000000000e-01               0                               0        
GRID*               2101               0-1.366250000e+00 1.512500000e-02*       
*        9.000000000e-01               0                               0        
GRID*               2110               0-1.350000000e+00 1.512500000e-02*       
*        9.000000000e-01               0                               0        
GRID*               2119               0-1.333750000e+00 1.512500000e-02*       
*        9.000000000e-01               0                               0        
GRID*               2128               0-1.317500000e+00 1.512500000e-02*       
*        9.000000000e-01               0                               0        
GRID*               2137               0-1.301250000e+00 1.512500000e-02*       
*        9.000000000e-01               0                               0        
GRID*               2146               0-1.285000000e+00 1.512500000e-02*       
*        9.000000000e-01               0                               0        
GRID*               2155               0-1.268750000e+00 1.512500000e-02*       
*        9.000000000e-01               0                               0        
GRID*               2164               0-1.252500000e+00 1.512500000e-02*       
*        9.000000000e-01               0                               0        
GRID*               2173               0-1.236250000e+00 1.512500000e-02*       
*        9.000000000e-01               0                               0        
GRID*               2182               0-1.220000000e+00 1.512500000e-02*       
*        9.000000000e-01               0                               0        
GRID*               2191               0-1.203750000e+00 1.512500000e-02*       
*        9.000000000e-01               0                               0        
GRID*               2200               0-1.187500000e+00 1.512500000e-02*       
*        9.000000000e-01               0                               0        
GRID*               2209               0-1.171250000e+00 1.512500000e-02*       
*        9.000000000e-01               0                               0        
GRID*               2218               0-1.155000000e+00 1.512500000e-02*       
*        9.000000000e-01               0                               0        
GRID*               2227               0-1.138750000e+00 1.512500000e-02*       
*        9.000000000e-01               0                               0        
GRID*               2236               0-1.122500000e+00 1.512500000e-02*       
*        9.000000000e-01               0                               0        
GRID*               2245               0-1.106250000e+00 1.512500000e-02*       
*        9.000000000e-01               0                               0        
GRID*               2254               0-1.090000000e+00 1.512500000e-02*       
*        9.000000000e-01               0                               0        
GRID*               2263               0-1.073750000e+00 1.512500000e-02*       
*        9.000000000e-01               0                               0        
GRID*               2272               0-1.057500000e+00 1.512500000e-02*       
*        9.000000000e-01               0                               0        
GRID*               2281               0-1.041250000e+00 1.512500000e-02*       
*        9.000000000e-01               0                               0        
GRID*               2290               0-1.025000000e+00 1.512500000e-02*       
*        9.000000000e-01               0                               0        
GRID*               2299               0-1.008750000e+00 1.512500000e-02*       
*        9.000000000e-01               0                               0        
GRID*               2308               0-9.925000000e-01 1.512500000e-02*       
*        9.000000000e-01               0                               0        
GRID*               2317               0-9.762500000e-01 1.512500000e-02*       
*        9.000000000e-01               0                               0        
GRID*               2326               0-9.600000000e-01 1.512500000e-02*       
*        9.000000000e-01               0                               0        
GRID*               2335               0-9.437500000e-01 1.512500000e-02*       
*        9.000000000e-01               0                               0        
GRID*               2344               0-9.275000000e-01 1.512500000e-02*       
*        9.000000000e-01               0                               0        
GRID*               2353               0-9.112500000e-01 1.512500000e-02*       
*        9.000000000e-01               0                               0        
GRID*               2362               0-8.950000000e-01 1.512500000e-02*       
*        9.000000000e-01               0                               0        
GRID*               2371               0-8.787500000e-01 1.512500000e-02*       
*        9.000000000e-01               0                               0        
GRID*               2380               0-8.625000000e-01 1.512500000e-02*       
*        9.000000000e-01               0                               0        
GRID*               2389               0-8.462500000e-01 1.512500000e-02*       
*        9.000000000e-01               0                               0        
GRID*               2398               0-8.300000000e-01 1.512500000e-02*       
*        9.000000000e-01               0                               0        
GRID*               2407               0-8.137500000e-01 1.512500000e-02*       
*        9.000000000e-01               0                               0        
GRID*               2416               0-7.975000000e-01 1.512500000e-02*       
*        9.000000000e-01               0                               0        
GRID*               2425               0-7.812500000e-01 1.512500000e-02*       
*        9.000000000e-01               0                               0        
GRID*               2434               0-7.650000000e-01 1.512500000e-02*       
*        9.000000000e-01               0                               0        
GRID*               2443               0-7.487500000e-01 1.512500000e-02*       
*        9.000000000e-01               0                               0        
GRID*               2452               0-7.325000000e-01 1.512500000e-02*       
*        9.000000000e-01               0                               0        
GRID*               2461               0-7.162500000e-01 1.512500000e-02*       
*        9.000000000e-01               0                               0        
GRID*               2470               0-7.000000000e-01 1.512500000e-02*       
*        9.000000000e-01               0                               0        
GRID*               2479               0-6.837500000e-01 1.512500000e-02*       
*        9.000000000e-01               0                               0        
GRID*               2488               0-6.675000000e-01 1.512500000e-02*       
*        9.000000000e-01               0                               0        
GRID*               2497               0-6.512500000e-01 1.512500000e-02*       
*        9.000000000e-01               0                               0        
GRID*               2506               0-6.350000000e-01 1.512500000e-02*       
*        9.000000000e-01               0                               0        
GRID*               2515               0-6.187500000e-01 1.512500000e-02*       
*        9.000000000e-01               0                               0        
GRID*               2524               0-6.025000000e-01 1.512500000e-02*       
*        9.000000000e-01               0                               0        
GRID*               2533               0-5.862500000e-01 1.512500000e-02*       
*        9.000000000e-01               0                               0        
GRID*               2542               0-5.700000000e-01 1.512500000e-02*       
*        9.000000000e-01               0                               0        
GRID*               2551               0-5.537500000e-01 1.512500000e-02*       
*        9.000000000e-01               0                               0        
GRID*               2560               0-5.375000000e-01 1.512500000e-02*       
*        9.000000000e-01               0                               0        
GRID*               2569               0-5.212500000e-01 1.512500000e-02*       
*        9.000000000e-01               0                               0        
GRID*               2578               0-5.050000000e-01 1.512500000e-02*       
*        9.000000000e-01               0                               0        
GRID*               2587               0-4.887500000e-01 1.512500000e-02*       
*        9.000000000e-01               0                               0        
GRID*               2596               0-4.725000000e-01 1.512500000e-02*       
*        9.000000000e-01               0                               0        
GRID*               2605               0-4.562500000e-01 1.512500000e-02*       
*        9.000000000e-01               0                               0        
GRID*               2614               0-4.400000000e-01 1.512500000e-02*       
*        9.000000000e-01               0                               0        
GRID*               1751               0-2.000000000e+00-2.449293598e-16*       
*        9.000000000e-01               0                               0        
GRID*               1760               0-1.983750000e+00-2.429393088e-16*       
*        9.000000000e-01               0                               0        
GRID*               1769               0-1.967500000e+00-2.409492577e-16*       
*        9.000000000e-01               0                               0        
GRID*               1778               0-1.951250000e+00-2.389592067e-16*       
*        9.000000000e-01               0                               0        
GRID*               1787               0-1.935000000e+00-2.369691556e-16*       
*        9.000000000e-01               0                               0        
GRID*               1796               0-1.918750000e+00-2.349791046e-16*       
*        9.000000000e-01               0                               0        
GRID*               1805               0-1.902500000e+00-2.329890535e-16*       
*        9.000000000e-01               0                               0        
GRID*               1814               0-1.886250000e+00-2.309990025e-16*       
*        9.000000000e-01               0                               0        
GRID*               1823               0-1.870000000e+00-2.290089514e-16*       
*        9.000000000e-01               0                               0        
GRID*               1832               0-1.853750000e+00-2.270189004e-16*       
*        9.000000000e-01               0                               0        
GRID*               1841               0-1.837500000e+00-2.250288493e-16*       
*        9.000000000e-01               0                               0        
GRID*               1850               0-1.821250000e+00-2.230387983e-16*       
*        9.000000000e-01               0                               0        
GRID*               1859               0-1.805000000e+00-2.210487472e-16*       
*        9.000000000e-01               0                               0        
GRID*               1868               0-1.788750000e+00-2.190586962e-16*       
*        9.000000000e-01               0                               0        
GRID*               1877               0-1.772500000e+00-2.170686451e-16*       
*        9.000000000e-01               0                               0        
GRID*               1886               0-1.756250000e+00-2.150785941e-16*       
*        9.000000000e-01               0                               0        
GRID*               1895               0-1.740000000e+00-2.130885431e-16*       
*        9.000000000e-01               0                               0        
GRID*               1904               0-1.723750000e+00-2.110984920e-16*       
*        9.000000000e-01               0                               0        
GRID*               1913               0-1.707500000e+00-2.091084410e-16*       
*        9.000000000e-01               0                               0        
GRID*               1922               0-1.691250000e+00-2.071183899e-16*       
*        9.000000000e-01               0                               0        
GRID*               1931               0-1.675000000e+00-2.051283389e-16*       
*        9.000000000e-01               0                               0        
GRID*               1940               0-1.658750000e+00-2.031382878e-16*       
*        9.000000000e-01               0                               0        
GRID*               1949               0-1.642500000e+00-2.011482368e-16*       
*        9.000000000e-01               0                               0        
GRID*               1958               0-1.626250000e+00-1.991581857e-16*       
*        9.000000000e-01               0                               0        
GRID*               1967               0-1.610000000e+00-1.971681347e-16*       
*        9.000000000e-01               0                               0        
GRID*               1976               0-1.593750000e+00-1.951780836e-16*       
*        9.000000000e-01               0                               0        
GRID*               1985               0-1.577500000e+00-1.931880326e-16*       
*        9.000000000e-01               0                               0        
GRID*               1994               0-1.561250000e+00-1.911979815e-16*       
*        9.000000000e-01               0                               0        
GRID*               2003               0-1.545000000e+00-1.892079305e-16*       
*        9.000000000e-01               0                               0        
GRID*               2012               0-1.528750000e+00-1.872178794e-16*       
*        9.000000000e-01               0                               0        
GRID*               2021               0-1.512500000e+00-1.852278284e-16*       
*        9.000000000e-01               0                               0        
GRID*               2030               0-1.496250000e+00-1.832377773e-16*       
*        9.000000000e-01               0                               0        
GRID*               2039               0-1.480000000e+00-1.812477263e-16*       
*        9.000000000e-01               0                               0        
GRID*               2048               0-1.463750000e+00-1.792576752e-16*       
*        9.000000000e-01               0                               0        
GRID*               2057               0-1.447500000e+00-1.772676242e-16*       
*        9.000000000e-01               0                               0        
GRID*               2066               0-1.431250000e+00-1.752775731e-16*       
*        9.000000000e-01               0                               0        
GRID*               2075               0-1.415000000e+00-1.732875221e-16*       
*        9.000000000e-01               0                               0        
GRID*               2084               0-1.398750000e+00-1.712974710e-16*       
*        9.000000000e-01               0                               0        
GRID*               2093               0-1.382500000e+00-1.693074200e-16*       
*        9.000000000e-01               0                               0        
GRID*               2102               0-1.366250000e+00-1.673173689e-16*       
*        9.000000000e-01               0                               0        
GRID*               2111               0-1.350000000e+00-1.653273179e-16*       
*        9.000000000e-01               0                               0        
GRID*               2120               0-1.333750000e+00-1.633372668e-16*       
*        9.000000000e-01               0                               0        
GRID*               2129               0-1.317500000e+00-1.613472158e-16*       
*        9.000000000e-01               0                               0        
GRID*               2138               0-1.301250000e+00-1.593571647e-16*       
*        9.000000000e-01               0                               0        
GRID*               2147               0-1.285000000e+00-1.573671137e-16*       
*        9.000000000e-01               0                               0        
GRID*               2156               0-1.268750000e+00-1.553770626e-16*       
*        9.000000000e-01               0                               0        
GRID*               2165               0-1.252500000e+00-1.533870116e-16*       
*        9.000000000e-01               0                               0        
GRID*               2174               0-1.236250000e+00-1.513969605e-16*       
*        9.000000000e-01               0                               0        
GRID*               2183               0-1.220000000e+00-1.494069095e-16*       
*        9.000000000e-01               0                               0        
GRID*               2192               0-1.203750000e+00-1.474168584e-16*       
*        9.000000000e-01               0                               0        
GRID*               2201               0-1.187500000e+00-1.454268074e-16*       
*        9.000000000e-01               0                               0        
GRID*               2210               0-1.171250000e+00-1.434367564e-16*       
*        9.000000000e-01               0                               0        
GRID*               2219               0-1.155000000e+00-1.414467053e-16*       
*        9.000000000e-01               0                               0        
GRID*               2228               0-1.138750000e+00-1.394566543e-16*       
*        9.000000000e-01               0                               0        
GRID*               2237               0-1.122500000e+00-1.374666032e-16*       
*        9.000000000e-01               0                               0        
GRID*               2246               0-1.106250000e+00-1.354765522e-16*       
*        9.000000000e-01               0                               0        
GRID*               2255               0-1.090000000e+00-1.334865011e-16*       
*        9.000000000e-01               0                               0        
GRID*               2264               0-1.073750000e+00-1.314964501e-16*       
*        9.000000000e-01               0                               0        
GRID*               2273               0-1.057500000e+00-1.295063990e-16*       
*        9.000000000e-01               0                               0        
GRID*               2282               0-1.041250000e+00-1.275163480e-16*       
*        9.000000000e-01               0                               0        
GRID*               2291               0-1.025000000e+00-1.255262969e-16*       
*        9.000000000e-01               0                               0        
GRID*               2300               0-1.008750000e+00-1.235362459e-16*       
*        9.000000000e-01               0                               0        
GRID*               2309               0-9.925000000e-01-1.215461948e-16*       
*        9.000000000e-01               0                               0        
GRID*               2318               0-9.762500000e-01-1.195561438e-16*       
*        9.000000000e-01               0                               0        
GRID*               2327               0-9.600000000e-01-1.175660927e-16*       
*        9.000000000e-01               0                               0        
GRID*               2336               0-9.437500000e-01-1.155760417e-16*       
*        9.000000000e-01               0                               0        
GRID*               2345               0-9.275000000e-01-1.135859906e-16*       
*        9.000000000e-01               0                               0        
GRID*               2354               0-9.112500000e-01-1.115959396e-16*       
*        9.000000000e-01               0                               0        
GRID*               2363               0-8.950000000e-01-1.096058885e-16*       
*        9.000000000e-01               0                               0        
GRID*               2372               0-8.787500000e-01-1.076158375e-16*       
*        9.000000000e-01               0                               0        
GRID*               2381               0-8.625000000e-01-1.056257864e-16*       
*        9.000000000e-01               0                               0        
GRID*               2390               0-8.462500000e-01-1.036357354e-16*       
*        9.000000000e-01               0                               0        
GRID*               2399               0-8.300000000e-01-1.016456843e-16*       
*        9.000000000e-01               0                               0        
GRID*               2408               0-8.137500000e-01-9.965563328e-17*       
*        9.000000000e-01               0                               0        
GRID*               2417               0-7.975000000e-01-9.766558223e-17*       
*        9.000000000e-01               0                               0        
GRID*               2426               0-7.812500000e-01-9.567553118e-17*       
*        9.000000000e-01               0                               0        
GRID*               2435               0-7.650000000e-01-9.368548013e-17*       
*        9.000000000e-01               0                               0        
GRID*               2444               0-7.487500000e-01-9.169542909e-17*       
*        9.000000000e-01               0                               0        
GRID*               2453               0-7.325000000e-01-8.970537804e-17*       
*        9.000000000e-01               0                               0        
GRID*               2462               0-7.162500000e-01-8.771532699e-17*       
*        9.000000000e-01               0                               0        
GRID*               2471               0-7.000000000e-01-8.572527594e-17*       
*        9.000000000e-01               0                               0        
GRID*               2480               0-6.837500000e-01-8.373522489e-17*       
*        9.000000000e-01               0                               0        
GRID*               2489               0-6.675000000e-01-8.174517384e-17*       
*        9.000000000e-01               0                               0        
GRID*               2498               0-6.512500000e-01-7.975512279e-17*       
*        9.000000000e-01               0                               0        
GRID*               2507               0-6.350000000e-01-7.776507175e-17*       
*        9.000000000e-01               0                               0        
GRID*               2516               0-6.187500000e-01-7.577502070e-17*       
*        9.000000000e-01               0                               0        
GRID*               2525               0-6.025000000e-01-7.378496965e-17*       
*        9.000000000e-01               0                               0        
GRID*               2534               0-5.862500000e-01-7.179491860e-17*       
*        9.000000000e-01               0                               0        
GRID*               2543               0-5.700000000e-01-6.980486755e-17*       
*        9.000000000e-01               0                               0        
GRID*               2552               0-5.537500000e-01-6.781481650e-17*       
*        9.000000000e-01               0                               0        
GRID*               2561               0-5.375000000e-01-6.582476545e-17*       
*        9.000000000e-01               0                               0        
GRID*               2570               0-5.212500000e-01-6.383471441e-17*       
*        9.000000000e-01               0                               0        
GRID*               2579               0-5.050000000e-01-6.184466336e-17*       
*        9.000000000e-01               0                               0        
GRID*               2588               0-4.887500000e-01-5.985461231e-17*       
*        9.000000000e-01               0                               0        
GRID*               2597               0-4.725000000e-01-5.786456126e-17*       
*        9.000000000e-01               0                               0        
GRID*               2606               0-4.562500000e-01-5.587451021e-17*       
*        9.000000000e-01               0                               0        
GRID*               2615               0-4.400000000e-01-5.388445916e-17*       
*        9.000000000e-01               0                               0        
GRID*               1752               0-2.000000000e+00-1.512500000e-02*       
*        9.000000000e-01               0                               0        
GRID*               1761               0-1.983750000e+00-1.512500000e-02*       
*        9.000000000e-01               0                               0        
GRID*               1770               0-1.967500000e+00-1.512500000e-02*       
*        9.000000000e-01               0                               0        
GRID*               1779               0-1.951250000e+00-1.512500000e-02*       
*        9.000000000e-01               0                               0        
GRID*               1788               0-1.935000000e+00-1.512500000e-02*       
*        9.000000000e-01               0                               0        
GRID*               1797               0-1.918750000e+00-1.512500000e-02*       
*        9.000000000e-01               0                               0        
GRID*               1806               0-1.902500000e+00-1.512500000e-02*       
*        9.000000000e-01               0                               0        
GRID*               1815               0-1.886250000e+00-1.512500000e-02*       
*        9.000000000e-01               0                               0        
GRID*               1824               0-1.870000000e+00-1.512500000e-02*       
*        9.000000000e-01               0                               0        
GRID*               1833               0-1.853750000e+00-1.512500000e-02*       
*        9.000000000e-01               0                               0        
GRID*               1842               0-1.837500000e+00-1.512500000e-02*       
*        9.000000000e-01               0                               0        
GRID*               1851               0-1.821250000e+00-1.512500000e-02*       
*        9.000000000e-01               0                               0        
GRID*               1860               0-1.805000000e+00-1.512500000e-02*       
*        9.000000000e-01               0                               0        
GRID*               1869               0-1.788750000e+00-1.512500000e-02*       
*        9.000000000e-01               0                               0        
GRID*               1878               0-1.772500000e+00-1.512500000e-02*       
*        9.000000000e-01               0                               0        
GRID*               1887               0-1.756250000e+00-1.512500000e-02*       
*        9.000000000e-01               0                               0        
GRID*               1896               0-1.740000000e+00-1.512500000e-02*       
*        9.000000000e-01               0                               0        
GRID*               1905               0-1.723750000e+00-1.512500000e-02*       
*        9.000000000e-01               0                               0        
GRID*               1914               0-1.707500000e+00-1.512500000e-02*       
*        9.000000000e-01               0                               0        
GRID*               1923               0-1.691250000e+00-1.512500000e-02*       
*        9.000000000e-01               0                               0        
GRID*               1932               0-1.675000000e+00-1.512500000e-02*       
*        9.000000000e-01               0                               0        
GRID*               1941               0-1.658750000e+00-1.512500000e-02*       
*        9.000000000e-01               0                               0        
GRID*               1950               0-1.642500000e+00-1.512500000e-02*       
*        9.000000000e-01               0                               0        
GRID*               1959               0-1.626250000e+00-1.512500000e-02*       
*        9.000000000e-01               0                               0        
GRID*               1968               0-1.610000000e+00-1.512500000e-02*       
*        9.000000000e-01               0                               0        
GRID*               1977               0-1.593750000e+00-1.512500000e-02*       
*        9.000000000e-01               0                               0        
GRID*               1986               0-1.577500000e+00-1.512500000e-02*       
*        9.000000000e-01               0                               0        
GRID*               1995               0-1.561250000e+00-1.512500000e-02*       
*        9.000000000e-01               0                               0        
GRID*               2004               0-1.545000000e+00-1.512500000e-02*       
*        9.000000000e-01               0                               0        
GRID*               2013               0-1.528750000e+00-1.512500000e-02*       
*        9.000000000e-01               0                               0        
GRID*               2022               0-1.512500000e+00-1.512500000e-02*       
*        9.000000000e-01               0                               0        
GRID*               2031               0-1.496250000e+00-1.512500000e-02*       
*        9.000000000e-01               0                               0        
GRID*               2040               0-1.480000000e+00-1.512500000e-02*       
*        9.000000000e-01               0                               0        
GRID*               2049               0-1.463750000e+00-1.512500000e-02*       
*        9.000000000e-01               0                               0        
GRID*               2058               0-1.447500000e+00-1.512500000e-02*       
*        9.000000000e-01               0                               0        
GRID*               2067               0-1.431250000e+00-1.512500000e-02*       
*        9.000000000e-01               0                               0        
GRID*               2076               0-1.415000000e+00-1.512500000e-02*       
*        9.000000000e-01               0                               0        
GRID*               2085               0-1.398750000e+00-1.512500000e-02*       
*        9.000000000e-01               0                               0        
GRID*               2094               0-1.382500000e+00-1.512500000e-02*       
*        9.000000000e-01               0                               0        
GRID*               2103               0-1.366250000e+00-1.512500000e-02*       
*        9.000000000e-01               0                               0        
GRID*               2112               0-1.350000000e+00-1.512500000e-02*       
*        9.000000000e-01               0                               0        
GRID*               2121               0-1.333750000e+00-1.512500000e-02*       
*        9.000000000e-01               0                               0        
GRID*               2130               0-1.317500000e+00-1.512500000e-02*       
*        9.000000000e-01               0                               0        
GRID*               2139               0-1.301250000e+00-1.512500000e-02*       
*        9.000000000e-01               0                               0        
GRID*               2148               0-1.285000000e+00-1.512500000e-02*       
*        9.000000000e-01               0                               0        
GRID*               2157               0-1.268750000e+00-1.512500000e-02*       
*        9.000000000e-01               0                               0        
GRID*               2166               0-1.252500000e+00-1.512500000e-02*       
*        9.000000000e-01               0                               0        
GRID*               2175               0-1.236250000e+00-1.512500000e-02*       
*        9.000000000e-01               0                               0        
GRID*               2184               0-1.220000000e+00-1.512500000e-02*       
*        9.000000000e-01               0                               0        
GRID*               2193               0-1.203750000e+00-1.512500000e-02*       
*        9.000000000e-01               0                               0        
GRID*               2202               0-1.187500000e+00-1.512500000e-02*       
*        9.000000000e-01               0                               0        
GRID*               2211               0-1.171250000e+00-1.512500000e-02*       
*        9.000000000e-01               0                               0        
GRID*               2220               0-1.155000000e+00-1.512500000e-02*       
*        9.000000000e-01               0                               0        
GRID*               2229               0-1.138750000e+00-1.512500000e-02*       
*        9.000000000e-01               0                               0        
GRID*               2238               0-1.122500000e+00-1.512500000e-02*       
*        9.000000000e-01               0                               0        
GRID*               2247               0-1.106250000e+00-1.512500000e-02*       
*        9.000000000e-01               0                               0        
GRID*               2256               0-1.090000000e+00-1.512500000e-02*       
*        9.000000000e-01               0                               0        
GRID*               2265               0-1.073750000e+00-1.512500000e-02*       
*        9.000000000e-01               0                               0        
GRID*               2274               0-1.057500000e+00-1.512500000e-02*       
*        9.000000000e-01               0                               0        
GRID*               2283               0-1.041250000e+00-1.512500000e-02*       
*        9.000000000e-01               0                               0        
GRID*               2292               0-1.025000000e+00-1.512500000e-02*       
*        9.000000000e-01               0                               0        
GRID*               2301               0-1.008750000e+00-1.512500000e-02*       
*        9.000000000e-01               0                               0        
GRID*               2310               0-9.925000000e-01-1.512500000e-02*       
*        9.000000000e-01               0                               0        
GRID*               2319               0-9.762500000e-01-1.512500000e-02*       
*        9.000000000e-01               0                               0        
GRID*               2328               0-9.600000000e-01-1.512500000e-02*       
*        9.000000000e-01               0                               0        
GRID*               2337               0-9.437500000e-01-1.512500000e-02*       
*        9.000000000e-01               0                               0        
GRID*               2346               0-9.275000000e-01-1.512500000e-02*       
*        9.000000000e-01               0                               0        
GRID*               2355               0-9.112500000e-01-1.512500000e-02*       
*        9.000000000e-01               0                               0        
GRID*               2364               0-8.950000000e-01-1.512500000e-02*       
*        9.000000000e-01               0                               0        
GRID*               2373               0-8.787500000e-01-1.512500000e-02*       
*        9.000000000e-01               0                               0        
GRID*               2382               0-8.625000000e-01-1.512500000e-02*       
*        9.000000000e-01               0                               0        
GRID*               2391               0-8.462500000e-01-1.512500000e-02*       
*        9.000000000e-01               0                               0        
GRID*               2400               0-8.300000000e-01-1.512500000e-02*       
*        9.000000000e-01               0                               0        
GRID*               2409               0-8.137500000e-01-1.512500000e-02*       
*        9.000000000e-01               0                               0        
GRID*               2418               0-7.975000000e-01-1.512500000e-02*       
*        9.000000000e-01               0                               0        
GRID*               2427               0-7.812500000e-01-1.512500000e-02*       
*        9.000000000e-01               0                               0        
GRID*               2436               0-7.650000000e-01-1.512500000e-02*       
*        9.000000000e-01               0                               0        
GRID*               2445               0-7.487500000e-01-1.512500000e-02*       
*        9.000000000e-01               0                               0        
GRID*               2454               0-7.325000000e-01-1.512500000e-02*       
*        9.000000000e-01               0                               0        
GRID*               2463               0-7.162500000e-01-1.512500000e-02*       
*        9.000000000e-01               0                               0        
GRID*               2472               0-7.000000000e-01-1.512500000e-02*       
*        9.000000000e-01               0                               0        
GRID*               2481               0-6.837500000e-01-1.512500000e-02*       
*        9.000000000e-01               0                               0        
GRID*               2490               0-6.675000000e-01-1.512500000e-02*       
*        9.000000000e-01               0                               0        
GRID*               2499               0-6.512500000e-01-1.512500000e-02*       
*        9.000000000e-01               0                               0        
GRID*               2508               0-6.350000000e-01-1.512500000e-02*       
*        9.000000000e-01               0                               0        
GRID*               2517               0-6.187500000e-01-1.512500000e-02*       
*        9.000000000e-01               0                               0        
GRID*               2526               0-6.025000000e-01-1.512500000e-02*       
*        9.000000000e-01               0                               0        
GRID*               2535               0-5.862500000e-01-1.512500000e-02*       
*        9.000000000e-01               0                               0        
GRID*               2544               0-5.700000000e-01-1.512500000e-02*       
*        9.000000000e-01               0                               0        
GRID*               2553               0-5.537500000e-01-1.512500000e-02*       
*        9.000000000e-01               0                               0        
GRID*               2562               0-5.375000000e-01-1.512500000e-02*       
*        9.000000000e-01               0                               0        
GRID*               2571               0-5.212500000e-01-1.512500000e-02*       
*        9.000000000e-01               0                               0        
GRID*               2580               0-5.050000000e-01-1.512500000e-02*       
*        9.000000000e-01               0                               0        
GRID*               2589               0-4.887500000e-01-1.512500000e-02*       
*        9.000000000e-01               0                               0        
GRID*               2598               0-4.725000000e-01-1.512500000e-02*       
*        9.000000000e-01               0                               0        
GRID*               2607               0-4.562500000e-01-1.512500000e-02*       
*        9.000000000e-01               0                               0        
GRID*               2616               0-4.400000000e-01-1.512500000e-02*       
*        9.000000000e-01               0                               0        
GRID*               1753               0-2.000000000e+00-3.025000000e-02*       
*        9.000000000e-01               0                               0        
GRID*               1762               0-1.983750000e+00-3.025000000e-02*       
*        9.000000000e-01               0                               0        
GRID*               1771               0-1.967500000e+00-3.025000000e-02*       
*        9.000000000e-01               0                               0        
GRID*               1780               0-1.951250000e+00-3.025000000e-02*       
*        9.000000000e-01               0                               0        
GRID*               1789               0-1.935000000e+00-3.025000000e-02*       
*        9.000000000e-01               0                               0        
GRID*               1798               0-1.918750000e+00-3.025000000e-02*       
*        9.000000000e-01               0                               0        
GRID*               1807               0-1.902500000e+00-3.025000000e-02*       
*        9.000000000e-01               0                               0        
GRID*               1816               0-1.886250000e+00-3.025000000e-02*       
*        9.000000000e-01               0                               0        
GRID*               1825               0-1.870000000e+00-3.025000000e-02*       
*        9.000000000e-01               0                               0        
GRID*               1834               0-1.853750000e+00-3.025000000e-02*       
*        9.000000000e-01               0                               0        
GRID*               1843               0-1.837500000e+00-3.025000000e-02*       
*        9.000000000e-01               0                               0        
GRID*               1852               0-1.821250000e+00-3.025000000e-02*       
*        9.000000000e-01               0                               0        
GRID*               1861               0-1.805000000e+00-3.025000000e-02*       
*        9.000000000e-01               0                               0        
GRID*               1870               0-1.788750000e+00-3.025000000e-02*       
*        9.000000000e-01               0                               0        
GRID*               1879               0-1.772500000e+00-3.025000000e-02*       
*        9.000000000e-01               0                               0        
GRID*               1888               0-1.756250000e+00-3.025000000e-02*       
*        9.000000000e-01               0                               0        
GRID*               1897               0-1.740000000e+00-3.025000000e-02*       
*        9.000000000e-01               0                               0        
GRID*               1906               0-1.723750000e+00-3.025000000e-02*       
*        9.000000000e-01               0                               0        
GRID*               1915               0-1.707500000e+00-3.025000000e-02*       
*        9.000000000e-01               0                               0        
GRID*               1924               0-1.691250000e+00-3.025000000e-02*       
*        9.000000000e-01               0                               0        
GRID*               1933               0-1.675000000e+00-3.025000000e-02*       
*        9.000000000e-01               0                               0        
GRID*               1942               0-1.658750000e+00-3.025000000e-02*       
*        9.000000000e-01               0                               0        
GRID*               1951               0-1.642500000e+00-3.025000000e-02*       
*        9.000000000e-01               0                               0        
GRID*               1960               0-1.626250000e+00-3.025000000e-02*       
*        9.000000000e-01               0                               0        
GRID*               1969               0-1.610000000e+00-3.025000000e-02*       
*        9.000000000e-01               0                               0        
GRID*               1978               0-1.593750000e+00-3.025000000e-02*       
*        9.000000000e-01               0                               0        
GRID*               1987               0-1.577500000e+00-3.025000000e-02*       
*        9.000000000e-01               0                               0        
GRID*               1996               0-1.561250000e+00-3.025000000e-02*       
*        9.000000000e-01               0                               0        
GRID*               2005               0-1.545000000e+00-3.025000000e-02*       
*        9.000000000e-01               0                               0        
GRID*               2014               0-1.528750000e+00-3.025000000e-02*       
*        9.000000000e-01               0                               0        
GRID*               2023               0-1.512500000e+00-3.025000000e-02*       
*        9.000000000e-01               0                               0        
GRID*               2032               0-1.496250000e+00-3.025000000e-02*       
*        9.000000000e-01               0                               0        
GRID*               2041               0-1.480000000e+00-3.025000000e-02*       
*        9.000000000e-01               0                               0        
GRID*               2050               0-1.463750000e+00-3.025000000e-02*       
*        9.000000000e-01               0                               0        
GRID*               2059               0-1.447500000e+00-3.025000000e-02*       
*        9.000000000e-01               0                               0        
GRID*               2068               0-1.431250000e+00-3.025000000e-02*       
*        9.000000000e-01               0                               0        
GRID*               2077               0-1.415000000e+00-3.025000000e-02*       
*        9.000000000e-01               0                               0        
GRID*               2086               0-1.398750000e+00-3.025000000e-02*       
*        9.000000000e-01               0                               0        
GRID*               2095               0-1.382500000e+00-3.025000000e-02*       
*        9.000000000e-01               0                               0        
GRID*               2104               0-1.366250000e+00-3.025000000e-02*       
*        9.000000000e-01               0                               0        
GRID*               2113               0-1.350000000e+00-3.025000000e-02*       
*        9.000000000e-01               0                               0        
GRID*               2122               0-1.333750000e+00-3.025000000e-02*       
*        9.000000000e-01               0                               0        
GRID*               2131               0-1.317500000e+00-3.025000000e-02*       
*        9.000000000e-01               0                               0        
GRID*               2140               0-1.301250000e+00-3.025000000e-02*       
*        9.000000000e-01               0                               0        
GRID*               2149               0-1.285000000e+00-3.025000000e-02*       
*        9.000000000e-01               0                               0        
GRID*               2158               0-1.268750000e+00-3.025000000e-02*       
*        9.000000000e-01               0                               0        
GRID*               2167               0-1.252500000e+00-3.025000000e-02*       
*        9.000000000e-01               0                               0        
GRID*               2176               0-1.236250000e+00-3.025000000e-02*       
*        9.000000000e-01               0                               0        
GRID*               2185               0-1.220000000e+00-3.025000000e-02*       
*        9.000000000e-01               0                               0        
GRID*               2194               0-1.203750000e+00-3.025000000e-02*       
*        9.000000000e-01               0                               0        
GRID*               2203               0-1.187500000e+00-3.025000000e-02*       
*        9.000000000e-01               0                               0        
GRID*               2212               0-1.171250000e+00-3.025000000e-02*       
*        9.000000000e-01               0                               0        
GRID*               2221               0-1.155000000e+00-3.025000000e-02*       
*        9.000000000e-01               0                               0        
GRID*               2230               0-1.138750000e+00-3.025000000e-02*       
*        9.000000000e-01               0                               0        
GRID*               2239               0-1.122500000e+00-3.025000000e-02*       
*        9.000000000e-01               0                               0        
GRID*               2248               0-1.106250000e+00-3.025000000e-02*       
*        9.000000000e-01               0                               0        
GRID*               2257               0-1.090000000e+00-3.025000000e-02*       
*        9.000000000e-01               0                               0        
GRID*               2266               0-1.073750000e+00-3.025000000e-02*       
*        9.000000000e-01               0                               0        
GRID*               2275               0-1.057500000e+00-3.025000000e-02*       
*        9.000000000e-01               0                               0        
GRID*               2284               0-1.041250000e+00-3.025000000e-02*       
*        9.000000000e-01               0                               0        
GRID*               2293               0-1.025000000e+00-3.025000000e-02*       
*        9.000000000e-01               0                               0        
GRID*               2302               0-1.008750000e+00-3.025000000e-02*       
*        9.000000000e-01               0                               0        
GRID*               2311               0-9.925000000e-01-3.025000000e-02*       
*        9.000000000e-01               0                               0        
GRID*               2320               0-9.762500000e-01-3.025000000e-02*       
*        9.000000000e-01               0                               0        
GRID*               2329               0-9.600000000e-01-3.025000000e-02*       
*        9.000000000e-01               0                               0        
GRID*               2338               0-9.437500000e-01-3.025000000e-02*       
*        9.000000000e-01               0                               0        
GRID*               2347               0-9.275000000e-01-3.025000000e-02*       
*        9.000000000e-01               0                               0        
GRID*               2356               0-9.112500000e-01-3.025000000e-02*       
*        9.000000000e-01               0                               0        
GRID*               2365               0-8.950000000e-01-3.025000000e-02*       
*        9.000000000e-01               0                               0        
GRID*               2374               0-8.787500000e-01-3.025000000e-02*       
*        9.000000000e-01               0                               0        
GRID*               2383               0-8.625000000e-01-3.025000000e-02*       
*        9.000000000e-01               0                               0        
GRID*               2392               0-8.462500000e-01-3.025000000e-02*       
*        9.000000000e-01               0                               0        
GRID*               2401               0-8.300000000e-01-3.025000000e-02*       
*        9.000000000e-01               0                               0        
GRID*               2410               0-8.137500000e-01-3.025000000e-02*       
*        9.000000000e-01               0                               0        
GRID*               2419               0-7.975000000e-01-3.025000000e-02*       
*        9.000000000e-01               0                               0        
GRID*               2428               0-7.812500000e-01-3.025000000e-02*       
*        9.000000000e-01               0                               0        
GRID*               2437               0-7.650000000e-01-3.025000000e-02*       
*        9.000000000e-01               0                               0        
GRID*               2446               0-7.487500000e-01-3.025000000e-02*       
*        9.000000000e-01               0                               0        
GRID*               2455               0-7.325000000e-01-3.025000000e-02*       
*        9.000000000e-01               0                               0        
GRID*               2464               0-7.162500000e-01-3.025000000e-02*       
*        9.000000000e-01               0                               0        
GRID*               2473               0-7.000000000e-01-3.025000000e-02*       
*        9.000000000e-01               0                               0        
GRID*               2482               0-6.837500000e-01-3.025000000e-02*       
*        9.000000000e-01               0                               0        
GRID*               2491               0-6.675000000e-01-3.025000000e-02*       
*        9.000000000e-01               0                               0        
GRID*               2500               0-6.512500000e-01-3.025000000e-02*       
*        9.000000000e-01               0                               0        
GRID*               2509               0-6.350000000e-01-3.025000000e-02*       
*        9.000000000e-01               0                               0        
GRID*               2518               0-6.187500000e-01-3.025000000e-02*       
*        9.000000000e-01               0                               0        
GRID*               2527               0-6.025000000e-01-3.025000000e-02*       
*        9.000000000e-01               0                               0        
GRID*               2536               0-5.862500000e-01-3.025000000e-02*       
*        9.000000000e-01               0                               0        
GRID*               2545               0-5.700000000e-01-3.025000000e-02*       
*        9.000000000e-01               0                               0        
GRID*               2554               0-5.537500000e-01-3.025000000e-02*       
*        9.000000000e-01               0                               0        
GRID*               2563               0-5.375000000e-01-3.025000000e-02*       
*        9.000000000e-01               0                               0        
GRID*               2572               0-5.212500000e-01-3.025000000e-02*       
*        9.000000000e-01               0                               0        
GRID*               2581               0-5.050000000e-01-3.025000000e-02*       
*        9.000000000e-01               0                               0        
GRID*               2590               0-4.887500000e-01-3.025000000e-02*       
*        9.000000000e-01               0                               0        
GRID*               2599               0-4.725000000e-01-3.025000000e-02*       
*        9.000000000e-01               0                               0        
GRID*               2608               0-4.562500000e-01-3.025000000e-02*       
*        9.000000000e-01               0                               0        
GRID*               2617               0-4.400000000e-01-3.025000000e-02*       
*        9.000000000e-01               0                               0        
GRID*               1754               0-2.000000000e+00-4.537500000e-02*       
*        9.000000000e-01               0                               0        
GRID*               1763               0-1.983750000e+00-4.537500000e-02*       
*        9.000000000e-01               0                               0        
GRID*               1772               0-1.967500000e+00-4.537500000e-02*       
*        9.000000000e-01               0                               0        
GRID*               1781               0-1.951250000e+00-4.537500000e-02*       
*        9.000000000e-01               0                               0        
GRID*               1790               0-1.935000000e+00-4.537500000e-02*       
*        9.000000000e-01               0                               0        
GRID*               1799               0-1.918750000e+00-4.537500000e-02*       
*        9.000000000e-01               0                               0        
GRID*               1808               0-1.902500000e+00-4.537500000e-02*       
*        9.000000000e-01               0                               0        
GRID*               1817               0-1.886250000e+00-4.537500000e-02*       
*        9.000000000e-01               0                               0        
GRID*               1826               0-1.870000000e+00-4.537500000e-02*       
*        9.000000000e-01               0                               0        
GRID*               1835               0-1.853750000e+00-4.537500000e-02*       
*        9.000000000e-01               0                               0        
GRID*               1844               0-1.837500000e+00-4.537500000e-02*       
*        9.000000000e-01               0                               0        
GRID*               1853               0-1.821250000e+00-4.537500000e-02*       
*        9.000000000e-01               0                               0        
GRID*               1862               0-1.805000000e+00-4.537500000e-02*       
*        9.000000000e-01               0                               0        
GRID*               1871               0-1.788750000e+00-4.537500000e-02*       
*        9.000000000e-01               0                               0        
GRID*               1880               0-1.772500000e+00-4.537500000e-02*       
*        9.000000000e-01               0                               0        
GRID*               1889               0-1.756250000e+00-4.537500000e-02*       
*        9.000000000e-01               0                               0        
GRID*               1898               0-1.740000000e+00-4.537500000e-02*       
*        9.000000000e-01               0                               0        
GRID*               1907               0-1.723750000e+00-4.537500000e-02*       
*        9.000000000e-01               0                               0        
GRID*               1916               0-1.707500000e+00-4.537500000e-02*       
*        9.000000000e-01               0                               0        
GRID*               1925               0-1.691250000e+00-4.537500000e-02*       
*        9.000000000e-01               0                               0        
GRID*               1934               0-1.675000000e+00-4.537500000e-02*       
*        9.000000000e-01               0                               0        
GRID*               1943               0-1.658750000e+00-4.537500000e-02*       
*        9.000000000e-01               0                               0        
GRID*               1952               0-1.642500000e+00-4.537500000e-02*       
*        9.000000000e-01               0                               0        
GRID*               1961               0-1.626250000e+00-4.537500000e-02*       
*        9.000000000e-01               0                               0        
GRID*               1970               0-1.610000000e+00-4.537500000e-02*       
*        9.000000000e-01               0                               0        
GRID*               1979               0-1.593750000e+00-4.537500000e-02*       
*        9.000000000e-01               0                               0        
GRID*               1988               0-1.577500000e+00-4.537500000e-02*       
*        9.000000000e-01               0                               0        
GRID*               1997               0-1.561250000e+00-4.537500000e-02*       
*        9.000000000e-01               0                               0        
GRID*               2006               0-1.545000000e+00-4.537500000e-02*       
*        9.000000000e-01               0                               0        
GRID*               2015               0-1.528750000e+00-4.537500000e-02*       
*        9.000000000e-01               0                               0        
GRID*               2024               0-1.512500000e+00-4.537500000e-02*       
*        9.000000000e-01               0                               0        
GRID*               2033               0-1.496250000e+00-4.537500000e-02*       
*        9.000000000e-01               0                               0        
GRID*               2042               0-1.480000000e+00-4.537500000e-02*       
*        9.000000000e-01               0                               0        
GRID*               2051               0-1.463750000e+00-4.537500000e-02*       
*        9.000000000e-01               0                               0        
GRID*               2060               0-1.447500000e+00-4.537500000e-02*       
*        9.000000000e-01               0                               0        
GRID*               2069               0-1.431250000e+00-4.537500000e-02*       
*        9.000000000e-01               0                               0        
GRID*               2078               0-1.415000000e+00-4.537500000e-02*       
*        9.000000000e-01               0                               0        
GRID*               2087               0-1.398750000e+00-4.537500000e-02*       
*        9.000000000e-01               0                               0        
GRID*               2096               0-1.382500000e+00-4.537500000e-02*       
*        9.000000000e-01               0                               0        
GRID*               2105               0-1.366250000e+00-4.537500000e-02*       
*        9.000000000e-01               0                               0        
GRID*               2114               0-1.350000000e+00-4.537500000e-02*       
*        9.000000000e-01               0                               0        
GRID*               2123               0-1.333750000e+00-4.537500000e-02*       
*        9.000000000e-01               0                               0        
GRID*               2132               0-1.317500000e+00-4.537500000e-02*       
*        9.000000000e-01               0                               0        
GRID*               2141               0-1.301250000e+00-4.537500000e-02*       
*        9.000000000e-01               0                               0        
GRID*               2150               0-1.285000000e+00-4.537500000e-02*       
*        9.000000000e-01               0                               0        
GRID*               2159               0-1.268750000e+00-4.537500000e-02*       
*        9.000000000e-01               0                               0        
GRID*               2168               0-1.252500000e+00-4.537500000e-02*       
*        9.000000000e-01               0                               0        
GRID*               2177               0-1.236250000e+00-4.537500000e-02*       
*        9.000000000e-01               0                               0        
GRID*               2186               0-1.220000000e+00-4.537500000e-02*       
*        9.000000000e-01               0                               0        
GRID*               2195               0-1.203750000e+00-4.537500000e-02*       
*        9.000000000e-01               0                               0        
GRID*               2204               0-1.187500000e+00-4.537500000e-02*       
*        9.000000000e-01               0                               0        
GRID*               2213               0-1.171250000e+00-4.537500000e-02*       
*        9.000000000e-01               0                               0        
GRID*               2222               0-1.155000000e+00-4.537500000e-02*       
*        9.000000000e-01               0                               0        
GRID*               2231               0-1.138750000e+00-4.537500000e-02*       
*        9.000000000e-01               0                               0        
GRID*               2240               0-1.122500000e+00-4.537500000e-02*       
*        9.000000000e-01               0                               0        
GRID*               2249               0-1.106250000e+00-4.537500000e-02*       
*        9.000000000e-01               0                               0        
GRID*               2258               0-1.090000000e+00-4.537500000e-02*       
*        9.000000000e-01               0                               0        
GRID*               2267               0-1.073750000e+00-4.537500000e-02*       
*        9.000000000e-01               0                               0        
GRID*               2276               0-1.057500000e+00-4.537500000e-02*       
*        9.000000000e-01               0                               0        
GRID*               2285               0-1.041250000e+00-4.537500000e-02*       
*        9.000000000e-01               0                               0        
GRID*               2294               0-1.025000000e+00-4.537500000e-02*       
*        9.000000000e-01               0                               0        
GRID*               2303               0-1.008750000e+00-4.537500000e-02*       
*        9.000000000e-01               0                               0        
GRID*               2312               0-9.925000000e-01-4.537500000e-02*       
*        9.000000000e-01               0                               0        
GRID*               2321               0-9.762500000e-01-4.537500000e-02*       
*        9.000000000e-01               0                               0        
GRID*               2330               0-9.600000000e-01-4.537500000e-02*       
*        9.000000000e-01               0                               0        
GRID*               2339               0-9.437500000e-01-4.537500000e-02*       
*        9.000000000e-01               0                               0        
GRID*               2348               0-9.275000000e-01-4.537500000e-02*       
*        9.000000000e-01               0                               0        
GRID*               2357               0-9.112500000e-01-4.537500000e-02*       
*        9.000000000e-01               0                               0        
GRID*               2366               0-8.950000000e-01-4.537500000e-02*       
*        9.000000000e-01               0                               0        
GRID*               2375               0-8.787500000e-01-4.537500000e-02*       
*        9.000000000e-01               0                               0        
GRID*               2384               0-8.625000000e-01-4.537500000e-02*       
*        9.000000000e-01               0                               0        
GRID*               2393               0-8.462500000e-01-4.537500000e-02*       
*        9.000000000e-01               0                               0        
GRID*               2402               0-8.300000000e-01-4.537500000e-02*       
*        9.000000000e-01               0                               0        
GRID*               2411               0-8.137500000e-01-4.537500000e-02*       
*        9.000000000e-01               0                               0        
GRID*               2420               0-7.975000000e-01-4.537500000e-02*       
*        9.000000000e-01               0                               0        
GRID*               2429               0-7.812500000e-01-4.537500000e-02*       
*        9.000000000e-01               0                               0        
GRID*               2438               0-7.650000000e-01-4.537500000e-02*       
*        9.000000000e-01               0                               0        
GRID*               2447               0-7.487500000e-01-4.537500000e-02*       
*        9.000000000e-01               0                               0        
GRID*               2456               0-7.325000000e-01-4.537500000e-02*       
*        9.000000000e-01               0                               0        
GRID*               2465               0-7.162500000e-01-4.537500000e-02*       
*        9.000000000e-01               0                               0        
GRID*               2474               0-7.000000000e-01-4.537500000e-02*       
*        9.000000000e-01               0                               0        
GRID*               2483               0-6.837500000e-01-4.537500000e-02*       
*        9.000000000e-01               0                               0        
GRID*               2492               0-6.675000000e-01-4.537500000e-02*       
*        9.000000000e-01               0                               0        
GRID*               2501               0-6.512500000e-01-4.537500000e-02*       
*        9.000000000e-01               0                               0        
GRID*               2510               0-6.350000000e-01-4.537500000e-02*       
*        9.000000000e-01               0                               0        
GRID*               2519               0-6.187500000e-01-4.537500000e-02*       
*        9.000000000e-01               0                               0        
GRID*               2528               0-6.025000000e-01-4.537500000e-02*       
*        9.000000000e-01               0                               0        
GRID*               2537               0-5.862500000e-01-4.537500000e-02*       
*        9.000000000e-01               0                               0        
GRID*               2546               0-5.700000000e-01-4.537500000e-02*       
*        9.000000000e-01               0                               0        
GRID*               2555               0-5.537500000e-01-4.537500000e-02*       
*        9.000000000e-01               0                               0        
GRID*               2564               0-5.375000000e-01-4.537500000e-02*       
*        9.000000000e-01               0                               0        
GRID*               2573               0-5.212500000e-01-4.537500000e-02*       
*        9.000000000e-01               0                               0        
GRID*               2582               0-5.050000000e-01-4.537500000e-02*       
*        9.000000000e-01               0                               0        
GRID*               2591               0-4.887500000e-01-4.537500000e-02*       
*        9.000000000e-01               0                               0        
GRID*               2600               0-4.725000000e-01-4.537500000e-02*       
*        9.000000000e-01               0                               0        
GRID*               2609               0-4.562500000e-01-4.537500000e-02*       
*        9.000000000e-01               0                               0        
GRID*               2618               0-4.400000000e-01-4.537500000e-02*       
*        9.000000000e-01               0                               0        
GRID*               1755               0-2.000000000e+00-6.050000000e-02*       
*        9.000000000e-01               0                               0        
GRID*               1764               0-1.983750000e+00-6.050000000e-02*       
*        9.000000000e-01               0                               0        
GRID*               1773               0-1.967500000e+00-6.050000000e-02*       
*        9.000000000e-01               0                               0        
GRID*               1782               0-1.951250000e+00-6.050000000e-02*       
*        9.000000000e-01               0                               0        
GRID*               1791               0-1.935000000e+00-6.050000000e-02*       
*        9.000000000e-01               0                               0        
GRID*               1800               0-1.918750000e+00-6.050000000e-02*       
*        9.000000000e-01               0                               0        
GRID*               1809               0-1.902500000e+00-6.050000000e-02*       
*        9.000000000e-01               0                               0        
GRID*               1818               0-1.886250000e+00-6.050000000e-02*       
*        9.000000000e-01               0                               0        
GRID*               1827               0-1.870000000e+00-6.050000000e-02*       
*        9.000000000e-01               0                               0        
GRID*               1836               0-1.853750000e+00-6.050000000e-02*       
*        9.000000000e-01               0                               0        
GRID*               1845               0-1.837500000e+00-6.050000000e-02*       
*        9.000000000e-01               0                               0        
GRID*               1854               0-1.821250000e+00-6.050000000e-02*       
*        9.000000000e-01               0                               0        
GRID*               1863               0-1.805000000e+00-6.050000000e-02*       
*        9.000000000e-01               0                               0        
GRID*               1872               0-1.788750000e+00-6.050000000e-02*       
*        9.000000000e-01               0                               0        
GRID*               1881               0-1.772500000e+00-6.050000000e-02*       
*        9.000000000e-01               0                               0        
GRID*               1890               0-1.756250000e+00-6.050000000e-02*       
*        9.000000000e-01               0                               0        
GRID*               1899               0-1.740000000e+00-6.050000000e-02*       
*        9.000000000e-01               0                               0        
GRID*               1908               0-1.723750000e+00-6.050000000e-02*       
*        9.000000000e-01               0                               0        
GRID*               1917               0-1.707500000e+00-6.050000000e-02*       
*        9.000000000e-01               0                               0        
GRID*               1926               0-1.691250000e+00-6.050000000e-02*       
*        9.000000000e-01               0                               0        
GRID*               1935               0-1.675000000e+00-6.050000000e-02*       
*        9.000000000e-01               0                               0        
GRID*               1944               0-1.658750000e+00-6.050000000e-02*       
*        9.000000000e-01               0                               0        
GRID*               1953               0-1.642500000e+00-6.050000000e-02*       
*        9.000000000e-01               0                               0        
GRID*               1962               0-1.626250000e+00-6.050000000e-02*       
*        9.000000000e-01               0                               0        
GRID*               1971               0-1.610000000e+00-6.050000000e-02*       
*        9.000000000e-01               0                               0        
GRID*               1980               0-1.593750000e+00-6.050000000e-02*       
*        9.000000000e-01               0                               0        
GRID*               1989               0-1.577500000e+00-6.050000000e-02*       
*        9.000000000e-01               0                               0        
GRID*               1998               0-1.561250000e+00-6.050000000e-02*       
*        9.000000000e-01               0                               0        
GRID*               2007               0-1.545000000e+00-6.050000000e-02*       
*        9.000000000e-01               0                               0        
GRID*               2016               0-1.528750000e+00-6.050000000e-02*       
*        9.000000000e-01               0                               0        
GRID*               2025               0-1.512500000e+00-6.050000000e-02*       
*        9.000000000e-01               0                               0        
GRID*               2034               0-1.496250000e+00-6.050000000e-02*       
*        9.000000000e-01               0                               0        
GRID*               2043               0-1.480000000e+00-6.050000000e-02*       
*        9.000000000e-01               0                               0        
GRID*               2052               0-1.463750000e+00-6.050000000e-02*       
*        9.000000000e-01               0                               0        
GRID*               2061               0-1.447500000e+00-6.050000000e-02*       
*        9.000000000e-01               0                               0        
GRID*               2070               0-1.431250000e+00-6.050000000e-02*       
*        9.000000000e-01               0                               0        
GRID*               2079               0-1.415000000e+00-6.050000000e-02*       
*        9.000000000e-01               0                               0        
GRID*               2088               0-1.398750000e+00-6.050000000e-02*       
*        9.000000000e-01               0                               0        
GRID*               2097               0-1.382500000e+00-6.050000000e-02*       
*        9.000000000e-01               0                               0        
GRID*               2106               0-1.366250000e+00-6.050000000e-02*       
*        9.000000000e-01               0                               0        
GRID*               2115               0-1.350000000e+00-6.050000000e-02*       
*        9.000000000e-01               0                               0        
GRID*               2124               0-1.333750000e+00-6.050000000e-02*       
*        9.000000000e-01               0                               0        
GRID*               2133               0-1.317500000e+00-6.050000000e-02*       
*        9.000000000e-01               0                               0        
GRID*               2142               0-1.301250000e+00-6.050000000e-02*       
*        9.000000000e-01               0                               0        
GRID*               2151               0-1.285000000e+00-6.050000000e-02*       
*        9.000000000e-01               0                               0        
GRID*               2160               0-1.268750000e+00-6.050000000e-02*       
*        9.000000000e-01               0                               0        
GRID*               2169               0-1.252500000e+00-6.050000000e-02*       
*        9.000000000e-01               0                               0        
GRID*               2178               0-1.236250000e+00-6.050000000e-02*       
*        9.000000000e-01               0                               0        
GRID*               2187               0-1.220000000e+00-6.050000000e-02*       
*        9.000000000e-01               0                               0        
GRID*               2196               0-1.203750000e+00-6.050000000e-02*       
*        9.000000000e-01               0                               0        
GRID*               2205               0-1.187500000e+00-6.050000000e-02*       
*        9.000000000e-01               0                               0        
GRID*               2214               0-1.171250000e+00-6.050000000e-02*       
*        9.000000000e-01               0                               0        
GRID*               2223               0-1.155000000e+00-6.050000000e-02*       
*        9.000000000e-01               0                               0        
GRID*               2232               0-1.138750000e+00-6.050000000e-02*       
*        9.000000000e-01               0                               0        
GRID*               2241               0-1.122500000e+00-6.050000000e-02*       
*        9.000000000e-01               0                               0        
GRID*               2250               0-1.106250000e+00-6.050000000e-02*       
*        9.000000000e-01               0                               0        
GRID*               2259               0-1.090000000e+00-6.050000000e-02*       
*        9.000000000e-01               0                               0        
GRID*               2268               0-1.073750000e+00-6.050000000e-02*       
*        9.000000000e-01               0                               0        
GRID*               2277               0-1.057500000e+00-6.050000000e-02*       
*        9.000000000e-01               0                               0        
GRID*               2286               0-1.041250000e+00-6.050000000e-02*       
*        9.000000000e-01               0                               0        
GRID*               2295               0-1.025000000e+00-6.050000000e-02*       
*        9.000000000e-01               0                               0        
GRID*               2304               0-1.008750000e+00-6.050000000e-02*       
*        9.000000000e-01               0                               0        
GRID*               2313               0-9.925000000e-01-6.050000000e-02*       
*        9.000000000e-01               0                               0        
GRID*               2322               0-9.762500000e-01-6.050000000e-02*       
*        9.000000000e-01               0                               0        
GRID*               2331               0-9.600000000e-01-6.050000000e-02*       
*        9.000000000e-01               0                               0        
GRID*               2340               0-9.437500000e-01-6.050000000e-02*       
*        9.000000000e-01               0                               0        
GRID*               2349               0-9.275000000e-01-6.050000000e-02*       
*        9.000000000e-01               0                               0        
GRID*               2358               0-9.112500000e-01-6.050000000e-02*       
*        9.000000000e-01               0                               0        
GRID*               2367               0-8.950000000e-01-6.050000000e-02*       
*        9.000000000e-01               0                               0        
GRID*               2376               0-8.787500000e-01-6.050000000e-02*       
*        9.000000000e-01               0                               0        
GRID*               2385               0-8.625000000e-01-6.050000000e-02*       
*        9.000000000e-01               0                               0        
GRID*               2394               0-8.462500000e-01-6.050000000e-02*       
*        9.000000000e-01               0                               0        
GRID*               2403               0-8.300000000e-01-6.050000000e-02*       
*        9.000000000e-01               0                               0        
GRID*               2412               0-8.137500000e-01-6.050000000e-02*       
*        9.000000000e-01               0                               0        
GRID*               2421               0-7.975000000e-01-6.050000000e-02*       
*        9.000000000e-01               0                               0        
GRID*               2430               0-7.812500000e-01-6.050000000e-02*       
*        9.000000000e-01               0                               0        
GRID*               2439               0-7.650000000e-01-6.050000000e-02*       
*        9.000000000e-01               0                               0        
GRID*               2448               0-7.487500000e-01-6.050000000e-02*       
*        9.000000000e-01               0                               0        
GRID*               2457               0-7.325000000e-01-6.050000000e-02*       
*        9.000000000e-01               0                               0        
GRID*               2466               0-7.162500000e-01-6.050000000e-02*       
*        9.000000000e-01               0                               0        
GRID*               2475               0-7.000000000e-01-6.050000000e-02*       
*        9.000000000e-01               0                               0        
GRID*               2484               0-6.837500000e-01-6.050000000e-02*       
*        9.000000000e-01               0                               0        
GRID*               2493               0-6.675000000e-01-6.050000000e-02*       
*        9.000000000e-01               0                               0        
GRID*               2502               0-6.512500000e-01-6.050000000e-02*       
*        9.000000000e-01               0                               0        
GRID*               2511               0-6.350000000e-01-6.050000000e-02*       
*        9.000000000e-01               0                               0        
GRID*               2520               0-6.187500000e-01-6.050000000e-02*       
*        9.000000000e-01               0                               0        
GRID*               2529               0-6.025000000e-01-6.050000000e-02*       
*        9.000000000e-01               0                               0        
GRID*               2538               0-5.862500000e-01-6.050000000e-02*       
*        9.000000000e-01               0                               0        
GRID*               2547               0-5.700000000e-01-6.050000000e-02*       
*        9.000000000e-01               0                               0        
GRID*               2556               0-5.537500000e-01-6.050000000e-02*       
*        9.000000000e-01               0                               0        
GRID*               2565               0-5.375000000e-01-6.050000000e-02*       
*        9.000000000e-01               0                               0        
GRID*               2574               0-5.212500000e-01-6.050000000e-02*       
*        9.000000000e-01               0                               0        
GRID*               2583               0-5.050000000e-01-6.050000000e-02*       
*        9.000000000e-01               0                               0        
GRID*               2592               0-4.887500000e-01-6.050000000e-02*       
*        9.000000000e-01               0                               0        
GRID*               2601               0-4.725000000e-01-6.050000000e-02*       
*        9.000000000e-01               0                               0        
GRID*               2610               0-4.562500000e-01-6.050000000e-02*       
*        9.000000000e-01               0                               0        
GRID*               2619               0-4.400000000e-01-6.050000000e-02*       
*        9.000000000e-01               0                               0        
CQUAD          1       1    1747    1765    1767    1749    1756    1766
            1758    1748    1757
CQUAD          2       1    1765    1783    1785    1767    1774    1784
            1776    1766    1775
CQUAD          3       1    1783    1801    1803    1785    1792    1802
            1794    1784    1793
CQUAD          4       2    1801    1819    1821    1803    1810    1820
            1812    1802    1811
CQUAD          5       2    1819    1837    1839    1821    1828    1838
            1830    1820    1829
CQUAD          6       2    1837    1855    1857    1839    1846    1856
            1848    1838    1847
CQUAD          7       3    1855    1873    1875    1857    1864    1874
            1866    1856    1865
CQUAD          8       3    1873    1891    1893    1875    1882    1892
            1884    1874    1883
CQUAD          9       3    1891    1909    1911    1893    1900    1910
            1902    1892    1901
CQUAD         10       4    1909    1927    1929    1911    1918    1928
            1920    1910    1919
CQUAD         11       4    1927    1945    1947    1929    1936    1946
            1938    1928    1937
CQUAD         12       4    1945    1963    1965    1947    1954    1964
            1956    1946    1955
CQUAD         13       5    1963    1981    1983    1965    1972    1982
            1974    1964    1973
CQUAD         14       5    1981    1999    2001    1983    1990    2000
            1992    1982    1991
CQUAD         15       5    1999    2017    2019    2001    2008    2018
            2010    2000    2009
CQUAD         16       6    2017    2035    2037    2019    2026    2036
            2028    2018    2027
CQUAD         17       6    2035    2053    2055    2037    2044    2054
            2046    2036    2045
CQUAD         18       6    2053    2071    2073    2055    2062    2072
            2064    2054    2063
CQUAD         19       7    2071    2089    2091    2073    2080    2090
            2082    2072    2081
CQUAD         20       7    2089    2107    2109    2091    2098    2108
            2100    2090    2099
CQUAD         21       7    2107    2125    2127    2109    2116    2126
            2118    2108    2117
CQUAD         22       8    2125    2143    2145    2127    2134    2144
            2136    2126    2135
CQUAD         23       8    2143    2161    2163    2145    2152    2162
            2154    2144    2153
CQUAD         24       8    2161    2179    2181    2163    2170    2180
            2172    2162    2171
CQUAD         25       9    2179    2197    2199    2181    2188    2198
            2190    2180    2189
CQUAD         26       9    2197    2215    2217    2199    2206    2216
            2208    2198    2207
CQUAD         27       9    2215    2233    2235    2217    2224    2234
            2226    2216    2225
CQUAD         28      10    2233    2251    2253    2235    2242    2252
            2244    2234    2243
CQUAD         29      10    2251    2269    2271    2253    2260    2270
            2262    2252    2261
CQUAD         30      10    2269    2287    2289    2271    2278    2288
            2280    2270    2279
CQUAD         31      11    2287    2305    2307    2289    2296    2306
            2298    2288    2297
CQUAD         32      11    2305    2323    2325    2307    2314    2324
            2316    2306    2315
CQUAD         33      11    2323    2341    2343    2325    2332    2342
            2334    2324    2333
CQUAD         34      12    2341    2359    2361    2343    2350    2360
            2352    2342    2351
CQUAD         35      12    2359    2377    2379    2361    2368    2378
            2370    2360    2369
CQUAD         36      12    2377    2395    2397    2379    2386    2396
            2388    2378    2387
CQUAD         37      13    2395    2413    2415    2397    2404    2414
            2406    2396    2405
CQUAD         38      13    2413    2431    2433    2415    2422    2432
            2424    2414    2423
CQUAD         39      13    2431    2449    2451    2433    2440    2450
            2442    2432    2441
CQUAD         40      14    2449    2467    2469    2451    2458    2468
            2460    2450    2459
CQUAD         41      14    2467    2485    2487    2469    2476    2486
            2478    2468    2477
CQUAD         42      14    2485    2503    2505    2487    2494    2504
            2496    2486    2495
CQUAD         43      15    2503    2521    2523    2505    2512    2522
            2514    2504    2513
CQUAD         44      15    2521    2539    2541    2523    2530    2540
            2532    2522    2531
CQUAD         45      15    2539    2557    2559    2541    2548    2558
            2550    2540    2549
CQUAD         46      16    2557    2575    2577    2559    2566    2576
            2568    2558    2567
CQUAD         47      16    2575    2593    2595    2577    2584    2594
            2586    2576    2585
CQUAD         48      16    2593    2611    2613    2595    2602    2612
            2604    2594    2603
CQUAD         49       1    1749    1767    1769    1751    1758    1768
            1760    1750    1759
CQUAD         50       1    1767    1785    1787    1769    1776    1786
            1778    1768    1777
CQUAD         51       1    1785    1803    1805    1787    1794    1804
            1796    1786    1795
CQUAD         52       2    1803    1821    1823    1805    1812    1822
            1814    1804    1813
CQUAD         53       2    1821    1839    1841    1823    1830    1840
            1832    1822    1831
CQUAD         54       2    1839    1857    1859    1841    1848    1858
            1850    1840    1849
CQUAD         55       3    1857    1875    1877    1859    1866    1876
            1868    1858    1867
CQUAD         56       3    1875    1893    1895    1877    1884    1894
            1886    1876    1885
CQUAD         57       3    1893    1911    1913    1895    1902    1912
            1904    1894    1903
CQUAD         58       4    1911    1929    1931    1913    1920    1930
            1922    1912    1921
CQUAD         59       4    1929    1947    1949    1931    1938    1948
            1940    1930    1939
CQUAD         60       4    1947    1965    1967    1949    1956    1966
            1958    1948    1957
CQUAD         61       5    1965    1983    1985    1967    1974    1984
            1976    1966    1975
CQUAD         62       5    1983    2001    2003    1985    1992    2002
            1994    1984    1993
CQUAD         63       5    2001    2019    2021    2003    2010    2020
            2012    2002    2011
CQUAD         64       6    2019    2037    2039    2021    2028    2038
            2030    2020    2029
CQUAD         65       6    2037    2055    2057    2039    2046    2056
            2048    2038    2047
CQUAD         66       6    2055    2073    2075    2057    2064    2074
            2066    2056    2065
CQUAD         67       7    2073    2091    2093    2075    2082    2092
            2084    2074    2083
CQUAD         68       7    2091    2109    2111    2093    2100    2110
            2102    2092    2101
CQUAD         69       7    2109    2127    2129    2111    2118    2128
            2120    2110    2119
CQUAD         70       8    2127    2145    2147    2129    2136    2146
            2138    2128    2137
CQUAD         71       8    2145    2163    2165    2147    2154    2164
            2156    2146    2155
CQUAD         72       8    2163    2181    2183    2165    2172    2182
            2174    2164    2173
CQUAD         73       9    2181    2199    2201    2183    2190    2200
            2192    2182    2191
CQUAD         74       9    2199    2217    2219    2201    2208    2218
            2210    2200    2209
CQUAD         75       9    2217    2235    2237    2219    2226    2236
            2228    2218    2227
CQUAD         76      10    2235    2253    2255    2237    2244    2254
            2246    2236    2245
CQUAD         77      10    2253    2271    2273    2255    2262    2272
            2264    2254    2263
CQUAD         78      10    2271    2289    2291    2273    2280    2290
            2282    2272    2281
CQUAD         79      11    2289    2307    2309    2291    2298    2308
            2300    2290    2299
CQUAD         80      11    2307    2325    2327    2309    2316    2326
            2318    2308    2317
CQUAD         81      11    2325    2343    2345    2327    2334    2344
            2336    2326    2335
CQUAD         82      12    2343    2361    2363    2345    2352    2362
            2354    2344    2353
CQUAD         83      12    2361    2379    2381    2363    2370    2380
            2372    2362    2371
CQUAD         84      12    2379    2397    2399    2381    2388    2398
            2390    2380    2389
CQUAD         85      13    2397    2415    2417    2399    2406    2416
            2408    2398    2407
CQUAD         86      13    2415    2433    2435    2417    2424    2434
            2426    2416    2425
CQUAD         87      13    2433    2451    2453    2435    2442    2452
            2444    2434    2443
CQUAD         88      14    2451    2469    2471    2453    2460    2470
            2462    2452    2461
CQUAD         89      14    2469    2487    2489    2471    2478    2488
            2480    2470    2479
CQUAD         90      14    2487    2505    2507    2489    2496    2506
            2498    2488    2497
CQUAD         91      15    2505    2523    2525    2507    2514    2524
            2516    2506    2515
CQUAD         92      15    2523    2541    2543    2525    2532    2542
            2534    2524    2533
CQUAD         93      15    2541    2559    2561    2543    2550    2560
            2552    2542    2551
CQUAD         94      16    2559    2577    2579    2561    2568    2578
            2570    2560    2569
CQUAD         95      16    2577    2595    2597    2579    2586    2596
            2588    2578    2587
CQUAD         96      16    2595    2613    2615    2597    2604    2614
            2606    2596    2605
CQUAD         97       1    1751    1769    1771    1753    1760    1770
            1762    1752    1761
CQUAD         98       1    1769    1787    1789    1771    1778    1788
            1780    1770    1779
CQUAD         99       1    1787    1805    1807    1789    1796    1806
            1798    1788    1797
CQUAD        100       2    1805    1823    1825    1807    1814    1824
            1816    1806    1815
CQUAD        101       2    1823    1841    1843    1825    1832    1842
            1834    1824    1833
CQUAD        102       2    1841    1859    1861    1843    1850    1860
            1852    1842    1851
CQUAD        103       3    1859    1877    1879    1861    1868    1878
            1870    1860    1869
CQUAD        104       3    1877    1895    1897    1879    1886    1896
            1888    1878    1887
CQUAD        105       3    1895    1913    1915    1897    1904    1914
            1906    1896    1905
CQUAD        106       4    1913    1931    1933    1915    1922    1932
            1924    1914    1923
CQUAD        107       4    1931    1949    1951    1933    1940    1950
            1942    1932    1941
CQUAD        108       4    1949    1967    1969    1951    1958    1968
            1960    1950    1959
CQUAD        109       5    1967    1985    1987    1969    1976    1986
            1978    1968    1977
CQUAD        110       5    1985    2003    2005    1987    1994    2004
            1996    1986    1995
CQUAD        111       5    2003    2021    2023    2005    2012    2022
            2014    2004    2013
CQUAD        112       6    2021    2039    2041    2023    2030    2040
            2032    2022    2031
CQUAD        113       6    2039    2057    2059    2041    2048    2058
            2050    2040    2049
CQUAD        114       6    2057    2075    2077    2059    2066    2076
            2068    2058    2067
CQUAD        115       7    2075    2093    2095    2077    2084    2094
            2086    2076    2085
CQUAD        116       7    2093    2111    2113    2095    2102    2112
            2104    2094    2103
CQUAD        117       7    2111    2129    2131    2113    2120    2130
            2122    2112    2121
CQUAD        118       8    2129    2147    2149    2131    2138    2148
            2140    2130    2139
CQUAD        119       8    2147    2165    2167    2149    2156    2166
            2158    2148    2157
CQUAD        120       8    2165    2183    2185    2167    2174    2184
            2176    2166    2175
CQUAD        121       9    2183    2201    2203    2185    2192    2202
            2194    2184    2193
CQUAD        122       9    2201    2219    2221    2203    2210    2220
            2212    2202    2211
CQUAD        123       9    2219    2237    2239    2221    2228    2238
            2230    2220    2229
CQUAD        124      10    2237    2255    2257    2239    2246    2256
            2248    2238    2247
CQUAD        125      10    2255    2273    2275    2257    2264    2274
            2266    2256    2265
CQUAD        126      10    2273    2291    2293    2275    2282    2292
            2284    2274    2283
CQUAD        127      11    2291    2309    2311    2293    2300    2310
            2302    2292    2301
CQUAD        128      11    2309    2327    2329    2311    2318    2328
            2320    2310    2319
CQUAD        129      11    2327    2345    2347    2329    2336    2346
            2338    2328    2337
CQUAD        130      12    2345    2363    2365    2347    2354    2364
            2356    2346    2355
CQUAD        131      12    2363    2381    2383    2365    2372    2382
            2374    2364    2373
CQUAD        132      12    2381    2399    2401    2383    2390    2400
            2392    2382    2391
CQUAD        133      13    2399    2417    2419    2401    2408    2418
            2410    2400    2409
CQUAD        134      13    2417    2435    2437    2419    2426    2436
            2428    2418    2427
CQUAD        135      13    2435    2453    2455    2437    2444    2454
            2446    2436    2445
CQUAD        136      14    2453    2471    2473    2455    2462    2472
            2464    2454    2463
CQUAD        137      14    2471    2489    2491    2473    2480    2490
            2482    2472    2481
CQUAD        138      14    2489    2507    2509    2491    2498    2508
            2500    2490    2499
CQUAD        139      15    2507    2525    2527    2509    2516    2526
            2518    2508    2517
CQUAD        140      15    2525    2543    2545    2527    2534    2544
            2536    2526    2535
CQUAD        141      15    2543    2561    2563    2545    2552    2562
            2554    2544    2553
CQUAD        142      16    2561    2579    2581    2563    2570    2580
            2572    2562    2571
CQUAD        143      16    2579    2597    2599    2581    2588    2598
            2590    2580    2589
CQUAD        144      16    2597    2615    2617    2599    2606    2616
            2608    2598    2607
CQUAD        145       1    1753    1771    1773    1755    1762    1772
            1764    1754    1763
CQUAD        146       1    1771    1789    1791    1773    1780    1790
            1782    1772    1781
CQUAD        147       1    1789    1807    1809    1791    1798    1808
            1800    1790    1799
CQUAD        148       2    1807    1825    1827    1809    1816    1826
            1818    1808    1817
CQUAD        149       2    1825    1843    1845    1827    1834    1844
            1836    1826    1835
CQUAD        150       2    1843    1861    1863    1845    1852    1862
            1854    1844    1853
CQUAD        151       3    1861    1879    1881    1863    1870    1880
            1872    1862    1871
CQUAD        152       3    1879    1897    1899    1881    1888    1898
            1890    1880    1889
CQUAD        153       3    1897    1915    1917    1899    1906    1916
            1908    1898    1907
CQUAD        154       4    1915    1933    1935    1917    1924    1934
            1926    1916    1925
CQUAD        155       4    1933    1951    1953    1935    1942    1952
            1944    1934    1943
CQUAD        156       4    1951    1969    1971    1953    1960    1970
            1962    1952    1961
CQUAD        157       5    1969    1987    1989    1971    1978    1988
            1980    1970    1979
CQUAD        158       5    1987    2005    2007    1989    1996    2006
            1998    1988    1997
CQUAD        159       5    2005    2023    2025    2007    2014    2024
            2016    2006    2015
CQUAD        160       6    2023    2041    2043    2025    2032    2042
            2034    2024    2033
CQUAD        161       6    2041    2059    2061    2043    2050    2060
            2052    2042    2051
CQUAD        162       6    2059    2077    2079    2061    2068    2078
            2070    2060    2069
CQUAD        163       7    2077    2095    2097    2079    2086    2096
            2088    2078    2087
CQUAD        164       7    2095    2113    2115    2097    2104    2114
            2106    2096    2105
CQUAD        165       7    2113    2131    2133    2115    2122    2132
            2124    2114    2123
CQUAD        166       8    2131    2149    2151    2133    2140    2150
            2142    2132    2141
CQUAD        167       8    2149    2167    2169    2151    2158    2168
            2160    2150    2159
CQUAD        168       8    2167    2185    2187    2169    2176    2186
            2178    2168    2177
CQUAD        169       9    2185    2203    2205    2187    2194    2204
            2196    2186    2195
CQUAD        170       9    2203    2221    2223    2205    2212    2222
            2214    2204    2213
CQUAD        171       9    2221    2239    2241    2223    2230    2240
            2232    2222    2231
CQUAD        172      10    2239    2257    2259    2241    2248    2258
            2250    2240    2249
CQUAD        173      10    2257    2275    2277    2259    2266    2276
            2268    2258    2267
CQUAD        174      10    2275    2293    2295    2277    2284    2294
            2286    2276    2285
CQUAD        175      11    2293    2311    2313    2295    2302    2312
            2304    2294    2303
CQUAD        176      11    2311    2329    2331    2313    2320    2330
            2322    2312    2321
CQUAD        177      11    2329    2347    2349    2331    2338    2348
            2340    2330    2339
CQUAD        178      12    2347    2365    2367    2349    2356    2366
            2358    2348    2357
CQUAD        179      12    2365    2383    2385    2367    2374    2384
            2376    2366    2375
CQUAD        180      12    2383    2401    2403    2385    2392    2402
            2394    2384    2393
CQUAD        181      13    2401    2419    2421    2403    2410    2420
            2412    2402    2411
CQUAD        182      13    2419    2437    2439    2421    2428    2438
            2430    2420    2429
CQUAD        183      13    2437    2455    2457    2439    2446    2456
            2448    2438    2447
CQUAD        184      14    2455    2473    2475    2457    2464    2474
            2466    2456    2465
CQUAD        185      14    2473    2491    2493    2475    2482    2492
            2484    2474    2483
CQUAD        186      14    2491    2509    2511    2493    2500    2510
            2502    2492    2501
CQUAD        187      15    2509    2527    2529    2511    2518    2528
            2520    2510    2519
CQUAD        188      15    2527    2545    2547    2529    2536    2546
            2538    2528    2537
CQUAD        189      15    2545    2563    2565    2547    2554    2564
            2556    2546    2555
CQUAD        190      16    2563    2581    2583    2565    2572    2582
            2574    2564    2573
CQUAD        191      16    2581    2599    2601    2583    2590    2600
            2592    2582    2591
CQUAD        192      16    2599    2617    2619    2601    2608    2618
            2610    2600    2609
SPC            1    2611     1230.000000
SPC            1    2612     1230.000000
SPC            1    2613     1230.000000
SPC            1    2614     1230.000000
SPC            1    2615     1230.000000
SPC            1    2616     1230.000000
SPC            1    2617     1230.000000
SPC            1    2618     1230.000000
SPC            1    2619     1230.000000
$ END