$ Input file for a rotor simulation with 1 blades
$ Blade 1, theta=0.000000 deg alpha=0.000000 deg
$ nx=48, ny=4, x0=-0.060500, x1=0.060500, y0=0.440000, y1=2.000000
GRID*                  1               0 4.400000000e-01-6.050000000e-02*       
*        9.000000000e-01               0                               0        
GRID*                 10               0 4.562500000e-01-6.050000000e-02*       
*        9.000000000e-01               0                               0        
GRID*                 19               0 4.725000000e-01-6.050000000e-02*       
*        9.000000000e-01               0                               0        
GRID*                 28               0 4.887500000e-01-6.050000000e-02*       
*        9.000000000e-01               0                               0        
GRID*                 37               0 5.050000000e-01-6.050000000e-02*       
*        9.000000000e-01               0                               0        
GRID*                 46               0 5.212500000e-01-6.050000000e-02*       
*        9.000000000e-01               0                               0        
GRID*                 55               0 5.375000000e-01-6.050000000e-02*       
*        9.000000000e-01               0                               0        
GRID*                 64               0 5.537500000e-01-6.050000000e-02*       
*        9.000000000e-01               0                               0        
GRID*                 73               0 5.700000000e-01-6.050000000e-02*       
*        9.000000000e-01               0                               0        
GRID*                 82               0 5.862500000e-01-6.050000000e-02*       
*        9.000000000e-01               0                               0        
GRID*                 91               0 6.025000000e-01-6.050000000e-02*       
*        9.000000000e-01               0                               0        
GRID*                100               0 6.187500000e-01-6.050000000e-02*       
*        9.000000000e-01               0                               0        
GRID*                109               0 6.350000000e-01-6.050000000e-02*       
*        9.000000000e-01               0                               0        
GRID*                118               0 6.512500000e-01-6.050000000e-02*       
*        9.000000000e-01               0                               0        
GRID*                127               0 6.675000000e-01-6.050000000e-02*       
*        9.000000000e-01               0                               0        
GRID*                136               0 6.837500000e-01-6.050000000e-02*       
*        9.000000000e-01               0                               0        
GRID*                145               0 7.000000000e-01-6.050000000e-02*       
*        9.000000000e-01               0                               0        
GRID*                154               0 7.162500000e-01-6.050000000e-02*       
*        9.000000000e-01               0                               0        
GRID*                163               0 7.325000000e-01-6.050000000e-02*       
*        9.000000000e-01               0                               0        
GRID*                172               0 7.487500000e-01-6.050000000e-02*       
*        9.000000000e-01               0                               0        
GRID*                181               0 7.650000000e-01-6.050000000e-02*       
*        9.000000000e-01               0                               0        
GRID*                190               0 7.812500000e-01-6.050000000e-02*       
*        9.000000000e-01               0                               0        
GRID*                199               0 7.975000000e-01-6.050000000e-02*       
*        9.000000000e-01               0                               0        
GRID*                208               0 8.137500000e-01-6.050000000e-02*       
*        9.000000000e-01               0                               0        
GRID*                217               0 8.300000000e-01-6.050000000e-02*       
*        9.000000000e-01               0                               0        
GRID*                226               0 8.462500000e-01-6.050000000e-02*       
*        9.000000000e-01               0                               0        
GRID*                235               0 8.625000000e-01-6.050000000e-02*       
*        9.000000000e-01               0                               0        
GRID*                244               0 8.787500000e-01-6.050000000e-02*       
*        9.000000000e-01               0                               0        
GRID*                253               0 8.950000000e-01-6.050000000e-02*       
*        9.000000000e-01               0                               0        
GRID*                262               0 9.112500000e-01-6.050000000e-02*       
*        9.000000000e-01               0                               0        
GRID*                271               0 9.275000000e-01-6.050000000e-02*       
*        9.000000000e-01               0                               0        
GRID*                280               0 9.437500000e-01-6.050000000e-02*       
*        9.000000000e-01               0                               0        
GRID*                289               0 9.600000000e-01-6.050000000e-02*       
*        9.000000000e-01               0                               0        
GRID*                298               0 9.762500000e-01-6.050000000e-02*       
*        9.000000000e-01               0                               0        
GRID*                307               0 9.925000000e-01-6.050000000e-02*       
*        9.000000000e-01               0                               0        
GRID*                316               0 1.008750000e+00-6.050000000e-02*       
*        9.000000000e-01               0                               0        
GRID*                325               0 1.025000000e+00-6.050000000e-02*       
*        9.000000000e-01               0                               0        
GRID*                334               0 1.041250000e+00-6.050000000e-02*       
*        9.000000000e-01               0                               0        
GRID*                343               0 1.057500000e+00-6.050000000e-02*       
*        9.000000000e-01               0                               0        
GRID*                352               0 1.073750000e+00-6.050000000e-02*       
*        9.000000000e-01               0                               0        
GRID*                361               0 1.090000000e+00-6.050000000e-02*       
*        9.000000000e-01               0                               0        
GRID*                370               0 1.106250000e+00-6.050000000e-02*       
*        9.000000000e-01               0                               0        
GRID*                379               0 1.122500000e+00-6.050000000e-02*       
*        9.000000000e-01               0                               0        
GRID*                388               0 1.138750000e+00-6.050000000e-02*       
*        9.000000000e-01               0                               0        
GRID*                397               0 1.155000000e+00-6.050000000e-02*       
*        9.000000000e-01               0                               0        
GRID*                406               0 1.171250000e+00-6.050000000e-02*       
*        9.000000000e-01               0                               0        
GRID*                415               0 1.187500000e+00-6.050000000e-02*       
*        9.000000000e-01               0                               0        
GRID*                424               0 1.203750000e+00-6.050000000e-02*       
*        9.000000000e-01               0                               0        
GRID*                433               0 1.220000000e+00-6.050000000e-02*       
*        9.000000000e-01               0                               0        
GRID*                442               0 1.236250000e+00-6.050000000e-02*       
*        9.000000000e-01               0                               0        
GRID*                451               0 1.252500000e+00-6.050000000e-02*       
*        9.000000000e-01               0                               0        
GRID*                460               0 1.268750000e+00-6.050000000e-02*       
*        9.000000000e-01               0                               0        
GRID*                469               0 1.285000000e+00-6.050000000e-02*       
*        9.000000000e-01               0                               0        
GRID*                478               0 1.301250000e+00-6.050000000e-02*       
*        9.000000000e-01               0                               0        
GRID*                487               0 1.317500000e+00-6.050000000e-02*       
*        9.000000000e-01               0                               0        
GRID*                496               0 1.333750000e+00-6.050000000e-02*       
*        9.000000000e-01               0                               0        
GRID*                505               0 1.350000000e+00-6.050000000e-02*       
*        9.000000000e-01               0                               0        
GRID*                514               0 1.366250000e+00-6.050000000e-02*       
*        9.000000000e-01               0                               0        
GRID*                523               0 1.382500000e+00-6.050000000e-02*       
*        9.000000000e-01               0                               0        
GRID*                532               0 1.398750000e+00-6.050000000e-02*       
*        9.000000000e-01               0                               0        
GRID*                541               0 1.415000000e+00-6.050000000e-02*       
*        9.000000000e-01               0                               0        
GRID*                550               0 1.431250000e+00-6.050000000e-02*       
*        9.000000000e-01               0                               0        
GRID*                559               0 1.447500000e+00-6.050000000e-02*       
*        9.000000000e-01               0                               0        
GRID*                568               0 1.463750000e+00-6.050000000e-02*       
*        9.000000000e-01               0                               0        
GRID*                577               0 1.480000000e+00-6.050000000e-02*       
*        9.000000000e-01               0                               0        
GRID*                586               0 1.496250000e+00-6.050000000e-02*       
*        9.000000000e-01               0                               0        
GRID*                595               0 1.512500000e+00-6.050000000e-02*       
*        9.000000000e-01               0                               0        
GRID*                604               0 1.528750000e+00-6.050000000e-02*       
*        9.000000000e-01               0                               0        
GRID*                613               0 1.545000000e+00-6.050000000e-02*       
*        9.000000000e-01               0                               0        
GRID*                622               0 1.561250000e+00-6.050000000e-02*       
*        9.000000000e-01               0                               0        
GRID*                631               0 1.577500000e+00-6.050000000e-02*       
*        9.000000000e-01               0                               0        
GRID*                640               0 1.593750000e+00-6.050000000e-02*       
*        9.000000000e-01               0                               0        
GRID*                649               0 1.610000000e+00-6.050000000e-02*       
*        9.000000000e-01               0                               0        
GRID*                658               0 1.626250000e+00-6.050000000e-02*       
*        9.000000000e-01               0                               0        
GRID*                667               0 1.642500000e+00-6.050000000e-02*       
*        9.000000000e-01               0                               0        
GRID*                676               0 1.658750000e+00-6.050000000e-02*       
*        9.000000000e-01               0                               0        
GRID*                685               0 1.675000000e+00-6.050000000e-02*       
*        9.000000000e-01               0                               0        
GRID*                694               0 1.691250000e+00-6.050000000e-02*       
*        9.000000000e-01               0                               0        
GRID*                703               0 1.707500000e+00-6.050000000e-02*       
*        9.000000000e-01               0                               0        
GRID*                712               0 1.723750000e+00-6.050000000e-02*       
*        9.000000000e-01               0                               0        
GRID*                721               0 1.740000000e+00-6.050000000e-02*       
*        9.000000000e-01               0                               0        
GRID*                730               0 1.756250000e+00-6.050000000e-02*       
*        9.000000000e-01               0                               0        
GRID*                739               0 1.772500000e+00-6.050000000e-02*       
*        9.000000000e-01               0                               0        
GRID*                748               0 1.788750000e+00-6.050000000e-02*       
*        9.000000000e-01               0                               0        
GRID*                757               0 1.805000000e+00-6.050000000e-02*       
*        9.000000000e-01               0                               0        
GRID*                766               0 1.821250000e+00-6.050000000e-02*       
*        9.000000000e-01               0                               0        
GRID*                775               0 1.837500000e+00-6.050000000e-02*       
*        9.000000000e-01               0                               0        
GRID*                784               0 1.853750000e+00-6.050000000e-02*       
*        9.000000000e-01               0                               0        
GRID*                793               0 1.870000000e+00-6.050000000e-02*       
*        9.000000000e-01               0                               0        
GRID*                802               0 1.886250000e+00-6.050000000e-02*       
*        9.000000000e-01               0                               0        
GRID*                811               0 1.902500000e+00-6.050000000e-02*       
*        9.000000000e-01               0                               0        
GRID*                820               0 1.918750000e+00-6.050000000e-02*       
*        9.000000000e-01               0                               0        
GRID*                829               0 1.935000000e+00-6.050000000e-02*       
*        9.000000000e-01               0                               0        
GRID*                838               0 1.951250000e+00-6.050000000e-02*       
*        9.000000000e-01               0                               0        
GRID*                847               0 1.967500000e+00-6.050000000e-02*       
*        9.000000000e-01               0                               0        
GRID*                856               0 1.983750000e+00-6.050000000e-02*       
*        9.000000000e-01               0                               0        
GRID*                865               0 2.000000000e+00-6.050000000e-02*       
*        9.000000000e-01               0                               0        
GRID*                  2               0 4.400000000e-01-4.537500000e-02*       
*        9.000000000e-01               0                               0        
GRID*                 11               0 4.562500000e-01-4.537500000e-02*       
*        9.000000000e-01               0                               0        
GRID*                 20               0 4.725000000e-01-4.537500000e-02*       
*        9.000000000e-01               0                               0        
GRID*                 29               0 4.887500000e-01-4.537500000e-02*       
*        9.000000000e-01               0                               0        
GRID*                 38               0 5.050000000e-01-4.537500000e-02*       
*        9.000000000e-01               0                               0        
GRID*                 47               0 5.212500000e-01-4.537500000e-02*       
*        9.000000000e-01               0                               0        
GRID*                 56               0 5.375000000e-01-4.537500000e-02*       
*        9.000000000e-01               0                               0        
GRID*                 65               0 5.537500000e-01-4.537500000e-02*       
*        9.000000000e-01               0                               0        
GRID*                 74               0 5.700000000e-01-4.537500000e-02*       
*        9.000000000e-01               0                               0        
GRID*                 83               0 5.862500000e-01-4.537500000e-02*       
*        9.000000000e-01               0                               0        
GRID*                 92               0 6.025000000e-01-4.537500000e-02*       
*        9.000000000e-01               0                               0        
GRID*                101               0 6.187500000e-01-4.537500000e-02*       
*        9.000000000e-01               0                               0        
GRID*                110               0 6.350000000e-01-4.537500000e-02*       
*        9.000000000e-01               0                               0        
GRID*                119               0 6.512500000e-01-4.537500000e-02*       
*        9.000000000e-01               0                               0        
GRID*                128               0 6.675000000e-01-4.537500000e-02*       
*        9.000000000e-01               0                               0        
GRID*                137               0 6.837500000e-01-4.537500000e-02*       
*        9.000000000e-01               0                               0        
GRID*                146               0 7.000000000e-01-4.537500000e-02*       
*        9.000000000e-01               0                               0        
GRID*                155               0 7.162500000e-01-4.537500000e-02*       
*        9.000000000e-01               0                               0        
GRID*                164               0 7.325000000e-01-4.537500000e-02*       
*        9.000000000e-01               0                               0        
GRID*                173               0 7.487500000e-01-4.537500000e-02*       
*        9.000000000e-01               0                               0        
GRID*                182               0 7.650000000e-01-4.537500000e-02*       
*        9.000000000e-01               0                               0        
GRID*                191               0 7.812500000e-01-4.537500000e-02*       
*        9.000000000e-01               0                               0        
GRID*                200               0 7.975000000e-01-4.537500000e-02*       
*        9.000000000e-01               0                               0        
GRID*                209               0 8.137500000e-01-4.537500000e-02*       
*        9.000000000e-01               0                               0        
GRID*                218               0 8.300000000e-01-4.537500000e-02*       
*        9.000000000e-01               0                               0        
GRID*                227               0 8.462500000e-01-4.537500000e-02*       
*        9.000000000e-01               0                               0        
GRID*                236               0 8.625000000e-01-4.537500000e-02*       
*        9.000000000e-01               0                               0        
GRID*                245               0 8.787500000e-01-4.537500000e-02*       
*        9.000000000e-01               0                               0        
GRID*                254               0 8.950000000e-01-4.537500000e-02*       
*        9.000000000e-01               0                               0        
GRID*                263               0 9.112500000e-01-4.537500000e-02*       
*        9.000000000e-01               0                               0        
GRID*                272               0 9.275000000e-01-4.537500000e-02*       
*        9.000000000e-01               0                               0        
GRID*                281               0 9.437500000e-01-4.537500000e-02*       
*        9.000000000e-01               0                               0        
GRID*                290               0 9.600000000e-01-4.537500000e-02*       
*        9.000000000e-01               0                               0        
GRID*                299               0 9.762500000e-01-4.537500000e-02*       
*        9.000000000e-01               0                               0        
GRID*                308               0 9.925000000e-01-4.537500000e-02*       
*        9.000000000e-01               0                               0        
GRID*                317               0 1.008750000e+00-4.537500000e-02*       
*        9.000000000e-01               0                               0        
GRID*                326               0 1.025000000e+00-4.537500000e-02*       
*        9.000000000e-01               0                               0        
GRID*                335               0 1.041250000e+00-4.537500000e-02*       
*        9.000000000e-01               0                               0        
GRID*                344               0 1.057500000e+00-4.537500000e-02*       
*        9.000000000e-01               0                               0        
GRID*                353               0 1.073750000e+00-4.537500000e-02*       
*        9.000000000e-01               0                               0        
GRID*                362               0 1.090000000e+00-4.537500000e-02*       
*        9.000000000e-01               0                               0        
GRID*                371               0 1.106250000e+00-4.537500000e-02*       
*        9.000000000e-01               0                               0        
GRID*                380               0 1.122500000e+00-4.537500000e-02*       
*        9.000000000e-01               0                               0        
GRID*                389               0 1.138750000e+00-4.537500000e-02*       
*        9.000000000e-01               0                               0        
GRID*                398               0 1.155000000e+00-4.537500000e-02*       
*        9.000000000e-01               0                               0        
GRID*                407               0 1.171250000e+00-4.537500000e-02*       
*        9.000000000e-01               0                               0        
GRID*                416               0 1.187500000e+00-4.537500000e-02*       
*        9.000000000e-01               0                               0        
GRID*                425               0 1.203750000e+00-4.537500000e-02*       
*        9.000000000e-01               0                               0        
GRID*                434               0 1.220000000e+00-4.537500000e-02*       
*        9.000000000e-01               0                               0        
GRID*                443               0 1.236250000e+00-4.537500000e-02*       
*        9.000000000e-01               0                               0        
GRID*                452               0 1.252500000e+00-4.537500000e-02*       
*        9.000000000e-01               0                               0        
GRID*                461               0 1.268750000e+00-4.537500000e-02*       
*        9.000000000e-01               0                               0        
GRID*                470               0 1.285000000e+00-4.537500000e-02*       
*        9.000000000e-01               0                               0        
GRID*                479               0 1.301250000e+00-4.537500000e-02*       
*        9.000000000e-01               0                               0        
GRID*                488               0 1.317500000e+00-4.537500000e-02*       
*        9.000000000e-01               0                               0        
GRID*                497               0 1.333750000e+00-4.537500000e-02*       
*        9.000000000e-01               0                               0        
GRID*                506               0 1.350000000e+00-4.537500000e-02*       
*        9.000000000e-01               0                               0        
GRID*                515               0 1.366250000e+00-4.537500000e-02*       
*        9.000000000e-01               0                               0        
GRID*                524               0 1.382500000e+00-4.537500000e-02*       
*        9.000000000e-01               0                               0        
GRID*                533               0 1.398750000e+00-4.537500000e-02*       
*        9.000000000e-01               0                               0        
GRID*                542               0 1.415000000e+00-4.537500000e-02*       
*        9.000000000e-01               0                               0        
GRID*                551               0 1.431250000e+00-4.537500000e-02*       
*        9.000000000e-01               0                               0        
GRID*                560               0 1.447500000e+00-4.537500000e-02*       
*        9.000000000e-01               0                               0        
GRID*                569               0 1.463750000e+00-4.537500000e-02*       
*        9.000000000e-01               0                               0        
GRID*                578               0 1.480000000e+00-4.537500000e-02*       
*        9.000000000e-01               0                               0        
GRID*                587               0 1.496250000e+00-4.537500000e-02*       
*        9.000000000e-01               0                               0        
GRID*                596               0 1.512500000e+00-4.537500000e-02*       
*        9.000000000e-01               0                               0        
GRID*                605               0 1.528750000e+00-4.537500000e-02*       
*        9.000000000e-01               0                               0        
GRID*                614               0 1.545000000e+00-4.537500000e-02*       
*        9.000000000e-01               0                               0        
GRID*                623               0 1.561250000e+00-4.537500000e-02*       
*        9.000000000e-01               0                               0        
GRID*                632               0 1.577500000e+00-4.537500000e-02*       
*        9.000000000e-01               0                               0        
GRID*                641               0 1.593750000e+00-4.537500000e-02*       
*        9.000000000e-01               0                               0        
GRID*                650               0 1.610000000e+00-4.537500000e-02*       
*        9.000000000e-01               0                               0        
GRID*                659               0 1.626250000e+00-4.537500000e-02*       
*        9.000000000e-01               0                               0        
GRID*                668               0 1.642500000e+00-4.537500000e-02*       
*        9.000000000e-01               0                               0        
GRID*                677               0 1.658750000e+00-4.537500000e-02*       
*        9.000000000e-01               0                               0        
GRID*                686               0 1.675000000e+00-4.537500000e-02*       
*        9.000000000e-01               0                               0        
GRID*                695               0 1.691250000e+00-4.537500000e-02*       
*        9.000000000e-01               0                               0        
GRID*                704               0 1.707500000e+00-4.537500000e-02*       
*        9.000000000e-01               0                               0        
GRID*                713               0 1.723750000e+00-4.537500000e-02*       
*        9.000000000e-01               0                               0        
GRID*                722               0 1.740000000e+00-4.537500000e-02*       
*        9.000000000e-01               0                               0        
GRID*                731               0 1.756250000e+00-4.537500000e-02*       
*        9.000000000e-01               0                               0        
GRID*                740               0 1.772500000e+00-4.537500000e-02*       
*        9.000000000e-01               0                               0        
GRID*                749               0 1.788750000e+00-4.537500000e-02*       
*        9.000000000e-01               0                               0        
GRID*                758               0 1.805000000e+00-4.537500000e-02*       
*        9.000000000e-01               0                               0        
GRID*                767               0 1.821250000e+00-4.537500000e-02*       
*        9.000000000e-01               0                               0        
GRID*                776               0 1.837500000e+00-4.537500000e-02*       
*        9.000000000e-01               0                               0        
GRID*                785               0 1.853750000e+00-4.537500000e-02*       
*        9.000000000e-01               0                               0        
GRID*                794               0 1.870000000e+00-4.537500000e-02*       
*        9.000000000e-01               0                               0        
GRID*                803               0 1.886250000e+00-4.537500000e-02*       
*        9.000000000e-01               0                               0        
GRID*                812               0 1.902500000e+00-4.537500000e-02*       
*        9.000000000e-01               0                               0        
GRID*                821               0 1.918750000e+00-4.537500000e-02*       
*        9.000000000e-01               0                               0        
GRID*                830               0 1.935000000e+00-4.537500000e-02*       
*        9.000000000e-01               0                               0        
GRID*                839               0 1.951250000e+00-4.537500000e-02*       
*        9.000000000e-01               0                               0        
GRID*                848               0 1.967500000e+00-4.537500000e-02*       
*        9.000000000e-01               0                               0        
GRID*                857               0 1.983750000e+00-4.537500000e-02*       
*        9.000000000e-01               0                               0        
GRID*                866               0 2.000000000e+00-4.537500000e-02*       
*        9.000000000e-01               0                               0        
GRID*                  3               0 4.400000000e-01-3.025000000e-02*       
*        9.000000000e-01               0                               0        
GRID*                 12               0 4.562500000e-01-3.025000000e-02*       
*        9.000000000e-01               0                               0        
GRID*                 21               0 4.725000000e-01-3.025000000e-02*       
*        9.000000000e-01               0                               0        
GRID*                 30               0 4.887500000e-01-3.025000000e-02*       
*        9.000000000e-01               0                               0        
GRID*                 39               0 5.050000000e-01-3.025000000e-02*       
*        9.000000000e-01               0                               0        
GRID*                 48               0 5.212500000e-01-3.025000000e-02*       
*        9.000000000e-01               0                               0        
GRID*                 57               0 5.375000000e-01-3.025000000e-02*       
*        9.000000000e-01               0                               0        
GRID*                 66               0 5.537500000e-01-3.025000000e-02*       
*        9.000000000e-01               0                               0        
GRID*                 75               0 5.700000000e-01-3.025000000e-02*       
*        9.000000000e-01               0                               0        
GRID*                 84               0 5.862500000e-01-3.025000000e-02*       
*        9.000000000e-01               0                               0        
GRID*                 93               0 6.025000000e-01-3.025000000e-02*       
*        9.000000000e-01               0                               0        
GRID*                102               0 6.187500000e-01-3.025000000e-02*       
*        9.000000000e-01               0                               0        
GRID*                111               0 6.350000000e-01-3.025000000e-02*       
*        9.000000000e-01               0                               0        
GRID*                120               0 6.512500000e-01-3.025000000e-02*       
*        9.000000000e-01               0                               0        
GRID*                129               0 6.675000000e-01-3.025000000e-02*       
*        9.000000000e-01               0                               0        
GRID*                138               0 6.837500000e-01-3.025000000e-02*       
*        9.000000000e-01               0                               0        
GRID*                147               0 7.000000000e-01-3.025000000e-02*       
*        9.000000000e-01               0                               0        
GRID*                156               0 7.162500000e-01-3.025000000e-02*       
*        9.000000000e-01               0                               0        
GRID*                165               0 7.325000000e-01-3.025000000e-02*       
*        9.000000000e-01               0                               0        
GRID*                174               0 7.487500000e-01-3.025000000e-02*       
*        9.000000000e-01               0                               0        
GRID*                183               0 7.650000000e-01-3.025000000e-02*       
*        9.000000000e-01               0                               0        
GRID*                192               0 7.812500000e-01-3.025000000e-02*       
*        9.000000000e-01               0                               0        
GRID*                201               0 7.975000000e-01-3.025000000e-02*       
*        9.000000000e-01               0                               0        
GRID*                210               0 8.137500000e-01-3.025000000e-02*       
*        9.000000000e-01               0                               0        
GRID*                219               0 8.300000000e-01-3.025000000e-02*       
*        9.000000000e-01               0                               0        
GRID*                228               0 8.462500000e-01-3.025000000e-02*       
*        9.000000000e-01               0                               0        
GRID*                237               0 8.625000000e-01-3.025000000e-02*       
*        9.000000000e-01               0                               0        
GRID*                246               0 8.787500000e-01-3.025000000e-02*       
*        9.000000000e-01               0                               0        
GRID*                255               0 8.950000000e-01-3.025000000e-02*       
*        9.000000000e-01               0                               0        
GRID*                264               0 9.112500000e-01-3.025000000e-02*       
*        9.000000000e-01               0                               0        
GRID*                273               0 9.275000000e-01-3.025000000e-02*       
*        9.000000000e-01               0                               0        
GRID*                282               0 9.437500000e-01-3.025000000e-02*       
*        9.000000000e-01               0                               0        
GRID*                291               0 9.600000000e-01-3.025000000e-02*       
*        9.000000000e-01               0                               0        
GRID*                300               0 9.762500000e-01-3.025000000e-02*       
*        9.000000000e-01               0                               0        
GRID*                309               0 9.925000000e-01-3.025000000e-02*       
*        9.000000000e-01               0                               0        
GRID*                318               0 1.008750000e+00-3.025000000e-02*       
*        9.000000000e-01               0                               0        
GRID*                327               0 1.025000000e+00-3.025000000e-02*       
*        9.000000000e-01               0                               0        
GRID*                336               0 1.041250000e+00-3.025000000e-02*       
*        9.000000000e-01               0                               0        
GRID*                345               0 1.057500000e+00-3.025000000e-02*       
*        9.000000000e-01               0                               0        
GRID*                354               0 1.073750000e+00-3.025000000e-02*       
*        9.000000000e-01               0                               0        
GRID*                363               0 1.090000000e+00-3.025000000e-02*       
*        9.000000000e-01               0                               0        
GRID*                372               0 1.106250000e+00-3.025000000e-02*       
*        9.000000000e-01               0                               0        
GRID*                381               0 1.122500000e+00-3.025000000e-02*       
*        9.000000000e-01               0                               0        
GRID*                390               0 1.138750000e+00-3.025000000e-02*       
*        9.000000000e-01               0                               0        
GRID*                399               0 1.155000000e+00-3.025000000e-02*       
*        9.000000000e-01               0                               0        
GRID*                408               0 1.171250000e+00-3.025000000e-02*       
*        9.000000000e-01               0                               0        
GRID*                417               0 1.187500000e+00-3.025000000e-02*       
*        9.000000000e-01               0                               0        
GRID*                426               0 1.203750000e+00-3.025000000e-02*       
*        9.000000000e-01               0                               0        
GRID*                435               0 1.220000000e+00-3.025000000e-02*       
*        9.000000000e-01               0                               0        
GRID*                444               0 1.236250000e+00-3.025000000e-02*       
*        9.000000000e-01               0                               0        
GRID*                453               0 1.252500000e+00-3.025000000e-02*       
*        9.000000000e-01               0                               0        
GRID*                462               0 1.268750000e+00-3.025000000e-02*       
*        9.000000000e-01               0                               0        
GRID*                471               0 1.285000000e+00-3.025000000e-02*       
*        9.000000000e-01               0                               0        
GRID*                480               0 1.301250000e+00-3.025000000e-02*       
*        9.000000000e-01               0                               0        
GRID*                489               0 1.317500000e+00-3.025000000e-02*       
*        9.000000000e-01               0                               0        
GRID*                498               0 1.333750000e+00-3.025000000e-02*       
*        9.000000000e-01               0                               0        
GRID*                507               0 1.350000000e+00-3.025000000e-02*       
*        9.000000000e-01               0                               0        
GRID*                516               0 1.366250000e+00-3.025000000e-02*       
*        9.000000000e-01               0                               0        
GRID*                525               0 1.382500000e+00-3.025000000e-02*       
*        9.000000000e-01               0                               0        
GRID*                534               0 1.398750000e+00-3.025000000e-02*       
*        9.000000000e-01               0                               0        
GRID*                543               0 1.415000000e+00-3.025000000e-02*       
*        9.000000000e-01               0                               0        
GRID*                552               0 1.431250000e+00-3.025000000e-02*       
*        9.000000000e-01               0                               0        
GRID*                561               0 1.447500000e+00-3.025000000e-02*       
*        9.000000000e-01               0                               0        
GRID*                570               0 1.463750000e+00-3.025000000e-02*       
*        9.000000000e-01               0                               0        
GRID*                579               0 1.480000000e+00-3.025000000e-02*       
*        9.000000000e-01               0                               0        
GRID*                588               0 1.496250000e+00-3.025000000e-02*       
*        9.000000000e-01               0                               0        
GRID*                597               0 1.512500000e+00-3.025000000e-02*       
*        9.000000000e-01               0                               0        
GRID*                606               0 1.528750000e+00-3.025000000e-02*       
*        9.000000000e-01               0                               0        
GRID*                615               0 1.545000000e+00-3.025000000e-02*       
*        9.000000000e-01               0                               0        
GRID*                624               0 1.561250000e+00-3.025000000e-02*       
*        9.000000000e-01               0                               0        
GRID*                633               0 1.577500000e+00-3.025000000e-02*       
*        9.000000000e-01               0                               0        
GRID*                642               0 1.593750000e+00-3.025000000e-02*       
*        9.000000000e-01               0                               0        
GRID*                651               0 1.610000000e+00-3.025000000e-02*       
*        9.000000000e-01               0                               0        
GRID*                660               0 1.626250000e+00-3.025000000e-02*       
*        9.000000000e-01               0                               0        
GRID*                669               0 1.642500000e+00-3.025000000e-02*       
*        9.000000000e-01               0                               0        
GRID*                678               0 1.658750000e+00-3.025000000e-02*       
*        9.000000000e-01               0                               0        
GRID*                687               0 1.675000000e+00-3.025000000e-02*       
*        9.000000000e-01               0                               0        
GRID*                696               0 1.691250000e+00-3.025000000e-02*       
*        9.000000000e-01               0                               0        
GRID*                705               0 1.707500000e+00-3.025000000e-02*       
*        9.000000000e-01               0                               0        
GRID*                714               0 1.723750000e+00-3.025000000e-02*       
*        9.000000000e-01               0                               0        
GRID*                723               0 1.740000000e+00-3.025000000e-02*       
*        9.000000000e-01               0                               0        
GRID*                732               0 1.756250000e+00-3.025000000e-02*       
*        9.000000000e-01               0                               0        
GRID*                741               0 1.772500000e+00-3.025000000e-02*       
*        9.000000000e-01               0                               0        
GRID*                750               0 1.788750000e+00-3.025000000e-02*       
*        9.000000000e-01               0                               0        
GRID*                759               0 1.805000000e+00-3.025000000e-02*       
*        9.000000000e-01               0                               0        
GRID*                768               0 1.821250000e+00-3.025000000e-02*       
*        9.000000000e-01               0                               0        
GRID*                777               0 1.837500000e+00-3.025000000e-02*       
*        9.000000000e-01               0                               0        
GRID*                786               0 1.853750000e+00-3.025000000e-02*       
*        9.000000000e-01               0                               0        
GRID*                795               0 1.870000000e+00-3.025000000e-02*       
*        9.000000000e-01               0                               0        
GRID*                804               0 1.886250000e+00-3.025000000e-02*       
*        9.000000000e-01               0                               0        
GRID*                813               0 1.902500000e+00-3.025000000e-02*       
*        9.000000000e-01               0                               0        
GRID*                822               0 1.918750000e+00-3.025000000e-02*       
*        9.000000000e-01               0                               0        
GRID*                831               0 1.935000000e+00-3.025000000e-02*       
*        9.000000000e-01               0                               0        
GRID*                840               0 1.951250000e+00-3.025000000e-02*       
*        9.000000000e-01               0                               0        
GRID*                849               0 1.967500000e+00-3.025000000e-02*       
*        9.000000000e-01               0                               0        
GRID*                858               0 1.983750000e+00-3.025000000e-02*       
*        9.000000000e-01               0                               0        
GRID*                867               0 2.000000000e+00-3.025000000e-02*       
*        9.000000000e-01               0                               0        
GRID*                  4               0 4.400000000e-01-1.512500000e-02*       
*        9.000000000e-01               0                               0        
GRID*                 13               0 4.562500000e-01-1.512500000e-02*       
*        9.000000000e-01               0                               0        
GRID*                 22               0 4.725000000e-01-1.512500000e-02*       
*        9.000000000e-01               0                               0        
GRID*                 31               0 4.887500000e-01-1.512500000e-02*       
*        9.000000000e-01               0                               0        
GRID*                 40               0 5.050000000e-01-1.512500000e-02*       
*        9.000000000e-01               0                               0        
GRID*                 49               0 5.212500000e-01-1.512500000e-02*       
*        9.000000000e-01               0                               0        
GRID*                 58               0 5.375000000e-01-1.512500000e-02*       
*        9.000000000e-01               0                               0        
GRID*                 67               0 5.537500000e-01-1.512500000e-02*       
*        9.000000000e-01               0                               0        
GRID*                 76               0 5.700000000e-01-1.512500000e-02*       
*        9.000000000e-01               0                               0        
GRID*                 85               0 5.862500000e-01-1.512500000e-02*       
*        9.000000000e-01               0                               0        
GRID*                 94               0 6.025000000e-01-1.512500000e-02*       
*        9.000000000e-01               0                               0        
GRID*                103               0 6.187500000e-01-1.512500000e-02*       
*        9.000000000e-01               0                               0        
GRID*                112               0 6.350000000e-01-1.512500000e-02*       
*        9.000000000e-01               0                               0        
GRID*                121               0 6.512500000e-01-1.512500000e-02*       
*        9.000000000e-01               0                               0        
GRID*                130               0 6.675000000e-01-1.512500000e-02*       
*        9.000000000e-01               0                               0        
GRID*                139               0 6.837500000e-01-1.512500000e-02*       
*        9.000000000e-01               0                               0        
GRID*                148               0 7.000000000e-01-1.512500000e-02*       
*        9.000000000e-01               0                               0        
GRID*                157               0 7.162500000e-01-1.512500000e-02*       
*        9.000000000e-01               0                               0        
GRID*                166               0 7.325000000e-01-1.512500000e-02*       
*        9.000000000e-01               0                               0        
GRID*                175               0 7.487500000e-01-1.512500000e-02*       
*        9.000000000e-01               0                               0        
GRID*                184               0 7.650000000e-01-1.512500000e-02*       
*        9.000000000e-01               0                               0        
GRID*                193               0 7.812500000e-01-1.512500000e-02*       
*        9.000000000e-01               0                               0        
GRID*                202               0 7.975000000e-01-1.512500000e-02*       
*        9.000000000e-01               0                               0        
GRID*                211               0 8.137500000e-01-1.512500000e-02*       
*        9.000000000e-01               0                               0        
GRID*                220               0 8.300000000e-01-1.512500000e-02*       
*        9.000000000e-01               0                               0        
GRID*                229               0 8.462500000e-01-1.512500000e-02*       
*        9.000000000e-01               0                               0        
GRID*                238               0 8.625000000e-01-1.512500000e-02*       
*        9.000000000e-01               0                               0        
GRID*                247               0 8.787500000e-01-1.512500000e-02*       
*        9.000000000e-01               0                               0        
GRID*                256               0 8.950000000e-01-1.512500000e-02*       
*        9.000000000e-01               0                               0        
GRID*                265               0 9.112500000e-01-1.512500000e-02*       
*        9.000000000e-01               0                               0        
GRID*                274               0 9.275000000e-01-1.512500000e-02*       
*        9.000000000e-01               0                               0        
GRID*                283               0 9.437500000e-01-1.512500000e-02*       
*        9.000000000e-01               0                               0        
GRID*                292               0 9.600000000e-01-1.512500000e-02*       
*        9.000000000e-01               0                               0        
GRID*                301               0 9.762500000e-01-1.512500000e-02*       
*        9.000000000e-01               0                               0        
GRID*                310               0 9.925000000e-01-1.512500000e-02*       
*        9.000000000e-01               0                               0        
GRID*                319               0 1.008750000e+00-1.512500000e-02*       
*        9.000000000e-01               0                               0        
GRID*                328               0 1.025000000e+00-1.512500000e-02*       
*        9.000000000e-01               0                               0        
GRID*                337               0 1.041250000e+00-1.512500000e-02*       
*        9.000000000e-01               0                               0        
GRID*                346               0 1.057500000e+00-1.512500000e-02*       
*        9.000000000e-01               0                               0        
GRID*                355               0 1.073750000e+00-1.512500000e-02*       
*        9.000000000e-01               0                               0        
GRID*                364               0 1.090000000e+00-1.512500000e-02*       
*        9.000000000e-01               0                               0        
GRID*                373               0 1.106250000e+00-1.512500000e-02*       
*        9.000000000e-01               0                               0        
GRID*                382               0 1.122500000e+00-1.512500000e-02*       
*        9.000000000e-01               0                               0        
GRID*                391               0 1.138750000e+00-1.512500000e-02*       
*        9.000000000e-01               0                               0        
GRID*                400               0 1.155000000e+00-1.512500000e-02*       
*        9.000000000e-01               0                               0        
GRID*                409               0 1.171250000e+00-1.512500000e-02*       
*        9.000000000e-01               0                               0        
GRID*                418               0 1.187500000e+00-1.512500000e-02*       
*        9.000000000e-01               0                               0        
GRID*                427               0 1.203750000e+00-1.512500000e-02*       
*        9.000000000e-01               0                               0        
GRID*                436               0 1.220000000e+00-1.512500000e-02*       
*        9.000000000e-01               0                               0        
GRID*                445               0 1.236250000e+00-1.512500000e-02*       
*        9.000000000e-01               0                               0        
GRID*                454               0 1.252500000e+00-1.512500000e-02*       
*        9.000000000e-01               0                               0        
GRID*                463               0 1.268750000e+00-1.512500000e-02*       
*        9.000000000e-01               0                               0        
GRID*                472               0 1.285000000e+00-1.512500000e-02*       
*        9.000000000e-01               0                               0        
GRID*                481               0 1.301250000e+00-1.512500000e-02*       
*        9.000000000e-01               0                               0        
GRID*                490               0 1.317500000e+00-1.512500000e-02*       
*        9.000000000e-01               0                               0        
GRID*                499               0 1.333750000e+00-1.512500000e-02*       
*        9.000000000e-01               0                               0        
GRID*                508               0 1.350000000e+00-1.512500000e-02*       
*        9.000000000e-01               0                               0        
GRID*                517               0 1.366250000e+00-1.512500000e-02*       
*        9.000000000e-01               0                               0        
GRID*                526               0 1.382500000e+00-1.512500000e-02*       
*        9.000000000e-01               0                               0        
GRID*                535               0 1.398750000e+00-1.512500000e-02*       
*        9.000000000e-01               0                               0        
GRID*                544               0 1.415000000e+00-1.512500000e-02*       
*        9.000000000e-01               0                               0        
GRID*                553               0 1.431250000e+00-1.512500000e-02*       
*        9.000000000e-01               0                               0        
GRID*                562               0 1.447500000e+00-1.512500000e-02*       
*        9.000000000e-01               0                               0        
GRID*                571               0 1.463750000e+00-1.512500000e-02*       
*        9.000000000e-01               0                               0        
GRID*                580               0 1.480000000e+00-1.512500000e-02*       
*        9.000000000e-01               0                               0        
GRID*                589               0 1.496250000e+00-1.512500000e-02*       
*        9.000000000e-01               0                               0        
GRID*                598               0 1.512500000e+00-1.512500000e-02*       
*        9.000000000e-01               0                               0        
GRID*                607               0 1.528750000e+00-1.512500000e-02*       
*        9.000000000e-01               0                               0        
GRID*                616               0 1.545000000e+00-1.512500000e-02*       
*        9.000000000e-01               0                               0        
GRID*                625               0 1.561250000e+00-1.512500000e-02*       
*        9.000000000e-01               0                               0        
GRID*                634               0 1.577500000e+00-1.512500000e-02*       
*        9.000000000e-01               0                               0        
GRID*                643               0 1.593750000e+00-1.512500000e-02*       
*        9.000000000e-01               0                               0        
GRID*                652               0 1.610000000e+00-1.512500000e-02*       
*        9.000000000e-01               0                               0        
GRID*                661               0 1.626250000e+00-1.512500000e-02*       
*        9.000000000e-01               0                               0        
GRID*                670               0 1.642500000e+00-1.512500000e-02*       
*        9.000000000e-01               0                               0        
GRID*                679               0 1.658750000e+00-1.512500000e-02*       
*        9.000000000e-01               0                               0        
GRID*                688               0 1.675000000e+00-1.512500000e-02*       
*        9.000000000e-01               0                               0        
GRID*                697               0 1.691250000e+00-1.512500000e-02*       
*        9.000000000e-01               0                               0        
GRID*                706               0 1.707500000e+00-1.512500000e-02*       
*        9.000000000e-01               0                               0        
GRID*                715               0 1.723750000e+00-1.512500000e-02*       
*        9.000000000e-01               0                               0        
GRID*                724               0 1.740000000e+00-1.512500000e-02*       
*        9.000000000e-01               0                               0        
GRID*                733               0 1.756250000e+00-1.512500000e-02*       
*        9.000000000e-01               0                               0        
GRID*                742               0 1.772500000e+00-1.512500000e-02*       
*        9.000000000e-01               0                               0        
GRID*                751               0 1.788750000e+00-1.512500000e-02*       
*        9.000000000e-01               0                               0        
GRID*                760               0 1.805000000e+00-1.512500000e-02*       
*        9.000000000e-01               0                               0        
GRID*                769               0 1.821250000e+00-1.512500000e-02*       
*        9.000000000e-01               0                               0        
GRID*                778               0 1.837500000e+00-1.512500000e-02*       
*        9.000000000e-01               0                               0        
GRID*                787               0 1.853750000e+00-1.512500000e-02*       
*        9.000000000e-01               0                               0        
GRID*                796               0 1.870000000e+00-1.512500000e-02*       
*        9.000000000e-01               0                               0        
GRID*                805               0 1.886250000e+00-1.512500000e-02*       
*        9.000000000e-01               0                               0        
GRID*                814               0 1.902500000e+00-1.512500000e-02*       
*        9.000000000e-01               0                               0        
GRID*                823               0 1.918750000e+00-1.512500000e-02*       
*        9.000000000e-01               0                               0        
GRID*                832               0 1.935000000e+00-1.512500000e-02*       
*        9.000000000e-01               0                               0        
GRID*                841               0 1.951250000e+00-1.512500000e-02*       
*        9.000000000e-01               0                               0        
GRID*                850               0 1.967500000e+00-1.512500000e-02*       
*        9.000000000e-01               0                               0        
GRID*                859               0 1.983750000e+00-1.512500000e-02*       
*        9.000000000e-01               0                               0        
GRID*                868               0 2.000000000e+00-1.512500000e-02*       
*        9.000000000e-01               0                               0        
GRID*                  5               0 4.400000000e-01 0.000000000e+00*       
*        9.000000000e-01               0                               0        
GRID*                 14               0 4.562500000e-01 0.000000000e+00*       
*        9.000000000e-01               0                               0        
GRID*                 23               0 4.725000000e-01 0.000000000e+00*       
*        9.000000000e-01               0                               0        
GRID*                 32               0 4.887500000e-01 0.000000000e+00*       
*        9.000000000e-01               0                               0        
GRID*                 41               0 5.050000000e-01 0.000000000e+00*       
*        9.000000000e-01               0                               0        
GRID*                 50               0 5.212500000e-01 0.000000000e+00*       
*        9.000000000e-01               0                               0        
GRID*                 59               0 5.375000000e-01 0.000000000e+00*       
*        9.000000000e-01               0                               0        
GRID*                 68               0 5.537500000e-01 0.000000000e+00*       
*        9.000000000e-01               0                               0        
GRID*                 77               0 5.700000000e-01 0.000000000e+00*       
*        9.000000000e-01               0                               0        
GRID*                 86               0 5.862500000e-01 0.000000000e+00*       
*        9.000000000e-01               0                               0        
GRID*                 95               0 6.025000000e-01 0.000000000e+00*       
*        9.000000000e-01               0                               0        
GRID*                104               0 6.187500000e-01 0.000000000e+00*       
*        9.000000000e-01               0                               0        
GRID*                113               0 6.350000000e-01 0.000000000e+00*       
*        9.000000000e-01               0                               0        
GRID*                122               0 6.512500000e-01 0.000000000e+00*       
*        9.000000000e-01               0                               0        
GRID*                131               0 6.675000000e-01 0.000000000e+00*       
*        9.000000000e-01               0                               0        
GRID*                140               0 6.837500000e-01 0.000000000e+00*       
*        9.000000000e-01               0                               0        
GRID*                149               0 7.000000000e-01 0.000000000e+00*       
*        9.000000000e-01               0                               0        
GRID*                158               0 7.162500000e-01 0.000000000e+00*       
*        9.000000000e-01               0                               0        
GRID*                167               0 7.325000000e-01 0.000000000e+00*       
*        9.000000000e-01               0                               0        
GRID*                176               0 7.487500000e-01 0.000000000e+00*       
*        9.000000000e-01               0                               0        
GRID*                185               0 7.650000000e-01 0.000000000e+00*       
*        9.000000000e-01               0                               0        
GRID*                194               0 7.812500000e-01 0.000000000e+00*       
*        9.000000000e-01               0                               0        
GRID*                203               0 7.975000000e-01 0.000000000e+00*       
*        9.000000000e-01               0                               0        
GRID*                212               0 8.137500000e-01 0.000000000e+00*       
*        9.000000000e-01               0                               0        
GRID*                221               0 8.300000000e-01 0.000000000e+00*       
*        9.000000000e-01               0                               0        
GRID*                230               0 8.462500000e-01 0.000000000e+00*       
*        9.000000000e-01               0                               0        
GRID*                239               0 8.625000000e-01 0.000000000e+00*       
*        9.000000000e-01               0                               0        
GRID*                248               0 8.787500000e-01 0.000000000e+00*       
*        9.000000000e-01               0                               0        
GRID*                257               0 8.950000000e-01 0.000000000e+00*       
*        9.000000000e-01               0                               0        
GRID*                266               0 9.112500000e-01 0.000000000e+00*       
*        9.000000000e-01               0                               0        
GRID*                275               0 9.275000000e-01 0.000000000e+00*       
*        9.000000000e-01               0                               0        
GRID*                284               0 9.437500000e-01 0.000000000e+00*       
*        9.000000000e-01               0                               0        
GRID*                293               0 9.600000000e-01 0.000000000e+00*       
*        9.000000000e-01               0                               0        
GRID*                302               0 9.762500000e-01 0.000000000e+00*       
*        9.000000000e-01               0                               0        
GRID*                311               0 9.925000000e-01 0.000000000e+00*       
*        9.000000000e-01               0                               0        
GRID*                320               0 1.008750000e+00 0.000000000e+00*       
*        9.000000000e-01               0                               0        
GRID*                329               0 1.025000000e+00 0.000000000e+00*       
*        9.000000000e-01               0                               0        
GRID*                338               0 1.041250000e+00 0.000000000e+00*       
*        9.000000000e-01               0                               0        
GRID*                347               0 1.057500000e+00 0.000000000e+00*       
*        9.000000000e-01               0                               0        
GRID*                356               0 1.073750000e+00 0.000000000e+00*       
*        9.000000000e-01               0                               0        
GRID*                365               0 1.090000000e+00 0.000000000e+00*       
*        9.000000000e-01               0                               0        
GRID*                374               0 1.106250000e+00 0.000000000e+00*       
*        9.000000000e-01               0                               0        
GRID*                383               0 1.122500000e+00 0.000000000e+00*       
*        9.000000000e-01               0                               0        
GRID*                392               0 1.138750000e+00 0.000000000e+00*       
*        9.000000000e-01               0                               0        
GRID*                401               0 1.155000000e+00 0.000000000e+00*       
*        9.000000000e-01               0                               0        
GRID*                410               0 1.171250000e+00 0.000000000e+00*       
*        9.000000000e-01               0                               0        
GRID*                419               0 1.187500000e+00 0.000000000e+00*       
*        9.000000000e-01               0                               0        
GRID*                428               0 1.203750000e+00 0.000000000e+00*       
*        9.000000000e-01               0                               0        
GRID*                437               0 1.220000000e+00 0.000000000e+00*       
*        9.000000000e-01               0                               0        
GRID*                446               0 1.236250000e+00 0.000000000e+00*       
*        9.000000000e-01               0                               0        
GRID*                455               0 1.252500000e+00 0.000000000e+00*       
*        9.000000000e-01               0                               0        
GRID*                464               0 1.268750000e+00 0.000000000e+00*       
*        9.000000000e-01               0                               0        
GRID*                473               0 1.285000000e+00 0.000000000e+00*       
*        9.000000000e-01               0                               0        
GRID*                482               0 1.301250000e+00 0.000000000e+00*       
*        9.000000000e-01               0                               0        
GRID*                491               0 1.317500000e+00 0.000000000e+00*       
*        9.000000000e-01               0                               0        
GRID*                500               0 1.333750000e+00 0.000000000e+00*       
*        9.000000000e-01               0                               0        
GRID*                509               0 1.350000000e+00 0.000000000e+00*       
*        9.000000000e-01               0                               0        
GRID*                518               0 1.366250000e+00 0.000000000e+00*       
*        9.000000000e-01               0                               0        
GRID*                527               0 1.382500000e+00 0.000000000e+00*       
*        9.000000000e-01               0                               0        
GRID*                536               0 1.398750000e+00 0.000000000e+00*       
*        9.000000000e-01               0                               0        
GRID*                545               0 1.415000000e+00 0.000000000e+00*       
*        9.000000000e-01               0                               0        
GRID*                554               0 1.431250000e+00 0.000000000e+00*       
*        9.000000000e-01               0                               0        
GRID*                563               0 1.447500000e+00 0.000000000e+00*       
*        9.000000000e-01               0                               0        
GRID*                572               0 1.463750000e+00 0.000000000e+00*       
*        9.000000000e-01               0                               0        
GRID*                581               0 1.480000000e+00 0.000000000e+00*       
*        9.000000000e-01               0                               0        
GRID*                590               0 1.496250000e+00 0.000000000e+00*       
*        9.000000000e-01               0                               0        
GRID*                599               0 1.512500000e+00 0.000000000e+00*       
*        9.000000000e-01               0                               0        
GRID*                608               0 1.528750000e+00 0.000000000e+00*       
*        9.000000000e-01               0                               0        
GRID*                617               0 1.545000000e+00 0.000000000e+00*       
*        9.000000000e-01               0                               0        
GRID*                626               0 1.561250000e+00 0.000000000e+00*       
*        9.000000000e-01               0                               0        
GRID*                635               0 1.577500000e+00 0.000000000e+00*       
*        9.000000000e-01               0                               0        
GRID*                644               0 1.593750000e+00 0.000000000e+00*       
*        9.000000000e-01               0                               0        
GRID*                653               0 1.610000000e+00 0.000000000e+00*       
*        9.000000000e-01               0                               0        
GRID*                662               0 1.626250000e+00 0.000000000e+00*       
*        9.000000000e-01               0                               0        
GRID*                671               0 1.642500000e+00 0.000000000e+00*       
*        9.000000000e-01               0                               0        
GRID*                680               0 1.658750000e+00 0.000000000e+00*       
*        9.000000000e-01               0                               0        
GRID*                689               0 1.675000000e+00 0.000000000e+00*       
*        9.000000000e-01               0                               0        
GRID*                698               0 1.691250000e+00 0.000000000e+00*       
*        9.000000000e-01               0                               0        
GRID*                707               0 1.707500000e+00 0.000000000e+00*       
*        9.000000000e-01               0                               0        
GRID*                716               0 1.723750000e+00 0.000000000e+00*       
*        9.000000000e-01               0                               0        
GRID*                725               0 1.740000000e+00 0.000000000e+00*       
*        9.000000000e-01               0                               0        
GRID*                734               0 1.756250000e+00 0.000000000e+00*       
*        9.000000000e-01               0                               0        
GRID*                743               0 1.772500000e+00 0.000000000e+00*       
*        9.000000000e-01               0                               0        
GRID*                752               0 1.788750000e+00 0.000000000e+00*       
*        9.000000000e-01               0                               0        
GRID*                761               0 1.805000000e+00 0.000000000e+00*       
*        9.000000000e-01               0                               0        
GRID*                770               0 1.821250000e+00 0.000000000e+00*       
*        9.000000000e-01               0                               0        
GRID*                779               0 1.837500000e+00 0.000000000e+00*       
*        9.000000000e-01               0                               0        
GRID*                788               0 1.853750000e+00 0.000000000e+00*       
*        9.000000000e-01               0                               0        
GRID*                797               0 1.870000000e+00 0.000000000e+00*       
*        9.000000000e-01               0                               0        
GRID*                806               0 1.886250000e+00 0.000000000e+00*       
*        9.000000000e-01               0                               0        
GRID*                815               0 1.902500000e+00 0.000000000e+00*       
*        9.000000000e-01               0                               0        
GRID*                824               0 1.918750000e+00 0.000000000e+00*       
*        9.000000000e-01               0                               0        
GRID*                833               0 1.935000000e+00 0.000000000e+00*       
*        9.000000000e-01               0                               0        
GRID*                842               0 1.951250000e+00 0.000000000e+00*       
*        9.000000000e-01               0                               0        
GRID*                851               0 1.967500000e+00 0.000000000e+00*       
*        9.000000000e-01               0                               0        
GRID*                860               0 1.983750000e+00 0.000000000e+00*       
*        9.000000000e-01               0                               0        
GRID*                869               0 2.000000000e+00 0.000000000e+00*       
*        9.000000000e-01               0                               0        
GRID*                  6               0 4.400000000e-01 1.512500000e-02*       
*        9.000000000e-01               0                               0        
GRID*                 15               0 4.562500000e-01 1.512500000e-02*       
*        9.000000000e-01               0                               0        
GRID*                 24               0 4.725000000e-01 1.512500000e-02*       
*        9.000000000e-01               0                               0        
GRID*                 33               0 4.887500000e-01 1.512500000e-02*       
*        9.000000000e-01               0                               0        
GRID*                 42               0 5.050000000e-01 1.512500000e-02*       
*        9.000000000e-01               0                               0        
GRID*                 51               0 5.212500000e-01 1.512500000e-02*       
*        9.000000000e-01               0                               0        
GRID*                 60               0 5.375000000e-01 1.512500000e-02*       
*        9.000000000e-01               0                               0        
GRID*                 69               0 5.537500000e-01 1.512500000e-02*       
*        9.000000000e-01               0                               0        
GRID*                 78               0 5.700000000e-01 1.512500000e-02*       
*        9.000000000e-01               0                               0        
GRID*                 87               0 5.862500000e-01 1.512500000e-02*       
*        9.000000000e-01               0                               0        
GRID*                 96               0 6.025000000e-01 1.512500000e-02*       
*        9.000000000e-01               0                               0        
GRID*                105               0 6.187500000e-01 1.512500000e-02*       
*        9.000000000e-01               0                               0        
GRID*                114               0 6.350000000e-01 1.512500000e-02*       
*        9.000000000e-01               0                               0        
GRID*                123               0 6.512500000e-01 1.512500000e-02*       
*        9.000000000e-01               0                               0        
GRID*                132               0 6.675000000e-01 1.512500000e-02*       
*        9.000000000e-01               0                               0        
GRID*                141               0 6.837500000e-01 1.512500000e-02*       
*        9.000000000e-01               0                               0        
GRID*                150               0 7.000000000e-01 1.512500000e-02*       
*        9.000000000e-01               0                               0        
GRID*                159               0 7.162500000e-01 1.512500000e-02*       
*        9.000000000e-01               0                               0        
GRID*                168               0 7.325000000e-01 1.512500000e-02*       
*        9.000000000e-01               0                               0        
GRID*                177               0 7.487500000e-01 1.512500000e-02*       
*        9.000000000e-01               0                               0        
GRID*                186               0 7.650000000e-01 1.512500000e-02*       
*        9.000000000e-01               0                               0        
GRID*                195               0 7.812500000e-01 1.512500000e-02*       
*        9.000000000e-01               0                               0        
GRID*                204               0 7.975000000e-01 1.512500000e-02*       
*        9.000000000e-01               0                               0        
GRID*                213               0 8.137500000e-01 1.512500000e-02*       
*        9.000000000e-01               0                               0        
GRID*                222               0 8.300000000e-01 1.512500000e-02*       
*        9.000000000e-01               0                               0        
GRID*                231               0 8.462500000e-01 1.512500000e-02*       
*        9.000000000e-01               0                               0        
GRID*                240               0 8.625000000e-01 1.512500000e-02*       
*        9.000000000e-01               0                               0        
GRID*                249               0 8.787500000e-01 1.512500000e-02*       
*        9.000000000e-01               0                               0        
GRID*                258               0 8.950000000e-01 1.512500000e-02*       
*        9.000000000e-01               0                               0        
GRID*                267               0 9.112500000e-01 1.512500000e-02*       
*        9.000000000e-01               0                               0        
GRID*                276               0 9.275000000e-01 1.512500000e-02*       
*        9.000000000e-01               0                               0        
GRID*                285               0 9.437500000e-01 1.512500000e-02*       
*        9.000000000e-01               0                               0        
GRID*                294               0 9.600000000e-01 1.512500000e-02*       
*        9.000000000e-01               0                               0        
GRID*                303               0 9.762500000e-01 1.512500000e-02*       
*        9.000000000e-01               0                               0        
GRID*                312               0 9.925000000e-01 1.512500000e-02*       
*        9.000000000e-01               0                               0        
GRID*                321               0 1.008750000e+00 1.512500000e-02*       
*        9.000000000e-01               0                               0        
GRID*                330               0 1.025000000e+00 1.512500000e-02*       
*        9.000000000e-01               0                               0        
GRID*                339               0 1.041250000e+00 1.512500000e-02*       
*        9.000000000e-01               0                               0        
GRID*                348               0 1.057500000e+00 1.512500000e-02*       
*        9.000000000e-01               0                               0        
GRID*                357               0 1.073750000e+00 1.512500000e-02*       
*        9.000000000e-01               0                               0        
GRID*                366               0 1.090000000e+00 1.512500000e-02*       
*        9.000000000e-01               0                               0        
GRID*                375               0 1.106250000e+00 1.512500000e-02*       
*        9.000000000e-01               0                               0        
GRID*                384               0 1.122500000e+00 1.512500000e-02*       
*        9.000000000e-01               0                               0        
GRID*                393               0 1.138750000e+00 1.512500000e-02*       
*        9.000000000e-01               0                               0        
GRID*                402               0 1.155000000e+00 1.512500000e-02*       
*        9.000000000e-01               0                               0        
GRID*                411               0 1.171250000e+00 1.512500000e-02*       
*        9.000000000e-01               0                               0        
GRID*                420               0 1.187500000e+00 1.512500000e-02*       
*        9.000000000e-01               0                               0        
GRID*                429               0 1.203750000e+00 1.512500000e-02*       
*        9.000000000e-01               0                               0        
GRID*                438               0 1.220000000e+00 1.512500000e-02*       
*        9.000000000e-01               0                               0        
GRID*                447               0 1.236250000e+00 1.512500000e-02*       
*        9.000000000e-01               0                               0        
GRID*                456               0 1.252500000e+00 1.512500000e-02*       
*        9.000000000e-01               0                               0        
GRID*                465               0 1.268750000e+00 1.512500000e-02*       
*        9.000000000e-01               0                               0        
GRID*                474               0 1.285000000e+00 1.512500000e-02*       
*        9.000000000e-01               0                               0        
GRID*                483               0 1.301250000e+00 1.512500000e-02*       
*        9.000000000e-01               0                               0        
GRID*                492               0 1.317500000e+00 1.512500000e-02*       
*        9.000000000e-01               0                               0        
GRID*                501               0 1.333750000e+00 1.512500000e-02*       
*        9.000000000e-01               0                               0        
GRID*                510               0 1.350000000e+00 1.512500000e-02*       
*        9.000000000e-01               0                               0        
GRID*                519               0 1.366250000e+00 1.512500000e-02*       
*        9.000000000e-01               0                               0        
GRID*                528               0 1.382500000e+00 1.512500000e-02*       
*        9.000000000e-01               0                               0        
GRID*                537               0 1.398750000e+00 1.512500000e-02*       
*        9.000000000e-01               0                               0        
GRID*                546               0 1.415000000e+00 1.512500000e-02*       
*        9.000000000e-01               0                               0        
GRID*                555               0 1.431250000e+00 1.512500000e-02*       
*        9.000000000e-01               0                               0        
GRID*                564               0 1.447500000e+00 1.512500000e-02*       
*        9.000000000e-01               0                               0        
GRID*                573               0 1.463750000e+00 1.512500000e-02*       
*        9.000000000e-01               0                               0        
GRID*                582               0 1.480000000e+00 1.512500000e-02*       
*        9.000000000e-01               0                               0        
GRID*                591               0 1.496250000e+00 1.512500000e-02*       
*        9.000000000e-01               0                               0        
GRID*                600               0 1.512500000e+00 1.512500000e-02*       
*        9.000000000e-01               0                               0        
GRID*                609               0 1.528750000e+00 1.512500000e-02*       
*        9.000000000e-01               0                               0        
GRID*                618               0 1.545000000e+00 1.512500000e-02*       
*        9.000000000e-01               0                               0        
GRID*                627               0 1.561250000e+00 1.512500000e-02*       
*        9.000000000e-01               0                               0        
GRID*                636               0 1.577500000e+00 1.512500000e-02*       
*        9.000000000e-01               0                               0        
GRID*                645               0 1.593750000e+00 1.512500000e-02*       
*        9.000000000e-01               0                               0        
GRID*                654               0 1.610000000e+00 1.512500000e-02*       
*        9.000000000e-01               0                               0        
GRID*                663               0 1.626250000e+00 1.512500000e-02*       
*        9.000000000e-01               0                               0        
GRID*                672               0 1.642500000e+00 1.512500000e-02*       
*        9.000000000e-01               0                               0        
GRID*                681               0 1.658750000e+00 1.512500000e-02*       
*        9.000000000e-01               0                               0        
GRID*                690               0 1.675000000e+00 1.512500000e-02*       
*        9.000000000e-01               0                               0        
GRID*                699               0 1.691250000e+00 1.512500000e-02*       
*        9.000000000e-01               0                               0        
GRID*                708               0 1.707500000e+00 1.512500000e-02*       
*        9.000000000e-01               0                               0        
GRID*                717               0 1.723750000e+00 1.512500000e-02*       
*        9.000000000e-01               0                               0        
GRID*                726               0 1.740000000e+00 1.512500000e-02*       
*        9.000000000e-01               0                               0        
GRID*                735               0 1.756250000e+00 1.512500000e-02*       
*        9.000000000e-01               0                               0        
GRID*                744               0 1.772500000e+00 1.512500000e-02*       
*        9.000000000e-01               0                               0        
GRID*                753               0 1.788750000e+00 1.512500000e-02*       
*        9.000000000e-01               0                               0        
GRID*                762               0 1.805000000e+00 1.512500000e-02*       
*        9.000000000e-01               0                               0        
GRID*                771               0 1.821250000e+00 1.512500000e-02*       
*        9.000000000e-01               0                               0        
GRID*                780               0 1.837500000e+00 1.512500000e-02*       
*        9.000000000e-01               0                               0        
GRID*                789               0 1.853750000e+00 1.512500000e-02*       
*        9.000000000e-01               0                               0        
GRID*                798               0 1.870000000e+00 1.512500000e-02*       
*        9.000000000e-01               0                               0        
GRID*                807               0 1.886250000e+00 1.512500000e-02*       
*        9.000000000e-01               0                               0        
GRID*                816               0 1.902500000e+00 1.512500000e-02*       
*        9.000000000e-01               0                               0        
GRID*                825               0 1.918750000e+00 1.512500000e-02*       
*        9.000000000e-01               0                               0        
GRID*                834               0 1.935000000e+00 1.512500000e-02*       
*        9.000000000e-01               0                               0        
GRID*                843               0 1.951250000e+00 1.512500000e-02*       
*        9.000000000e-01               0                               0        
GRID*                852               0 1.967500000e+00 1.512500000e-02*       
*        9.000000000e-01               0                               0        
GRID*                861               0 1.983750000e+00 1.512500000e-02*       
*        9.000000000e-01               0                               0        
GRID*                870               0 2.000000000e+00 1.512500000e-02*       
*        9.000000000e-01               0                               0        
GRID*                  7               0 4.400000000e-01 3.025000000e-02*       
*        9.000000000e-01               0                               0        
GRID*                 16               0 4.562500000e-01 3.025000000e-02*       
*        9.000000000e-01               0                               0        
GRID*                 25               0 4.725000000e-01 3.025000000e-02*       
*        9.000000000e-01               0                               0        
GRID*                 34               0 4.887500000e-01 3.025000000e-02*       
*        9.000000000e-01               0                               0        
GRID*                 43               0 5.050000000e-01 3.025000000e-02*       
*        9.000000000e-01               0                               0        
GRID*                 52               0 5.212500000e-01 3.025000000e-02*       
*        9.000000000e-01               0                               0        
GRID*                 61               0 5.375000000e-01 3.025000000e-02*       
*        9.000000000e-01               0                               0        
GRID*                 70               0 5.537500000e-01 3.025000000e-02*       
*        9.000000000e-01               0                               0        
GRID*                 79               0 5.700000000e-01 3.025000000e-02*       
*        9.000000000e-01               0                               0        
GRID*                 88               0 5.862500000e-01 3.025000000e-02*       
*        9.000000000e-01               0                               0        
GRID*                 97               0 6.025000000e-01 3.025000000e-02*       
*        9.000000000e-01               0                               0        
GRID*                106               0 6.187500000e-01 3.025000000e-02*       
*        9.000000000e-01               0                               0        
GRID*                115               0 6.350000000e-01 3.025000000e-02*       
*        9.000000000e-01               0                               0        
GRID*                124               0 6.512500000e-01 3.025000000e-02*       
*        9.000000000e-01               0                               0        
GRID*                133               0 6.675000000e-01 3.025000000e-02*       
*        9.000000000e-01               0                               0        
GRID*                142               0 6.837500000e-01 3.025000000e-02*       
*        9.000000000e-01               0                               0        
GRID*                151               0 7.000000000e-01 3.025000000e-02*       
*        9.000000000e-01               0                               0        
GRID*                160               0 7.162500000e-01 3.025000000e-02*       
*        9.000000000e-01               0                               0        
GRID*                169               0 7.325000000e-01 3.025000000e-02*       
*        9.000000000e-01               0                               0        
GRID*                178               0 7.487500000e-01 3.025000000e-02*       
*        9.000000000e-01               0                               0        
GRID*                187               0 7.650000000e-01 3.025000000e-02*       
*        9.000000000e-01               0                               0        
GRID*                196               0 7.812500000e-01 3.025000000e-02*       
*        9.000000000e-01               0                               0        
GRID*                205               0 7.975000000e-01 3.025000000e-02*       
*        9.000000000e-01               0                               0        
GRID*                214               0 8.137500000e-01 3.025000000e-02*       
*        9.000000000e-01               0                               0        
GRID*                223               0 8.300000000e-01 3.025000000e-02*       
*        9.000000000e-01               0                               0        
GRID*                232               0 8.462500000e-01 3.025000000e-02*       
*        9.000000000e-01               0                               0        
GRID*                241               0 8.625000000e-01 3.025000000e-02*       
*        9.000000000e-01               0                               0        
GRID*                250               0 8.787500000e-01 3.025000000e-02*       
*        9.000000000e-01               0                               0        
GRID*                259               0 8.950000000e-01 3.025000000e-02*       
*        9.000000000e-01               0                               0        
GRID*                268               0 9.112500000e-01 3.025000000e-02*       
*        9.000000000e-01               0                               0        
GRID*                277               0 9.275000000e-01 3.025000000e-02*       
*        9.000000000e-01               0                               0        
GRID*                286               0 9.437500000e-01 3.025000000e-02*       
*        9.000000000e-01               0                               0        
GRID*                295               0 9.600000000e-01 3.025000000e-02*       
*        9.000000000e-01               0                               0        
GRID*                304               0 9.762500000e-01 3.025000000e-02*       
*        9.000000000e-01               0                               0        
GRID*                313               0 9.925000000e-01 3.025000000e-02*       
*        9.000000000e-01               0                               0        
GRID*                322               0 1.008750000e+00 3.025000000e-02*       
*        9.000000000e-01               0                               0        
GRID*                331               0 1.025000000e+00 3.025000000e-02*       
*        9.000000000e-01               0                               0        
GRID*                340               0 1.041250000e+00 3.025000000e-02*       
*        9.000000000e-01               0                               0        
GRID*                349               0 1.057500000e+00 3.025000000e-02*       
*        9.000000000e-01               0                               0        
GRID*                358               0 1.073750000e+00 3.025000000e-02*       
*        9.000000000e-01               0                               0        
GRID*                367               0 1.090000000e+00 3.025000000e-02*       
*        9.000000000e-01               0                               0        
GRID*                376               0 1.106250000e+00 3.025000000e-02*       
*        9.000000000e-01               0                               0        
GRID*                385               0 1.122500000e+00 3.025000000e-02*       
*        9.000000000e-01               0                               0        
GRID*                394               0 1.138750000e+00 3.025000000e-02*       
*        9.000000000e-01               0                               0        
GRID*                403               0 1.155000000e+00 3.025000000e-02*       
*        9.000000000e-01               0                               0        
GRID*                412               0 1.171250000e+00 3.025000000e-02*       
*        9.000000000e-01               0                               0        
GRID*                421               0 1.187500000e+00 3.025000000e-02*       
*        9.000000000e-01               0                               0        
GRID*                430               0 1.203750000e+00 3.025000000e-02*       
*        9.000000000e-01               0                               0        
GRID*                439               0 1.220000000e+00 3.025000000e-02*       
*        9.000000000e-01               0                               0        
GRID*                448               0 1.236250000e+00 3.025000000e-02*       
*        9.000000000e-01               0                               0        
GRID*                457               0 1.252500000e+00 3.025000000e-02*       
*        9.000000000e-01               0                               0        
GRID*                466               0 1.268750000e+00 3.025000000e-02*       
*        9.000000000e-01               0                               0        
GRID*                475               0 1.285000000e+00 3.025000000e-02*       
*        9.000000000e-01               0                               0        
GRID*                484               0 1.301250000e+00 3.025000000e-02*       
*        9.000000000e-01               0                               0        
GRID*                493               0 1.317500000e+00 3.025000000e-02*       
*        9.000000000e-01               0                               0        
GRID*                502               0 1.333750000e+00 3.025000000e-02*       
*        9.000000000e-01               0                               0        
GRID*                511               0 1.350000000e+00 3.025000000e-02*       
*        9.000000000e-01               0                               0        
GRID*                520               0 1.366250000e+00 3.025000000e-02*       
*        9.000000000e-01               0                               0        
GRID*                529               0 1.382500000e+00 3.025000000e-02*       
*        9.000000000e-01               0                               0        
GRID*                538               0 1.398750000e+00 3.025000000e-02*       
*        9.000000000e-01               0                               0        
GRID*                547               0 1.415000000e+00 3.025000000e-02*       
*        9.000000000e-01               0                               0        
GRID*                556               0 1.431250000e+00 3.025000000e-02*       
*        9.000000000e-01               0                               0        
GRID*                565               0 1.447500000e+00 3.025000000e-02*       
*        9.000000000e-01               0                               0        
GRID*                574               0 1.463750000e+00 3.025000000e-02*       
*        9.000000000e-01               0                               0        
GRID*                583               0 1.480000000e+00 3.025000000e-02*       
*        9.000000000e-01               0                               0        
GRID*                592               0 1.496250000e+00 3.025000000e-02*       
*        9.000000000e-01               0                               0        
GRID*                601               0 1.512500000e+00 3.025000000e-02*       
*        9.000000000e-01               0                               0        
GRID*                610               0 1.528750000e+00 3.025000000e-02*       
*        9.000000000e-01               0                               0        
GRID*                619               0 1.545000000e+00 3.025000000e-02*       
*        9.000000000e-01               0                               0        
GRID*                628               0 1.561250000e+00 3.025000000e-02*       
*        9.000000000e-01               0                               0        
GRID*                637               0 1.577500000e+00 3.025000000e-02*       
*        9.000000000e-01               0                               0        
GRID*                646               0 1.593750000e+00 3.025000000e-02*       
*        9.000000000e-01               0                               0        
GRID*                655               0 1.610000000e+00 3.025000000e-02*       
*        9.000000000e-01               0                               0        
GRID*                664               0 1.626250000e+00 3.025000000e-02*       
*        9.000000000e-01               0                               0        
GRID*                673               0 1.642500000e+00 3.025000000e-02*       
*        9.000000000e-01               0                               0        
GRID*                682               0 1.658750000e+00 3.025000000e-02*       
*        9.000000000e-01               0                               0        
GRID*                691               0 1.675000000e+00 3.025000000e-02*       
*        9.000000000e-01               0                               0        
GRID*                700               0 1.691250000e+00 3.025000000e-02*       
*        9.000000000e-01               0                               0        
GRID*                709               0 1.707500000e+00 3.025000000e-02*       
*        9.000000000e-01               0                               0        
GRID*                718               0 1.723750000e+00 3.025000000e-02*       
*        9.000000000e-01               0                               0        
GRID*                727               0 1.740000000e+00 3.025000000e-02*       
*        9.000000000e-01               0                               0        
GRID*                736               0 1.756250000e+00 3.025000000e-02*       
*        9.000000000e-01               0                               0        
GRID*                745               0 1.772500000e+00 3.025000000e-02*       
*        9.000000000e-01               0                               0        
GRID*                754               0 1.788750000e+00 3.025000000e-02*       
*        9.000000000e-01               0                               0        
GRID*                763               0 1.805000000e+00 3.025000000e-02*       
*        9.000000000e-01               0                               0        
GRID*                772               0 1.821250000e+00 3.025000000e-02*       
*        9.000000000e-01               0                               0        
GRID*                781               0 1.837500000e+00 3.025000000e-02*       
*        9.000000000e-01               0                               0        
GRID*                790               0 1.853750000e+00 3.025000000e-02*       
*        9.000000000e-01               0                               0        
GRID*                799               0 1.870000000e+00 3.025000000e-02*       
*        9.000000000e-01               0                               0        
GRID*                808               0 1.886250000e+00 3.025000000e-02*       
*        9.000000000e-01               0                               0        
GRID*                817               0 1.902500000e+00 3.025000000e-02*       
*        9.000000000e-01               0                               0        
GRID*                826               0 1.918750000e+00 3.025000000e-02*       
*        9.000000000e-01               0                               0        
GRID*                835               0 1.935000000e+00 3.025000000e-02*       
*        9.000000000e-01               0                               0        
GRID*                844               0 1.951250000e+00 3.025000000e-02*       
*        9.000000000e-01               0                               0        
GRID*                853               0 1.967500000e+00 3.025000000e-02*       
*        9.000000000e-01               0                               0        
GRID*                862               0 1.983750000e+00 3.025000000e-02*       
*        9.000000000e-01               0                               0        
GRID*                871               0 2.000000000e+00 3.025000000e-02*       
*        9.000000000e-01               0                               0        
GRID*                  8               0 4.400000000e-01 4.537500000e-02*       
*        9.000000000e-01               0                               0        
GRID*                 17               0 4.562500000e-01 4.537500000e-02*       
*        9.000000000e-01               0                               0        
GRID*                 26               0 4.725000000e-01 4.537500000e-02*       
*        9.000000000e-01               0                               0        
GRID*                 35               0 4.887500000e-01 4.537500000e-02*       
*        9.000000000e-01               0                               0        
GRID*                 44               0 5.050000000e-01 4.537500000e-02*       
*        9.000000000e-01               0                               0        
GRID*                 53               0 5.212500000e-01 4.537500000e-02*       
*        9.000000000e-01               0                               0        
GRID*                 62               0 5.375000000e-01 4.537500000e-02*       
*        9.000000000e-01               0                               0        
GRID*                 71               0 5.537500000e-01 4.537500000e-02*       
*        9.000000000e-01               0                               0        
GRID*                 80               0 5.700000000e-01 4.537500000e-02*       
*        9.000000000e-01               0                               0        
GRID*                 89               0 5.862500000e-01 4.537500000e-02*       
*        9.000000000e-01               0                               0        
GRID*                 98               0 6.025000000e-01 4.537500000e-02*       
*        9.000000000e-01               0                               0        
GRID*                107               0 6.187500000e-01 4.537500000e-02*       
*        9.000000000e-01               0                               0        
GRID*                116               0 6.350000000e-01 4.537500000e-02*       
*        9.000000000e-01               0                               0        
GRID*                125               0 6.512500000e-01 4.537500000e-02*       
*        9.000000000e-01               0                               0        
GRID*                134               0 6.675000000e-01 4.537500000e-02*       
*        9.000000000e-01               0                               0        
GRID*                143               0 6.837500000e-01 4.537500000e-02*       
*        9.000000000e-01               0                               0        
GRID*                152               0 7.000000000e-01 4.537500000e-02*       
*        9.000000000e-01               0                               0        
GRID*                161               0 7.162500000e-01 4.537500000e-02*       
*        9.000000000e-01               0                               0        
GRID*                170               0 7.325000000e-01 4.537500000e-02*       
*        9.000000000e-01               0                               0        
GRID*                179               0 7.487500000e-01 4.537500000e-02*       
*        9.000000000e-01               0                               0        
GRID*                188               0 7.650000000e-01 4.537500000e-02*       
*        9.000000000e-01               0                               0        
GRID*                197               0 7.812500000e-01 4.537500000e-02*       
*        9.000000000e-01               0                               0        
GRID*                206               0 7.975000000e-01 4.537500000e-02*       
*        9.000000000e-01               0                               0        
GRID*                215               0 8.137500000e-01 4.537500000e-02*       
*        9.000000000e-01               0                               0        
GRID*                224               0 8.300000000e-01 4.537500000e-02*       
*        9.000000000e-01               0                               0        
GRID*                233               0 8.462500000e-01 4.537500000e-02*       
*        9.000000000e-01               0                               0        
GRID*                242               0 8.625000000e-01 4.537500000e-02*       
*        9.000000000e-01               0                               0        
GRID*                251               0 8.787500000e-01 4.537500000e-02*       
*        9.000000000e-01               0                               0        
GRID*                260               0 8.950000000e-01 4.537500000e-02*       
*        9.000000000e-01               0                               0        
GRID*                269               0 9.112500000e-01 4.537500000e-02*       
*        9.000000000e-01               0                               0        
GRID*                278               0 9.275000000e-01 4.537500000e-02*       
*        9.000000000e-01               0                               0        
GRID*                287               0 9.437500000e-01 4.537500000e-02*       
*        9.000000000e-01               0                               0        
GRID*                296               0 9.600000000e-01 4.537500000e-02*       
*        9.000000000e-01               0                               0        
GRID*                305               0 9.762500000e-01 4.537500000e-02*       
*        9.000000000e-01               0                               0        
GRID*                314               0 9.925000000e-01 4.537500000e-02*       
*        9.000000000e-01               0                               0        
GRID*                323               0 1.008750000e+00 4.537500000e-02*       
*        9.000000000e-01               0                               0        
GRID*                332               0 1.025000000e+00 4.537500000e-02*       
*        9.000000000e-01               0                               0        
GRID*                341               0 1.041250000e+00 4.537500000e-02*       
*        9.000000000e-01               0                               0        
GRID*                350               0 1.057500000e+00 4.537500000e-02*       
*        9.000000000e-01               0                               0        
GRID*                359               0 1.073750000e+00 4.537500000e-02*       
*        9.000000000e-01               0                               0        
GRID*                368               0 1.090000000e+00 4.537500000e-02*       
*        9.000000000e-01               0                               0        
GRID*                377               0 1.106250000e+00 4.537500000e-02*       
*        9.000000000e-01               0                               0        
GRID*                386               0 1.122500000e+00 4.537500000e-02*       
*        9.000000000e-01               0                               0        
GRID*                395               0 1.138750000e+00 4.537500000e-02*       
*        9.000000000e-01               0                               0        
GRID*                404               0 1.155000000e+00 4.537500000e-02*       
*        9.000000000e-01               0                               0        
GRID*                413               0 1.171250000e+00 4.537500000e-02*       
*        9.000000000e-01               0                               0        
GRID*                422               0 1.187500000e+00 4.537500000e-02*       
*        9.000000000e-01               0                               0        
GRID*                431               0 1.203750000e+00 4.537500000e-02*       
*        9.000000000e-01               0                               0        
GRID*                440               0 1.220000000e+00 4.537500000e-02*       
*        9.000000000e-01               0                               0        
GRID*                449               0 1.236250000e+00 4.537500000e-02*       
*        9.000000000e-01               0                               0        
GRID*                458               0 1.252500000e+00 4.537500000e-02*       
*        9.000000000e-01               0                               0        
GRID*                467               0 1.268750000e+00 4.537500000e-02*       
*        9.000000000e-01               0                               0        
GRID*                476               0 1.285000000e+00 4.537500000e-02*       
*        9.000000000e-01               0                               0        
GRID*                485               0 1.301250000e+00 4.537500000e-02*       
*        9.000000000e-01               0                               0        
GRID*                494               0 1.317500000e+00 4.537500000e-02*       
*        9.000000000e-01               0                               0        
GRID*                503               0 1.333750000e+00 4.537500000e-02*       
*        9.000000000e-01               0                               0        
GRID*                512               0 1.350000000e+00 4.537500000e-02*       
*        9.000000000e-01               0                               0        
GRID*                521               0 1.366250000e+00 4.537500000e-02*       
*        9.000000000e-01               0                               0        
GRID*                530               0 1.382500000e+00 4.537500000e-02*       
*        9.000000000e-01               0                               0        
GRID*                539               0 1.398750000e+00 4.537500000e-02*       
*        9.000000000e-01               0                               0        
GRID*                548               0 1.415000000e+00 4.537500000e-02*       
*        9.000000000e-01               0                               0        
GRID*                557               0 1.431250000e+00 4.537500000e-02*       
*        9.000000000e-01               0                               0        
GRID*                566               0 1.447500000e+00 4.537500000e-02*       
*        9.000000000e-01               0                               0        
GRID*                575               0 1.463750000e+00 4.537500000e-02*       
*        9.000000000e-01               0                               0        
GRID*                584               0 1.480000000e+00 4.537500000e-02*       
*        9.000000000e-01               0                               0        
GRID*                593               0 1.496250000e+00 4.537500000e-02*       
*        9.000000000e-01               0                               0        
GRID*                602               0 1.512500000e+00 4.537500000e-02*       
*        9.000000000e-01               0                               0        
GRID*                611               0 1.528750000e+00 4.537500000e-02*       
*        9.000000000e-01               0                               0        
GRID*                620               0 1.545000000e+00 4.537500000e-02*       
*        9.000000000e-01               0                               0        
GRID*                629               0 1.561250000e+00 4.537500000e-02*       
*        9.000000000e-01               0                               0        
GRID*                638               0 1.577500000e+00 4.537500000e-02*       
*        9.000000000e-01               0                               0        
GRID*                647               0 1.593750000e+00 4.537500000e-02*       
*        9.000000000e-01               0                               0        
GRID*                656               0 1.610000000e+00 4.537500000e-02*       
*        9.000000000e-01               0                               0        
GRID*                665               0 1.626250000e+00 4.537500000e-02*       
*        9.000000000e-01               0                               0        
GRID*                674               0 1.642500000e+00 4.537500000e-02*       
*        9.000000000e-01               0                               0        
GRID*                683               0 1.658750000e+00 4.537500000e-02*       
*        9.000000000e-01               0                               0        
GRID*                692               0 1.675000000e+00 4.537500000e-02*       
*        9.000000000e-01               0                               0        
GRID*                701               0 1.691250000e+00 4.537500000e-02*       
*        9.000000000e-01               0                               0        
GRID*                710               0 1.707500000e+00 4.537500000e-02*       
*        9.000000000e-01               0                               0        
GRID*                719               0 1.723750000e+00 4.537500000e-02*       
*        9.000000000e-01               0                               0        
GRID*                728               0 1.740000000e+00 4.537500000e-02*       
*        9.000000000e-01               0                               0        
GRID*                737               0 1.756250000e+00 4.537500000e-02*       
*        9.000000000e-01               0                               0        
GRID*                746               0 1.772500000e+00 4.537500000e-02*       
*        9.000000000e-01               0                               0        
GRID*                755               0 1.788750000e+00 4.537500000e-02*       
*        9.000000000e-01               0                               0        
GRID*                764               0 1.805000000e+00 4.537500000e-02*       
*        9.000000000e-01               0                               0        
GRID*                773               0 1.821250000e+00 4.537500000e-02*       
*        9.000000000e-01               0                               0        
GRID*                782               0 1.837500000e+00 4.537500000e-02*       
*        9.000000000e-01               0                               0        
GRID*                791               0 1.853750000e+00 4.537500000e-02*       
*        9.000000000e-01               0                               0        
GRID*                800               0 1.870000000e+00 4.537500000e-02*       
*        9.000000000e-01               0                               0        
GRID*                809               0 1.886250000e+00 4.537500000e-02*       
*        9.000000000e-01               0                               0        
GRID*                818               0 1.902500000e+00 4.537500000e-02*       
*        9.000000000e-01               0                               0        
GRID*                827               0 1.918750000e+00 4.537500000e-02*       
*        9.000000000e-01               0                               0        
GRID*                836               0 1.935000000e+00 4.537500000e-02*       
*        9.000000000e-01               0                               0        
GRID*                845               0 1.951250000e+00 4.537500000e-02*       
*        9.000000000e-01               0                               0        
GRID*                854               0 1.967500000e+00 4.537500000e-02*       
*        9.000000000e-01               0                               0        
GRID*                863               0 1.983750000e+00 4.537500000e-02*       
*        9.000000000e-01               0                               0        
GRID*                872               0 2.000000000e+00 4.537500000e-02*       
*        9.000000000e-01               0                               0        
GRID*                  9               0 4.400000000e-01 6.050000000e-02*       
*        9.000000000e-01               0                               0        
GRID*                 18               0 4.562500000e-01 6.050000000e-02*       
*        9.000000000e-01               0                               0        
GRID*                 27               0 4.725000000e-01 6.050000000e-02*       
*        9.000000000e-01               0                               0        
GRID*                 36               0 4.887500000e-01 6.050000000e-02*       
*        9.000000000e-01               0                               0        
GRID*                 45               0 5.050000000e-01 6.050000000e-02*       
*        9.000000000e-01               0                               0        
GRID*                 54               0 5.212500000e-01 6.050000000e-02*       
*        9.000000000e-01               0                               0        
GRID*                 63               0 5.375000000e-01 6.050000000e-02*       
*        9.000000000e-01               0                               0        
GRID*                 72               0 5.537500000e-01 6.050000000e-02*       
*        9.000000000e-01               0                               0        
GRID*                 81               0 5.700000000e-01 6.050000000e-02*       
*        9.000000000e-01               0                               0        
GRID*                 90               0 5.862500000e-01 6.050000000e-02*       
*        9.000000000e-01               0                               0        
GRID*                 99               0 6.025000000e-01 6.050000000e-02*       
*        9.000000000e-01               0                               0        
GRID*                108               0 6.187500000e-01 6.050000000e-02*       
*        9.000000000e-01               0                               0        
GRID*                117               0 6.350000000e-01 6.050000000e-02*       
*        9.000000000e-01               0                               0        
GRID*                126               0 6.512500000e-01 6.050000000e-02*       
*        9.000000000e-01               0                               0        
GRID*                135               0 6.675000000e-01 6.050000000e-02*       
*        9.000000000e-01               0                               0        
GRID*                144               0 6.837500000e-01 6.050000000e-02*       
*        9.000000000e-01               0                               0        
GRID*                153               0 7.000000000e-01 6.050000000e-02*       
*        9.000000000e-01               0                               0        
GRID*                162               0 7.162500000e-01 6.050000000e-02*       
*        9.000000000e-01               0                               0        
GRID*                171               0 7.325000000e-01 6.050000000e-02*       
*        9.000000000e-01               0                               0        
GRID*                180               0 7.487500000e-01 6.050000000e-02*       
*        9.000000000e-01               0                               0        
GRID*                189               0 7.650000000e-01 6.050000000e-02*       
*        9.000000000e-01               0                               0        
GRID*                198               0 7.812500000e-01 6.050000000e-02*       
*        9.000000000e-01               0                               0        
GRID*                207               0 7.975000000e-01 6.050000000e-02*       
*        9.000000000e-01               0                               0        
GRID*                216               0 8.137500000e-01 6.050000000e-02*       
*        9.000000000e-01               0                               0        
GRID*                225               0 8.300000000e-01 6.050000000e-02*       
*        9.000000000e-01               0                               0        
GRID*                234               0 8.462500000e-01 6.050000000e-02*       
*        9.000000000e-01               0                               0        
GRID*                243               0 8.625000000e-01 6.050000000e-02*       
*        9.000000000e-01               0                               0        
GRID*                252               0 8.787500000e-01 6.050000000e-02*       
*        9.000000000e-01               0                               0        
GRID*                261               0 8.950000000e-01 6.050000000e-02*       
*        9.000000000e-01               0                               0        
GRID*                270               0 9.112500000e-01 6.050000000e-02*       
*        9.000000000e-01               0                               0        
GRID*                279               0 9.275000000e-01 6.050000000e-02*       
*        9.000000000e-01               0                               0        
GRID*                288               0 9.437500000e-01 6.050000000e-02*       
*        9.000000000e-01               0                               0        
GRID*                297               0 9.600000000e-01 6.050000000e-02*       
*        9.000000000e-01               0                               0        
GRID*                306               0 9.762500000e-01 6.050000000e-02*       
*        9.000000000e-01               0                               0        
GRID*                315               0 9.925000000e-01 6.050000000e-02*       
*        9.000000000e-01               0                               0        
GRID*                324               0 1.008750000e+00 6.050000000e-02*       
*        9.000000000e-01               0                               0        
GRID*                333               0 1.025000000e+00 6.050000000e-02*       
*        9.000000000e-01               0                               0        
GRID*                342               0 1.041250000e+00 6.050000000e-02*       
*        9.000000000e-01               0                               0        
GRID*                351               0 1.057500000e+00 6.050000000e-02*       
*        9.000000000e-01               0                               0        
GRID*                360               0 1.073750000e+00 6.050000000e-02*       
*        9.000000000e-01               0                               0        
GRID*                369               0 1.090000000e+00 6.050000000e-02*       
*        9.000000000e-01               0                               0        
GRID*                378               0 1.106250000e+00 6.050000000e-02*       
*        9.000000000e-01               0                               0        
GRID*                387               0 1.122500000e+00 6.050000000e-02*       
*        9.000000000e-01               0                               0        
GRID*                396               0 1.138750000e+00 6.050000000e-02*       
*        9.000000000e-01               0                               0        
GRID*                405               0 1.155000000e+00 6.050000000e-02*       
*        9.000000000e-01               0                               0        
GRID*                414               0 1.171250000e+00 6.050000000e-02*       
*        9.000000000e-01               0                               0        
GRID*                423               0 1.187500000e+00 6.050000000e-02*       
*        9.000000000e-01               0                               0        
GRID*                432               0 1.203750000e+00 6.050000000e-02*       
*        9.000000000e-01               0                               0        
GRID*                441               0 1.220000000e+00 6.050000000e-02*       
*        9.000000000e-01               0                               0        
GRID*                450               0 1.236250000e+00 6.050000000e-02*       
*        9.000000000e-01               0                               0        
GRID*                459               0 1.252500000e+00 6.050000000e-02*       
*        9.000000000e-01               0                               0        
GRID*                468               0 1.268750000e+00 6.050000000e-02*       
*        9.000000000e-01               0                               0        
GRID*                477               0 1.285000000e+00 6.050000000e-02*       
*        9.000000000e-01               0                               0        
GRID*                486               0 1.301250000e+00 6.050000000e-02*       
*        9.000000000e-01               0                               0        
GRID*                495               0 1.317500000e+00 6.050000000e-02*       
*        9.000000000e-01               0                               0        
GRID*                504               0 1.333750000e+00 6.050000000e-02*       
*        9.000000000e-01               0                               0        
GRID*                513               0 1.350000000e+00 6.050000000e-02*       
*        9.000000000e-01               0                               0        
GRID*                522               0 1.366250000e+00 6.050000000e-02*       
*        9.000000000e-01               0                               0        
GRID*                531               0 1.382500000e+00 6.050000000e-02*       
*        9.000000000e-01               0                               0        
GRID*                540               0 1.398750000e+00 6.050000000e-02*       
*        9.000000000e-01               0                               0        
GRID*                549               0 1.415000000e+00 6.050000000e-02*       
*        9.000000000e-01               0                               0        
GRID*                558               0 1.431250000e+00 6.050000000e-02*       
*        9.000000000e-01               0                               0        
GRID*                567               0 1.447500000e+00 6.050000000e-02*       
*        9.000000000e-01               0                               0        
GRID*                576               0 1.463750000e+00 6.050000000e-02*       
*        9.000000000e-01               0                               0        
GRID*                585               0 1.480000000e+00 6.050000000e-02*       
*        9.000000000e-01               0                               0        
GRID*                594               0 1.496250000e+00 6.050000000e-02*       
*        9.000000000e-01               0                               0        
GRID*                603               0 1.512500000e+00 6.050000000e-02*       
*        9.000000000e-01               0                               0        
GRID*                612               0 1.528750000e+00 6.050000000e-02*       
*        9.000000000e-01               0                               0        
GRID*                621               0 1.545000000e+00 6.050000000e-02*       
*        9.000000000e-01               0                               0        
GRID*                630               0 1.561250000e+00 6.050000000e-02*       
*        9.000000000e-01               0                               0        
GRID*                639               0 1.577500000e+00 6.050000000e-02*       
*        9.000000000e-01               0                               0        
GRID*                648               0 1.593750000e+00 6.050000000e-02*       
*        9.000000000e-01               0                               0        
GRID*                657               0 1.610000000e+00 6.050000000e-02*       
*        9.000000000e-01               0                               0        
GRID*                666               0 1.626250000e+00 6.050000000e-02*       
*        9.000000000e-01               0                               0        
GRID*                675               0 1.642500000e+00 6.050000000e-02*       
*        9.000000000e-01               0                               0        
GRID*                684               0 1.658750000e+00 6.050000000e-02*       
*        9.000000000e-01               0                               0        
GRID*                693               0 1.675000000e+00 6.050000000e-02*       
*        9.000000000e-01               0                               0        
GRID*                702               0 1.691250000e+00 6.050000000e-02*       
*        9.000000000e-01               0                               0        
GRID*                711               0 1.707500000e+00 6.050000000e-02*       
*        9.000000000e-01               0                               0        
GRID*                720               0 1.723750000e+00 6.050000000e-02*       
*        9.000000000e-01               0                               0        
GRID*                729               0 1.740000000e+00 6.050000000e-02*       
*        9.000000000e-01               0                               0        
GRID*                738               0 1.756250000e+00 6.050000000e-02*       
*        9.000000000e-01               0                               0        
GRID*                747               0 1.772500000e+00 6.050000000e-02*       
*        9.000000000e-01               0                               0        
GRID*                756               0 1.788750000e+00 6.050000000e-02*       
*        9.000000000e-01               0                               0        
GRID*                765               0 1.805000000e+00 6.050000000e-02*       
*        9.000000000e-01               0                               0        
GRID*                774               0 1.821250000e+00 6.050000000e-02*       
*        9.000000000e-01               0                               0        
GRID*                783               0 1.837500000e+00 6.050000000e-02*       
*        9.000000000e-01               0                               0        
GRID*                792               0 1.853750000e+00 6.050000000e-02*       
*        9.000000000e-01               0                               0        
GRID*                801               0 1.870000000e+00 6.050000000e-02*       
*        9.000000000e-01               0                               0        
GRID*                810               0 1.886250000e+00 6.050000000e-02*       
*        9.000000000e-01               0                               0        
GRID*                819               0 1.902500000e+00 6.050000000e-02*       
*        9.000000000e-01               0                               0        
GRID*                828               0 1.918750000e+00 6.050000000e-02*       
*        9.000000000e-01               0                               0        
GRID*                837               0 1.935000000e+00 6.050000000e-02*       
*        9.000000000e-01               0                               0        
GRID*                846               0 1.951250000e+00 6.050000000e-02*       
*        9.000000000e-01               0                               0        
GRID*                855               0 1.967500000e+00 6.050000000e-02*       
*        9.000000000e-01               0                               0        
GRID*                864               0 1.983750000e+00 6.050000000e-02*       
*        9.000000000e-01               0                               0        
GRID*                873               0 2.000000000e+00 6.050000000e-02*       
*        9.000000000e-01               0                               0        
CQUAD          1       1       1      19      21       3      10      20
              12       2      11
CQUAD          2       1      19      37      39      21      28      38
              30      20      29
CQUAD          3       2      37      55      57      39      46      56
              48      38      47
CQUAD          4       2      55      73      75      57      64      74
              66      56      65
CQUAD          5       3      73      91      93      75      82      92
              84      74      83
CQUAD          6       3      91     109     111      93     100     110
             102      92     101
CQUAD          7       4     109     127     129     111     118     128
             120     110     119
CQUAD          8       4     127     145     147     129     136     146
             138     128     137
CQUAD          9       5     145     163     165     147     154     164
             156     146     155
CQUAD         10       5     163     181     183     165     172     182
             174     164     173
CQUAD         11       6     181     199     201     183     190     200
             192     182     191
CQUAD         12       6     199     217     219     201     208     218
             210     200     209
CQUAD         13       7     217     235     237     219     226     236
             228     218     227
CQUAD         14       7     235     253     255     237     244     254
             246     236     245
CQUAD         15       8     253     271     273     255     262     272
             264     254     263
CQUAD         16       8     271     289     291     273     280     290
             282     272     281
CQUAD         17       9     289     307     309     291     298     308
             300     290     299
CQUAD         18       9     307     325     327     309     316     326
             318     308     317
CQUAD         19      10     325     343     345     327     334     344
             336     326     335
CQUAD         20      10     343     361     363     345     352     362
             354     344     353
CQUAD         21      11     361     379     381     363     370     380
             372     362     371
CQUAD         22      11     379     397     399     381     388     398
             390     380     389
CQUAD         23      12     397     415     417     399     406     416
             408     398     407
CQUAD         24      12     415     433     435     417     424     434
             426     416     425
CQUAD         25      13     433     451     453     435     442     452
             444     434     443
CQUAD         26      13     451     469     471     453     460     470
             462     452     461
CQUAD         27      14     469     487     489     471     478     488
             480     470     479
CQUAD         28      14     487     505     507     489     496     506
             498     488     497
CQUAD         29      15     505     523     525     507     514     524
             516     506     515
CQUAD         30      15     523     541     543     525     532     542
             534     524     533
CQUAD         31      16     541     559     561     543     550     560
             552     542     551
CQUAD         32      16     559     577     579     561     568     578
             570     560     569
CQUAD         33      17     577     595     597     579     586     596
             588     578     587
CQUAD         34      17     595     613     615     597     604     614
             606     596     605
CQUAD         35      18     613     631     633     615     622     632
             624     614     623
CQUAD         36      18     631     649     651     633     640     650
             642     632     641
CQUAD         37      19     649     667     669     651     658     668
             660     650     659
CQUAD         38      19     667     685     687     669     676     686
             678     668     677
CQUAD         39      20     685     703     705     687     694     704
             696     686     695
CQUAD         40      20     703     721     723     705     712     722
             714     704     713
CQUAD         41      21     721     739     741     723     730     740
             732     722     731
CQUAD         42      21     739     757     759     741     748     758
             750     740     749
CQUAD         43      22     757     775     777     759     766     776
             768     758     767
CQUAD         44      22     775     793     795     777     784     794
             786     776     785
CQUAD         45      23     793     811     813     795     802     812
             804     794     803
CQUAD         46      23     811     829     831     813     820     830
             822     812     821
CQUAD         47      24     829     847     849     831     838     848
             840     830     839
CQUAD         48      24     847     865     867     849     856     866
             858     848     857
CQUAD         49       1       3      21      23       5      12      22
              14       4      13
CQUAD         50       1      21      39      41      23      30      40
              32      22      31
CQUAD         51       2      39      57      59      41      48      58
              50      40      49
CQUAD         52       2      57      75      77      59      66      76
              68      58      67
CQUAD         53       3      75      93      95      77      84      94
              86      76      85
CQUAD         54       3      93     111     113      95     102     112
             104      94     103
CQUAD         55       4     111     129     131     113     120     130
             122     112     121
CQUAD         56       4     129     147     149     131     138     148
             140     130     139
CQUAD         57       5     147     165     167     149     156     166
             158     148     157
CQUAD         58       5     165     183     185     167     174     184
             176     166     175
CQUAD         59       6     183     201     203     185     192     202
             194     184     193
CQUAD         60       6     201     219     221     203     210     220
             212     202     211
CQUAD         61       7     219     237     239     221     228     238
             230     220     229
CQUAD         62       7     237     255     257     239     246     256
             248     238     247
CQUAD         63       8     255     273     275     257     264     274
             266     256     265
CQUAD         64       8     273     291     293     275     282     292
             284     274     283
CQUAD         65       9     291     309     311     293     300     310
             302     292     301
CQUAD         66       9     309     327     329     311     318     328
             320     310     319
CQUAD         67      10     327     345     347     329     336     346
             338     328     337
CQUAD         68      10     345     363     365     347     354     364
             356     346     355
CQUAD         69      11     363     381     383     365     372     382
             374     364     373
CQUAD         70      11     381     399     401     383     390     400
             392     382     391
CQUAD         71      12     399     417     419     401     408     418
             410     400     409
CQUAD         72      12     417     435     437     419     426     436
             428     418     427
CQUAD         73      13     435     453     455     437     444     454
             446     436     445
CQUAD         74      13     453     471     473     455     462     472
             464     454     463
CQUAD         75      14     471     489     491     473     480     490
             482     472     481
CQUAD         76      14     489     507     509     491     498     508
             500     490     499
CQUAD         77      15     507     525     527     509     516     526
             518     508     517
CQUAD         78      15     525     543     545     527     534     544
             536     526     535
CQUAD         79      16     543     561     563     545     552     562
             554     544     553
CQUAD         80      16     561     579     581     563     570     580
             572     562     571
CQUAD         81      17     579     597     599     581     588     598
             590     580     589
CQUAD         82      17     597     615     617     599     606     616
             608     598     607
CQUAD         83      18     615     633     635     617     624     634
             626     616     625
CQUAD         84      18     633     651     653     635     642     652
             644     634     643
CQUAD         85      19     651     669     671     653     660     670
             662     652     661
CQUAD         86      19     669     687     689     671     678     688
             680     670     679
CQUAD         87      20     687     705     707     689     696     706
             698     688     697
CQUAD         88      20     705     723     725     707     714     724
             716     706     715
CQUAD         89      21     723     741     743     725     732     742
             734     724     733
CQUAD         90      21     741     759     761     743     750     760
             752     742     751
CQUAD         91      22     759     777     779     761     768     778
             770     760     769
CQUAD         92      22     777     795     797     779     786     796
             788     778     787
CQUAD         93      23     795     813     815     797     804     814
             806     796     805
CQUAD         94      23     813     831     833     815     822     832
             824     814     823
CQUAD         95      24     831     849     851     833     840     850
             842     832     841
CQUAD         96      24     849     867     869     851     858     868
             860     850     859
CQUAD         97       1       5      23      25       7      14      24
              16       6      15
CQUAD         98       1      23      41      43      25      32      42
              34      24      33
CQUAD         99       2      41      59      61      43      50      60
              52      42      51
CQUAD        100       2      59      77      79      61      68      78
              70      60      69
CQUAD        101       3      77      95      97      79      86      96
              88      78      87
CQUAD        102       3      95     113     115      97     104     114
             106      96     105
CQUAD        103       4     113     131     133     115     122     132
             124     114     123
CQUAD        104       4     131     149     151     133     140     150
             142     132     141
CQUAD        105       5     149     167     169     151     158     168
             160     150     159
CQUAD        106       5     167     185     187     169     176     186
             178     168     177
CQUAD        107       6     185     203     205     187     194     204
             196     186     195
CQUAD        108       6     203     221     223     205     212     222
             214     204     213
CQUAD        109       7     221     239     241     223     230     240
             232     222     231
CQUAD        110       7     239     257     259     241     248     258
             250     240     249
CQUAD        111       8     257     275     277     259     266     276
             268     258     267
CQUAD        112       8     275     293     295     277     284     294
             286     276     285
CQUAD        113       9     293     311     313     295     302     312
             304     294     303
CQUAD        114       9     311     329     331     313     320     330
             322     312     321
CQUAD        115      10     329     347     349     331     338     348
             340     330     339
CQUAD        116      10     347     365     367     349     356     366
             358     348     357
CQUAD        117      11     365     383     385     367     374     384
             376     366     375
CQUAD        118      11     383     401     403     385     392     402
             394     384     393
CQUAD        119      12     401     419     421     403     410     420
             412     402     411
CQUAD        120      12     419     437     439     421     428     438
             430     420     429
CQUAD        121      13     437     455     457     439     446     456
             448     438     447
CQUAD        122      13     455     473     475     457     464     474
             466     456     465
CQUAD        123      14     473     491     493     475     482     492
             484     474     483
CQUAD        124      14     491     509     511     493     500     510
             502     492     501
CQUAD        125      15     509     527     529     511     518     528
             520     510     519
CQUAD        126      15     527     545     547     529     536     546
             538     528     537
CQUAD        127      16     545     563     565     547     554     564
             556     546     555
CQUAD        128      16     563     581     583     565     572     582
             574     564     573
CQUAD        129      17     581     599     601     583     590     600
             592     582     591
CQUAD        130      17     599     617     619     601     608     618
             610     600     609
CQUAD        131      18     617     635     637     619     626     636
             628     618     627
CQUAD        132      18     635     653     655     637     644     654
             646     636     645
CQUAD        133      19     653     671     673     655     662     672
             664     654     663
CQUAD        134      19     671     689     691     673     680     690
             682     672     681
CQUAD        135      20     689     707     709     691     698     708
             700     690     699
CQUAD        136      20     707     725     727     709     716     726
             718     708     717
CQUAD        137      21     725     743     745     727     734     744
             736     726     735
CQUAD        138      21     743     761     763     745     752     762
             754     744     753
CQUAD        139      22     761     779     781     763     770     780
             772     762     771
CQUAD        140      22     779     797     799     781     788     798
             790     780     789
CQUAD        141      23     797     815     817     799     806     816
             808     798     807
CQUAD        142      23     815     833     835     817     824     834
             826     816     825
CQUAD        143      24     833     851     853     835     842     852
             844     834     843
CQUAD        144      24     851     869     871     853     860     870
             862     852     861
CQUAD        145       1       7      25      27       9      16      26
              18       8      17
CQUAD        146       1      25      43      45      27      34      44
              36      26      35
CQUAD        147       2      43      61      63      45      52      62
              54      44      53
CQUAD        148       2      61      79      81      63      70      80
              72      62      71
CQUAD        149       3      79      97      99      81      88      98
              90      80      89
CQUAD        150       3      97     115     117      99     106     116
             108      98     107
CQUAD        151       4     115     133     135     117     124     134
             126     116     125
CQUAD        152       4     133     151     153     135     142     152
             144     134     143
CQUAD        153       5     151     169     171     153     160     170
             162     152     161
CQUAD        154       5     169     187     189     171     178     188
             180     170     179
CQUAD        155       6     187     205     207     189     196     206
             198     188     197
CQUAD        156       6     205     223     225     207     214     224
             216     206     215
CQUAD        157       7     223     241     243     225     232     242
             234     224     233
CQUAD        158       7     241     259     261     243     250     260
             252     242     251
CQUAD        159       8     259     277     279     261     268     278
             270     260     269
CQUAD        160       8     277     295     297     279     286     296
             288     278     287
CQUAD        161       9     295     313     315     297     304     314
             306     296     305
CQUAD        162       9     313     331     333     315     322     332
             324     314     323
CQUAD        163      10     331     349     351     333     340     350
             342     332     341
CQUAD        164      10     349     367     369     351     358     368
             360     350     359
CQUAD        165      11     367     385     387     369     376     386
             378     368     377
CQUAD        166      11     385     403     405     387     394     404
             396     386     395
CQUAD        167      12     403     421     423     405     412     422
             414     404     413
CQUAD        168      12     421     439     441     423     430     440
             432     422     431
CQUAD        169      13     439     457     459     441     448     458
             450     440     449
CQUAD        170      13     457     475     477     459     466     476
             468     458     467
CQUAD        171      14     475     493     495     477     484     494
             486     476     485
CQUAD        172      14     493     511     513     495     502     512
             504     494     503
CQUAD        173      15     511     529     531     513     520     530
             522     512     521
CQUAD        174      15     529     547     549     531     538     548
             540     530     539
CQUAD        175      16     547     565     567     549     556     566
             558     548     557
CQUAD        176      16     565     583     585     567     574     584
             576     566     575
CQUAD        177      17     583     601     603     585     592     602
             594     584     593
CQUAD        178      17     601     619     621     603     610     620
             612     602     611
CQUAD        179      18     619     637     639     621     628     638
             630     620     629
CQUAD        180      18     637     655     657     639     646     656
             648     638     647
CQUAD        181      19     655     673     675     657     664     674
             666     656     665
CQUAD        182      19     673     691     693     675     682     692
             684     674     683
CQUAD        183      20     691     709     711     693     700     710
             702     692     701
CQUAD        184      20     709     727     729     711     718     728
             720     710     719
CQUAD        185      21     727     745     747     729     736     746
             738     728     737
CQUAD        186      21     745     763     765     747     754     764
             756     746     755
CQUAD        187      22     763     781     783     765     772     782
             774     764     773
CQUAD        188      22     781     799     801     783     790     800
             792     782     791
CQUAD        189      23     799     817     819     801     808     818
             810     800     809
CQUAD        190      23     817     835     837     819     826     836
             828     818     827
CQUAD        191      24     835     853     855     837     844     854
             846     836     845
CQUAD        192      24     853     871     873     855     862     872
             864     854     863
SPC            1       1     1230.000000
SPC            1       2     1230.000000
SPC            1       3     1230.000000
SPC            1       4     1230.000000
SPC            1       5     1230.000000
SPC            1       6     1230.000000
SPC            1       7     1230.000000
SPC            1       8     1230.000000
SPC            1       9     1230.000000
$ END